pokemon_id,ability_id,is_hidden_ability
1e76b69a-13ce-498a-bf8c-e6d0aee65b4b,69628ef0-84a0-49ae-aeef-b1598bfec40b,0
1e76b69a-13ce-498a-bf8c-e6d0aee65b4b,efd5dfeb-33f7-4e6a-9a80-663435ebdbef,1
1cac18f5-d4ec-48b3-85cb-0d456ef3adf5,69628ef0-84a0-49ae-aeef-b1598bfec40b,0
1cac18f5-d4ec-48b3-85cb-0d456ef3adf5,efd5dfeb-33f7-4e6a-9a80-663435ebdbef,1
9a385c2f-1998-4b38-8e74-5a82fc2154f2,69628ef0-84a0-49ae-aeef-b1598bfec40b,0
9a385c2f-1998-4b38-8e74-5a82fc2154f2,efd5dfeb-33f7-4e6a-9a80-663435ebdbef,1
fccc3df1-efad-4176-8f51-97edcd0289d1,a392bc42-c6ee-4c6c-8e95-922301a147be,0
c55106e3-bdd8-4ab9-97f7-00fc51f3a98f,69628ef0-84a0-49ae-aeef-b1598bfec40b,0
c55106e3-bdd8-4ab9-97f7-00fc51f3a98f,efd5dfeb-33f7-4e6a-9a80-663435ebdbef,1
e22546e1-7dae-4d89-a23e-17b01a530bb4,cdf67e6b-4764-488c-8171-efc6206ce3e9,0
e22546e1-7dae-4d89-a23e-17b01a530bb4,3727a23c-0f09-4bc1-bd0e-2cd0675bafce,1
b7bfb9f8-b100-4012-9a54-0802ae43814b,cdf67e6b-4764-488c-8171-efc6206ce3e9,0
b7bfb9f8-b100-4012-9a54-0802ae43814b,3727a23c-0f09-4bc1-bd0e-2cd0675bafce,1
eaa46ab2-592c-43f3-9514-070ee9fe3faf,cdf67e6b-4764-488c-8171-efc6206ce3e9,0
eaa46ab2-592c-43f3-9514-070ee9fe3faf,3727a23c-0f09-4bc1-bd0e-2cd0675bafce,1
ad66eade-2361-4294-92d2-1eb840a9578b,cb5c83d6-7e1a-448e-8166-3b19ced4b72f,0
071407db-e7f0-43e8-b714-4d304d8012f9,7d62cae2-f6ac-49c7-a82c-91b4cf26349d,0
240c9a56-1702-407e-b898-4b601b5ee949,cdf67e6b-4764-488c-8171-efc6206ce3e9,0
240c9a56-1702-407e-b898-4b601b5ee949,3727a23c-0f09-4bc1-bd0e-2cd0675bafce,1
4dd63283-ca1c-4f93-a271-e6b0013de03c,ed959385-60d1-4d44-97ee-3c82b926080b,0
4dd63283-ca1c-4f93-a271-e6b0013de03c,283c1ce5-b90e-41e4-b60f-a0381a02d3b4,1
42b17749-8001-4a3c-ac1a-9f2133848402,ed959385-60d1-4d44-97ee-3c82b926080b,0
42b17749-8001-4a3c-ac1a-9f2133848402,283c1ce5-b90e-41e4-b60f-a0381a02d3b4,1
456cc454-f54a-44be-aa19-d2a78a268b00,ed959385-60d1-4d44-97ee-3c82b926080b,0
456cc454-f54a-44be-aa19-d2a78a268b00,283c1ce5-b90e-41e4-b60f-a0381a02d3b4,1
fe9133c0-69bf-4487-8a1e-4bfa1df11027,3f5335a9-45bc-4320-a93a-ee097f552cf5,0
5a2635fa-d44f-4da5-ba32-f6750b000aab,ed959385-60d1-4d44-97ee-3c82b926080b,0
5a2635fa-d44f-4da5-ba32-f6750b000aab,283c1ce5-b90e-41e4-b60f-a0381a02d3b4,1
7f223ab6-07e4-478d-b38e-45ffd0759009,02ecd9eb-e5e8-4019-8df1-9b8fe43bd4d8,0
7f223ab6-07e4-478d-b38e-45ffd0759009,76a82351-5b31-4b0f-8a79-6ec504b4efd6,1
3b167d66-74ab-41fd-bc03-95c4423ba72a,b2a7c6f4-5e2f-4ce2-bb4e-3c30b04b5a7e,0
107db81a-a2e8-4d27-b694-7b8fab37733f,3baa62d3-0897-4317-bc9d-e3ad617263b1,0
107db81a-a2e8-4d27-b694-7b8fab37733f,c1edbeaf-334b-4aea-8908-edeef4fc0fcb,1
3de7638e-a7e5-4c79-9b6a-d379f188a7e2,3baa62d3-0897-4317-bc9d-e3ad617263b1,0
3de7638e-a7e5-4c79-9b6a-d379f188a7e2,c1edbeaf-334b-4aea-8908-edeef4fc0fcb,1
142b45fb-6476-46d5-8fb1-c2ed1ba7d6d2,02ecd9eb-e5e8-4019-8df1-9b8fe43bd4d8,0
142b45fb-6476-46d5-8fb1-c2ed1ba7d6d2,76a82351-5b31-4b0f-8a79-6ec504b4efd6,1
f7b38a10-5913-4758-937a-b48170c42202,b2a7c6f4-5e2f-4ce2-bb4e-3c30b04b5a7e,0
109223d3-1e05-46f5-b70b-4cb709506b70,13760beb-7513-4589-a37b-fbf391150aef,0
109223d3-1e05-46f5-b70b-4cb709506b70,22f3cb10-2d32-4526-85c7-24be24ffbc39,1
59694aed-ea78-4d0a-ba88-fe62001b47d6,43c4f371-a026-43cb-832b-ad8cecf9a58a,0
84dd558b-50e6-47ff-8084-a6cb4eda06ed,26f22bd2-22aa-4d33-bed5-12251fc0292e,0
84dd558b-50e6-47ff-8084-a6cb4eda06ed,9b9af008-a0ae-480b-8813-d4495e27e703,0
84dd558b-50e6-47ff-8084-a6cb4eda06ed,66c8d298-2bec-4ad6-9667-084a8ba5b728,1
fbba2f37-c7c9-4852-8c8c-915c24d2b749,26f22bd2-22aa-4d33-bed5-12251fc0292e,0
fbba2f37-c7c9-4852-8c8c-915c24d2b749,9b9af008-a0ae-480b-8813-d4495e27e703,0
fbba2f37-c7c9-4852-8c8c-915c24d2b749,66c8d298-2bec-4ad6-9667-084a8ba5b728,1
387f63c9-4718-4ca7-93d6-a94fa5ffbd8b,26f22bd2-22aa-4d33-bed5-12251fc0292e,0
387f63c9-4718-4ca7-93d6-a94fa5ffbd8b,9b9af008-a0ae-480b-8813-d4495e27e703,0
387f63c9-4718-4ca7-93d6-a94fa5ffbd8b,66c8d298-2bec-4ad6-9667-084a8ba5b728,1
c5c02ccb-66b8-4b57-bc28-7f05456ed45c,3aebe557-cd51-44fe-8f67-ee651efab19e,0
d3d5d4ee-9103-494a-a6a4-fa2fd1e8925c,76a82351-5b31-4b0f-8a79-6ec504b4efd6,0
d3d5d4ee-9103-494a-a6a4-fa2fd1e8925c,770b0e3b-be36-4b83-b1cd-99d2c6d24d09,0
d3d5d4ee-9103-494a-a6a4-fa2fd1e8925c,02ce0d3d-e6a3-4f5f-a6ca-5a7b5936054f,1
65c0e98e-6f2e-4723-a997-559daba2dd8c,b728fcc5-a1c0-4e49-8fa1-a58cee5fb854,0
65c0e98e-6f2e-4723-a997-559daba2dd8c,02ce0d3d-e6a3-4f5f-a6ca-5a7b5936054f,0
65c0e98e-6f2e-4723-a997-559daba2dd8c,a392bc42-c6ee-4c6c-8e95-922301a147be,1
025c33b2-ad84-4e3b-8eb3-7ec799abb8b3,76a82351-5b31-4b0f-8a79-6ec504b4efd6,0
025c33b2-ad84-4e3b-8eb3-7ec799abb8b3,770b0e3b-be36-4b83-b1cd-99d2c6d24d09,0
025c33b2-ad84-4e3b-8eb3-7ec799abb8b3,02ce0d3d-e6a3-4f5f-a6ca-5a7b5936054f,1
6c49b029-0583-474c-b5bc-c5bee422cb7b,b728fcc5-a1c0-4e49-8fa1-a58cee5fb854,0
6c49b029-0583-474c-b5bc-c5bee422cb7b,02ce0d3d-e6a3-4f5f-a6ca-5a7b5936054f,0
6c49b029-0583-474c-b5bc-c5bee422cb7b,a392bc42-c6ee-4c6c-8e95-922301a147be,1
d18d3f8d-4a51-4d60-a9a5-b954c2015ea4,a392bc42-c6ee-4c6c-8e95-922301a147be,0
d349dae6-f761-4c9b-9e25-bb283f63d6e1,26f22bd2-22aa-4d33-bed5-12251fc0292e,0
d349dae6-f761-4c9b-9e25-bb283f63d6e1,22f3cb10-2d32-4526-85c7-24be24ffbc39,1
4ead89b5-4d1a-40f0-bbc3-c94bbb0dcba8,26f22bd2-22aa-4d33-bed5-12251fc0292e,0
4ead89b5-4d1a-40f0-bbc3-c94bbb0dcba8,22f3cb10-2d32-4526-85c7-24be24ffbc39,1
609e37b1-a3c0-4e80-b2aa-ee67b98c7068,3076409c-a264-4a5b-844a-502559f4cd4b,0
609e37b1-a3c0-4e80-b2aa-ee67b98c7068,b2a7c6f4-5e2f-4ce2-bb4e-3c30b04b5a7e,0
609e37b1-a3c0-4e80-b2aa-ee67b98c7068,4d1bf273-219b-4c6b-8195-ff0437bebd78,1
57d70fd3-203e-401f-8697-c12d280d2634,3076409c-a264-4a5b-844a-502559f4cd4b,0
57d70fd3-203e-401f-8697-c12d280d2634,b2a7c6f4-5e2f-4ce2-bb4e-3c30b04b5a7e,0
57d70fd3-203e-401f-8697-c12d280d2634,4d1bf273-219b-4c6b-8195-ff0437bebd78,1
e78f3717-20b5-4564-824d-ce6dbb3a10ac,6488e47d-36ce-43e9-9b47-93192988464b,0
e78f3717-20b5-4564-824d-ce6dbb3a10ac,f08f2202-6cb8-4070-8192-f312a0510405,1
73e53a4c-ab2e-4f85-8a9e-c88bc867e416,f08f2202-6cb8-4070-8192-f312a0510405,0
b16c271c-2861-40ed-84fc-6bf29909dc44,f08f2202-6cb8-4070-8192-f312a0510405,0
587b0174-d8a5-4d69-8042-120d65acba2d,f08f2202-6cb8-4070-8192-f312a0510405,0
4932fa40-e01d-4648-b1d9-735327c75157,f08f2202-6cb8-4070-8192-f312a0510405,0
4f1de8d7-0e7a-4d43-a94f-fd87fd4eb1d0,f08f2202-6cb8-4070-8192-f312a0510405,0
cec7fd6c-ed78-446d-b1da-b11da4af2cda,f08f2202-6cb8-4070-8192-f312a0510405,0
e6b04e49-7131-4ada-aaa2-af53563d2f63,6488e47d-36ce-43e9-9b47-93192988464b,0
e6b04e49-7131-4ada-aaa2-af53563d2f63,f08f2202-6cb8-4070-8192-f312a0510405,1
566b207f-a738-4982-aaf8-c58fa25968b9,6488e47d-36ce-43e9-9b47-93192988464b,0
566b207f-a738-4982-aaf8-c58fa25968b9,f08f2202-6cb8-4070-8192-f312a0510405,1
0bdcc7a5-bf34-4d26-8ef0-077134886ff6,6488e47d-36ce-43e9-9b47-93192988464b,0
0bdcc7a5-bf34-4d26-8ef0-077134886ff6,f08f2202-6cb8-4070-8192-f312a0510405,1
c3367ded-de29-4013-aac6-bf05d1cd6b69,6488e47d-36ce-43e9-9b47-93192988464b,0
c3367ded-de29-4013-aac6-bf05d1cd6b69,f08f2202-6cb8-4070-8192-f312a0510405,1
d5da4817-15cb-4bd9-8213-0baff365a1fd,6488e47d-36ce-43e9-9b47-93192988464b,0
d5da4817-15cb-4bd9-8213-0baff365a1fd,f08f2202-6cb8-4070-8192-f312a0510405,1
8c6f9540-03f8-4fe5-b38a-fb9b9199a9eb,6488e47d-36ce-43e9-9b47-93192988464b,0
8c6f9540-03f8-4fe5-b38a-fb9b9199a9eb,f08f2202-6cb8-4070-8192-f312a0510405,1
6411ad6c-60aa-4213-a087-7859ab1f649b,6488e47d-36ce-43e9-9b47-93192988464b,0
6411ad6c-60aa-4213-a087-7859ab1f649b,f08f2202-6cb8-4070-8192-f312a0510405,1
5738a2da-b3e7-47d6-bf1a-2fad7ef9bc65,6488e47d-36ce-43e9-9b47-93192988464b,0
5738a2da-b3e7-47d6-bf1a-2fad7ef9bc65,f08f2202-6cb8-4070-8192-f312a0510405,1
14b86000-accd-4148-bc26-17956cd7297a,6488e47d-36ce-43e9-9b47-93192988464b,0
14b86000-accd-4148-bc26-17956cd7297a,f08f2202-6cb8-4070-8192-f312a0510405,1
47b73982-99aa-453d-8240-587cd87aef07,6488e47d-36ce-43e9-9b47-93192988464b,0
47b73982-99aa-453d-8240-587cd87aef07,f08f2202-6cb8-4070-8192-f312a0510405,1
9f7e5e15-1c65-4806-a517-b3f780b83b7e,6488e47d-36ce-43e9-9b47-93192988464b,0
9f7e5e15-1c65-4806-a517-b3f780b83b7e,f08f2202-6cb8-4070-8192-f312a0510405,1
b816d44e-4879-4656-b446-897ff7e24798,d52be6a3-9bf3-4c97-b621-fbdec2445a47,0
64235306-eef0-4df5-be42-bd7b9cf4748a,dcdaa9de-155f-4d30-b7b3-9da2ca0ee3af,0
64235306-eef0-4df5-be42-bd7b9cf4748a,67c6aa2e-a8b3-4460-ae5f-bd4903b0d7d8,1
f656f9cc-d44a-4ab8-9bf7-64f70dab4d6d,9939b773-da66-4ada-85c4-f0a519827300,0
f656f9cc-d44a-4ab8-9bf7-64f70dab4d6d,b7f66104-a4ad-4e11-bd9a-a593dd8551c3,1
52977040-29e0-49b0-b3e9-4f2163d8dcd2,dcdaa9de-155f-4d30-b7b3-9da2ca0ee3af,0
52977040-29e0-49b0-b3e9-4f2163d8dcd2,67c6aa2e-a8b3-4460-ae5f-bd4903b0d7d8,1
b34a3467-4fdd-42a1-a5f2-120d008a2e83,9939b773-da66-4ada-85c4-f0a519827300,0
b34a3467-4fdd-42a1-a5f2-120d008a2e83,b7f66104-a4ad-4e11-bd9a-a593dd8551c3,1
480fb93d-4a55-48b3-8b4a-0cdd13ccb872,3c3ad733-172c-41e0-ab9c-936b10887a75,0
480fb93d-4a55-48b3-8b4a-0cdd13ccb872,92e7729c-1a64-41af-8088-2c6d9649f959,0
480fb93d-4a55-48b3-8b4a-0cdd13ccb872,02ce0d3d-e6a3-4f5f-a6ca-5a7b5936054f,1
07cda444-f0ef-49ea-9fd4-c5669529ab0a,3c3ad733-172c-41e0-ab9c-936b10887a75,0
07cda444-f0ef-49ea-9fd4-c5669529ab0a,92e7729c-1a64-41af-8088-2c6d9649f959,0
07cda444-f0ef-49ea-9fd4-c5669529ab0a,02ce0d3d-e6a3-4f5f-a6ca-5a7b5936054f,1
4cc0e8c7-1ddf-47cb-b80c-a77da62de582,3c3ad733-172c-41e0-ab9c-936b10887a75,0
4cc0e8c7-1ddf-47cb-b80c-a77da62de582,92e7729c-1a64-41af-8088-2c6d9649f959,0
4cc0e8c7-1ddf-47cb-b80c-a77da62de582,c8a16bba-422c-465c-8994-968a20b1fe88,1
7f971da9-ce20-46a3-be26-9a5c1cd96a6d,3c3ad733-172c-41e0-ab9c-936b10887a75,0
7f971da9-ce20-46a3-be26-9a5c1cd96a6d,92e7729c-1a64-41af-8088-2c6d9649f959,0
7f971da9-ce20-46a3-be26-9a5c1cd96a6d,02ce0d3d-e6a3-4f5f-a6ca-5a7b5936054f,1
2cba0ea9-e881-4e74-9946-0d22067a3f1b,3c3ad733-172c-41e0-ab9c-936b10887a75,0
2cba0ea9-e881-4e74-9946-0d22067a3f1b,92e7729c-1a64-41af-8088-2c6d9649f959,0
2cba0ea9-e881-4e74-9946-0d22067a3f1b,02ce0d3d-e6a3-4f5f-a6ca-5a7b5936054f,1
cb80dd5a-9209-44f6-874a-cd620191d984,3c3ad733-172c-41e0-ab9c-936b10887a75,0
cb80dd5a-9209-44f6-874a-cd620191d984,92e7729c-1a64-41af-8088-2c6d9649f959,0
cb80dd5a-9209-44f6-874a-cd620191d984,c8a16bba-422c-465c-8994-968a20b1fe88,1
e3fbbeb5-767e-4b7a-bee5-3bbc7f2a6c8b,545d3d72-5e66-4c4d-88c9-94dcec70ad08,0
e3fbbeb5-767e-4b7a-bee5-3bbc7f2a6c8b,17d5549c-3f0d-4ac6-9477-e1d180934440,0
e3fbbeb5-767e-4b7a-bee5-3bbc7f2a6c8b,f081028a-562a-4e3f-a8f7-e6fc7af45d65,1
d78f3839-06ef-4dd2-a25a-9ca86a3b1460,545d3d72-5e66-4c4d-88c9-94dcec70ad08,0
d78f3839-06ef-4dd2-a25a-9ca86a3b1460,17d5549c-3f0d-4ac6-9477-e1d180934440,0
d78f3839-06ef-4dd2-a25a-9ca86a3b1460,1bc9e420-e77c-4e8d-968e-6e028e71a151,1
f6466a45-5ac7-4969-99bb-61b2bedfe90c,ca68d95f-4aa8-4644-a490-b9dae5879a35,0
f6466a45-5ac7-4969-99bb-61b2bedfe90c,7d62cae2-f6ac-49c7-a82c-91b4cf26349d,1
dcd8026f-ac32-4257-bf0e-bce0d2b57013,9939b773-da66-4ada-85c4-f0a519827300,0
dcd8026f-ac32-4257-bf0e-bce0d2b57013,858a945e-51db-45c0-9a8f-8a170e78549a,1
17c2afe8-ada8-4f06-abea-3f64dbeb888c,ca68d95f-4aa8-4644-a490-b9dae5879a35,0
17c2afe8-ada8-4f06-abea-3f64dbeb888c,7d62cae2-f6ac-49c7-a82c-91b4cf26349d,1
12d18091-ce7c-4a04-8eec-aee735ebf597,9939b773-da66-4ada-85c4-f0a519827300,0
12d18091-ce7c-4a04-8eec-aee735ebf597,858a945e-51db-45c0-9a8f-8a170e78549a,1
44b27f15-a462-4035-81ea-5abd20456de0,545d3d72-5e66-4c4d-88c9-94dcec70ad08,0
44b27f15-a462-4035-81ea-5abd20456de0,dcc0a170-da5b-443e-bfd0-ac449ecd967a,0
44b27f15-a462-4035-81ea-5abd20456de0,f081028a-562a-4e3f-a8f7-e6fc7af45d65,1
1086b6c0-dc31-4d9d-afdb-3e9cb486f3c3,545d3d72-5e66-4c4d-88c9-94dcec70ad08,0
1086b6c0-dc31-4d9d-afdb-3e9cb486f3c3,dcc0a170-da5b-443e-bfd0-ac449ecd967a,0
1086b6c0-dc31-4d9d-afdb-3e9cb486f3c3,b3fb57ed-c864-4c08-8aa3-2c0eea4abafc,1
8f9f6da0-7037-4810-a4d4-0c47341e9ddc,d1cab16a-0de3-44f8-8625-4a4a053be545,0
8f9f6da0-7037-4810-a4d4-0c47341e9ddc,4b9c8345-a053-4448-b656-0a35f67ae50f,1
2cb98f41-fce6-42d6-b592-580f1c524995,d1cab16a-0de3-44f8-8625-4a4a053be545,0
2cb98f41-fce6-42d6-b592-580f1c524995,4b9c8345-a053-4448-b656-0a35f67ae50f,1
a233f474-f0f0-4964-876e-9a2488f9ec11,efd5dfeb-33f7-4e6a-9a80-663435ebdbef,0
a233f474-f0f0-4964-876e-9a2488f9ec11,76a82351-5b31-4b0f-8a79-6ec504b4efd6,1
a87add02-f9e4-439f-9d63-7ac0e74ba9a3,efd5dfeb-33f7-4e6a-9a80-663435ebdbef,0
a87add02-f9e4-439f-9d63-7ac0e74ba9a3,2a0afb72-ca19-4c2a-82a8-3b357f5b1da9,1
48bd3531-b7f9-4776-8b0c-8c419395bfb0,efd5dfeb-33f7-4e6a-9a80-663435ebdbef,0
48bd3531-b7f9-4776-8b0c-8c419395bfb0,c0f8e670-c056-43dd-9ef8-99cb1954d563,1
f32c4250-7e58-4b54-bbc2-f4e4a0ab8bf9,c0f8e670-c056-43dd-9ef8-99cb1954d563,0
f32c4250-7e58-4b54-bbc2-f4e4a0ab8bf9,54f540a9-f60e-4e9b-a76b-0eddfb1891fd,0
f32c4250-7e58-4b54-bbc2-f4e4a0ab8bf9,3b1353b2-3d71-41d4-8d1a-bdfdadac0891,1
e0e29793-93a9-4298-b029-5ca5c419c77d,c0f8e670-c056-43dd-9ef8-99cb1954d563,0
e0e29793-93a9-4298-b029-5ca5c419c77d,54f540a9-f60e-4e9b-a76b-0eddfb1891fd,0
e0e29793-93a9-4298-b029-5ca5c419c77d,3b1353b2-3d71-41d4-8d1a-bdfdadac0891,1
fa1d0f6d-c321-4d0b-89ef-0cdb34a45014,3baa62d3-0897-4317-bc9d-e3ad617263b1,0
fa1d0f6d-c321-4d0b-89ef-0cdb34a45014,c1edbeaf-334b-4aea-8908-edeef4fc0fcb,0
fa1d0f6d-c321-4d0b-89ef-0cdb34a45014,76a82351-5b31-4b0f-8a79-6ec504b4efd6,1
fbd0b722-316e-4c88-b5cd-f91a9d51ba51,02ecd9eb-e5e8-4019-8df1-9b8fe43bd4d8,0
fbd0b722-316e-4c88-b5cd-f91a9d51ba51,c1edbeaf-334b-4aea-8908-edeef4fc0fcb,0
fbd0b722-316e-4c88-b5cd-f91a9d51ba51,d341c305-c7cc-48bc-9fa3-0bd7d296f428,1
e1e2f546-cc6d-496e-8d7b-e8dcb18f1f19,dcdaa9de-155f-4d30-b7b3-9da2ca0ee3af,0
e1e2f546-cc6d-496e-8d7b-e8dcb18f1f19,7f7c79c7-2e9c-4bd2-a808-7b1fa748cd0f,0
e1e2f546-cc6d-496e-8d7b-e8dcb18f1f19,1302ca34-3a65-47aa-95bf-5f717cc184e0,1
2b87df13-17d3-4a5d-b78f-5bc4d134567d,dcdaa9de-155f-4d30-b7b3-9da2ca0ee3af,0
2b87df13-17d3-4a5d-b78f-5bc4d134567d,162b3e44-4c03-450d-8628-7d7832927dcc,0
2b87df13-17d3-4a5d-b78f-5bc4d134567d,1302ca34-3a65-47aa-95bf-5f717cc184e0,1
d082be90-1e24-4df0-9319-a8a04a4dc216,dcdaa9de-155f-4d30-b7b3-9da2ca0ee3af,0
d082be90-1e24-4df0-9319-a8a04a4dc216,7f7c79c7-2e9c-4bd2-a808-7b1fa748cd0f,0
d082be90-1e24-4df0-9319-a8a04a4dc216,1302ca34-3a65-47aa-95bf-5f717cc184e0,1
62ca252b-6cd6-4cba-813c-e8b801ae58d7,dcdaa9de-155f-4d30-b7b3-9da2ca0ee3af,0
62ca252b-6cd6-4cba-813c-e8b801ae58d7,162b3e44-4c03-450d-8628-7d7832927dcc,0
62ca252b-6cd6-4cba-813c-e8b801ae58d7,1302ca34-3a65-47aa-95bf-5f717cc184e0,1
e0ddbcf8-a5f1-4db0-8bac-30ab2d5658b2,18f6702f-5b65-4d88-b468-52b307112758,0
e0ddbcf8-a5f1-4db0-8bac-30ab2d5658b2,5f5a7791-0969-44b6-832b-8c6192491e28,0
e0ddbcf8-a5f1-4db0-8bac-30ab2d5658b2,4d1bf273-219b-4c6b-8195-ff0437bebd78,1
2a96a304-4077-49f8-857a-c773f16413f5,18f6702f-5b65-4d88-b468-52b307112758,0
2a96a304-4077-49f8-857a-c773f16413f5,5f5a7791-0969-44b6-832b-8c6192491e28,0
2a96a304-4077-49f8-857a-c773f16413f5,88e51878-9d4b-40eb-ba3b-bf9d8a182116,1
de5d2a53-6502-4e96-a632-293bec267034,18f6702f-5b65-4d88-b468-52b307112758,0
de5d2a53-6502-4e96-a632-293bec267034,cb5c83d6-7e1a-448e-8166-3b19ced4b72f,0
de5d2a53-6502-4e96-a632-293bec267034,4d1bf273-219b-4c6b-8195-ff0437bebd78,1
ac50a857-944d-4015-9e89-dd392df0e121,18f6702f-5b65-4d88-b468-52b307112758,0
ac50a857-944d-4015-9e89-dd392df0e121,5f5a7791-0969-44b6-832b-8c6192491e28,0
ac50a857-944d-4015-9e89-dd392df0e121,4d1bf273-219b-4c6b-8195-ff0437bebd78,1
4dfd5e19-6552-4ea0-9ee9-4a27bf028fae,78664b1c-d145-4266-b197-d0a34a14a40c,0
4dfd5e19-6552-4ea0-9ee9-4a27bf028fae,5f5a7791-0969-44b6-832b-8c6192491e28,0
4dfd5e19-6552-4ea0-9ee9-4a27bf028fae,4d1bf273-219b-4c6b-8195-ff0437bebd78,1
758d0b34-c822-40fa-87f5-008355ecd2e0,a5cd02ff-2c92-4b3e-808b-5b05b5dcfd6c,0
758d0b34-c822-40fa-87f5-008355ecd2e0,5f5a7791-0969-44b6-832b-8c6192491e28,0
758d0b34-c822-40fa-87f5-008355ecd2e0,88e51878-9d4b-40eb-ba3b-bf9d8a182116,1
4a2d0352-630c-48d9-bf75-efe9fb231ef7,3b1353b2-3d71-41d4-8d1a-bdfdadac0891,0
4a2d0352-630c-48d9-bf75-efe9fb231ef7,fe7b949b-ed5d-4d6c-8a48-1af139b62617,0
4a2d0352-630c-48d9-bf75-efe9fb231ef7,c94d5211-c427-4ba7-a458-a4d99d5c6eb2,1
04ef3c1c-8474-45b9-9977-8f9234bc461a,3b1353b2-3d71-41d4-8d1a-bdfdadac0891,0
04ef3c1c-8474-45b9-9977-8f9234bc461a,fe7b949b-ed5d-4d6c-8a48-1af139b62617,0
04ef3c1c-8474-45b9-9977-8f9234bc461a,c94d5211-c427-4ba7-a458-a4d99d5c6eb2,1
e7569472-1d45-48ab-9995-6eb8bdb0306f,8f1740f0-6146-4e41-b09c-cb5ddf75c70e,0
e7569472-1d45-48ab-9995-6eb8bdb0306f,761189b5-1235-47e4-8e84-79ee2506a9cc,0
e7569472-1d45-48ab-9995-6eb8bdb0306f,7d1a1066-5231-47bd-8981-c57d1dd30db3,1
05fe2766-1278-4239-8b2d-6cb2d9b337ac,8f1740f0-6146-4e41-b09c-cb5ddf75c70e,0
05fe2766-1278-4239-8b2d-6cb2d9b337ac,761189b5-1235-47e4-8e84-79ee2506a9cc,0
05fe2766-1278-4239-8b2d-6cb2d9b337ac,7d1a1066-5231-47bd-8981-c57d1dd30db3,1
54f172e1-e80c-46e1-8280-d47b2b4b3b7e,3076409c-a264-4a5b-844a-502559f4cd4b,0
54f172e1-e80c-46e1-8280-d47b2b4b3b7e,ca68d95f-4aa8-4644-a490-b9dae5879a35,0
54f172e1-e80c-46e1-8280-d47b2b4b3b7e,a0c259b1-e655-47a5-949c-a7266e0ad447,1
2401f2d1-a9d3-4cf5-8927-7033fa051c08,3076409c-a264-4a5b-844a-502559f4cd4b,0
2401f2d1-a9d3-4cf5-8927-7033fa051c08,ca68d95f-4aa8-4644-a490-b9dae5879a35,0
2401f2d1-a9d3-4cf5-8927-7033fa051c08,c9c9e9a4-2a01-4b15-abba-6ec5917ed57a,1
7641848f-92d4-4805-b082-713d7610db1f,3076409c-a264-4a5b-844a-502559f4cd4b,0
7641848f-92d4-4805-b082-713d7610db1f,ca68d95f-4aa8-4644-a490-b9dae5879a35,0
7641848f-92d4-4805-b082-713d7610db1f,a0c259b1-e655-47a5-949c-a7266e0ad447,1
f85a37ce-f257-4064-b37b-e624d0959f6d,3076409c-a264-4a5b-844a-502559f4cd4b,0
f85a37ce-f257-4064-b37b-e624d0959f6d,ca68d95f-4aa8-4644-a490-b9dae5879a35,0
f85a37ce-f257-4064-b37b-e624d0959f6d,c9c9e9a4-2a01-4b15-abba-6ec5917ed57a,1
07e2ba71-d4e4-4129-bfd7-8a1925703964,e9b58749-80d8-4f5f-abfe-d4c20b9f34f4,0
07e2ba71-d4e4-4129-bfd7-8a1925703964,3b1353b2-3d71-41d4-8d1a-bdfdadac0891,0
07e2ba71-d4e4-4129-bfd7-8a1925703964,c94d5211-c427-4ba7-a458-a4d99d5c6eb2,1
1857fb0d-025a-42af-974a-c76071f16a0e,e9b58749-80d8-4f5f-abfe-d4c20b9f34f4,0
1857fb0d-025a-42af-974a-c76071f16a0e,3b1353b2-3d71-41d4-8d1a-bdfdadac0891,0
1857fb0d-025a-42af-974a-c76071f16a0e,c94d5211-c427-4ba7-a458-a4d99d5c6eb2,1
d57181ec-199b-41cd-8b03-69ded93fefd2,e9b58749-80d8-4f5f-abfe-d4c20b9f34f4,0
d57181ec-199b-41cd-8b03-69ded93fefd2,3b1353b2-3d71-41d4-8d1a-bdfdadac0891,0
d57181ec-199b-41cd-8b03-69ded93fefd2,c94d5211-c427-4ba7-a458-a4d99d5c6eb2,1
e5e06e8d-c47c-416f-8294-8bc7d22d16c7,82468c00-5816-470a-91c7-e626b7c29fe3,0
e5e06e8d-c47c-416f-8294-8bc7d22d16c7,d1cab16a-0de3-44f8-8625-4a4a053be545,0
e5e06e8d-c47c-416f-8294-8bc7d22d16c7,17d5549c-3f0d-4ac6-9477-e1d180934440,1
0d489692-7bb4-40f6-af0f-ad2bf8c16886,82468c00-5816-470a-91c7-e626b7c29fe3,0
0d489692-7bb4-40f6-af0f-ad2bf8c16886,d1cab16a-0de3-44f8-8625-4a4a053be545,0
0d489692-7bb4-40f6-af0f-ad2bf8c16886,17d5549c-3f0d-4ac6-9477-e1d180934440,1
e9628994-ac2e-47a1-ae95-88362e0c1ede,82468c00-5816-470a-91c7-e626b7c29fe3,0
e9628994-ac2e-47a1-ae95-88362e0c1ede,d1cab16a-0de3-44f8-8625-4a4a053be545,0
e9628994-ac2e-47a1-ae95-88362e0c1ede,17d5549c-3f0d-4ac6-9477-e1d180934440,1
e59a9df1-efa5-430c-9796-f4aa3c0a2cd3,0af6c2ea-bbf3-4e90-8c9e-1c8005f2fee5,0
b7dd32ea-b2c4-4740-8f56-9661785c064f,770b0e3b-be36-4b83-b1cd-99d2c6d24d09,0
b7dd32ea-b2c4-4740-8f56-9661785c064f,3aebe557-cd51-44fe-8f67-ee651efab19e,0
b7dd32ea-b2c4-4740-8f56-9661785c064f,d4f069aa-8f99-4bcf-b6f3-5a65cc94d0ec,1
1a7dbdc2-27e0-430c-9d9b-c484506deae1,770b0e3b-be36-4b83-b1cd-99d2c6d24d09,0
1a7dbdc2-27e0-430c-9d9b-c484506deae1,3aebe557-cd51-44fe-8f67-ee651efab19e,0
1a7dbdc2-27e0-430c-9d9b-c484506deae1,d4f069aa-8f99-4bcf-b6f3-5a65cc94d0ec,1
96f5c3f5-10fc-44e2-982d-c232e964c2f4,770b0e3b-be36-4b83-b1cd-99d2c6d24d09,0
96f5c3f5-10fc-44e2-982d-c232e964c2f4,3aebe557-cd51-44fe-8f67-ee651efab19e,0
96f5c3f5-10fc-44e2-982d-c232e964c2f4,d4f069aa-8f99-4bcf-b6f3-5a65cc94d0ec,1
25af08e7-2f91-4477-888d-71ed6f41a324,770b0e3b-be36-4b83-b1cd-99d2c6d24d09,0
25af08e7-2f91-4477-888d-71ed6f41a324,3aebe557-cd51-44fe-8f67-ee651efab19e,0
25af08e7-2f91-4477-888d-71ed6f41a324,d4f069aa-8f99-4bcf-b6f3-5a65cc94d0ec,1
e37b927b-7a2c-4883-8f30-e03f5235a24d,efd5dfeb-33f7-4e6a-9a80-663435ebdbef,0
e37b927b-7a2c-4883-8f30-e03f5235a24d,b728fcc5-a1c0-4e49-8fa1-a58cee5fb854,1
eec2beab-b45d-473e-a186-45b9845e3d97,efd5dfeb-33f7-4e6a-9a80-663435ebdbef,0
eec2beab-b45d-473e-a186-45b9845e3d97,b728fcc5-a1c0-4e49-8fa1-a58cee5fb854,1
07bf275d-71de-4c7c-8eaa-e05461270fa0,efd5dfeb-33f7-4e6a-9a80-663435ebdbef,0
07bf275d-71de-4c7c-8eaa-e05461270fa0,b728fcc5-a1c0-4e49-8fa1-a58cee5fb854,1
adc2244e-a98c-4c40-b10d-00445011a5c6,15cc8adb-fb75-4d62-b610-c0c7cde102e4,0
adc2244e-a98c-4c40-b10d-00445011a5c6,cc518a40-62b8-40d3-a3b7-c5e0474f7932,0
adc2244e-a98c-4c40-b10d-00445011a5c6,283c1ce5-b90e-41e4-b60f-a0381a02d3b4,1
0c3ce6d6-05f3-4157-a998-cf449540b5f2,15cc8adb-fb75-4d62-b610-c0c7cde102e4,0
0c3ce6d6-05f3-4157-a998-cf449540b5f2,cc518a40-62b8-40d3-a3b7-c5e0474f7932,0
0c3ce6d6-05f3-4157-a998-cf449540b5f2,283c1ce5-b90e-41e4-b60f-a0381a02d3b4,1
f91ea40d-932a-47d3-95d8-bdf21bffce57,c9c9e9a4-2a01-4b15-abba-6ec5917ed57a,0
f91ea40d-932a-47d3-95d8-bdf21bffce57,5390a51d-25cd-4e51-8b0e-8067913c4ea0,0
f91ea40d-932a-47d3-95d8-bdf21bffce57,dcdaa9de-155f-4d30-b7b3-9da2ca0ee3af,1
80080994-b276-4d1a-839c-61e23053ecee,f9ab2d5d-a150-4bf5-8025-7e423ad7631e,0
80080994-b276-4d1a-839c-61e23053ecee,5390a51d-25cd-4e51-8b0e-8067913c4ea0,0
80080994-b276-4d1a-839c-61e23053ecee,8f7de8b0-6c0a-49b2-b78d-5243c63ee75c,1
a18dc7a7-d602-4a64-8690-54c24af43e9d,c9c9e9a4-2a01-4b15-abba-6ec5917ed57a,0
a18dc7a7-d602-4a64-8690-54c24af43e9d,5390a51d-25cd-4e51-8b0e-8067913c4ea0,0
a18dc7a7-d602-4a64-8690-54c24af43e9d,dcdaa9de-155f-4d30-b7b3-9da2ca0ee3af,1
e72ed7e2-40f3-4ac4-9023-e2b5fbbf470b,f9ab2d5d-a150-4bf5-8025-7e423ad7631e,0
e72ed7e2-40f3-4ac4-9023-e2b5fbbf470b,5390a51d-25cd-4e51-8b0e-8067913c4ea0,0
e72ed7e2-40f3-4ac4-9023-e2b5fbbf470b,8f7de8b0-6c0a-49b2-b78d-5243c63ee75c,1
bfcb9ebd-cb15-489a-81b3-60d18a60453e,c9c9e9a4-2a01-4b15-abba-6ec5917ed57a,0
bfcb9ebd-cb15-489a-81b3-60d18a60453e,5390a51d-25cd-4e51-8b0e-8067913c4ea0,0
bfcb9ebd-cb15-489a-81b3-60d18a60453e,dcdaa9de-155f-4d30-b7b3-9da2ca0ee3af,1
2d5ed2db-dfae-4d07-ae3a-d9ad4c27ce8b,f9ab2d5d-a150-4bf5-8025-7e423ad7631e,0
2d5ed2db-dfae-4d07-ae3a-d9ad4c27ce8b,5390a51d-25cd-4e51-8b0e-8067913c4ea0,0
2d5ed2db-dfae-4d07-ae3a-d9ad4c27ce8b,8f7de8b0-6c0a-49b2-b78d-5243c63ee75c,1
594ddaf1-48e3-496d-8826-7ae0b73262ff,76a82351-5b31-4b0f-8a79-6ec504b4efd6,0
594ddaf1-48e3-496d-8826-7ae0b73262ff,ca68d95f-4aa8-4644-a490-b9dae5879a35,0
594ddaf1-48e3-496d-8826-7ae0b73262ff,7bae3d5a-cbfd-47d7-b5d8-411523f8cb61,1
7ac16cca-2e02-4b1e-800c-75b5cc4bebe1,76a82351-5b31-4b0f-8a79-6ec504b4efd6,0
7ac16cca-2e02-4b1e-800c-75b5cc4bebe1,273b46c8-ce89-470b-ae38-2c64d49a19d4,0
7ac16cca-2e02-4b1e-800c-75b5cc4bebe1,a8aeb5cc-aeec-455a-ab37-2163a2320b9f,1
266cac6a-6fa8-40c6-b88e-d8bc82db7287,76a82351-5b31-4b0f-8a79-6ec504b4efd6,0
266cac6a-6fa8-40c6-b88e-d8bc82db7287,ca68d95f-4aa8-4644-a490-b9dae5879a35,0
266cac6a-6fa8-40c6-b88e-d8bc82db7287,7bae3d5a-cbfd-47d7-b5d8-411523f8cb61,1
3c739bdf-3f6c-43a3-ba0d-f53de2e39414,76a82351-5b31-4b0f-8a79-6ec504b4efd6,0
3c739bdf-3f6c-43a3-ba0d-f53de2e39414,273b46c8-ce89-470b-ae38-2c64d49a19d4,0
3c739bdf-3f6c-43a3-ba0d-f53de2e39414,a8aeb5cc-aeec-455a-ab37-2163a2320b9f,1
5652a6fb-1c42-4291-9008-4112a0cc895e,a61551e1-137f-41d6-bb55-82f4ae350643,0
5652a6fb-1c42-4291-9008-4112a0cc895e,05d6904f-e213-4b47-b83b-e2252760327a,0
5652a6fb-1c42-4291-9008-4112a0cc895e,dfa641ad-690b-4f23-9500-a2d2d6cf747d,1
a0c31838-2bd7-4a3e-ab3d-eef540b55be0,b728fcc5-a1c0-4e49-8fa1-a58cee5fb854,0
a0c31838-2bd7-4a3e-ab3d-eef540b55be0,05d6904f-e213-4b47-b83b-e2252760327a,0
a0c31838-2bd7-4a3e-ab3d-eef540b55be0,dfa641ad-690b-4f23-9500-a2d2d6cf747d,1
c02c5868-e5e5-4f80-a14d-2ca7bbc7a1e7,a61551e1-137f-41d6-bb55-82f4ae350643,0
c02c5868-e5e5-4f80-a14d-2ca7bbc7a1e7,05d6904f-e213-4b47-b83b-e2252760327a,0
c02c5868-e5e5-4f80-a14d-2ca7bbc7a1e7,dfa641ad-690b-4f23-9500-a2d2d6cf747d,1
e6ad3b94-9d65-4bda-9ef1-3a0277f44270,648ba7cd-9a63-4196-9b2c-36783b1fe050,0
44ed06e6-5998-4d82-b2ab-88df5524d65e,0e3658d7-e5e6-4833-8ae5-8795b90a94c7,0
44ed06e6-5998-4d82-b2ab-88df5524d65e,05d6904f-e213-4b47-b83b-e2252760327a,0
44ed06e6-5998-4d82-b2ab-88df5524d65e,dfa641ad-690b-4f23-9500-a2d2d6cf747d,1
77b705eb-07a9-41e5-9b87-6bad7629ef92,f9ab2d5d-a150-4bf5-8025-7e423ad7631e,0
77b705eb-07a9-41e5-9b87-6bad7629ef92,5390a51d-25cd-4e51-8b0e-8067913c4ea0,0
77b705eb-07a9-41e5-9b87-6bad7629ef92,bbd88abe-c636-4586-aa0e-250a41a70c58,1
0ee3c1b6-4602-4e65-89bb-7fbd37e66901,f9ab2d5d-a150-4bf5-8025-7e423ad7631e,0
0ee3c1b6-4602-4e65-89bb-7fbd37e66901,5390a51d-25cd-4e51-8b0e-8067913c4ea0,0
0ee3c1b6-4602-4e65-89bb-7fbd37e66901,bbd88abe-c636-4586-aa0e-250a41a70c58,1
69856c28-8ad7-4a04-9dec-94718a807b85,26f22bd2-22aa-4d33-bed5-12251fc0292e,0
69856c28-8ad7-4a04-9dec-94718a807b85,d1cab16a-0de3-44f8-8625-4a4a053be545,0
69856c28-8ad7-4a04-9dec-94718a807b85,7d1a1066-5231-47bd-8981-c57d1dd30db3,1
752d22a9-c933-4200-9e10-dc44d31f71ab,d4f069aa-8f99-4bcf-b6f3-5a65cc94d0ec,0
752d22a9-c933-4200-9e10-dc44d31f71ab,acae8cd1-fb97-4648-85ca-96f3845d2114,1
26a06166-1f1e-43f1-96c8-e5645cb697d0,76a82351-5b31-4b0f-8a79-6ec504b4efd6,0
26a06166-1f1e-43f1-96c8-e5645cb697d0,641095c0-e441-490f-a863-d3bc1866227a,0
26a06166-1f1e-43f1-96c8-e5645cb697d0,9b9af008-a0ae-480b-8813-d4495e27e703,1
3dabb065-c551-4a72-8e04-887409277ebd,76a82351-5b31-4b0f-8a79-6ec504b4efd6,0
3dabb065-c551-4a72-8e04-887409277ebd,641095c0-e441-490f-a863-d3bc1866227a,0
3dabb065-c551-4a72-8e04-887409277ebd,9b9af008-a0ae-480b-8813-d4495e27e703,1
d1dffe94-5635-43ff-9bde-33981832c6ad,a392bc42-c6ee-4c6c-8e95-922301a147be,0
d1dffe94-5635-43ff-9bde-33981832c6ad,1acac925-5683-4ce2-8cbe-2330b73e5599,0
d1dffe94-5635-43ff-9bde-33981832c6ad,eee9e09c-6f41-4db5-b2bb-3bdae0617d4f,1
aff8b61f-e500-4f71-bf2b-e19821d61908,a392bc42-c6ee-4c6c-8e95-922301a147be,0
aff8b61f-e500-4f71-bf2b-e19821d61908,1acac925-5683-4ce2-8cbe-2330b73e5599,0
aff8b61f-e500-4f71-bf2b-e19821d61908,eee9e09c-6f41-4db5-b2bb-3bdae0617d4f,1
d41548d7-4e6b-41c1-80da-c968d80c49f0,2a0afb72-ca19-4c2a-82a8-3b357f5b1da9,0
d41548d7-4e6b-41c1-80da-c968d80c49f0,0b4c82f4-a745-4725-9b1e-6cb124a4827c,0
d41548d7-4e6b-41c1-80da-c968d80c49f0,d6a746c0-7a7c-4787-91c0-d587b0b4ba05,1
1b7f96e6-fbec-4c73-ac88-7d6734c6e564,d6a746c0-7a7c-4787-91c0-d587b0b4ba05,0
1b7f96e6-fbec-4c73-ac88-7d6734c6e564,b728fcc5-a1c0-4e49-8fa1-a58cee5fb854,0
1b7f96e6-fbec-4c73-ac88-7d6734c6e564,70dda19c-8924-4314-9561-d9bf96934188,1
b2f6feb6-2792-416f-9212-395dd975e357,2a0afb72-ca19-4c2a-82a8-3b357f5b1da9,0
b2f6feb6-2792-416f-9212-395dd975e357,0b4c82f4-a745-4725-9b1e-6cb124a4827c,0
b2f6feb6-2792-416f-9212-395dd975e357,d6a746c0-7a7c-4787-91c0-d587b0b4ba05,1
fc501f9a-fe04-4042-b8e0-b6d119cc32ea,d6a746c0-7a7c-4787-91c0-d587b0b4ba05,0
fc501f9a-fe04-4042-b8e0-b6d119cc32ea,b728fcc5-a1c0-4e49-8fa1-a58cee5fb854,0
fc501f9a-fe04-4042-b8e0-b6d119cc32ea,70dda19c-8924-4314-9561-d9bf96934188,1
9b6449df-6110-42b6-be44-8f00e2067e6d,648ba7cd-9a63-4196-9b2c-36783b1fe050,0
9b6449df-6110-42b6-be44-8f00e2067e6d,a69d887e-06ee-4054-af20-d8f4ebf3ee2b,0
9b6449df-6110-42b6-be44-8f00e2067e6d,2275cc5a-6961-4f06-9589-c233bed407ff,1
1b8049fe-567b-42c3-93c5-b80c11bee9a0,648ba7cd-9a63-4196-9b2c-36783b1fe050,0
1b8049fe-567b-42c3-93c5-b80c11bee9a0,a69d887e-06ee-4054-af20-d8f4ebf3ee2b,0
1b8049fe-567b-42c3-93c5-b80c11bee9a0,2275cc5a-6961-4f06-9589-c233bed407ff,1
c1d2c876-c03e-47ac-88bc-83ed7a76d9aa,b46fd4a8-acd5-47d9-aca1-9fadd6eb0f64,0
63216918-6f5b-4c81-8eb2-0cb21dc8655e,b46fd4a8-acd5-47d9-aca1-9fadd6eb0f64,0
95244ef5-f1a4-4a67-aca4-8ebaa99ffad4,0ac7dcb7-c399-438f-b44f-aa893ee3f3d2,0
4e75d97b-5437-4e85-a5f8-1f850416f63d,65161a51-0ce3-45ad-ad84-7f4756382892,0
5c53756d-3e9a-4734-ac8a-5d285564f78f,0ac7dcb7-c399-438f-b44f-aa893ee3f3d2,0
c65f4a83-f9ed-4028-a490-242668ae149e,c9c9e9a4-2a01-4b15-abba-6ec5917ed57a,0
c65f4a83-f9ed-4028-a490-242668ae149e,5390a51d-25cd-4e51-8b0e-8067913c4ea0,0
c65f4a83-f9ed-4028-a490-242668ae149e,0ed43700-93ce-438b-8551-2f4e82d3a882,1
aa7e0a40-ca3b-4309-afa0-84add3dca456,8e3ea8ff-72b8-410a-9449-f4a4ef210426,0
aa7e0a40-ca3b-4309-afa0-84add3dca456,caf0624e-8ebf-4dc2-b576-0a732fca0aab,0
aa7e0a40-ca3b-4309-afa0-84add3dca456,d1cab16a-0de3-44f8-8625-4a4a053be545,1
df2c91c9-a9e8-41a1-984b-6b04288b9ced,8e3ea8ff-72b8-410a-9449-f4a4ef210426,0
df2c91c9-a9e8-41a1-984b-6b04288b9ced,caf0624e-8ebf-4dc2-b576-0a732fca0aab,0
df2c91c9-a9e8-41a1-984b-6b04288b9ced,d1cab16a-0de3-44f8-8625-4a4a053be545,1
dceac186-d955-4c78-92e3-f73029125bc5,175959a2-8745-48d6-a47d-5cbdf6ce9a98,0
dceac186-d955-4c78-92e3-f73029125bc5,648ba7cd-9a63-4196-9b2c-36783b1fe050,0
dceac186-d955-4c78-92e3-f73029125bc5,c8a16bba-422c-465c-8994-968a20b1fe88,1
51444196-4f1f-4fff-a030-380e5dedd7d6,175959a2-8745-48d6-a47d-5cbdf6ce9a98,0
51444196-4f1f-4fff-a030-380e5dedd7d6,648ba7cd-9a63-4196-9b2c-36783b1fe050,0
51444196-4f1f-4fff-a030-380e5dedd7d6,c8a16bba-422c-465c-8994-968a20b1fe88,1
86bd24ef-be75-45a3-adff-125240fc0294,175959a2-8745-48d6-a47d-5cbdf6ce9a98,0
86bd24ef-be75-45a3-adff-125240fc0294,648ba7cd-9a63-4196-9b2c-36783b1fe050,0
86bd24ef-be75-45a3-adff-125240fc0294,c8a16bba-422c-465c-8994-968a20b1fe88,1
04b047a5-3a46-45ac-b26f-ab6c27ad9dce,829d07fb-a50f-45f2-8478-b2f7aa9dffe1,0
04b047a5-3a46-45ac-b26f-ab6c27ad9dce,6488e47d-36ce-43e9-9b47-93192988464b,0
04b047a5-3a46-45ac-b26f-ab6c27ad9dce,3755fd05-874e-43c1-850b-abb148be1dd3,1
d6c856e0-1fb5-4a85-944a-73811d7188a6,829d07fb-a50f-45f2-8478-b2f7aa9dffe1,0
d6c856e0-1fb5-4a85-944a-73811d7188a6,6488e47d-36ce-43e9-9b47-93192988464b,0
d6c856e0-1fb5-4a85-944a-73811d7188a6,3755fd05-874e-43c1-850b-abb148be1dd3,1
1d704edc-0d78-4233-b555-b47bb7d616fe,829d07fb-a50f-45f2-8478-b2f7aa9dffe1,0
1d704edc-0d78-4233-b555-b47bb7d616fe,6488e47d-36ce-43e9-9b47-93192988464b,0
1d704edc-0d78-4233-b555-b47bb7d616fe,3755fd05-874e-43c1-850b-abb148be1dd3,1
ae8977cb-5ee3-4695-821b-a4613fd29cf8,829d07fb-a50f-45f2-8478-b2f7aa9dffe1,0
ae8977cb-5ee3-4695-821b-a4613fd29cf8,6488e47d-36ce-43e9-9b47-93192988464b,0
ae8977cb-5ee3-4695-821b-a4613fd29cf8,3755fd05-874e-43c1-850b-abb148be1dd3,1
2f66908f-f6cf-4340-85ce-88a415268940,efd5dfeb-33f7-4e6a-9a80-663435ebdbef,0
2f66908f-f6cf-4340-85ce-88a415268940,3e48e961-4bd9-4a25-981e-9ca1ea516e60,1
3b15122f-e8b5-4b03-aab0-5f0e810a064d,efd5dfeb-33f7-4e6a-9a80-663435ebdbef,0
3b15122f-e8b5-4b03-aab0-5f0e810a064d,3e48e961-4bd9-4a25-981e-9ca1ea516e60,1
96fdee1a-0172-4868-a0ee-317afae966d5,b3fb57ed-c864-4c08-8aa3-2c0eea4abafc,0
96fdee1a-0172-4868-a0ee-317afae966d5,3e48e961-4bd9-4a25-981e-9ca1ea516e60,1
867cfa03-a8d6-426d-8214-c36d5248b4ef,c9c9e9a4-2a01-4b15-abba-6ec5917ed57a,0
867cfa03-a8d6-426d-8214-c36d5248b4ef,f08f2202-6cb8-4070-8192-f312a0510405,0
867cfa03-a8d6-426d-8214-c36d5248b4ef,af8cc9c5-8d41-4af1-b8c6-265b53978f3b,1
c0e4ca48-747e-4ba7-a782-ecc2f03cbc4b,c9c9e9a4-2a01-4b15-abba-6ec5917ed57a,0
c0e4ca48-747e-4ba7-a782-ecc2f03cbc4b,f08f2202-6cb8-4070-8192-f312a0510405,0
c0e4ca48-747e-4ba7-a782-ecc2f03cbc4b,af8cc9c5-8d41-4af1-b8c6-265b53978f3b,1
3cc24360-d3ad-4686-ab7a-fa4427ce77a0,0ac7dcb7-c399-438f-b44f-aa893ee3f3d2,0
3cc24360-d3ad-4686-ab7a-fa4427ce77a0,f08f2202-6cb8-4070-8192-f312a0510405,0
3cc24360-d3ad-4686-ab7a-fa4427ce77a0,c9c9e9a4-2a01-4b15-abba-6ec5917ed57a,1
47f30221-c3ab-4994-9f76-4f15aff2dcb0,c9c9e9a4-2a01-4b15-abba-6ec5917ed57a,0
ea87961c-c835-4aa0-8af9-08f78f918786,78664b1c-d145-4266-b197-d0a34a14a40c,0
ea87961c-c835-4aa0-8af9-08f78f918786,c5782b98-c758-4f5b-9d25-2effef5058c2,0
ea87961c-c835-4aa0-8af9-08f78f918786,b2b53a5c-f14b-4eef-9c42-30e62cc74124,1
0b560805-b35c-41ed-a2c5-3b31f748aa84,26f22bd2-22aa-4d33-bed5-12251fc0292e,0
0b560805-b35c-41ed-a2c5-3b31f748aa84,53b58e9b-b6a5-4087-936b-8d8b080d90c3,0
0b560805-b35c-41ed-a2c5-3b31f748aa84,d1cab16a-0de3-44f8-8625-4a4a053be545,1
478d0b32-69e5-4975-b985-d74125158f00,05d6904f-e213-4b47-b83b-e2252760327a,0
478d0b32-69e5-4975-b985-d74125158f00,a61551e1-137f-41d6-bb55-82f4ae350643,0
478d0b32-69e5-4975-b985-d74125158f00,fe7b949b-ed5d-4d6c-8a48-1af139b62617,1
127b0338-a24a-4ee9-8b56-ff1f65901a42,b46fd4a8-acd5-47d9-aca1-9fadd6eb0f64,0
127b0338-a24a-4ee9-8b56-ff1f65901a42,8104f833-a21c-4a56-ba21-e324f7a34030,0
127b0338-a24a-4ee9-8b56-ff1f65901a42,2a0afb72-ca19-4c2a-82a8-3b357f5b1da9,1
4b89411b-aa79-4978-81b0-70bf404f31a2,b46fd4a8-acd5-47d9-aca1-9fadd6eb0f64,0
4b89411b-aa79-4978-81b0-70bf404f31a2,8104f833-a21c-4a56-ba21-e324f7a34030,0
4b89411b-aa79-4978-81b0-70bf404f31a2,2a0afb72-ca19-4c2a-82a8-3b357f5b1da9,1
44ff49ec-bb83-4592-a0a2-b6d04ced8bb2,b46fd4a8-acd5-47d9-aca1-9fadd6eb0f64,0
44ff49ec-bb83-4592-a0a2-b6d04ced8bb2,8104f833-a21c-4a56-ba21-e324f7a34030,0
44ff49ec-bb83-4592-a0a2-b6d04ced8bb2,a356cc36-88e6-4e83-a0d3-77e9c2be79ab,1
1a0558a4-c5b2-4992-9743-2d0aebfe42d3,f08f2202-6cb8-4070-8192-f312a0510405,0
1a0558a4-c5b2-4992-9743-2d0aebfe42d3,c9c9e9a4-2a01-4b15-abba-6ec5917ed57a,0
1a0558a4-c5b2-4992-9743-2d0aebfe42d3,c5782b98-c758-4f5b-9d25-2effef5058c2,1
bd1c6a9d-351f-4616-bb44-393688cab675,f08f2202-6cb8-4070-8192-f312a0510405,0
bd1c6a9d-351f-4616-bb44-393688cab675,c9c9e9a4-2a01-4b15-abba-6ec5917ed57a,0
bd1c6a9d-351f-4616-bb44-393688cab675,c5782b98-c758-4f5b-9d25-2effef5058c2,1
b45ad06d-24cf-4a0d-ae76-33bcccd46a2c,2e71fa12-5ef0-44ed-b8a6-36368ba02ead,0
b45ad06d-24cf-4a0d-ae76-33bcccd46a2c,ce1042a9-366c-42df-80e7-b5a9db9a1ffd,0
b45ad06d-24cf-4a0d-ae76-33bcccd46a2c,7db9cd87-3e20-427a-be65-c4228a937b10,1
3d0a0bfb-8daf-4958-8e5f-2f8129774b62,efd5dfeb-33f7-4e6a-9a80-663435ebdbef,0
3d0a0bfb-8daf-4958-8e5f-2f8129774b62,dd288dde-d4d2-401e-95b3-8efaecd09339,0
3d0a0bfb-8daf-4958-8e5f-2f8129774b62,dfa641ad-690b-4f23-9500-a2d2d6cf747d,1
2c12513e-d52d-4a9f-8b8b-dc0ce97ac1aa,641095c0-e441-490f-a863-d3bc1866227a,0
2c12513e-d52d-4a9f-8b8b-dc0ce97ac1aa,acae8cd1-fb97-4648-85ca-96f3845d2114,0
2c12513e-d52d-4a9f-8b8b-dc0ce97ac1aa,d1cab16a-0de3-44f8-8625-4a4a053be545,1
22bf12ed-70f5-4d87-8024-a267b9172590,693b54a8-6f8d-4665-9f08-ab8d275c24e9,0
7f43ea06-fcc8-40ff-839f-534457edef9e,c94d5211-c427-4ba7-a458-a4d99d5c6eb2,0
7f43ea06-fcc8-40ff-839f-534457edef9e,22f3cb10-2d32-4526-85c7-24be24ffbc39,0
7f43ea06-fcc8-40ff-839f-534457edef9e,3b1353b2-3d71-41d4-8d1a-bdfdadac0891,1
6c601a50-4bef-4c78-8df1-ba44a990f1b6,3c3ad733-172c-41e0-ab9c-936b10887a75,0
6c601a50-4bef-4c78-8df1-ba44a990f1b6,22f3cb10-2d32-4526-85c7-24be24ffbc39,0
6c601a50-4bef-4c78-8df1-ba44a990f1b6,3b1353b2-3d71-41d4-8d1a-bdfdadac0891,1
3c325319-9032-4aa9-9976-ab6f69fce4aa,c94d5211-c427-4ba7-a458-a4d99d5c6eb2,0
3c325319-9032-4aa9-9976-ab6f69fce4aa,acc7619f-72e1-40f2-9c8f-94eae08c7518,0
3c325319-9032-4aa9-9976-ab6f69fce4aa,f08f2202-6cb8-4070-8192-f312a0510405,1
e4f270f8-4a4c-433e-bff2-b7a21c0adc60,c94d5211-c427-4ba7-a458-a4d99d5c6eb2,0
e4f270f8-4a4c-433e-bff2-b7a21c0adc60,acc7619f-72e1-40f2-9c8f-94eae08c7518,0
e4f270f8-4a4c-433e-bff2-b7a21c0adc60,f08f2202-6cb8-4070-8192-f312a0510405,1
db5f0021-4d16-420d-914d-18c1c7c19b67,f99d584c-fa7a-48da-bad2-2d1374b3e25a,0
db5f0021-4d16-420d-914d-18c1c7c19b67,2e71fa12-5ef0-44ed-b8a6-36368ba02ead,0
db5f0021-4d16-420d-914d-18c1c7c19b67,bbd88abe-c636-4586-aa0e-250a41a70c58,1
2ff346c8-d861-4aaf-8dd2-9d345dabeba7,f99d584c-fa7a-48da-bad2-2d1374b3e25a,0
2ff346c8-d861-4aaf-8dd2-9d345dabeba7,2e71fa12-5ef0-44ed-b8a6-36368ba02ead,0
2ff346c8-d861-4aaf-8dd2-9d345dabeba7,bbd88abe-c636-4586-aa0e-250a41a70c58,1
08f1fda2-6e40-43cb-bd43-3e4ac9d5a37e,829d07fb-a50f-45f2-8478-b2f7aa9dffe1,0
08f1fda2-6e40-43cb-bd43-3e4ac9d5a37e,550b904b-74b0-4349-9789-77b3a4069d41,0
08f1fda2-6e40-43cb-bd43-3e4ac9d5a37e,5f5a7791-0969-44b6-832b-8c6192491e28,1
2aaaf792-5ef9-4e89-addf-cdc88e1bf677,8f1740f0-6146-4e41-b09c-cb5ddf75c70e,0
2aaaf792-5ef9-4e89-addf-cdc88e1bf677,acc9a774-35b3-4258-8bf5-301618b24b63,0
2aaaf792-5ef9-4e89-addf-cdc88e1bf677,eee9e09c-6f41-4db5-b2bb-3bdae0617d4f,1
15d3ce82-4643-4f27-a00e-6d61f2fbc56f,13760beb-7513-4589-a37b-fbf391150aef,0
15d3ce82-4643-4f27-a00e-6d61f2fbc56f,5f5a7791-0969-44b6-832b-8c6192491e28,0
15d3ce82-4643-4f27-a00e-6d61f2fbc56f,d4f069aa-8f99-4bcf-b6f3-5a65cc94d0ec,1
cff13182-8f23-4e4c-856a-d0139fcfdcc2,a61551e1-137f-41d6-bb55-82f4ae350643,0
cff13182-8f23-4e4c-856a-d0139fcfdcc2,caf0624e-8ebf-4dc2-b576-0a732fca0aab,0
cff13182-8f23-4e4c-856a-d0139fcfdcc2,54f540a9-f60e-4e9b-a76b-0eddfb1891fd,1
77b1561f-4cca-455a-8e16-64549ae5dfd4,6488e47d-36ce-43e9-9b47-93192988464b,0
77b1561f-4cca-455a-8e16-64549ae5dfd4,8f1740f0-6146-4e41-b09c-cb5ddf75c70e,1
0a9d5c59-d659-4f46-953b-f2488aeea775,7bae3d5a-cbfd-47d7-b5d8-411523f8cb61,0
0a9d5c59-d659-4f46-953b-f2488aeea775,8f1740f0-6146-4e41-b09c-cb5ddf75c70e,1
402af24f-def6-4892-944d-dff8122d3754,175959a2-8745-48d6-a47d-5cbdf6ce9a98,0
402af24f-def6-4892-944d-dff8122d3754,1774a4be-60a5-4ddb-a384-453468e2fc77,0
402af24f-def6-4892-944d-dff8122d3754,dc894a2a-a246-4ebc-89fa-0fe4c3da3a19,1
d48c88d2-6f70-4d9f-93cd-c452bc82473e,46e2f8c0-82a6-4ab8-8607-fa61b59abf18,0
1fd1c0c7-5e4a-44b5-86d0-28e4b868ea2c,3076409c-a264-4a5b-844a-502559f4cd4b,0
1fd1c0c7-5e4a-44b5-86d0-28e4b868ea2c,761189b5-1235-47e4-8e84-79ee2506a9cc,0
1fd1c0c7-5e4a-44b5-86d0-28e4b868ea2c,c8a16bba-422c-465c-8994-968a20b1fe88,1
d9bf1d96-069f-4421-a54d-2df019c33866,3076409c-a264-4a5b-844a-502559f4cd4b,0
d9bf1d96-069f-4421-a54d-2df019c33866,761189b5-1235-47e4-8e84-79ee2506a9cc,0
d9bf1d96-069f-4421-a54d-2df019c33866,028a57ba-d735-45b4-a208-de7ebdfe710d,1
edeab14d-b6c0-4790-a625-6494b5526b7d,3076409c-a264-4a5b-844a-502559f4cd4b,0
edeab14d-b6c0-4790-a625-6494b5526b7d,761189b5-1235-47e4-8e84-79ee2506a9cc,0
edeab14d-b6c0-4790-a625-6494b5526b7d,028a57ba-d735-45b4-a208-de7ebdfe710d,1
3411987b-3a59-4b6d-b529-439af262dc8f,3076409c-a264-4a5b-844a-502559f4cd4b,0
3411987b-3a59-4b6d-b529-439af262dc8f,761189b5-1235-47e4-8e84-79ee2506a9cc,0
3411987b-3a59-4b6d-b529-439af262dc8f,028a57ba-d735-45b4-a208-de7ebdfe710d,1
480e817a-7f12-440c-9551-7bea5c3f93ef,c94d5211-c427-4ba7-a458-a4d99d5c6eb2,0
480e817a-7f12-440c-9551-7bea5c3f93ef,88e51878-9d4b-40eb-ba3b-bf9d8a182116,1
c3c29895-cfad-42b0-89d1-dad3b9439585,3076409c-a264-4a5b-844a-502559f4cd4b,0
c3c29895-cfad-42b0-89d1-dad3b9439585,dc894a2a-a246-4ebc-89fa-0fe4c3da3a19,1
94b1a0d9-d6a2-442e-8914-16c83499e173,1774a4be-60a5-4ddb-a384-453468e2fc77,0
a96ba254-3870-4d6b-864b-6372d7a9a73e,e9b58749-80d8-4f5f-abfe-d4c20b9f34f4,0
a96ba254-3870-4d6b-864b-6372d7a9a73e,648ba7cd-9a63-4196-9b2c-36783b1fe050,0
a96ba254-3870-4d6b-864b-6372d7a9a73e,1acac925-5683-4ce2-8cbe-2330b73e5599,1
539e080c-ca35-4419-9430-75a0f03e2e3e,e9b58749-80d8-4f5f-abfe-d4c20b9f34f4,0
539e080c-ca35-4419-9430-75a0f03e2e3e,648ba7cd-9a63-4196-9b2c-36783b1fe050,0
539e080c-ca35-4419-9430-75a0f03e2e3e,1acac925-5683-4ce2-8cbe-2330b73e5599,1
9a6b8d15-54ad-485e-853d-055a5e5bac2d,78664b1c-d145-4266-b197-d0a34a14a40c,0
9a6b8d15-54ad-485e-853d-055a5e5bac2d,8ebc5134-7014-420f-9e62-259e5ff7154e,1
65632584-2a49-42b4-aa10-e264fd6fb79a,76a82351-5b31-4b0f-8a79-6ec504b4efd6,0
65632584-2a49-42b4-aa10-e264fd6fb79a,43c4f371-a026-43cb-832b-ad8cecf9a58a,0
65632584-2a49-42b4-aa10-e264fd6fb79a,a8aeb5cc-aeec-455a-ab37-2163a2320b9f,1
0ee4c7e2-e418-4987-8efb-230b8dacd9f1,76a82351-5b31-4b0f-8a79-6ec504b4efd6,0
0ee4c7e2-e418-4987-8efb-230b8dacd9f1,43c4f371-a026-43cb-832b-ad8cecf9a58a,0
0ee4c7e2-e418-4987-8efb-230b8dacd9f1,a8aeb5cc-aeec-455a-ab37-2163a2320b9f,1
dd1a833e-3d87-4ac6-a0d6-a9df8c64ad46,76a82351-5b31-4b0f-8a79-6ec504b4efd6,0
dd1a833e-3d87-4ac6-a0d6-a9df8c64ad46,43c4f371-a026-43cb-832b-ad8cecf9a58a,0
dd1a833e-3d87-4ac6-a0d6-a9df8c64ad46,a8aeb5cc-aeec-455a-ab37-2163a2320b9f,1
439373f3-b451-4053-b22f-f43e78d576b6,e9b58749-80d8-4f5f-abfe-d4c20b9f34f4,0
439373f3-b451-4053-b22f-f43e78d576b6,1acac925-5683-4ce2-8cbe-2330b73e5599,1
557f53a1-a70f-4943-ad2c-ca79eb7003e3,d1fec1b2-8d50-40cf-8338-005d7ca2d6c5,0
557f53a1-a70f-4943-ad2c-ca79eb7003e3,6c42c91a-156a-42e8-9f25-f80823ab2b9e,1
3127b723-8bb0-4317-8418-23fdcc862536,ca68d95f-4aa8-4644-a490-b9dae5879a35,0
3127b723-8bb0-4317-8418-23fdcc862536,770b0e3b-be36-4b83-b1cd-99d2c6d24d09,1
3e7c44eb-20b4-4c9b-bd99-89f2e53f518e,0af6c2ea-bbf3-4e90-8c9e-1c8005f2fee5,0
3e7c44eb-20b4-4c9b-bd99-89f2e53f518e,c5b858bc-8281-40cc-890d-10d5afb3d70c,0
3e7c44eb-20b4-4c9b-bd99-89f2e53f518e,bbd88abe-c636-4586-aa0e-250a41a70c58,1
bc16b390-1677-47ca-9bb7-1353e2ecd939,c94d5211-c427-4ba7-a458-a4d99d5c6eb2,0
bc16b390-1677-47ca-9bb7-1353e2ecd939,648ba7cd-9a63-4196-9b2c-36783b1fe050,0
bc16b390-1677-47ca-9bb7-1353e2ecd939,0ed43700-93ce-438b-8551-2f4e82d3a882,1
ed40006d-23a0-49fd-8485-92e65df15006,c94d5211-c427-4ba7-a458-a4d99d5c6eb2,0
ed40006d-23a0-49fd-8485-92e65df15006,648ba7cd-9a63-4196-9b2c-36783b1fe050,0
ed40006d-23a0-49fd-8485-92e65df15006,0ed43700-93ce-438b-8551-2f4e82d3a882,1
ebf8efdb-69b2-4415-aec8-6b22d378b2f6,c94d5211-c427-4ba7-a458-a4d99d5c6eb2,0
ebf8efdb-69b2-4415-aec8-6b22d378b2f6,af8cc9c5-8d41-4af1-b8c6-265b53978f3b,0
ebf8efdb-69b2-4415-aec8-6b22d378b2f6,0ed43700-93ce-438b-8551-2f4e82d3a882,1
aff3a797-696f-4731-ab14-4538d9ef2f89,c94d5211-c427-4ba7-a458-a4d99d5c6eb2,0
aff3a797-696f-4731-ab14-4538d9ef2f89,af8cc9c5-8d41-4af1-b8c6-265b53978f3b,0
aff3a797-696f-4731-ab14-4538d9ef2f89,0ed43700-93ce-438b-8551-2f4e82d3a882,1
c1e91ee7-8932-4f7b-b500-8c328e754a51,c9c9e9a4-2a01-4b15-abba-6ec5917ed57a,0
c1e91ee7-8932-4f7b-b500-8c328e754a51,94fc8c48-c4a0-4719-9c44-4c2b9f6f516c,0
c1e91ee7-8932-4f7b-b500-8c328e754a51,4d1bf273-219b-4c6b-8195-ff0437bebd78,1
c6108afc-ab96-487e-a877-c3528df39464,cb5c83d6-7e1a-448e-8166-3b19ced4b72f,0
9dc7221c-2394-4e9f-8b09-4b2e6480b85d,8162ba92-fdee-4f90-ae20-7076939f051b,0
9dc7221c-2394-4e9f-8b09-4b2e6480b85d,a392bc42-c6ee-4c6c-8e95-922301a147be,0
9dc7221c-2394-4e9f-8b09-4b2e6480b85d,b728fcc5-a1c0-4e49-8fa1-a58cee5fb854,1
eede483a-a1d0-44cd-be36-907a4228e978,8162ba92-fdee-4f90-ae20-7076939f051b,0
eede483a-a1d0-44cd-be36-907a4228e978,a392bc42-c6ee-4c6c-8e95-922301a147be,0
eede483a-a1d0-44cd-be36-907a4228e978,b728fcc5-a1c0-4e49-8fa1-a58cee5fb854,1
9bf699a1-df38-4569-bd10-75495a3ccf4a,94fc8c48-c4a0-4719-9c44-4c2b9f6f516c,0
9bf699a1-df38-4569-bd10-75495a3ccf4a,9939b773-da66-4ada-85c4-f0a519827300,1
61d5b5c4-fc6b-43e3-bbef-fde8791edbbf,dcc0a170-da5b-443e-bfd0-ac449ecd967a,0
073d79c9-9cb3-464e-b852-9edbdf42686a,94fc8c48-c4a0-4719-9c44-4c2b9f6f516c,0
073d79c9-9cb3-464e-b852-9edbdf42686a,6488e47d-36ce-43e9-9b47-93192988464b,1
e2e110b1-c5fc-4e3c-9e3c-c428956bb872,7d1a1066-5231-47bd-8981-c57d1dd30db3,0
6c4acfb2-cc6f-4d25-8cb7-a51c868077fc,94fc8c48-c4a0-4719-9c44-4c2b9f6f516c,0
6c4acfb2-cc6f-4d25-8cb7-a51c868077fc,7bae3d5a-cbfd-47d7-b5d8-411523f8cb61,1
feaa66bc-d84d-4826-955a-9d8c90646d4c,f26524fb-4bce-44b5-8241-9b3bc2b0078a,0
a7fbf06d-0ceb-4e44-8dc8-570d0f6e4edd,b2a7c6f4-5e2f-4ce2-bb4e-3c30b04b5a7e,0
a7fbf06d-0ceb-4e44-8dc8-570d0f6e4edd,229b9479-47d7-4a37-9f60-c907a8683517,1
fe8b9fc6-34f3-499f-ab5d-ce66b39fe3a9,b2a7c6f4-5e2f-4ce2-bb4e-3c30b04b5a7e,0
fe8b9fc6-34f3-499f-ab5d-ce66b39fe3a9,229b9479-47d7-4a37-9f60-c907a8683517,1
3283f44e-0a0a-489c-bfc8-8615de88073a,d1cab16a-0de3-44f8-8625-4a4a053be545,0
3283f44e-0a0a-489c-bfc8-8615de88073a,d672f71b-a188-4a05-ae50-a4c83d846d60,1
ef7c8f29-c4b6-48fe-94fd-492a76ec0e58,94fc8c48-c4a0-4719-9c44-4c2b9f6f516c,0
ef7c8f29-c4b6-48fe-94fd-492a76ec0e58,4d1bf273-219b-4c6b-8195-ff0437bebd78,1
947b1e49-6813-4835-8d0e-2e2ed8f1c0e2,d4f069aa-8f99-4bcf-b6f3-5a65cc94d0ec,0
3c4f27f2-4ee0-4c63-a415-6818ff860e9b,8e3ea8ff-72b8-410a-9449-f4a4ef210426,0
b0b41040-9d33-44c3-9b89-d8fb29214cdc,82468c00-5816-470a-91c7-e626b7c29fe3,0
4ee893a2-f323-4318-a7e8-3cc3eb4e2a61,69628ef0-84a0-49ae-aeef-b1598bfec40b,0
4ee893a2-f323-4318-a7e8-3cc3eb4e2a61,dd288dde-d4d2-401e-95b3-8efaecd09339,1
f65e9933-40a1-416e-bbb1-d99cd3acf876,69628ef0-84a0-49ae-aeef-b1598bfec40b,0
f65e9933-40a1-416e-bbb1-d99cd3acf876,dd288dde-d4d2-401e-95b3-8efaecd09339,1
6af119a4-d4d5-45ed-a13c-cb31e4f2d5b3,69628ef0-84a0-49ae-aeef-b1598bfec40b,0
6af119a4-d4d5-45ed-a13c-cb31e4f2d5b3,dd288dde-d4d2-401e-95b3-8efaecd09339,1
3ea44cac-e5fa-4da5-9ae1-b5bdce1d8abe,cdf67e6b-4764-488c-8171-efc6206ce3e9,0
3ea44cac-e5fa-4da5-9ae1-b5bdce1d8abe,ca68d95f-4aa8-4644-a490-b9dae5879a35,1
aa3f0e2f-1d15-43cd-bd29-e831280e0af3,cdf67e6b-4764-488c-8171-efc6206ce3e9,0
aa3f0e2f-1d15-43cd-bd29-e831280e0af3,ca68d95f-4aa8-4644-a490-b9dae5879a35,1
d363e708-fe0d-4f95-b392-4c2ba1315a2c,cdf67e6b-4764-488c-8171-efc6206ce3e9,0
d363e708-fe0d-4f95-b392-4c2ba1315a2c,ca68d95f-4aa8-4644-a490-b9dae5879a35,1
f80c8fe1-c6c2-4c4f-86e6-d36e84d9bbfa,cdf67e6b-4764-488c-8171-efc6206ce3e9,0
f80c8fe1-c6c2-4c4f-86e6-d36e84d9bbfa,b3fb57ed-c864-4c08-8aa3-2c0eea4abafc,1
ee027302-243b-457a-ba1e-1833c8181fbf,ed959385-60d1-4d44-97ee-3c82b926080b,0
ee027302-243b-457a-ba1e-1833c8181fbf,c8a16bba-422c-465c-8994-968a20b1fe88,1
065e359d-6d90-426b-bb06-5f9438f34c67,ed959385-60d1-4d44-97ee-3c82b926080b,0
065e359d-6d90-426b-bb06-5f9438f34c67,c8a16bba-422c-465c-8994-968a20b1fe88,1
09b2b4c6-bba4-4bb0-8d67-460f3117ed6a,ed959385-60d1-4d44-97ee-3c82b926080b,0
09b2b4c6-bba4-4bb0-8d67-460f3117ed6a,c8a16bba-422c-465c-8994-968a20b1fe88,1
9a2ddfdf-1cf8-4922-b032-b30b1b2e7519,76a82351-5b31-4b0f-8a79-6ec504b4efd6,0
9a2ddfdf-1cf8-4922-b032-b30b1b2e7519,26f22bd2-22aa-4d33-bed5-12251fc0292e,0
9a2ddfdf-1cf8-4922-b032-b30b1b2e7519,b3fb57ed-c864-4c08-8aa3-2c0eea4abafc,1
89e9c2d3-1ebd-4492-80a6-684d2e90e6b5,76a82351-5b31-4b0f-8a79-6ec504b4efd6,0
89e9c2d3-1ebd-4492-80a6-684d2e90e6b5,26f22bd2-22aa-4d33-bed5-12251fc0292e,0
89e9c2d3-1ebd-4492-80a6-684d2e90e6b5,b3fb57ed-c864-4c08-8aa3-2c0eea4abafc,1
246309af-f48c-4c3c-b59b-110f0667f955,8e3ea8ff-72b8-410a-9449-f4a4ef210426,0
246309af-f48c-4c3c-b59b-110f0667f955,26f22bd2-22aa-4d33-bed5-12251fc0292e,0
246309af-f48c-4c3c-b59b-110f0667f955,c1edbeaf-334b-4aea-8908-edeef4fc0fcb,1
36ba29a6-4688-452a-b2f1-b11d09c4ad13,8e3ea8ff-72b8-410a-9449-f4a4ef210426,0
36ba29a6-4688-452a-b2f1-b11d09c4ad13,26f22bd2-22aa-4d33-bed5-12251fc0292e,0
36ba29a6-4688-452a-b2f1-b11d09c4ad13,c1edbeaf-334b-4aea-8908-edeef4fc0fcb,1
99335d4a-7b2a-4711-9936-246ab762aca9,13760beb-7513-4589-a37b-fbf391150aef,0
99335d4a-7b2a-4711-9936-246ab762aca9,641095c0-e441-490f-a863-d3bc1866227a,0
99335d4a-7b2a-4711-9936-246ab762aca9,88e51878-9d4b-40eb-ba3b-bf9d8a182116,1
6abd0313-3ddd-4650-a7a1-fe33eb261564,13760beb-7513-4589-a37b-fbf391150aef,0
6abd0313-3ddd-4650-a7a1-fe33eb261564,641095c0-e441-490f-a863-d3bc1866227a,0
6abd0313-3ddd-4650-a7a1-fe33eb261564,53b58e9b-b6a5-4087-936b-8d8b080d90c3,1
cd0be3f4-8b39-4c2a-b691-503816337e6e,13760beb-7513-4589-a37b-fbf391150aef,0
cd0be3f4-8b39-4c2a-b691-503816337e6e,8e3ea8ff-72b8-410a-9449-f4a4ef210426,0
cd0be3f4-8b39-4c2a-b691-503816337e6e,22f3cb10-2d32-4526-85c7-24be24ffbc39,1
ef8df29e-2138-404a-b3ec-3a2eca332c71,13760beb-7513-4589-a37b-fbf391150aef,0
ef8df29e-2138-404a-b3ec-3a2eca332c71,8e3ea8ff-72b8-410a-9449-f4a4ef210426,0
ef8df29e-2138-404a-b3ec-3a2eca332c71,22f3cb10-2d32-4526-85c7-24be24ffbc39,1
d3d83b40-88ed-4605-8e18-5a4e9b9adcdc,d1cab16a-0de3-44f8-8625-4a4a053be545,0
d3d83b40-88ed-4605-8e18-5a4e9b9adcdc,4b9c8345-a053-4448-b656-0a35f67ae50f,1
8601d76b-5990-412c-82b1-4833ec86b7f3,d1fec1b2-8d50-40cf-8338-005d7ca2d6c5,0
8601d76b-5990-412c-82b1-4833ec86b7f3,f99d584c-fa7a-48da-bad2-2d1374b3e25a,0
8601d76b-5990-412c-82b1-4833ec86b7f3,e9b58749-80d8-4f5f-abfe-d4c20b9f34f4,1
c62acae4-7df6-40cb-ab58-f4e832bc9681,d1fec1b2-8d50-40cf-8338-005d7ca2d6c5,0
c62acae4-7df6-40cb-ab58-f4e832bc9681,f99d584c-fa7a-48da-bad2-2d1374b3e25a,0
c62acae4-7df6-40cb-ab58-f4e832bc9681,e9b58749-80d8-4f5f-abfe-d4c20b9f34f4,1
e543f65f-d4f2-42e1-b867-7936851699eb,6488e47d-36ce-43e9-9b47-93192988464b,0
e543f65f-d4f2-42e1-b867-7936851699eb,f08f2202-6cb8-4070-8192-f312a0510405,1
d8da2a77-b99d-4003-825f-dd8cf5bd4e29,6488e47d-36ce-43e9-9b47-93192988464b,0
db030adc-f15c-4ca5-b884-c65c0cfe718f,545d3d72-5e66-4c4d-88c9-94dcec70ad08,0
db030adc-f15c-4ca5-b884-c65c0cfe718f,17d5549c-3f0d-4ac6-9477-e1d180934440,0
db030adc-f15c-4ca5-b884-c65c0cfe718f,f081028a-562a-4e3f-a8f7-e6fc7af45d65,1
657e4ffa-945f-45b7-8214-5b186909ae49,545d3d72-5e66-4c4d-88c9-94dcec70ad08,0
657e4ffa-945f-45b7-8214-5b186909ae49,dcc0a170-da5b-443e-bfd0-ac449ecd967a,0
657e4ffa-945f-45b7-8214-5b186909ae49,f081028a-562a-4e3f-a8f7-e6fc7af45d65,1
cb522219-bb72-431f-9ce9-15a4fb23ad7b,02ce0d3d-e6a3-4f5f-a6ca-5a7b5936054f,0
cb522219-bb72-431f-9ce9-15a4fb23ad7b,ce1042a9-366c-42df-80e7-b5a9db9a1ffd,0
cb522219-bb72-431f-9ce9-15a4fb23ad7b,d0f7ccd9-9d90-4749-becc-fbde3a7411e8,1
b92d8e3c-3611-423e-a13a-148b9adf1b71,02ce0d3d-e6a3-4f5f-a6ca-5a7b5936054f,0
b92d8e3c-3611-423e-a13a-148b9adf1b71,ce1042a9-366c-42df-80e7-b5a9db9a1ffd,0
b92d8e3c-3611-423e-a13a-148b9adf1b71,d0f7ccd9-9d90-4749-becc-fbde3a7411e8,1
e43a3e34-0968-4d5f-95c8-2b6c899284f8,82468c00-5816-470a-91c7-e626b7c29fe3,0
e43a3e34-0968-4d5f-95c8-2b6c899284f8,641095c0-e441-490f-a863-d3bc1866227a,0
e43a3e34-0968-4d5f-95c8-2b6c899284f8,875187d9-9daa-43d9-9776-6702e8ad192b,1
82ed91be-5101-4ea2-b761-4794a6a2edad,82468c00-5816-470a-91c7-e626b7c29fe3,0
82ed91be-5101-4ea2-b761-4794a6a2edad,641095c0-e441-490f-a863-d3bc1866227a,0
82ed91be-5101-4ea2-b761-4794a6a2edad,875187d9-9daa-43d9-9776-6702e8ad192b,1
647858c9-8fc7-4839-b0d7-5f2fc6a59f31,6488e47d-36ce-43e9-9b47-93192988464b,0
647858c9-8fc7-4839-b0d7-5f2fc6a59f31,eb535648-d15e-4046-869a-788641fe974f,1
250246e4-837e-4358-812b-3db34b1ed974,6488e47d-36ce-43e9-9b47-93192988464b,0
250246e4-837e-4358-812b-3db34b1ed974,eb535648-d15e-4046-869a-788641fe974f,1
b8d21898-46da-4cbb-aa96-a6a3e05f0070,6488e47d-36ce-43e9-9b47-93192988464b,0
b8d21898-46da-4cbb-aa96-a6a3e05f0070,eb535648-d15e-4046-869a-788641fe974f,1
fba90748-f8d4-4bf7-8238-8a73e8e13409,1774a4be-60a5-4ddb-a384-453468e2fc77,0
279b0f12-768e-4c11-a1c5-718d11d2552a,efd5dfeb-33f7-4e6a-9a80-663435ebdbef,0
279b0f12-768e-4c11-a1c5-718d11d2552a,7db9cd87-3e20-427a-be65-c4228a937b10,1
3806955a-e502-4847-a00c-cd651b06b00f,a392bc42-c6ee-4c6c-8e95-922301a147be,0
3806955a-e502-4847-a00c-cd651b06b00f,8d20cd1d-5601-49e1-b0fd-92e373a27edc,0
3806955a-e502-4847-a00c-cd651b06b00f,b0565e79-6680-41c2-a8e5-fbd0b46213df,1
37a5b943-60dc-4a97-80b4-eda253f64f61,a392bc42-c6ee-4c6c-8e95-922301a147be,0
37a5b943-60dc-4a97-80b4-eda253f64f61,8d20cd1d-5601-49e1-b0fd-92e373a27edc,0
37a5b943-60dc-4a97-80b4-eda253f64f61,b0565e79-6680-41c2-a8e5-fbd0b46213df,1
8641e0d5-e3a0-47f8-ba4d-60d3606d62ac,5390a51d-25cd-4e51-8b0e-8067913c4ea0,0
8641e0d5-e3a0-47f8-ba4d-60d3606d62ac,c9c9e9a4-2a01-4b15-abba-6ec5917ed57a,0
8641e0d5-e3a0-47f8-ba4d-60d3606d62ac,88e51878-9d4b-40eb-ba3b-bf9d8a182116,1
501f4a79-4475-4c26-ab39-0b5a77fdf887,e9b58749-80d8-4f5f-abfe-d4c20b9f34f4,0
501f4a79-4475-4c26-ab39-0b5a77fdf887,3b1353b2-3d71-41d4-8d1a-bdfdadac0891,0
501f4a79-4475-4c26-ab39-0b5a77fdf887,59e6a1d0-c1db-4703-8063-6f2f817d7af0,1
86c771f9-7481-4e35-9322-b5285fb5e4a2,efd5dfeb-33f7-4e6a-9a80-663435ebdbef,0
86c771f9-7481-4e35-9322-b5285fb5e4a2,dd288dde-d4d2-401e-95b3-8efaecd09339,0
86c771f9-7481-4e35-9322-b5285fb5e4a2,4b9c8345-a053-4448-b656-0a35f67ae50f,1
bd81cb91-1189-43b0-88b8-7d881212819a,efd5dfeb-33f7-4e6a-9a80-663435ebdbef,0
bd81cb91-1189-43b0-88b8-7d881212819a,dd288dde-d4d2-401e-95b3-8efaecd09339,0
bd81cb91-1189-43b0-88b8-7d881212819a,4b9c8345-a053-4448-b656-0a35f67ae50f,1
f4403721-e77f-42d3-bd2f-b8dbe30e62e2,efd5dfeb-33f7-4e6a-9a80-663435ebdbef,0
f4403721-e77f-42d3-bd2f-b8dbe30e62e2,dd288dde-d4d2-401e-95b3-8efaecd09339,0
f4403721-e77f-42d3-bd2f-b8dbe30e62e2,4b9c8345-a053-4448-b656-0a35f67ae50f,1
a2c42b3e-d244-4ca8-953b-9937e81d5bc2,76a82351-5b31-4b0f-8a79-6ec504b4efd6,0
a2c42b3e-d244-4ca8-953b-9937e81d5bc2,18f6702f-5b65-4d88-b468-52b307112758,0
a2c42b3e-d244-4ca8-953b-9937e81d5bc2,a69d887e-06ee-4054-af20-d8f4ebf3ee2b,1
424640fa-bd5e-4ed9-867e-3f54e3ed42b8,efd5dfeb-33f7-4e6a-9a80-663435ebdbef,0
424640fa-bd5e-4ed9-867e-3f54e3ed42b8,3727a23c-0f09-4bc1-bd0e-2cd0675bafce,0
424640fa-bd5e-4ed9-867e-3f54e3ed42b8,641095c0-e441-490f-a863-d3bc1866227a,1
67d6f34b-a2e4-4ade-97ee-dedd46347c7f,efd5dfeb-33f7-4e6a-9a80-663435ebdbef,0
67d6f34b-a2e4-4ade-97ee-dedd46347c7f,3727a23c-0f09-4bc1-bd0e-2cd0675bafce,0
67d6f34b-a2e4-4ade-97ee-dedd46347c7f,641095c0-e441-490f-a863-d3bc1866227a,1
df273359-30e8-4735-96e3-7fdd88dc5c90,5747f593-cdd3-42cd-9b3c-9de2a6f98789,0
df273359-30e8-4735-96e3-7fdd88dc5c90,3baa62d3-0897-4317-bc9d-e3ad617263b1,0
df273359-30e8-4735-96e3-7fdd88dc5c90,b3fb57ed-c864-4c08-8aa3-2c0eea4abafc,1
f7b93f46-80ef-450b-92a2-71fdf785ba91,3b1353b2-3d71-41d4-8d1a-bdfdadac0891,0
f7b93f46-80ef-450b-92a2-71fdf785ba91,e9b58749-80d8-4f5f-abfe-d4c20b9f34f4,0
f7b93f46-80ef-450b-92a2-71fdf785ba91,1bc9e420-e77c-4e8d-968e-6e028e71a151,1
ab13ba71-5805-4b11-b7d2-e3c4ea8f7f5b,3c3ad733-172c-41e0-ab9c-936b10887a75,0
ab13ba71-5805-4b11-b7d2-e3c4ea8f7f5b,e9b58749-80d8-4f5f-abfe-d4c20b9f34f4,0
ab13ba71-5805-4b11-b7d2-e3c4ea8f7f5b,1bc9e420-e77c-4e8d-968e-6e028e71a151,1
ea4c1c28-4560-4ddb-b21b-4ade07e35769,3b1353b2-3d71-41d4-8d1a-bdfdadac0891,0
ea4c1c28-4560-4ddb-b21b-4ade07e35769,e9b58749-80d8-4f5f-abfe-d4c20b9f34f4,0
ea4c1c28-4560-4ddb-b21b-4ade07e35769,1bc9e420-e77c-4e8d-968e-6e028e71a151,1
042628ba-428f-4ef2-a16c-f3b2544f8e69,82468c00-5816-470a-91c7-e626b7c29fe3,0
042628ba-428f-4ef2-a16c-f3b2544f8e69,875187d9-9daa-43d9-9776-6702e8ad192b,1
0cb30441-e241-4820-9bc8-6f33b98f6d49,82468c00-5816-470a-91c7-e626b7c29fe3,0
0cb30441-e241-4820-9bc8-6f33b98f6d49,d1cab16a-0de3-44f8-8625-4a4a053be545,1
47ec18a2-266a-4258-9ae0-e2f56508cb8d,8e3ea8ff-72b8-410a-9449-f4a4ef210426,0
47ec18a2-266a-4258-9ae0-e2f56508cb8d,d0f7ccd9-9d90-4749-becc-fbde3a7411e8,0
47ec18a2-266a-4258-9ae0-e2f56508cb8d,72759dae-410c-48ff-ac5e-e511792f069d,1
faa01441-0511-4233-b81a-93eaded50119,a61551e1-137f-41d6-bb55-82f4ae350643,0
faa01441-0511-4233-b81a-93eaded50119,05d6904f-e213-4b47-b83b-e2252760327a,0
faa01441-0511-4233-b81a-93eaded50119,dfa641ad-690b-4f23-9500-a2d2d6cf747d,1
cea33b70-c480-42f2-864a-cd4a04e44f0a,a38b9ecb-11db-444a-bc33-3c36b496c3f7,0
cea33b70-c480-42f2-864a-cd4a04e44f0a,05d6904f-e213-4b47-b83b-e2252760327a,0
cea33b70-c480-42f2-864a-cd4a04e44f0a,dfa641ad-690b-4f23-9500-a2d2d6cf747d,1
e91891f8-cd54-492e-b210-38e0a3a89b44,b46fd4a8-acd5-47d9-aca1-9fadd6eb0f64,0
33da9bdd-b0f4-4dd9-b818-eae68e9760e6,b46fd4a8-acd5-47d9-aca1-9fadd6eb0f64,0
5b44872b-2292-4c9a-84c4-2d4611356284,65161a51-0ce3-45ad-ad84-7f4756382892,0
5b44872b-2292-4c9a-84c4-2d4611356284,8741668d-c1b5-407e-bb34-4f6571dce020,1
2cefd6ca-f4f5-47c6-bf7d-5323dd3dcb53,d1cab16a-0de3-44f8-8625-4a4a053be545,0
2cefd6ca-f4f5-47c6-bf7d-5323dd3dcb53,641095c0-e441-490f-a863-d3bc1866227a,0
2cefd6ca-f4f5-47c6-bf7d-5323dd3dcb53,b0565e79-6680-41c2-a8e5-fbd0b46213df,1
84d140a5-ce63-4673-ac21-ae6c5cabaabb,5390a51d-25cd-4e51-8b0e-8067913c4ea0,0
84d140a5-ce63-4673-ac21-ae6c5cabaabb,2275cc5a-6961-4f06-9589-c233bed407ff,1
01e6d990-1a70-4f26-927c-618aaa622b5d,5390a51d-25cd-4e51-8b0e-8067913c4ea0,0
01e6d990-1a70-4f26-927c-618aaa622b5d,2275cc5a-6961-4f06-9589-c233bed407ff,1
96ff5378-8f36-4d81-9ba5-67507ea26c3e,ce1042a9-366c-42df-80e7-b5a9db9a1ffd,0
96ff5378-8f36-4d81-9ba5-67507ea26c3e,76a82351-5b31-4b0f-8a79-6ec504b4efd6,0
96ff5378-8f36-4d81-9ba5-67507ea26c3e,88e51878-9d4b-40eb-ba3b-bf9d8a182116,1
5d144236-11b5-4f51-a37a-dfbceef6809e,175959a2-8745-48d6-a47d-5cbdf6ce9a98,0
5d144236-11b5-4f51-a37a-dfbceef6809e,dcdaa9de-155f-4d30-b7b3-9da2ca0ee3af,0
5d144236-11b5-4f51-a37a-dfbceef6809e,8162ba92-fdee-4f90-ae20-7076939f051b,1
4f928917-036c-44d1-b43f-de28019bf695,c9c9e9a4-2a01-4b15-abba-6ec5917ed57a,0
4f928917-036c-44d1-b43f-de28019bf695,5390a51d-25cd-4e51-8b0e-8067913c4ea0,0
4f928917-036c-44d1-b43f-de28019bf695,c8a16bba-422c-465c-8994-968a20b1fe88,1
504b64f4-6d4b-49ce-95e8-0e97fb6e367b,1302ca34-3a65-47aa-95bf-5f717cc184e0,0
073c4b04-cd22-4e40-82ca-217a9e5c36af,3076409c-a264-4a5b-844a-502559f4cd4b,0
073c4b04-cd22-4e40-82ca-217a9e5c36af,76a82351-5b31-4b0f-8a79-6ec504b4efd6,0
073c4b04-cd22-4e40-82ca-217a9e5c36af,88e51878-9d4b-40eb-ba3b-bf9d8a182116,1
3001d985-ec50-4fc6-91fb-c0010c062651,3076409c-a264-4a5b-844a-502559f4cd4b,0
3001d985-ec50-4fc6-91fb-c0010c062651,6c42c91a-156a-42e8-9f25-f80823ab2b9e,0
3001d985-ec50-4fc6-91fb-c0010c062651,88e51878-9d4b-40eb-ba3b-bf9d8a182116,1
9d851b12-2dd0-4adb-b86b-2cc8c6cf842d,3c3ad733-172c-41e0-ab9c-936b10887a75,0
9d851b12-2dd0-4adb-b86b-2cc8c6cf842d,c94d5211-c427-4ba7-a458-a4d99d5c6eb2,0
9d851b12-2dd0-4adb-b86b-2cc8c6cf842d,3076409c-a264-4a5b-844a-502559f4cd4b,1
e55da769-05b5-4bf7-974b-380932d1d97b,3c3ad733-172c-41e0-ab9c-936b10887a75,0
e55da769-05b5-4bf7-974b-380932d1d97b,c94d5211-c427-4ba7-a458-a4d99d5c6eb2,0
e55da769-05b5-4bf7-974b-380932d1d97b,3076409c-a264-4a5b-844a-502559f4cd4b,1
2ddb26ea-7b89-4dad-a084-58058494e2b4,13760beb-7513-4589-a37b-fbf391150aef,0
2ddb26ea-7b89-4dad-a084-58058494e2b4,5f5a7791-0969-44b6-832b-8c6192491e28,0
2ddb26ea-7b89-4dad-a084-58058494e2b4,826e92d2-f745-45ec-9e48-187337f60d19,1
53a57076-03aa-43fb-a056-1c4f81b59c7d,5f5a7791-0969-44b6-832b-8c6192491e28,0
c3a1f079-fdfc-473d-8e57-d158b9db233d,5390a51d-25cd-4e51-8b0e-8067913c4ea0,0
c3a1f079-fdfc-473d-8e57-d158b9db233d,b728fcc5-a1c0-4e49-8fa1-a58cee5fb854,0
c3a1f079-fdfc-473d-8e57-d158b9db233d,4fab4f54-5676-4f0a-b8b0-00477dc0a64d,1
3a2348a9-049f-4b51-8c82-154fb64d649b,13760beb-7513-4589-a37b-fbf391150aef,0
3a2348a9-049f-4b51-8c82-154fb64d649b,770b0e3b-be36-4b83-b1cd-99d2c6d24d09,0
3a2348a9-049f-4b51-8c82-154fb64d649b,dc894a2a-a246-4ebc-89fa-0fe4c3da3a19,1
f8727892-2a2c-40ff-a6a5-5d8a998230ce,a69d887e-06ee-4054-af20-d8f4ebf3ee2b,0
2ff63589-55ba-4409-98f8-c008259d83ed,d1cab16a-0de3-44f8-8625-4a4a053be545,0
2ff63589-55ba-4409-98f8-c008259d83ed,26f22bd2-22aa-4d33-bed5-12251fc0292e,0
2ff63589-55ba-4409-98f8-c008259d83ed,99e27bcc-fa09-4af5-a277-ca68cc130736,1
4f966fd7-240a-4e61-bff6-9895b22dcfdd,d1cab16a-0de3-44f8-8625-4a4a053be545,0
4f966fd7-240a-4e61-bff6-9895b22dcfdd,26f22bd2-22aa-4d33-bed5-12251fc0292e,0
4f966fd7-240a-4e61-bff6-9895b22dcfdd,99e27bcc-fa09-4af5-a277-ca68cc130736,1
09388db7-9958-4084-8228-691728aa006d,18f6702f-5b65-4d88-b468-52b307112758,0
09388db7-9958-4084-8228-691728aa006d,6c42c91a-156a-42e8-9f25-f80823ab2b9e,0
09388db7-9958-4084-8228-691728aa006d,81ec7008-42fd-4ae1-b704-f7d0c2a1ff3d,1
ac5101ef-4368-4043-946a-a75e7b401753,770b0e3b-be36-4b83-b1cd-99d2c6d24d09,0
ac5101ef-4368-4043-946a-a75e7b401753,6c42c91a-156a-42e8-9f25-f80823ab2b9e,0
ac5101ef-4368-4043-946a-a75e7b401753,4d1bf273-219b-4c6b-8195-ff0437bebd78,1
8792f8a0-4fb7-4c00-9b23-6997ec71dc3b,2b023f7e-9530-409b-8bc5-aa4cb7272a67,0
8792f8a0-4fb7-4c00-9b23-6997ec71dc3b,7bae3d5a-cbfd-47d7-b5d8-411523f8cb61,0
8792f8a0-4fb7-4c00-9b23-6997ec71dc3b,0ed43700-93ce-438b-8551-2f4e82d3a882,1
e9086654-a2fb-4921-9337-ae191de33a3c,2b023f7e-9530-409b-8bc5-aa4cb7272a67,0
e9086654-a2fb-4921-9337-ae191de33a3c,7bae3d5a-cbfd-47d7-b5d8-411523f8cb61,0
e9086654-a2fb-4921-9337-ae191de33a3c,0ed43700-93ce-438b-8551-2f4e82d3a882,1
38f33f02-87ab-42fc-b355-6e28bd690262,a61551e1-137f-41d6-bb55-82f4ae350643,0
38f33f02-87ab-42fc-b355-6e28bd690262,9939b773-da66-4ada-85c4-f0a519827300,0
38f33f02-87ab-42fc-b355-6e28bd690262,a392bc42-c6ee-4c6c-8e95-922301a147be,1
720d7a5f-3f18-4eef-81df-69f0a9c557a4,a61551e1-137f-41d6-bb55-82f4ae350643,0
720d7a5f-3f18-4eef-81df-69f0a9c557a4,9939b773-da66-4ada-85c4-f0a519827300,0
720d7a5f-3f18-4eef-81df-69f0a9c557a4,a392bc42-c6ee-4c6c-8e95-922301a147be,1
b1d85705-97ca-4237-80ea-f1cd498d10d2,02ce0d3d-e6a3-4f5f-a6ca-5a7b5936054f,0
b1d85705-97ca-4237-80ea-f1cd498d10d2,2e71fa12-5ef0-44ed-b8a6-36368ba02ead,0
b1d85705-97ca-4237-80ea-f1cd498d10d2,dfa641ad-690b-4f23-9500-a2d2d6cf747d,1
e9e791f7-b128-4ce5-abf3-034f73f0d2fa,0ed43700-93ce-438b-8551-2f4e82d3a882,0
e9e791f7-b128-4ce5-abf3-034f73f0d2fa,0ac7dcb7-c399-438f-b44f-aa893ee3f3d2,1
22a362a3-c8f3-4b22-b385-269cbfd1251c,02ce0d3d-e6a3-4f5f-a6ca-5a7b5936054f,0
22a362a3-c8f3-4b22-b385-269cbfd1251c,22f3cb10-2d32-4526-85c7-24be24ffbc39,0
22a362a3-c8f3-4b22-b385-269cbfd1251c,2c783511-7431-483a-a5f4-ea2cfd0290d5,1
24752045-ed93-4439-bda7-f899da4a4a8e,3aa80a19-5549-47b8-999e-5aa6f8f38141,0
24752045-ed93-4439-bda7-f899da4a4a8e,22f3cb10-2d32-4526-85c7-24be24ffbc39,0
24752045-ed93-4439-bda7-f899da4a4a8e,2c783511-7431-483a-a5f4-ea2cfd0290d5,1
e0211f66-d37c-4519-a749-9dc462774f44,8f1740f0-6146-4e41-b09c-cb5ddf75c70e,0
e0211f66-d37c-4519-a749-9dc462774f44,02ce0d3d-e6a3-4f5f-a6ca-5a7b5936054f,0
e0211f66-d37c-4519-a749-9dc462774f44,8e3ea8ff-72b8-410a-9449-f4a4ef210426,1
9948c985-bff6-4db2-b64c-82e07cfd9912,c94d5211-c427-4ba7-a458-a4d99d5c6eb2,0
9948c985-bff6-4db2-b64c-82e07cfd9912,e9b58749-80d8-4f5f-abfe-d4c20b9f34f4,0
9948c985-bff6-4db2-b64c-82e07cfd9912,acc7619f-72e1-40f2-9c8f-94eae08c7518,1
172fa433-bec5-4507-a194-bd35f6dc62db,26f22bd2-22aa-4d33-bed5-12251fc0292e,0
172fa433-bec5-4507-a194-bd35f6dc62db,5390a51d-25cd-4e51-8b0e-8067913c4ea0,0
172fa433-bec5-4507-a194-bd35f6dc62db,0ed43700-93ce-438b-8551-2f4e82d3a882,1
c6b3c0fc-4a38-4a60-a6de-6b60d0f17842,641095c0-e441-490f-a863-d3bc1866227a,0
c6b3c0fc-4a38-4a60-a6de-6b60d0f17842,ca68d95f-4aa8-4644-a490-b9dae5879a35,0
c6b3c0fc-4a38-4a60-a6de-6b60d0f17842,4d1bf273-219b-4c6b-8195-ff0437bebd78,1
9e4db986-ac83-4867-8f57-18cf28dce2bb,641095c0-e441-490f-a863-d3bc1866227a,0
9e4db986-ac83-4867-8f57-18cf28dce2bb,ca68d95f-4aa8-4644-a490-b9dae5879a35,0
9e4db986-ac83-4867-8f57-18cf28dce2bb,4d1bf273-219b-4c6b-8195-ff0437bebd78,1
303b6152-9576-4590-a396-aebc90611e34,3727a23c-0f09-4bc1-bd0e-2cd0675bafce,0
fc49b2f9-30ad-455d-bdaa-f5667b114012,c94d5211-c427-4ba7-a458-a4d99d5c6eb2,0
fc49b2f9-30ad-455d-bdaa-f5667b114012,22f3cb10-2d32-4526-85c7-24be24ffbc39,0
fc49b2f9-30ad-455d-bdaa-f5667b114012,3b1353b2-3d71-41d4-8d1a-bdfdadac0891,1
9a5687a6-2ca0-4d85-863f-20f03ddf4ad3,18f6702f-5b65-4d88-b468-52b307112758,0
9a5687a6-2ca0-4d85-863f-20f03ddf4ad3,dcdaa9de-155f-4d30-b7b3-9da2ca0ee3af,1
d63f3a56-0dc0-4c69-ad97-d83633713375,5390a51d-25cd-4e51-8b0e-8067913c4ea0,0
d63f3a56-0dc0-4c69-ad97-d83633713375,dcdaa9de-155f-4d30-b7b3-9da2ca0ee3af,1
ca7cba1a-5dae-469e-a686-e8fa2e523870,0af6c2ea-bbf3-4e90-8c9e-1c8005f2fee5,0
ca7cba1a-5dae-469e-a686-e8fa2e523870,c5b858bc-8281-40cc-890d-10d5afb3d70c,0
ca7cba1a-5dae-469e-a686-e8fa2e523870,bbd88abe-c636-4586-aa0e-250a41a70c58,1
ec57587e-1bb1-40c3-92f7-817b17f1bbbe,3076409c-a264-4a5b-844a-502559f4cd4b,0
ec57587e-1bb1-40c3-92f7-817b17f1bbbe,b3fb57ed-c864-4c08-8aa3-2c0eea4abafc,0
ec57587e-1bb1-40c3-92f7-817b17f1bbbe,b0565e79-6680-41c2-a8e5-fbd0b46213df,1
1a5deeed-0c42-492c-8642-98a983868038,05d6904f-e213-4b47-b83b-e2252760327a,0
1a5deeed-0c42-492c-8642-98a983868038,5f5a7791-0969-44b6-832b-8c6192491e28,0
1a5deeed-0c42-492c-8642-98a983868038,2c783511-7431-483a-a5f4-ea2cfd0290d5,1
b2dc816f-8714-4277-8ee5-ad9b0bb99f40,770b0e3b-be36-4b83-b1cd-99d2c6d24d09,0
b2dc816f-8714-4277-8ee5-ad9b0bb99f40,d4f069aa-8f99-4bcf-b6f3-5a65cc94d0ec,0
b2dc816f-8714-4277-8ee5-ad9b0bb99f40,8f1740f0-6146-4e41-b09c-cb5ddf75c70e,1
a94f77c1-0cad-4b90-8dc4-66323772a361,3076409c-a264-4a5b-844a-502559f4cd4b,0
a94f77c1-0cad-4b90-8dc4-66323772a361,5f5a7791-0969-44b6-832b-8c6192491e28,0
a94f77c1-0cad-4b90-8dc4-66323772a361,d4f069aa-8f99-4bcf-b6f3-5a65cc94d0ec,1
82cea658-3805-479c-85ac-898ddfc437b5,a61551e1-137f-41d6-bb55-82f4ae350643,0
82cea658-3805-479c-85ac-898ddfc437b5,caf0624e-8ebf-4dc2-b576-0a732fca0aab,0
82cea658-3805-479c-85ac-898ddfc437b5,1acac925-5683-4ce2-8cbe-2330b73e5599,1
116eb119-cf94-4cab-b593-7f77bd1a67ee,6488e47d-36ce-43e9-9b47-93192988464b,0
116eb119-cf94-4cab-b593-7f77bd1a67ee,8f1740f0-6146-4e41-b09c-cb5ddf75c70e,1
758de14c-a357-40c2-9d05-09ece23a059b,7bae3d5a-cbfd-47d7-b5d8-411523f8cb61,0
758de14c-a357-40c2-9d05-09ece23a059b,8f1740f0-6146-4e41-b09c-cb5ddf75c70e,1
c43a8ef5-2a64-4bf0-9b51-98402356cddd,a392bc42-c6ee-4c6c-8e95-922301a147be,0
c43a8ef5-2a64-4bf0-9b51-98402356cddd,acae8cd1-fb97-4648-85ca-96f3845d2114,0
c43a8ef5-2a64-4bf0-9b51-98402356cddd,b0565e79-6680-41c2-a8e5-fbd0b46213df,1
6e0c1e31-9157-489f-bda7-7095a94a15bf,2e71fa12-5ef0-44ed-b8a6-36368ba02ead,0
6e0c1e31-9157-489f-bda7-7095a94a15bf,ce1042a9-366c-42df-80e7-b5a9db9a1ffd,0
6e0c1e31-9157-489f-bda7-7095a94a15bf,7db9cd87-3e20-427a-be65-c4228a937b10,1
aa648b9e-5453-4213-84ff-69d5583b0c69,94fc8c48-c4a0-4719-9c44-4c2b9f6f516c,0
aa648b9e-5453-4213-84ff-69d5583b0c69,d1cab16a-0de3-44f8-8625-4a4a053be545,1
67798c74-2e0e-4e5e-b127-4e39422ad2e8,94fc8c48-c4a0-4719-9c44-4c2b9f6f516c,0
67798c74-2e0e-4e5e-b127-4e39422ad2e8,d1cab16a-0de3-44f8-8625-4a4a053be545,1
41fcfed4-fce7-4219-9a39-31205599df3a,94fc8c48-c4a0-4719-9c44-4c2b9f6f516c,0
41fcfed4-fce7-4219-9a39-31205599df3a,d1cab16a-0de3-44f8-8625-4a4a053be545,1
25fdc374-6aa9-4778-9fcb-773a1828badc,770b0e3b-be36-4b83-b1cd-99d2c6d24d09,0
25fdc374-6aa9-4778-9fcb-773a1828badc,dcdaa9de-155f-4d30-b7b3-9da2ca0ee3af,1
1c69a3b3-ccfa-419e-8757-ce8ba217b9e3,b2a7c6f4-5e2f-4ce2-bb4e-3c30b04b5a7e,0
73398639-d6bb-4c16-8792-59c62ba3de31,d359e402-95fb-49db-8b4d-9d651ef2825b,0
73398639-d6bb-4c16-8792-59c62ba3de31,4d1bf273-219b-4c6b-8195-ff0437bebd78,1
abb6d220-86f9-4926-83d8-5fd5a998be44,d359e402-95fb-49db-8b4d-9d651ef2825b,0
c941f8a8-b2a5-4a41-988b-3105e42e8f99,94fc8c48-c4a0-4719-9c44-4c2b9f6f516c,0
c941f8a8-b2a5-4a41-988b-3105e42e8f99,d672f71b-a188-4a05-ae50-a4c83d846d60,1
807378ed-3b25-4abe-b5b9-4d813a22bffd,94fc8c48-c4a0-4719-9c44-4c2b9f6f516c,0
807378ed-3b25-4abe-b5b9-4d813a22bffd,dfa641ad-690b-4f23-9500-a2d2d6cf747d,1
af6c736b-8018-483f-b7db-605a2d819961,2e71fa12-5ef0-44ed-b8a6-36368ba02ead,0
4edb8160-4f86-4cd8-971f-e8b2abe1a3c0,69628ef0-84a0-49ae-aeef-b1598bfec40b,0
4edb8160-4f86-4cd8-971f-e8b2abe1a3c0,b2b53a5c-f14b-4eef-9c42-30e62cc74124,1
a8167940-dec2-463c-944c-91d5e55435aa,69628ef0-84a0-49ae-aeef-b1598bfec40b,0
a8167940-dec2-463c-944c-91d5e55435aa,b2b53a5c-f14b-4eef-9c42-30e62cc74124,1
ff794c7c-bf1d-4e68-adc2-833d072623aa,69628ef0-84a0-49ae-aeef-b1598bfec40b,0
ff794c7c-bf1d-4e68-adc2-833d072623aa,b2b53a5c-f14b-4eef-9c42-30e62cc74124,1
8d7b0cef-0c89-4002-b0f6-919e7bd69ec2,f08f2202-6cb8-4070-8192-f312a0510405,0
3afff1c1-e79b-4d39-9c09-ecac8e84919f,cdf67e6b-4764-488c-8171-efc6206ce3e9,0
3afff1c1-e79b-4d39-9c09-ecac8e84919f,5747f593-cdd3-42cd-9b3c-9de2a6f98789,1
6d06e3cb-0262-4220-9ecd-bacb3c124295,cdf67e6b-4764-488c-8171-efc6206ce3e9,0
6d06e3cb-0262-4220-9ecd-bacb3c124295,5747f593-cdd3-42cd-9b3c-9de2a6f98789,1
79a886ae-a417-4d83-9779-9280f2f3f3b8,cdf67e6b-4764-488c-8171-efc6206ce3e9,0
79a886ae-a417-4d83-9779-9280f2f3f3b8,5747f593-cdd3-42cd-9b3c-9de2a6f98789,1
e1782c4e-7401-4ccd-8190-f1cf038f05b9,5747f593-cdd3-42cd-9b3c-9de2a6f98789,0
b481d7a3-8d54-4371-9dc0-7b641312ff47,ed959385-60d1-4d44-97ee-3c82b926080b,0
b481d7a3-8d54-4371-9dc0-7b641312ff47,3b1353b2-3d71-41d4-8d1a-bdfdadac0891,1
48690ad1-c8f5-4156-b694-965f7af48360,ed959385-60d1-4d44-97ee-3c82b926080b,0
48690ad1-c8f5-4156-b694-965f7af48360,3b1353b2-3d71-41d4-8d1a-bdfdadac0891,1
c2248e67-e9fe-405f-afcc-50e223831ce7,ed959385-60d1-4d44-97ee-3c82b926080b,0
c2248e67-e9fe-405f-afcc-50e223831ce7,3b1353b2-3d71-41d4-8d1a-bdfdadac0891,1
cec4d184-0f4e-4fe0-8d36-5ec7f29f69dd,c94d5211-c427-4ba7-a458-a4d99d5c6eb2,0
739f4289-bba2-4db0-81df-5175708225ef,76a82351-5b31-4b0f-8a79-6ec504b4efd6,0
739f4289-bba2-4db0-81df-5175708225ef,6c42c91a-156a-42e8-9f25-f80823ab2b9e,0
739f4289-bba2-4db0-81df-5175708225ef,88e51878-9d4b-40eb-ba3b-bf9d8a182116,1
87b96498-9e29-4209-b42e-8777c0e7cc7a,3076409c-a264-4a5b-844a-502559f4cd4b,0
87b96498-9e29-4209-b42e-8777c0e7cc7a,6c42c91a-156a-42e8-9f25-f80823ab2b9e,0
87b96498-9e29-4209-b42e-8777c0e7cc7a,dc894a2a-a246-4ebc-89fa-0fe4c3da3a19,1
af77ac3f-5a07-450a-a3b1-bd2926cf8d80,18f6702f-5b65-4d88-b468-52b307112758,0
af77ac3f-5a07-450a-a3b1-bd2926cf8d80,b728fcc5-a1c0-4e49-8fa1-a58cee5fb854,0
af77ac3f-5a07-450a-a3b1-bd2926cf8d80,6c42c91a-156a-42e8-9f25-f80823ab2b9e,1
e76dc00e-35c9-4f7e-8df5-903084aa2b24,18f6702f-5b65-4d88-b468-52b307112758,0
e76dc00e-35c9-4f7e-8df5-903084aa2b24,b728fcc5-a1c0-4e49-8fa1-a58cee5fb854,0
e76dc00e-35c9-4f7e-8df5-903084aa2b24,6c42c91a-156a-42e8-9f25-f80823ab2b9e,1
847e122f-2d51-4a9e-a0bc-4929adcbb2f6,18f6702f-5b65-4d88-b468-52b307112758,0
847e122f-2d51-4a9e-a0bc-4929adcbb2f6,b728fcc5-a1c0-4e49-8fa1-a58cee5fb854,0
847e122f-2d51-4a9e-a0bc-4929adcbb2f6,6c42c91a-156a-42e8-9f25-f80823ab2b9e,1
32324221-a6ee-4b27-bdb3-348df06a16fe,18f6702f-5b65-4d88-b468-52b307112758,0
32324221-a6ee-4b27-bdb3-348df06a16fe,b728fcc5-a1c0-4e49-8fa1-a58cee5fb854,0
32324221-a6ee-4b27-bdb3-348df06a16fe,6c42c91a-156a-42e8-9f25-f80823ab2b9e,1
2ee49c5c-01b9-4587-8832-c004d9b7a4b7,02ecd9eb-e5e8-4019-8df1-9b8fe43bd4d8,0
2ee49c5c-01b9-4587-8832-c004d9b7a4b7,76a82351-5b31-4b0f-8a79-6ec504b4efd6,1
cb7c6632-cebe-488f-8f92-1e11aea9f8d1,b2a7c6f4-5e2f-4ce2-bb4e-3c30b04b5a7e,0
e0a8319d-9e8d-4be5-a5ae-c2bf39d42cfe,13760beb-7513-4589-a37b-fbf391150aef,0
e0a8319d-9e8d-4be5-a5ae-c2bf39d42cfe,92e7729c-1a64-41af-8088-2c6d9649f959,1
6cd0609d-fd1d-4c49-9c7a-22baf6941670,b2a7c6f4-5e2f-4ce2-bb4e-3c30b04b5a7e,0
8f599380-14aa-4704-9c80-3800baf78294,02ecd9eb-e5e8-4019-8df1-9b8fe43bd4d8,0
8f599380-14aa-4704-9c80-3800baf78294,3baa62d3-0897-4317-bc9d-e3ad617263b1,1
a7a393b5-3d00-4218-853b-2a7167b5ce85,c94d5211-c427-4ba7-a458-a4d99d5c6eb2,0
a7a393b5-3d00-4218-853b-2a7167b5ce85,283c1ce5-b90e-41e4-b60f-a0381a02d3b4,0
a7a393b5-3d00-4218-853b-2a7167b5ce85,05d6904f-e213-4b47-b83b-e2252760327a,1
289678c2-2d02-4d91-8b82-c4925f44e439,c94d5211-c427-4ba7-a458-a4d99d5c6eb2,0
289678c2-2d02-4d91-8b82-c4925f44e439,283c1ce5-b90e-41e4-b60f-a0381a02d3b4,0
289678c2-2d02-4d91-8b82-c4925f44e439,05d6904f-e213-4b47-b83b-e2252760327a,1
44127eee-60d3-4292-8a40-f2baa2c6ce74,c94d5211-c427-4ba7-a458-a4d99d5c6eb2,0
44127eee-60d3-4292-8a40-f2baa2c6ce74,283c1ce5-b90e-41e4-b60f-a0381a02d3b4,0
44127eee-60d3-4292-8a40-f2baa2c6ce74,05d6904f-e213-4b47-b83b-e2252760327a,1
ae796e7c-5c61-492a-a3f0-a8995fcbcfe4,efd5dfeb-33f7-4e6a-9a80-663435ebdbef,0
ae796e7c-5c61-492a-a3f0-a8995fcbcfe4,641095c0-e441-490f-a863-d3bc1866227a,0
ae796e7c-5c61-492a-a3f0-a8995fcbcfe4,99e27bcc-fa09-4af5-a277-ca68cc130736,1
1a74113f-14c7-42be-a4c7-a2b5b5d2f65e,efd5dfeb-33f7-4e6a-9a80-663435ebdbef,0
1a74113f-14c7-42be-a4c7-a2b5b5d2f65e,641095c0-e441-490f-a863-d3bc1866227a,0
1a74113f-14c7-42be-a4c7-a2b5b5d2f65e,99e27bcc-fa09-4af5-a277-ca68cc130736,1
b884ae5e-f049-40fe-ac99-0dbba72c8d01,efd5dfeb-33f7-4e6a-9a80-663435ebdbef,0
b884ae5e-f049-40fe-ac99-0dbba72c8d01,9bdc5446-ce90-46ca-9203-247b3c8d2d47,0
b884ae5e-f049-40fe-ac99-0dbba72c8d01,99e27bcc-fa09-4af5-a277-ca68cc130736,1
00fa5e38-b25b-4f08-b1e3-ee571c70c1ff,770b0e3b-be36-4b83-b1cd-99d2c6d24d09,0
00fa5e38-b25b-4f08-b1e3-ee571c70c1ff,acae8cd1-fb97-4648-85ca-96f3845d2114,1
6bb8c451-5573-4ee9-8738-f2f17836ee9f,770b0e3b-be36-4b83-b1cd-99d2c6d24d09,0
6bb8c451-5573-4ee9-8738-f2f17836ee9f,acae8cd1-fb97-4648-85ca-96f3845d2114,1
3eb65eaf-698b-4d97-9f9f-9e9b74b3cb61,26f22bd2-22aa-4d33-bed5-12251fc0292e,0
3eb65eaf-698b-4d97-9f9f-9e9b74b3cb61,1acac925-5683-4ce2-8cbe-2330b73e5599,0
3eb65eaf-698b-4d97-9f9f-9e9b74b3cb61,283c1ce5-b90e-41e4-b60f-a0381a02d3b4,1
bfedb96b-fb27-4d9b-80f0-afb42af2e240,26f22bd2-22aa-4d33-bed5-12251fc0292e,0
bfedb96b-fb27-4d9b-80f0-afb42af2e240,59e6a1d0-c1db-4703-8063-6f2f817d7af0,0
bfedb96b-fb27-4d9b-80f0-afb42af2e240,283c1ce5-b90e-41e4-b60f-a0381a02d3b4,1
3c067c2a-5359-4afe-b020-29cac979385f,82468c00-5816-470a-91c7-e626b7c29fe3,0
3c067c2a-5359-4afe-b020-29cac979385f,0af6c2ea-bbf3-4e90-8c9e-1c8005f2fee5,0
3c067c2a-5359-4afe-b020-29cac979385f,8741668d-c1b5-407e-bb34-4f6571dce020,1
58a70230-1440-4a03-8015-912764473633,82468c00-5816-470a-91c7-e626b7c29fe3,0
58a70230-1440-4a03-8015-912764473633,0af6c2ea-bbf3-4e90-8c9e-1c8005f2fee5,0
58a70230-1440-4a03-8015-912764473633,8741668d-c1b5-407e-bb34-4f6571dce020,1
591d1e4c-94ff-4d54-a2dd-6dd6c7225b7b,82468c00-5816-470a-91c7-e626b7c29fe3,0
591d1e4c-94ff-4d54-a2dd-6dd6c7225b7b,0af6c2ea-bbf3-4e90-8c9e-1c8005f2fee5,0
591d1e4c-94ff-4d54-a2dd-6dd6c7225b7b,8741668d-c1b5-407e-bb34-4f6571dce020,1
073b2cd8-34f0-48e5-b18c-b090e34110c3,a0a8466a-62e7-48f6-9857-33bdfb739a8e,0
4dd1f101-cfce-4f15-9cbb-8a96895fec06,c94d5211-c427-4ba7-a458-a4d99d5c6eb2,0
4dd1f101-cfce-4f15-9cbb-8a96895fec06,283c1ce5-b90e-41e4-b60f-a0381a02d3b4,1
a7e3eda2-e90d-4958-8a40-70313c6ce3f9,3076409c-a264-4a5b-844a-502559f4cd4b,0
a7e3eda2-e90d-4958-8a40-70313c6ce3f9,4d1bf273-219b-4c6b-8195-ff0437bebd78,1
196d644c-d117-4394-b350-05b211bd0020,c0f8e670-c056-43dd-9ef8-99cb1954d563,0
196d644c-d117-4394-b350-05b211bd0020,b1f357fd-9149-4886-94f0-4c86b98c7c59,0
196d644c-d117-4394-b350-05b211bd0020,6c42c91a-156a-42e8-9f25-f80823ab2b9e,1
b1d7ee5f-721f-48ab-a9b7-5e2f801e2d31,c0f8e670-c056-43dd-9ef8-99cb1954d563,0
b1d7ee5f-721f-48ab-a9b7-5e2f801e2d31,b1f357fd-9149-4886-94f0-4c86b98c7c59,0
b1d7ee5f-721f-48ab-a9b7-5e2f801e2d31,5f5a7791-0969-44b6-832b-8c6192491e28,1
2255bcf6-3f15-4523-b0a2-467f728a2520,367e6310-9948-414a-8553-32f4816ab694,0
cb78bdd0-bcde-4137-b7e6-a52d842434d9,8f1740f0-6146-4e41-b09c-cb5ddf75c70e,0
4750c015-7bbb-47cd-bce2-7752fed3f779,367e6310-9948-414a-8553-32f4816ab694,0
b7b63fd8-d096-45f3-89a5-182701031df8,3baa62d3-0897-4317-bc9d-e3ad617263b1,0
b7b63fd8-d096-45f3-89a5-182701031df8,76a82351-5b31-4b0f-8a79-6ec504b4efd6,1
1913bfd0-1139-4d44-b75e-1a3708cd56d9,5747f593-cdd3-42cd-9b3c-9de2a6f98789,0
1913bfd0-1139-4d44-b75e-1a3708cd56d9,4b9c8345-a053-4448-b656-0a35f67ae50f,1
381637bf-e879-47cc-8dd4-684ef580c054,4dfbab8c-2e24-46a2-82d7-0142fc6d944c,0
1f9a28e4-cdf2-4e9e-b62c-123d683b5690,829d07fb-a50f-45f2-8478-b2f7aa9dffe1,0
1f9a28e4-cdf2-4e9e-b62c-123d683b5690,88e51878-9d4b-40eb-ba3b-bf9d8a182116,1
024c33e7-494b-44b6-8196-b8786bd85f21,829d07fb-a50f-45f2-8478-b2f7aa9dffe1,0
024c33e7-494b-44b6-8196-b8786bd85f21,acae8cd1-fb97-4648-85ca-96f3845d2114,1
77f6fe0e-ca0e-4fd3-97ea-d02aa17bcd3c,829d07fb-a50f-45f2-8478-b2f7aa9dffe1,0
77f6fe0e-ca0e-4fd3-97ea-d02aa17bcd3c,acae8cd1-fb97-4648-85ca-96f3845d2114,1
9f95195a-7d5e-4587-b83f-69a5f3535714,a392bc42-c6ee-4c6c-8e95-922301a147be,0
9f95195a-7d5e-4587-b83f-69a5f3535714,770b0e3b-be36-4b83-b1cd-99d2c6d24d09,0
9f95195a-7d5e-4587-b83f-69a5f3535714,c8a16bba-422c-465c-8994-968a20b1fe88,1
93696b7b-9507-48ac-94ce-bd5c421b5f89,a392bc42-c6ee-4c6c-8e95-922301a147be,0
93696b7b-9507-48ac-94ce-bd5c421b5f89,770b0e3b-be36-4b83-b1cd-99d2c6d24d09,0
93696b7b-9507-48ac-94ce-bd5c421b5f89,c8a16bba-422c-465c-8994-968a20b1fe88,1
c523803b-65e1-4200-80a9-2ead1988d729,a392bc42-c6ee-4c6c-8e95-922301a147be,0
c523803b-65e1-4200-80a9-2ead1988d729,8d20cd1d-5601-49e1-b0fd-92e373a27edc,0
c523803b-65e1-4200-80a9-2ead1988d729,b0565e79-6680-41c2-a8e5-fbd0b46213df,1
e667304e-231c-48d7-a338-03d01af54a53,5390a51d-25cd-4e51-8b0e-8067913c4ea0,0
e667304e-231c-48d7-a338-03d01af54a53,f9ab2d5d-a150-4bf5-8025-7e423ad7631e,0
e667304e-231c-48d7-a338-03d01af54a53,1302ca34-3a65-47aa-95bf-5f717cc184e0,1
d5930c40-cb15-4afa-ad76-d9b53366e639,545d3d72-5e66-4c4d-88c9-94dcec70ad08,0
d5930c40-cb15-4afa-ad76-d9b53366e639,6302dfeb-0231-4663-b92e-e70b006ce89d,0
d5930c40-cb15-4afa-ad76-d9b53366e639,d341c305-c7cc-48bc-9fa3-0bd7d296f428,1
798917a8-62f5-42aa-b282-0b4853935526,545d3d72-5e66-4c4d-88c9-94dcec70ad08,0
798917a8-62f5-42aa-b282-0b4853935526,6302dfeb-0231-4663-b92e-e70b006ce89d,0
798917a8-62f5-42aa-b282-0b4853935526,d341c305-c7cc-48bc-9fa3-0bd7d296f428,1
ff164d04-b087-49df-bbd3-f130fe7943fd,26f22bd2-22aa-4d33-bed5-12251fc0292e,0
ff164d04-b087-49df-bbd3-f130fe7943fd,c8a1c61f-5f9a-45c4-8f9e-b9bf86f3b81d,0
ff164d04-b087-49df-bbd3-f130fe7943fd,72759dae-410c-48ff-ac5e-e511792f069d,1
6ad7ddcd-9dd5-4316-aed5-6ce8ad80f329,875187d9-9daa-43d9-9776-6702e8ad192b,0
e276249d-9d2d-4bfc-bd79-e543b5365e5b,175959a2-8745-48d6-a47d-5cbdf6ce9a98,0
e276249d-9d2d-4bfc-bd79-e543b5365e5b,3076409c-a264-4a5b-844a-502559f4cd4b,0
e276249d-9d2d-4bfc-bd79-e543b5365e5b,c8a16bba-422c-465c-8994-968a20b1fe88,1
686a835e-1904-45d4-a963-a6bc5925ed61,8d20cd1d-5601-49e1-b0fd-92e373a27edc,0
849284c2-8f77-481c-a6aa-f4c7263a6d8b,5390a51d-25cd-4e51-8b0e-8067913c4ea0,0
849284c2-8f77-481c-a6aa-f4c7263a6d8b,c9c9e9a4-2a01-4b15-abba-6ec5917ed57a,0
849284c2-8f77-481c-a6aa-f4c7263a6d8b,52f859a8-4197-4c38-bf11-00282510187a,1
0b424f39-654f-4dcf-a9c9-a1a2469cc13b,5390a51d-25cd-4e51-8b0e-8067913c4ea0,0
0b424f39-654f-4dcf-a9c9-a1a2469cc13b,c9c9e9a4-2a01-4b15-abba-6ec5917ed57a,0
0b424f39-654f-4dcf-a9c9-a1a2469cc13b,52f859a8-4197-4c38-bf11-00282510187a,1
0b54ebc7-b442-493c-b955-718131336fe7,5390a51d-25cd-4e51-8b0e-8067913c4ea0,0
0b54ebc7-b442-493c-b955-718131336fe7,c9c9e9a4-2a01-4b15-abba-6ec5917ed57a,0
0b54ebc7-b442-493c-b955-718131336fe7,52f859a8-4197-4c38-bf11-00282510187a,1
dc2ef632-9412-4b79-8a59-124e6b109762,550b904b-74b0-4349-9789-77b3a4069d41,0
c9641c5c-00cf-482a-bd63-a90c67f635dc,10773dbb-27bc-4f87-9af9-03903819bc3d,0
c9641c5c-00cf-482a-bd63-a90c67f635dc,8741668d-c1b5-407e-bb34-4f6571dce020,1
05bdb0bc-5f2f-400a-b0cd-645f57f1761a,10773dbb-27bc-4f87-9af9-03903819bc3d,0
05bdb0bc-5f2f-400a-b0cd-645f57f1761a,8741668d-c1b5-407e-bb34-4f6571dce020,1
3867cd97-0744-4055-b48b-9ebcc3eddc6b,10773dbb-27bc-4f87-9af9-03903819bc3d,0
ab319239-7d00-44f7-8af2-f3f944f138dd,6488e47d-36ce-43e9-9b47-93192988464b,0
ab319239-7d00-44f7-8af2-f3f944f138dd,f08f2202-6cb8-4070-8192-f312a0510405,0
ab319239-7d00-44f7-8af2-f3f944f138dd,227a910a-d61a-411d-9329-b9e72658ceb2,1
342f989d-4d10-4612-8770-cd118084de5e,6488e47d-36ce-43e9-9b47-93192988464b,0
342f989d-4d10-4612-8770-cd118084de5e,f08f2202-6cb8-4070-8192-f312a0510405,0
342f989d-4d10-4612-8770-cd118084de5e,227a910a-d61a-411d-9329-b9e72658ceb2,1
3e9d4cbf-20cc-462b-8dbe-b1e79184f9ba,3076409c-a264-4a5b-844a-502559f4cd4b,0
0a94e40b-e1fe-4f20-96d9-1d4507d04a36,eb535648-d15e-4046-869a-788641fe974f,0
0a94e40b-e1fe-4f20-96d9-1d4507d04a36,f08f2202-6cb8-4070-8192-f312a0510405,1
99de0d31-439b-4270-9ad4-10f21207c092,227a910a-d61a-411d-9329-b9e72658ceb2,0
99de0d31-439b-4270-9ad4-10f21207c092,d1fec1b2-8d50-40cf-8338-005d7ca2d6c5,1
ae0cb2db-340c-4a37-b1c4-2018f3d3ecba,f99d584c-fa7a-48da-bad2-2d1374b3e25a,0
ae0cb2db-340c-4a37-b1c4-2018f3d3ecba,13760beb-7513-4589-a37b-fbf391150aef,0
ae0cb2db-340c-4a37-b1c4-2018f3d3ecba,72759dae-410c-48ff-ac5e-e511792f069d,1
f20f5aab-8d35-4031-b0a6-a7b0c8dd8770,a61551e1-137f-41d6-bb55-82f4ae350643,0
f20f5aab-8d35-4031-b0a6-a7b0c8dd8770,c1edbeaf-334b-4aea-8908-edeef4fc0fcb,0
f20f5aab-8d35-4031-b0a6-a7b0c8dd8770,72759dae-410c-48ff-ac5e-e511792f069d,1
9bc2609c-bead-4896-bce3-d2125843b192,2e71fa12-5ef0-44ed-b8a6-36368ba02ead,0
9bc2609c-bead-4896-bce3-d2125843b192,3c3ad733-172c-41e0-ab9c-936b10887a75,0
9bc2609c-bead-4896-bce3-d2125843b192,dd288dde-d4d2-401e-95b3-8efaecd09339,1
223709b0-9c55-4930-9b2c-3cfab92ad1f1,cc518a40-62b8-40d3-a3b7-c5e0474f7932,0
223709b0-9c55-4930-9b2c-3cfab92ad1f1,0b4c82f4-a745-4725-9b1e-6cb124a4827c,0
223709b0-9c55-4930-9b2c-3cfab92ad1f1,b728fcc5-a1c0-4e49-8fa1-a58cee5fb854,1
38311056-cb5c-4a65-96df-181f55892567,cc518a40-62b8-40d3-a3b7-c5e0474f7932,0
38311056-cb5c-4a65-96df-181f55892567,0b4c82f4-a745-4725-9b1e-6cb124a4827c,0
38311056-cb5c-4a65-96df-181f55892567,b728fcc5-a1c0-4e49-8fa1-a58cee5fb854,1
69bd2758-8a7a-43fb-92cc-5c9074c22bd4,ac59897e-43f9-4102-b707-ecae52fa25a6,0
69bd2758-8a7a-43fb-92cc-5c9074c22bd4,5747f593-cdd3-42cd-9b3c-9de2a6f98789,1
6c84c4d4-ca3a-430e-9632-7563b1da7564,ac59897e-43f9-4102-b707-ecae52fa25a6,0
6c84c4d4-ca3a-430e-9632-7563b1da7564,5747f593-cdd3-42cd-9b3c-9de2a6f98789,1
1faa3107-c0c9-40bc-baa0-90e90a9410d8,cf19b51a-7dbb-4554-8f27-fd744dacd93d,0
a0421886-188f-4179-8148-f93994a06a92,acc7619f-72e1-40f2-9c8f-94eae08c7518,0
a0421886-188f-4179-8148-f93994a06a92,a61551e1-137f-41d6-bb55-82f4ae350643,0
a0421886-188f-4179-8148-f93994a06a92,94fc8c48-c4a0-4719-9c44-4c2b9f6f516c,1
bddc0a9c-0e35-42b6-8a8a-1b0e7af43d44,acc7619f-72e1-40f2-9c8f-94eae08c7518,0
bddc0a9c-0e35-42b6-8a8a-1b0e7af43d44,a61551e1-137f-41d6-bb55-82f4ae350643,0
bddc0a9c-0e35-42b6-8a8a-1b0e7af43d44,94fc8c48-c4a0-4719-9c44-4c2b9f6f516c,1
aebb781e-5b95-4ef7-8875-316d0a228035,a61551e1-137f-41d6-bb55-82f4ae350643,0
aebb781e-5b95-4ef7-8875-316d0a228035,62a2c68a-cd47-40fd-85e4-d5a55379a32b,0
aebb781e-5b95-4ef7-8875-316d0a228035,05d6904f-e213-4b47-b83b-e2252760327a,1
3e07ae40-8cd4-462d-8150-cbe69a72949f,2b023f7e-9530-409b-8bc5-aa4cb7272a67,0
3e07ae40-8cd4-462d-8150-cbe69a72949f,f448dcde-64e8-491c-90d9-50879de53a6d,0
3e07ae40-8cd4-462d-8150-cbe69a72949f,761189b5-1235-47e4-8e84-79ee2506a9cc,1
2ef2df9c-2b20-4765-8442-23c2c34fa239,c8a16bba-422c-465c-8994-968a20b1fe88,0
4dfc3dad-8535-4cf6-a99b-17844549a903,5df1d46c-adc9-4d63-8480-fbd34f09f8ce,0
4dfc3dad-8535-4cf6-a99b-17844549a903,7d62cae2-f6ac-49c7-a82c-91b4cf26349d,0
4dfc3dad-8535-4cf6-a99b-17844549a903,648ba7cd-9a63-4196-9b2c-36783b1fe050,1
dca110ae-86d7-4ec9-a498-0e7557cff968,a392bc42-c6ee-4c6c-8e95-922301a147be,0
dca110ae-86d7-4ec9-a498-0e7557cff968,05d6904f-e213-4b47-b83b-e2252760327a,0
dca110ae-86d7-4ec9-a498-0e7557cff968,b728fcc5-a1c0-4e49-8fa1-a58cee5fb854,1
ad2293eb-2d18-45de-b9f4-a2e6ac2b7a29,a392bc42-c6ee-4c6c-8e95-922301a147be,0
ad2293eb-2d18-45de-b9f4-a2e6ac2b7a29,05d6904f-e213-4b47-b83b-e2252760327a,0
ad2293eb-2d18-45de-b9f4-a2e6ac2b7a29,b728fcc5-a1c0-4e49-8fa1-a58cee5fb854,1
d672c260-cbfd-4231-b5e1-0783136c6a75,05d6904f-e213-4b47-b83b-e2252760327a,0
d672c260-cbfd-4231-b5e1-0783136c6a75,9b9af008-a0ae-480b-8813-d4495e27e703,0
d672c260-cbfd-4231-b5e1-0783136c6a75,4fab4f54-5676-4f0a-b8b0-00477dc0a64d,1
9e16deb7-9588-440a-a365-b8316ffa2640,175959a2-8745-48d6-a47d-5cbdf6ce9a98,0
9e16deb7-9588-440a-a365-b8316ffa2640,7f7c79c7-2e9c-4bd2-a808-7b1fa748cd0f,0
9e16deb7-9588-440a-a365-b8316ffa2640,c8a16bba-422c-465c-8994-968a20b1fe88,1
47cc31f1-3bbc-471a-b895-099d4afeee0f,b46fd4a8-acd5-47d9-aca1-9fadd6eb0f64,0
0537ce27-c876-43c6-a4c7-6763820baef7,b46fd4a8-acd5-47d9-aca1-9fadd6eb0f64,0
736cb1ab-2fc4-4505-938b-e0c409d8e2e4,dcdaa9de-155f-4d30-b7b3-9da2ca0ee3af,0
736cb1ab-2fc4-4505-938b-e0c409d8e2e4,e9b58749-80d8-4f5f-abfe-d4c20b9f34f4,1
b94cb0ed-f38b-48cf-9647-c509f9db77dc,dcdaa9de-155f-4d30-b7b3-9da2ca0ee3af,0
b94cb0ed-f38b-48cf-9647-c509f9db77dc,e9b58749-80d8-4f5f-abfe-d4c20b9f34f4,1
5e9ae99d-2774-4c10-a1fe-ebf986cf81d6,2e71fa12-5ef0-44ed-b8a6-36368ba02ead,0
5e9ae99d-2774-4c10-a1fe-ebf986cf81d6,fe7b949b-ed5d-4d6c-8a48-1af139b62617,1
425771f9-a921-42e5-a6cf-668f7c1311d3,2e71fa12-5ef0-44ed-b8a6-36368ba02ead,0
425771f9-a921-42e5-a6cf-668f7c1311d3,fe7b949b-ed5d-4d6c-8a48-1af139b62617,1
81c5df16-7e9f-4b7d-bfc7-d89c097ac012,a0a8466a-62e7-48f6-9857-33bdfb739a8e,0
bc0d07e5-0d76-4bb6-b302-52b4f8569ee3,8162ba92-fdee-4f90-ae20-7076939f051b,0
bc0d07e5-0d76-4bb6-b302-52b4f8569ee3,24957073-e630-49e5-a714-14c5c9ab7f80,1
61a9ee12-0206-49c0-af86-3c7f5618f383,b2a7c6f4-5e2f-4ce2-bb4e-3c30b04b5a7e,0
61a9ee12-0206-49c0-af86-3c7f5618f383,4b9c8345-a053-4448-b656-0a35f67ae50f,1
8b9a313a-3a1f-4e59-9d53-ee2580cbbefd,b46fd4a8-acd5-47d9-aca1-9fadd6eb0f64,0
cb833f3a-8b90-4b29-a762-29c863a066cb,b46fd4a8-acd5-47d9-aca1-9fadd6eb0f64,0
37e5697f-cf88-401f-92de-b3f271f9512e,a61551e1-137f-41d6-bb55-82f4ae350643,0
37e5697f-cf88-401f-92de-b3f271f9512e,a8aeb5cc-aeec-455a-ab37-2163a2320b9f,0
37e5697f-cf88-401f-92de-b3f271f9512e,1acac925-5683-4ce2-8cbe-2330b73e5599,1
4dadbdab-5a1c-409d-94e2-1d26c6ee4c3e,a61551e1-137f-41d6-bb55-82f4ae350643,0
4dadbdab-5a1c-409d-94e2-1d26c6ee4c3e,a8aeb5cc-aeec-455a-ab37-2163a2320b9f,0
4dadbdab-5a1c-409d-94e2-1d26c6ee4c3e,1acac925-5683-4ce2-8cbe-2330b73e5599,1
462ef4f6-d512-4442-86b5-93f4e9a3f8f9,175959a2-8745-48d6-a47d-5cbdf6ce9a98,0
462ef4f6-d512-4442-86b5-93f4e9a3f8f9,648ba7cd-9a63-4196-9b2c-36783b1fe050,0
462ef4f6-d512-4442-86b5-93f4e9a3f8f9,43c4f371-a026-43cb-832b-ad8cecf9a58a,1
7042f4fb-dced-4949-bda6-cf930d20e4ae,175959a2-8745-48d6-a47d-5cbdf6ce9a98,0
7042f4fb-dced-4949-bda6-cf930d20e4ae,648ba7cd-9a63-4196-9b2c-36783b1fe050,0
7042f4fb-dced-4949-bda6-cf930d20e4ae,43c4f371-a026-43cb-832b-ad8cecf9a58a,1
ccc99237-385d-499d-8122-e1229862c949,b46fd4a8-acd5-47d9-aca1-9fadd6eb0f64,0
24ca0bf6-2f6b-47d3-9395-7b394b323e1c,b46fd4a8-acd5-47d9-aca1-9fadd6eb0f64,0
b6e97f60-5436-4a97-a527-eefa7cae4e85,3aa80a19-5549-47b8-999e-5aa6f8f38141,0
b6e97f60-5436-4a97-a527-eefa7cae4e85,767858c8-9a7a-4145-a112-527780bdef70,1
0272e20c-f3a7-454f-a443-94a28898170f,3aa80a19-5549-47b8-999e-5aa6f8f38141,0
0272e20c-f3a7-454f-a443-94a28898170f,767858c8-9a7a-4145-a112-527780bdef70,1
b704aae4-22b1-4d64-a358-39596f5c059f,af8cc9c5-8d41-4af1-b8c6-265b53978f3b,0
b704aae4-22b1-4d64-a358-39596f5c059f,c94d5211-c427-4ba7-a458-a4d99d5c6eb2,1
1d68a5ff-df6d-4d5e-bcd3-6d6e583e909e,af8cc9c5-8d41-4af1-b8c6-265b53978f3b,0
1d68a5ff-df6d-4d5e-bcd3-6d6e583e909e,c94d5211-c427-4ba7-a458-a4d99d5c6eb2,1
e4e4f4d0-87e0-4f16-8d90-f56346f91f26,c94d5211-c427-4ba7-a458-a4d99d5c6eb2,0
e4e4f4d0-87e0-4f16-8d90-f56346f91f26,a61551e1-137f-41d6-bb55-82f4ae350643,0
e4e4f4d0-87e0-4f16-8d90-f56346f91f26,43c4f371-a026-43cb-832b-ad8cecf9a58a,1
2d98cd4e-906a-4341-9e9d-f1b4d83ba424,229b9479-47d7-4a37-9f60-c907a8683517,0
2d98cd4e-906a-4341-9e9d-f1b4d83ba424,dcc0a170-da5b-443e-bfd0-ac449ecd967a,0
2d98cd4e-906a-4341-9e9d-f1b4d83ba424,545d3d72-5e66-4c4d-88c9-94dcec70ad08,1
dec81759-ace4-4ad2-b315-554f184650a5,d29f68cd-21f8-49ce-8a24-bffc51b42614,0
9dd74d05-85c2-41c1-8e33-2c73f21a4e56,d29f68cd-21f8-49ce-8a24-bffc51b42614,0
e4ee7da2-549e-48c3-8a29-786031b799de,d29f68cd-21f8-49ce-8a24-bffc51b42614,0
b144da64-411c-4ab0-99e8-f4705ffa59be,d29f68cd-21f8-49ce-8a24-bffc51b42614,0
a61892d5-23ea-4944-aa29-9447c020a424,18000237-7274-408f-85b2-735f0c59036b,0
a61892d5-23ea-4944-aa29-9447c020a424,6562154e-3c8a-4bdd-987f-45234e62ac8e,1
b6784fc3-caee-4205-90b4-fe07861f0017,8e3ea8ff-72b8-410a-9449-f4a4ef210426,0
b6784fc3-caee-4205-90b4-fe07861f0017,b3fb57ed-c864-4c08-8aa3-2c0eea4abafc,0
b6784fc3-caee-4205-90b4-fe07861f0017,0ac7dcb7-c399-438f-b44f-aa893ee3f3d2,1
f09d89e9-6623-4a32-9e91-f1b76f51ef4c,8e3ea8ff-72b8-410a-9449-f4a4ef210426,0
f09d89e9-6623-4a32-9e91-f1b76f51ef4c,b3fb57ed-c864-4c08-8aa3-2c0eea4abafc,0
f09d89e9-6623-4a32-9e91-f1b76f51ef4c,0ac7dcb7-c399-438f-b44f-aa893ee3f3d2,1
198d5c3c-e8db-45e9-929c-4b7e8ff3d438,72759dae-410c-48ff-ac5e-e511792f069d,0
160f303e-dbc7-4825-8edd-f17640b105d2,b46fd4a8-acd5-47d9-aca1-9fadd6eb0f64,0
160f303e-dbc7-4825-8edd-f17640b105d2,b3fb57ed-c864-4c08-8aa3-2c0eea4abafc,1
3eec2c66-9c1a-4e97-9b99-051634ed7ac9,94fc8c48-c4a0-4719-9c44-4c2b9f6f516c,0
3eec2c66-9c1a-4e97-9b99-051634ed7ac9,b3fb57ed-c864-4c08-8aa3-2c0eea4abafc,1
2742724c-e102-4e2d-949f-4cd79129829a,efd5dfeb-33f7-4e6a-9a80-663435ebdbef,0
2742724c-e102-4e2d-949f-4cd79129829a,3727a23c-0f09-4bc1-bd0e-2cd0675bafce,0
2742724c-e102-4e2d-949f-4cd79129829a,3e48e961-4bd9-4a25-981e-9ca1ea516e60,1
b3f1d0a1-1d43-43e3-beb3-630d2da38efa,b46fd4a8-acd5-47d9-aca1-9fadd6eb0f64,0
199352ac-4e22-4bff-bc9f-43e2cec90813,94fc8c48-c4a0-4719-9c44-4c2b9f6f516c,0
199352ac-4e22-4bff-bc9f-43e2cec90813,d0f7ccd9-9d90-4749-becc-fbde3a7411e8,0
199352ac-4e22-4bff-bc9f-43e2cec90813,a0c259b1-e655-47a5-949c-a7266e0ad447,1
5615459f-65e2-4caa-875d-522457b6b2fd,875187d9-9daa-43d9-9776-6702e8ad192b,0
e6b16301-c35c-4a2c-8797-6869e9e4b0b8,65161a51-0ce3-45ad-ad84-7f4756382892,0
e6b16301-c35c-4a2c-8797-6869e9e4b0b8,8741668d-c1b5-407e-bb34-4f6571dce020,1
a6c92d97-fef0-43b8-b5da-6b11e46bde56,d1cab16a-0de3-44f8-8625-4a4a053be545,0
a6c92d97-fef0-43b8-b5da-6b11e46bde56,eee9e09c-6f41-4db5-b2bb-3bdae0617d4f,0
a6c92d97-fef0-43b8-b5da-6b11e46bde56,2c783511-7431-483a-a5f4-ea2cfd0290d5,1
80a5497c-7667-451f-9f8a-4daefbd6ca81,d1cab16a-0de3-44f8-8625-4a4a053be545,0
80a5497c-7667-451f-9f8a-4daefbd6ca81,eee9e09c-6f41-4db5-b2bb-3bdae0617d4f,0
80a5497c-7667-451f-9f8a-4daefbd6ca81,2c783511-7431-483a-a5f4-ea2cfd0290d5,1
4520e3df-c405-43f4-8d9a-29e7972b2211,7b65329d-a8c3-49c8-b0bb-23fe12c1c6c9,0
01042f5b-3d34-4f49-9fa6-64afa3855676,a392bc42-c6ee-4c6c-8e95-922301a147be,0
01042f5b-3d34-4f49-9fa6-64afa3855676,eee9e09c-6f41-4db5-b2bb-3bdae0617d4f,0
01042f5b-3d34-4f49-9fa6-64afa3855676,a61551e1-137f-41d6-bb55-82f4ae350643,1
92d88d17-ee00-4ac1-a75b-410728d56897,a392bc42-c6ee-4c6c-8e95-922301a147be,0
92d88d17-ee00-4ac1-a75b-410728d56897,eee9e09c-6f41-4db5-b2bb-3bdae0617d4f,0
92d88d17-ee00-4ac1-a75b-410728d56897,a61551e1-137f-41d6-bb55-82f4ae350643,1
11f6b0a1-2cb3-4fff-a937-7eb9a1100b1a,a392bc42-c6ee-4c6c-8e95-922301a147be,0
11f6b0a1-2cb3-4fff-a937-7eb9a1100b1a,eee9e09c-6f41-4db5-b2bb-3bdae0617d4f,0
11f6b0a1-2cb3-4fff-a937-7eb9a1100b1a,a61551e1-137f-41d6-bb55-82f4ae350643,1
1701c5ab-757a-43fb-96cb-3515f7c21ffa,648ba7cd-9a63-4196-9b2c-36783b1fe050,0
1701c5ab-757a-43fb-96cb-3515f7c21ffa,88e51878-9d4b-40eb-ba3b-bf9d8a182116,1
301ea416-d989-4225-8bd8-f97503eea3bc,c94d5211-c427-4ba7-a458-a4d99d5c6eb2,0
301ea416-d989-4225-8bd8-f97503eea3bc,acc7619f-72e1-40f2-9c8f-94eae08c7518,1
0a96f25c-a25e-4c0a-bcf2-8736a119255c,c94d5211-c427-4ba7-a458-a4d99d5c6eb2,0
0a96f25c-a25e-4c0a-bcf2-8736a119255c,1acac925-5683-4ce2-8cbe-2330b73e5599,1
a0757fe6-f675-4944-b1fc-6cbebdc4f225,c94d5211-c427-4ba7-a458-a4d99d5c6eb2,0
a0757fe6-f675-4944-b1fc-6cbebdc4f225,c9c9e9a4-2a01-4b15-abba-6ec5917ed57a,0
a0757fe6-f675-4944-b1fc-6cbebdc4f225,5390a51d-25cd-4e51-8b0e-8067913c4ea0,1
4555826e-7221-4e0a-a57f-2c89674f43e1,c94d5211-c427-4ba7-a458-a4d99d5c6eb2,0
4555826e-7221-4e0a-a57f-2c89674f43e1,1acac925-5683-4ce2-8cbe-2330b73e5599,1
08893bf4-abdc-4622-81b2-477d7c4f3e33,c9c9e9a4-2a01-4b15-abba-6ec5917ed57a,0
08893bf4-abdc-4622-81b2-477d7c4f3e33,c8a16bba-422c-465c-8994-968a20b1fe88,1
1e2c1034-ef80-427d-baf7-3c11d26d4947,c9c9e9a4-2a01-4b15-abba-6ec5917ed57a,0
1e2c1034-ef80-427d-baf7-3c11d26d4947,2275cc5a-6961-4f06-9589-c233bed407ff,1
ef0256b1-2d5c-4d97-9187-63bf9e6c69df,3076409c-a264-4a5b-844a-502559f4cd4b,0
ef0256b1-2d5c-4d97-9187-63bf9e6c69df,dc894a2a-a246-4ebc-89fa-0fe4c3da3a19,1
b0d6fc33-803a-4323-a658-0b3623a66f9b,46e2f8c0-82a6-4ab8-8607-fa61b59abf18,0
79fc1ece-27fd-4805-840b-c0c5b3c5a9c5,15cc8adb-fb75-4d62-b610-c0c7cde102e4,0
79fc1ece-27fd-4805-840b-c0c5b3c5a9c5,826e92d2-f745-45ec-9e48-187337f60d19,1
14c20b67-ef73-459a-9027-f72f05a1765b,15cc8adb-fb75-4d62-b610-c0c7cde102e4,0
14c20b67-ef73-459a-9027-f72f05a1765b,826e92d2-f745-45ec-9e48-187337f60d19,1
4b345322-5a91-4073-8d9f-99f95b597a82,15cc8adb-fb75-4d62-b610-c0c7cde102e4,0
4b345322-5a91-4073-8d9f-99f95b597a82,826e92d2-f745-45ec-9e48-187337f60d19,1
c006c66e-8e93-492d-919d-84932b71a63b,cb5c83d6-7e1a-448e-8166-3b19ced4b72f,0
b6b7a270-e713-4139-bc8a-e44d1a178f96,15cc8adb-fb75-4d62-b610-c0c7cde102e4,0
b6b7a270-e713-4139-bc8a-e44d1a178f96,5390a51d-25cd-4e51-8b0e-8067913c4ea0,1
80588ce1-da80-496f-a56e-0e7647169cb9,15cc8adb-fb75-4d62-b610-c0c7cde102e4,0
80588ce1-da80-496f-a56e-0e7647169cb9,eee9e09c-6f41-4db5-b2bb-3bdae0617d4f,1
48ec65cd-a3d7-40ae-9f51-e13d4a9c89be,15cc8adb-fb75-4d62-b610-c0c7cde102e4,0
48ec65cd-a3d7-40ae-9f51-e13d4a9c89be,826e92d2-f745-45ec-9e48-187337f60d19,1
7d20b236-24b6-441d-a945-c76d041d14e2,b46fd4a8-acd5-47d9-aca1-9fadd6eb0f64,0
4bcc97ff-3066-4d66-9574-07846cc5ce42,b46fd4a8-acd5-47d9-aca1-9fadd6eb0f64,0
7ecf1596-88d6-4c4a-a2d3-d45a51e27a03,b46fd4a8-acd5-47d9-aca1-9fadd6eb0f64,0
4221c0b1-10e0-4b19-8b6d-7830befd8e37,b46fd4a8-acd5-47d9-aca1-9fadd6eb0f64,0
0af157c4-cb40-4d84-b22b-23a6dbffa1b5,59e6a1d0-c1db-4703-8063-6f2f817d7af0,0
216e261e-3e08-4142-b399-8432601e63fd,e3a0d13e-3a67-4e29-af7a-61b21368614e,0
01b6da88-4096-4fb6-825c-77821e811fe1,7d62cae2-f6ac-49c7-a82c-91b4cf26349d,0
d66c5818-0c3d-49e7-ba82-74de550bb897,17a39028-34f2-4c21-9de8-c109b3d8cdb5,0
45c969a7-a917-4cd5-bd67-418bcb0a203f,b6b3ffb6-3a9d-45c1-ba7e-7297f99a7fb2,0
c4f49ba1-5440-4c6a-a895-1fb82aa034d3,5bdcf6d1-9c5c-4ce5-a42e-6b3a30150d7b,0
c8c87f17-feac-487f-9450-f745d0c7009a,ce1042a9-366c-42df-80e7-b5a9db9a1ffd,0
b62c7633-33bf-4e2b-9540-1c6ff95ab019,94fc8c48-c4a0-4719-9c44-4c2b9f6f516c,0
a7814f2a-72ff-4b5d-be3f-79ad5f8b41d3,94fc8c48-c4a0-4719-9c44-4c2b9f6f516c,0
44b8f6e3-05bd-4a59-a779-b9d394a9bc0e,94fc8c48-c4a0-4719-9c44-4c2b9f6f516c,0
610bb491-63d0-4f0c-81ca-fbd97de24c74,94fc8c48-c4a0-4719-9c44-4c2b9f6f516c,0
fbe5d295-eff7-4c61-9e8a-2e5e6b503b39,69628ef0-84a0-49ae-aeef-b1598bfec40b,0
fbe5d295-eff7-4c61-9e8a-2e5e6b503b39,648ba7cd-9a63-4196-9b2c-36783b1fe050,1
a369ef8b-441e-495f-b9af-8358e594bd71,69628ef0-84a0-49ae-aeef-b1598bfec40b,0
a369ef8b-441e-495f-b9af-8358e594bd71,648ba7cd-9a63-4196-9b2c-36783b1fe050,1
aaad60bf-220e-42a9-ab58-f50f3adae944,69628ef0-84a0-49ae-aeef-b1598bfec40b,0
aaad60bf-220e-42a9-ab58-f50f3adae944,648ba7cd-9a63-4196-9b2c-36783b1fe050,1
b5e6f5a8-ae60-4f22-9239-6c78c044eaf5,cdf67e6b-4764-488c-8171-efc6206ce3e9,0
b5e6f5a8-ae60-4f22-9239-6c78c044eaf5,53b58e9b-b6a5-4087-936b-8d8b080d90c3,1
cda98631-ce50-451d-b9ff-275d94e9e96e,cdf67e6b-4764-488c-8171-efc6206ce3e9,0
cda98631-ce50-451d-b9ff-275d94e9e96e,53b58e9b-b6a5-4087-936b-8d8b080d90c3,1
a664395d-d473-4f70-b335-390d7d069e1c,cdf67e6b-4764-488c-8171-efc6206ce3e9,0
a664395d-d473-4f70-b335-390d7d069e1c,53b58e9b-b6a5-4087-936b-8d8b080d90c3,1
80c0942f-cd29-4455-9029-a45c69300adc,ed959385-60d1-4d44-97ee-3c82b926080b,0
80c0942f-cd29-4455-9029-a45c69300adc,dcc0a170-da5b-443e-bfd0-ac449ecd967a,1
9f55e67f-6dc0-4707-8ffe-a67f5759a276,ed959385-60d1-4d44-97ee-3c82b926080b,0
9f55e67f-6dc0-4707-8ffe-a67f5759a276,dcc0a170-da5b-443e-bfd0-ac449ecd967a,1
89644e42-471e-4349-a3e1-577724baeffc,ed959385-60d1-4d44-97ee-3c82b926080b,0
89644e42-471e-4349-a3e1-577724baeffc,dcc0a170-da5b-443e-bfd0-ac449ecd967a,1
504a957b-895b-4f64-b6f4-fd172d20bd2b,26f22bd2-22aa-4d33-bed5-12251fc0292e,0
504a957b-895b-4f64-b6f4-fd172d20bd2b,c5782b98-c758-4f5b-9d25-2effef5058c2,1
f188e5b3-499b-4ae8-80d0-d5b467a805d5,3076409c-a264-4a5b-844a-502559f4cd4b,0
f188e5b3-499b-4ae8-80d0-d5b467a805d5,c5782b98-c758-4f5b-9d25-2effef5058c2,1
f7fb5a47-cd68-42a4-93a8-938fa946db0c,3076409c-a264-4a5b-844a-502559f4cd4b,0
f7fb5a47-cd68-42a4-93a8-938fa946db0c,c5782b98-c758-4f5b-9d25-2effef5058c2,1
536a90f5-698c-4ed7-b279-bc463727769c,62a2c68a-cd47-40fd-85e4-d5a55379a32b,0
536a90f5-698c-4ed7-b279-bc463727769c,1bc9e420-e77c-4e8d-968e-6e028e71a151,0
536a90f5-698c-4ed7-b279-bc463727769c,2c783511-7431-483a-a5f4-ea2cfd0290d5,1
1f74f27d-b579-45f7-bd10-aa7753f6b821,62a2c68a-cd47-40fd-85e4-d5a55379a32b,0
1f74f27d-b579-45f7-bd10-aa7753f6b821,1bc9e420-e77c-4e8d-968e-6e028e71a151,0
1f74f27d-b579-45f7-bd10-aa7753f6b821,2c783511-7431-483a-a5f4-ea2cfd0290d5,1
58283729-0665-4a9a-b48b-5958f4aae30d,b2a7c6f4-5e2f-4ce2-bb4e-3c30b04b5a7e,0
58283729-0665-4a9a-b48b-5958f4aae30d,76a82351-5b31-4b0f-8a79-6ec504b4efd6,1
fee0b28a-4fc6-4e69-a08c-dbb7ae8abe11,13760beb-7513-4589-a37b-fbf391150aef,0
fee0b28a-4fc6-4e69-a08c-dbb7ae8abe11,5f5a7791-0969-44b6-832b-8c6192491e28,1
1e89957f-1948-43af-90b4-6b88ed2b17f6,92e7729c-1a64-41af-8088-2c6d9649f959,0
1e89957f-1948-43af-90b4-6b88ed2b17f6,3076409c-a264-4a5b-844a-502559f4cd4b,0
1e89957f-1948-43af-90b4-6b88ed2b17f6,770b0e3b-be36-4b83-b1cd-99d2c6d24d09,1
5f858baa-a977-4660-bb06-2848219940c6,92e7729c-1a64-41af-8088-2c6d9649f959,0
5f858baa-a977-4660-bb06-2848219940c6,3076409c-a264-4a5b-844a-502559f4cd4b,0
5f858baa-a977-4660-bb06-2848219940c6,770b0e3b-be36-4b83-b1cd-99d2c6d24d09,1
867b10d5-f7cd-4ac6-883d-64caa42a2264,92e7729c-1a64-41af-8088-2c6d9649f959,0
867b10d5-f7cd-4ac6-883d-64caa42a2264,3076409c-a264-4a5b-844a-502559f4cd4b,0
867b10d5-f7cd-4ac6-883d-64caa42a2264,770b0e3b-be36-4b83-b1cd-99d2c6d24d09,1
b2b81873-0fc7-44ac-82ff-e756dbb33544,2e71fa12-5ef0-44ed-b8a6-36368ba02ead,0
b2b81873-0fc7-44ac-82ff-e756dbb33544,3c3ad733-172c-41e0-ab9c-936b10887a75,0
b2b81873-0fc7-44ac-82ff-e756dbb33544,dd288dde-d4d2-401e-95b3-8efaecd09339,1
331ccdc3-abb3-4900-8118-7d25b09b3e3f,2e71fa12-5ef0-44ed-b8a6-36368ba02ead,0
331ccdc3-abb3-4900-8118-7d25b09b3e3f,3c3ad733-172c-41e0-ab9c-936b10887a75,0
331ccdc3-abb3-4900-8118-7d25b09b3e3f,5f5a7791-0969-44b6-832b-8c6192491e28,1
0e5d0ea0-38b4-4561-a43f-484a55820343,1774a4be-60a5-4ddb-a384-453468e2fc77,0
0e5d0ea0-38b4-4561-a43f-484a55820343,c8a16bba-422c-465c-8994-968a20b1fe88,1
d22e31e7-f8d2-44d1-b69c-801eb9505370,1774a4be-60a5-4ddb-a384-453468e2fc77,0
d22e31e7-f8d2-44d1-b69c-801eb9505370,c8a16bba-422c-465c-8994-968a20b1fe88,1
f5449e24-e87c-424b-8bb6-61a1f00eb84f,5390a51d-25cd-4e51-8b0e-8067913c4ea0,0
f5449e24-e87c-424b-8bb6-61a1f00eb84f,829d07fb-a50f-45f2-8478-b2f7aa9dffe1,1
3c939aab-255d-4cd2-ac79-80fa6e06ab7c,5390a51d-25cd-4e51-8b0e-8067913c4ea0,0
3c939aab-255d-4cd2-ac79-80fa6e06ab7c,829d07fb-a50f-45f2-8478-b2f7aa9dffe1,1
0d16770c-cd21-4a35-b992-95e06e2c843b,b2a7c6f4-5e2f-4ce2-bb4e-3c30b04b5a7e,0
0d16770c-cd21-4a35-b992-95e06e2c843b,2275cc5a-6961-4f06-9589-c233bed407ff,1
4afe4ed1-81d7-4336-8721-35d4122d8cf0,a8aeb5cc-aeec-455a-ab37-2163a2320b9f,0
4afe4ed1-81d7-4336-8721-35d4122d8cf0,2275cc5a-6961-4f06-9589-c233bed407ff,1
a4a27053-649c-4811-a23f-e10874df6b73,a8aeb5cc-aeec-455a-ab37-2163a2320b9f,0
a4a27053-649c-4811-a23f-e10874df6b73,2275cc5a-6961-4f06-9589-c233bed407ff,1
24071faf-6315-4d6d-8d8d-4633662351ac,a8aeb5cc-aeec-455a-ab37-2163a2320b9f,0
24071faf-6315-4d6d-8d8d-4633662351ac,2275cc5a-6961-4f06-9589-c233bed407ff,1
e4085c9c-2f2f-45ca-bb8c-f947865d0be2,13760beb-7513-4589-a37b-fbf391150aef,0
e4085c9c-2f2f-45ca-bb8c-f947865d0be2,c1edbeaf-334b-4aea-8908-edeef4fc0fcb,1
f4df880e-42ed-4944-aca2-1c7e00706244,81ec7008-42fd-4ae1-b704-f7d0c2a1ff3d,0
f4df880e-42ed-4944-aca2-1c7e00706244,02ce0d3d-e6a3-4f5f-a6ca-5a7b5936054f,1
88ca8628-43a1-40fc-a393-db78de6697b7,94fc8c48-c4a0-4719-9c44-4c2b9f6f516c,0
88ca8628-43a1-40fc-a393-db78de6697b7,4d1bf273-219b-4c6b-8195-ff0437bebd78,1
7ea9dfe6-f86a-4e1a-99b5-47a39ee606f3,76a82351-5b31-4b0f-8a79-6ec504b4efd6,0
7ea9dfe6-f86a-4e1a-99b5-47a39ee606f3,18f6702f-5b65-4d88-b468-52b307112758,0
7ea9dfe6-f86a-4e1a-99b5-47a39ee606f3,d1fec1b2-8d50-40cf-8338-005d7ca2d6c5,1
c2c0b6b5-386c-4b89-9205-7c54a39e7349,c94d5211-c427-4ba7-a458-a4d99d5c6eb2,0
c2c0b6b5-386c-4b89-9205-7c54a39e7349,acc7619f-72e1-40f2-9c8f-94eae08c7518,1
b3aadd5b-4eac-45d7-b7b3-32f1cb31179c,c94d5211-c427-4ba7-a458-a4d99d5c6eb2,0
b3aadd5b-4eac-45d7-b7b3-32f1cb31179c,acc7619f-72e1-40f2-9c8f-94eae08c7518,1
4d3f4a7d-9f05-4a70-b98a-28b8c0020711,efd5dfeb-33f7-4e6a-9a80-663435ebdbef,0
97c84844-04a4-4917-b49b-61a96858d248,7592989d-dd25-43aa-beca-ab46ba149788,0
8e8b4b49-6581-4d69-8856-07339104a336,7592989d-dd25-43aa-beca-ab46ba149788,0
7871fa28-5f32-4884-af67-90f6a0cc45c2,0b4c82f4-a745-4725-9b1e-6cb124a4827c,0
7871fa28-5f32-4884-af67-90f6a0cc45c2,767858c8-9a7a-4145-a112-527780bdef70,0
7871fa28-5f32-4884-af67-90f6a0cc45c2,1302ca34-3a65-47aa-95bf-5f717cc184e0,1
04ec294a-ada5-455d-9300-355114a904f3,0b4c82f4-a745-4725-9b1e-6cb124a4827c,0
04ec294a-ada5-455d-9300-355114a904f3,767858c8-9a7a-4145-a112-527780bdef70,0
04ec294a-ada5-455d-9300-355114a904f3,1302ca34-3a65-47aa-95bf-5f717cc184e0,1
1652dadf-efc2-4248-a704-636f7f475888,5f5a7791-0969-44b6-832b-8c6192491e28,0
1652dadf-efc2-4248-a704-636f7f475888,18f6702f-5b65-4d88-b468-52b307112758,0
1652dadf-efc2-4248-a704-636f7f475888,a69d887e-06ee-4054-af20-d8f4ebf3ee2b,1
6c4736f1-f5c3-450b-896f-747810ee9ada,3755fd05-874e-43c1-850b-abb148be1dd3,0
6c4736f1-f5c3-450b-896f-747810ee9ada,b2b53a5c-f14b-4eef-9c42-30e62cc74124,0
6c4736f1-f5c3-450b-896f-747810ee9ada,e6c26be5-9465-4a49-aa42-105eb46b5c61,1
7b71ef78-e982-4b2e-b050-2fc2bb32db36,3755fd05-874e-43c1-850b-abb148be1dd3,0
7b71ef78-e982-4b2e-b050-2fc2bb32db36,b2b53a5c-f14b-4eef-9c42-30e62cc74124,0
7b71ef78-e982-4b2e-b050-2fc2bb32db36,e6c26be5-9465-4a49-aa42-105eb46b5c61,1
9699ee6d-2957-4cb1-b904-8e3df253dc25,76a82351-5b31-4b0f-8a79-6ec504b4efd6,0
9699ee6d-2957-4cb1-b904-8e3df253dc25,5a75383b-eec2-4a38-87dd-592bd3374ac8,0
9699ee6d-2957-4cb1-b904-8e3df253dc25,78664b1c-d145-4266-b197-d0a34a14a40c,1
ee85b97d-4f5e-4115-a1f2-e8ccf01f820a,545d3d72-5e66-4c4d-88c9-94dcec70ad08,0
ee85b97d-4f5e-4115-a1f2-e8ccf01f820a,5a75383b-eec2-4a38-87dd-592bd3374ac8,0
ee85b97d-4f5e-4115-a1f2-e8ccf01f820a,78664b1c-d145-4266-b197-d0a34a14a40c,1
fda71711-bcdd-482d-8b63-5b01dbb0b0c0,acae8cd1-fb97-4648-85ca-96f3845d2114,0
5c24643e-293a-40a0-a34f-2f847e232f10,b46fd4a8-acd5-47d9-aca1-9fadd6eb0f64,0
866c568c-3b0d-45ad-9709-1a26409a5ca1,8e3ea8ff-72b8-410a-9449-f4a4ef210426,0
866c568c-3b0d-45ad-9709-1a26409a5ca1,d0f7ccd9-9d90-4749-becc-fbde3a7411e8,0
866c568c-3b0d-45ad-9709-1a26409a5ca1,dc894a2a-a246-4ebc-89fa-0fe4c3da3a19,1
c8a908b1-27fe-4bfc-9e12-294d69b5c089,78664b1c-d145-4266-b197-d0a34a14a40c,0
c8a908b1-27fe-4bfc-9e12-294d69b5c089,05d6904f-e213-4b47-b83b-e2252760327a,0
c8a908b1-27fe-4bfc-9e12-294d69b5c089,26f22bd2-22aa-4d33-bed5-12251fc0292e,1
bfeb046d-c756-4fef-8d57-b74d2c9e3b3c,a392bc42-c6ee-4c6c-8e95-922301a147be,0
bfeb046d-c756-4fef-8d57-b74d2c9e3b3c,05d6904f-e213-4b47-b83b-e2252760327a,0
bfeb046d-c756-4fef-8d57-b74d2c9e3b3c,7d1a1066-5231-47bd-8981-c57d1dd30db3,1
2c6ea1ab-7fd3-4042-9c3a-c7a90da00188,b46fd4a8-acd5-47d9-aca1-9fadd6eb0f64,0
19a9d8e7-282c-40cf-8e49-af50cfb81435,2a0afb72-ca19-4c2a-82a8-3b357f5b1da9,0
19a9d8e7-282c-40cf-8e49-af50cfb81435,3755fd05-874e-43c1-850b-abb148be1dd3,0
19a9d8e7-282c-40cf-8e49-af50cfb81435,26f22bd2-22aa-4d33-bed5-12251fc0292e,1
7f5cc37b-7080-4f0c-a298-bf5e01f02d79,2a0afb72-ca19-4c2a-82a8-3b357f5b1da9,0
7f5cc37b-7080-4f0c-a298-bf5e01f02d79,3755fd05-874e-43c1-850b-abb148be1dd3,0
7f5cc37b-7080-4f0c-a298-bf5e01f02d79,26f22bd2-22aa-4d33-bed5-12251fc0292e,1
db1bc47a-7038-4c3f-a85c-300045379f2e,b46fd4a8-acd5-47d9-aca1-9fadd6eb0f64,0
db1bc47a-7038-4c3f-a85c-300045379f2e,285e3c10-bc86-4528-bbca-6e6a0d2544cf,0
db1bc47a-7038-4c3f-a85c-300045379f2e,52f859a8-4197-4c38-bf11-00282510187a,1
087456c5-c828-4e38-b3f3-0351a684afab,b46fd4a8-acd5-47d9-aca1-9fadd6eb0f64,0
087456c5-c828-4e38-b3f3-0351a684afab,285e3c10-bc86-4528-bbca-6e6a0d2544cf,0
087456c5-c828-4e38-b3f3-0351a684afab,52f859a8-4197-4c38-bf11-00282510187a,1
2a15bd14-9b7f-42b0-acb7-29094e36e3bd,5390a51d-25cd-4e51-8b0e-8067913c4ea0,0
2a15bd14-9b7f-42b0-acb7-29094e36e3bd,c9c9e9a4-2a01-4b15-abba-6ec5917ed57a,0
2a15bd14-9b7f-42b0-acb7-29094e36e3bd,88e51878-9d4b-40eb-ba3b-bf9d8a182116,1
020b4489-f5cf-468d-95fa-36f3e6210f2c,829d07fb-a50f-45f2-8478-b2f7aa9dffe1,0
020b4489-f5cf-468d-95fa-36f3e6210f2c,550b904b-74b0-4349-9789-77b3a4069d41,0
020b4489-f5cf-468d-95fa-36f3e6210f2c,5f5a7791-0969-44b6-832b-8c6192491e28,1
789885ac-be22-43c5-a869-ffc918ea264b,2e71fa12-5ef0-44ed-b8a6-36368ba02ead,0
789885ac-be22-43c5-a869-ffc918ea264b,ce1042a9-366c-42df-80e7-b5a9db9a1ffd,0
789885ac-be22-43c5-a869-ffc918ea264b,f081028a-562a-4e3f-a8f7-e6fc7af45d65,1
a543fdf4-d480-4afe-9a05-a4ee620cb6b0,26f22bd2-22aa-4d33-bed5-12251fc0292e,0
a543fdf4-d480-4afe-9a05-a4ee620cb6b0,9b9af008-a0ae-480b-8813-d4495e27e703,0
a543fdf4-d480-4afe-9a05-a4ee620cb6b0,66c8d298-2bec-4ad6-9667-084a8ba5b728,1
55ecdb97-a8a0-4903-afaf-49ff79538a3b,94fc8c48-c4a0-4719-9c44-4c2b9f6f516c,0
55ecdb97-a8a0-4903-afaf-49ff79538a3b,4b9c8345-a053-4448-b656-0a35f67ae50f,1
8142680b-4433-493d-a9f4-c1d5987c2481,dcdaa9de-155f-4d30-b7b3-9da2ca0ee3af,0
8142680b-4433-493d-a9f4-c1d5987c2481,ac59897e-43f9-4102-b707-ecae52fa25a6,1
f5905515-39c5-410e-9592-97cc379bb032,dcdaa9de-155f-4d30-b7b3-9da2ca0ee3af,0
f5905515-39c5-410e-9592-97cc379bb032,ac59897e-43f9-4102-b707-ecae52fa25a6,1
8e2ac9f8-b449-4a3c-8bb4-c1b24cedf23c,dcdaa9de-155f-4d30-b7b3-9da2ca0ee3af,0
8e2ac9f8-b449-4a3c-8bb4-c1b24cedf23c,ac59897e-43f9-4102-b707-ecae52fa25a6,1
8ea24d89-8fae-4476-b721-28c48c1e2ca9,1302ca34-3a65-47aa-95bf-5f717cc184e0,0
9c2b0a3c-f961-4104-b830-ec765b31864d,18f6702f-5b65-4d88-b468-52b307112758,0
9c2b0a3c-f961-4104-b830-ec765b31864d,a392bc42-c6ee-4c6c-8e95-922301a147be,0
9c2b0a3c-f961-4104-b830-ec765b31864d,b728fcc5-a1c0-4e49-8fa1-a58cee5fb854,1
195beaeb-dfd2-400f-a53b-2065e3a98a25,d4f069aa-8f99-4bcf-b6f3-5a65cc94d0ec,0
195beaeb-dfd2-400f-a53b-2065e3a98a25,d1cab16a-0de3-44f8-8625-4a4a053be545,0
195beaeb-dfd2-400f-a53b-2065e3a98a25,72759dae-410c-48ff-ac5e-e511792f069d,1
040d7dde-cee8-468d-93ea-13962f1637ea,d4f069aa-8f99-4bcf-b6f3-5a65cc94d0ec,0
040d7dde-cee8-468d-93ea-13962f1637ea,d1cab16a-0de3-44f8-8625-4a4a053be545,0
040d7dde-cee8-468d-93ea-13962f1637ea,a0c259b1-e655-47a5-949c-a7266e0ad447,1
3c179d42-bc94-451c-98f3-b0c0f4599bd7,43c4f371-a026-43cb-832b-ad8cecf9a58a,0
792817a8-0c28-43c1-aeee-3dd77421ef17,d359e402-95fb-49db-8b4d-9d651ef2825b,0
792817a8-0c28-43c1-aeee-3dd77421ef17,1302ca34-3a65-47aa-95bf-5f717cc184e0,1
d530215e-570e-47bb-90ef-db48ab705a75,d359e402-95fb-49db-8b4d-9d651ef2825b,0
d530215e-570e-47bb-90ef-db48ab705a75,1302ca34-3a65-47aa-95bf-5f717cc184e0,1
c30505d6-f72e-4d6d-9fbd-07b6f8ae0b4a,af8cc9c5-8d41-4af1-b8c6-265b53978f3b,0
c30505d6-f72e-4d6d-9fbd-07b6f8ae0b4a,22f3cb10-2d32-4526-85c7-24be24ffbc39,0
c30505d6-f72e-4d6d-9fbd-07b6f8ae0b4a,26f22bd2-22aa-4d33-bed5-12251fc0292e,1
455ffbeb-1aaa-4d32-8161-b3984df6741d,af8cc9c5-8d41-4af1-b8c6-265b53978f3b,0
455ffbeb-1aaa-4d32-8161-b3984df6741d,22f3cb10-2d32-4526-85c7-24be24ffbc39,0
455ffbeb-1aaa-4d32-8161-b3984df6741d,26f22bd2-22aa-4d33-bed5-12251fc0292e,1
4bc3c833-760b-4fbc-8e70-4371d6c03c0f,a8aeb5cc-aeec-455a-ab37-2163a2320b9f,0
4bc3c833-760b-4fbc-8e70-4371d6c03c0f,54f540a9-f60e-4e9b-a76b-0eddfb1891fd,0
4bc3c833-760b-4fbc-8e70-4371d6c03c0f,d6a746c0-7a7c-4787-91c0-d587b0b4ba05,1
7d5e91b4-a12e-4869-b738-dc16a4f16ba1,a8aeb5cc-aeec-455a-ab37-2163a2320b9f,0
7d5e91b4-a12e-4869-b738-dc16a4f16ba1,54f540a9-f60e-4e9b-a76b-0eddfb1891fd,0
7d5e91b4-a12e-4869-b738-dc16a4f16ba1,d6a746c0-7a7c-4787-91c0-d587b0b4ba05,1
535beda3-02dc-4d79-90a0-29bf4bcc9b11,b46fd4a8-acd5-47d9-aca1-9fadd6eb0f64,0
1cc954b6-64ea-4756-8903-716e8c83cd7f,c94d5211-c427-4ba7-a458-a4d99d5c6eb2,0
1cc954b6-64ea-4756-8903-716e8c83cd7f,767858c8-9a7a-4145-a112-527780bdef70,0
1cc954b6-64ea-4756-8903-716e8c83cd7f,acc7619f-72e1-40f2-9c8f-94eae08c7518,1
3dc2dd0f-01f3-4c37-9a1a-92439d6ad779,c94d5211-c427-4ba7-a458-a4d99d5c6eb2,0
3dc2dd0f-01f3-4c37-9a1a-92439d6ad779,767858c8-9a7a-4145-a112-527780bdef70,0
3dc2dd0f-01f3-4c37-9a1a-92439d6ad779,acc7619f-72e1-40f2-9c8f-94eae08c7518,1
3aa000ef-7cd7-48a6-8f01-0409602c9055,c94d5211-c427-4ba7-a458-a4d99d5c6eb2,0
3aa000ef-7cd7-48a6-8f01-0409602c9055,e9b58749-80d8-4f5f-abfe-d4c20b9f34f4,0
3aa000ef-7cd7-48a6-8f01-0409602c9055,acc7619f-72e1-40f2-9c8f-94eae08c7518,1
2626c4d7-b513-40e3-8fd2-ae1de6a0bb21,858a945e-51db-45c0-9a8f-8a170e78549a,0
2626c4d7-b513-40e3-8fd2-ae1de6a0bb21,829d07fb-a50f-45f2-8478-b2f7aa9dffe1,1
5ce4977e-e2af-43ac-8511-558eec257293,858a945e-51db-45c0-9a8f-8a170e78549a,0
5ce4977e-e2af-43ac-8511-558eec257293,829d07fb-a50f-45f2-8478-b2f7aa9dffe1,1
cbe69fff-0220-4277-9f48-297ac8732d6d,858a945e-51db-45c0-9a8f-8a170e78549a,0
ad2992d0-f724-45d0-96dd-13369ff0eec3,94fc8c48-c4a0-4719-9c44-4c2b9f6f516c,0
ad2992d0-f724-45d0-96dd-13369ff0eec3,99e27bcc-fa09-4af5-a277-ca68cc130736,1
8d9ee19a-17b2-43dc-8bce-206c8bdab2da,f9ab2d5d-a150-4bf5-8025-7e423ad7631e,0
8d9ee19a-17b2-43dc-8bce-206c8bdab2da,5390a51d-25cd-4e51-8b0e-8067913c4ea0,0
8d9ee19a-17b2-43dc-8bce-206c8bdab2da,bbd88abe-c636-4586-aa0e-250a41a70c58,1
e2b04e0f-243c-4ab6-9e38-1b23f41c8ce9,05d6904f-e213-4b47-b83b-e2252760327a,0
e2b04e0f-243c-4ab6-9e38-1b23f41c8ce9,a61551e1-137f-41d6-bb55-82f4ae350643,0
e2b04e0f-243c-4ab6-9e38-1b23f41c8ce9,fe7b949b-ed5d-4d6c-8a48-1af139b62617,1
278a1d7e-dc73-4c38-9e30-96138ca7f8bf,f08f2202-6cb8-4070-8192-f312a0510405,0
278a1d7e-dc73-4c38-9e30-96138ca7f8bf,f448dcde-64e8-491c-90d9-50879de53a6d,0
278a1d7e-dc73-4c38-9e30-96138ca7f8bf,c5782b98-c758-4f5b-9d25-2effef5058c2,1
7a7a5245-e555-42f8-aefc-2a130d0e2eed,efd5dfeb-33f7-4e6a-9a80-663435ebdbef,0
7a7a5245-e555-42f8-aefc-2a130d0e2eed,dd288dde-d4d2-401e-95b3-8efaecd09339,0
7a7a5245-e555-42f8-aefc-2a130d0e2eed,dfa641ad-690b-4f23-9500-a2d2d6cf747d,1
b6cf1264-8215-4f1c-95d1-9d8535ff6056,7fb6d844-0a2d-4725-9d64-427a3d2b169a,0
b6cf1264-8215-4f1c-95d1-9d8535ff6056,8f1740f0-6146-4e41-b09c-cb5ddf75c70e,1
263850d7-49a7-4105-96fd-43fc0a94bf1d,7bae3d5a-cbfd-47d7-b5d8-411523f8cb61,0
263850d7-49a7-4105-96fd-43fc0a94bf1d,8f1740f0-6146-4e41-b09c-cb5ddf75c70e,1
92d94d70-b711-4b68-abc4-929ee22e95a3,02ce0d3d-e6a3-4f5f-a6ca-5a7b5936054f,0
92d94d70-b711-4b68-abc4-929ee22e95a3,ce1042a9-366c-42df-80e7-b5a9db9a1ffd,0
92d94d70-b711-4b68-abc4-929ee22e95a3,d0f7ccd9-9d90-4749-becc-fbde3a7411e8,1
620eafce-bc73-4d66-9b5b-50239dd0595c,5747f593-cdd3-42cd-9b3c-9de2a6f98789,0
620eafce-bc73-4d66-9b5b-50239dd0595c,c1edbeaf-334b-4aea-8908-edeef4fc0fcb,0
620eafce-bc73-4d66-9b5b-50239dd0595c,b3fb57ed-c864-4c08-8aa3-2c0eea4abafc,1
1d7e5859-08e9-4105-9d68-6f06ed6fc455,dd288dde-d4d2-401e-95b3-8efaecd09339,0
1d7e5859-08e9-4105-9d68-6f06ed6fc455,efd5dfeb-33f7-4e6a-9a80-663435ebdbef,1
540e442f-1d73-46f7-af99-c40397694511,9939b773-da66-4ada-85c4-f0a519827300,0
540e442f-1d73-46f7-af99-c40397694511,eee9e09c-6f41-4db5-b2bb-3bdae0617d4f,1
9d869b84-3906-42cd-bc9f-51aa743361ec,175959a2-8745-48d6-a47d-5cbdf6ce9a98,0
9d869b84-3906-42cd-bc9f-51aa743361ec,dcdaa9de-155f-4d30-b7b3-9da2ca0ee3af,0
9d869b84-3906-42cd-bc9f-51aa743361ec,b1f357fd-9149-4886-94f0-4c86b98c7c59,1
d8653ce4-24a3-4e6c-8c1e-3829d2b72b9d,a61551e1-137f-41d6-bb55-82f4ae350643,0
d8653ce4-24a3-4e6c-8c1e-3829d2b72b9d,9939b773-da66-4ada-85c4-f0a519827300,0
d8653ce4-24a3-4e6c-8c1e-3829d2b72b9d,a392bc42-c6ee-4c6c-8e95-922301a147be,1
b171017e-8f36-4395-8f66-0a04cacb43db,43c4f371-a026-43cb-832b-ad8cecf9a58a,0
b171017e-8f36-4395-8f66-0a04cacb43db,c5b858bc-8281-40cc-890d-10d5afb3d70c,0
b171017e-8f36-4395-8f66-0a04cacb43db,bbd88abe-c636-4586-aa0e-250a41a70c58,1
4d54a0c3-f4d4-402e-9e1d-fdad62ddbdb2,d4f069aa-8f99-4bcf-b6f3-5a65cc94d0ec,0
4d54a0c3-f4d4-402e-9e1d-fdad62ddbdb2,34a94ebc-66b4-42a8-bb11-684addd064d1,0
4d54a0c3-f4d4-402e-9e1d-fdad62ddbdb2,a0c259b1-e655-47a5-949c-a7266e0ad447,1
baa2076b-d12d-491e-8fe1-50db5f8624b1,d1cab16a-0de3-44f8-8625-4a4a053be545,0
61d37908-6e39-4796-9da2-4112d73cda98,5390a51d-25cd-4e51-8b0e-8067913c4ea0,0
61d37908-6e39-4796-9da2-4112d73cda98,f9ab2d5d-a150-4bf5-8025-7e423ad7631e,0
61d37908-6e39-4796-9da2-4112d73cda98,1302ca34-3a65-47aa-95bf-5f717cc184e0,1
003df10f-5372-476e-acf0-86f91e527749,94fc8c48-c4a0-4719-9c44-4c2b9f6f516c,0
003df10f-5372-476e-acf0-86f91e527749,b3fb57ed-c864-4c08-8aa3-2c0eea4abafc,1
9aa4dc0c-6512-443b-82ff-7e331ed5a7a5,9939b773-da66-4ada-85c4-f0a519827300,0
9aa4dc0c-6512-443b-82ff-7e331ed5a7a5,0ac7dcb7-c399-438f-b44f-aa893ee3f3d2,1
f7c894bd-1b1a-440e-859f-e17cd87b76f2,b46fd4a8-acd5-47d9-aca1-9fadd6eb0f64,0
01750377-2f5c-4422-8f81-8cacdaa3cb35,b46fd4a8-acd5-47d9-aca1-9fadd6eb0f64,0
76d9faea-4760-4096-9610-d63e3f1150fc,b46fd4a8-acd5-47d9-aca1-9fadd6eb0f64,0
9365e50b-c8e2-41ad-b00a-ab4258e1eb63,b46fd4a8-acd5-47d9-aca1-9fadd6eb0f64,0
e73372ee-4b80-4e7c-8f0c-205f0eaec670,b46fd4a8-acd5-47d9-aca1-9fadd6eb0f64,0
f95ade5f-00fa-4f0a-aacb-686c79706f66,b46fd4a8-acd5-47d9-aca1-9fadd6eb0f64,0
2b55c7f2-0387-4149-881f-dad2490300ba,b46fd4a8-acd5-47d9-aca1-9fadd6eb0f64,0
822040e1-4838-4720-bb24-3188ef362749,b46fd4a8-acd5-47d9-aca1-9fadd6eb0f64,0
f9d3a48c-ce34-4a04-956c-41b400f735f2,b46fd4a8-acd5-47d9-aca1-9fadd6eb0f64,0
08d8a4d4-bc1d-435f-b3d6-bcacf704ba26,94fc8c48-c4a0-4719-9c44-4c2b9f6f516c,0
08d8a4d4-bc1d-435f-b3d6-bcacf704ba26,8741668d-c1b5-407e-bb34-4f6571dce020,1
7920c3a4-4e90-4f38-8045-a4095be3aa23,94fc8c48-c4a0-4719-9c44-4c2b9f6f516c,0
7920c3a4-4e90-4f38-8045-a4095be3aa23,8741668d-c1b5-407e-bb34-4f6571dce020,1
4e77a6c8-1b40-4d8e-bf66-071e6048fd8c,94fc8c48-c4a0-4719-9c44-4c2b9f6f516c,0
4e77a6c8-1b40-4d8e-bf66-071e6048fd8c,8741668d-c1b5-407e-bb34-4f6571dce020,1
4d2642c0-c1d9-4ee0-a90f-f425ee68bb00,94fc8c48-c4a0-4719-9c44-4c2b9f6f516c,0
4d2642c0-c1d9-4ee0-a90f-f425ee68bb00,8741668d-c1b5-407e-bb34-4f6571dce020,1
8dc8468c-a993-40f6-9687-05adbb3c03d9,ca68d95f-4aa8-4644-a490-b9dae5879a35,0
8dc8468c-a993-40f6-9687-05adbb3c03d9,7bae3d5a-cbfd-47d7-b5d8-411523f8cb61,1
86c94b5e-3e94-4cdb-bf39-0cc0b4cc8038,bd40b284-a73c-4c8b-be7b-34c80ddd238f,0
cc7ece83-3df8-4b06-a57f-9da50cf9e8dc,94fc8c48-c4a0-4719-9c44-4c2b9f6f516c,0
cc7ece83-3df8-4b06-a57f-9da50cf9e8dc,8741668d-c1b5-407e-bb34-4f6571dce020,1
a3f085e9-d3d3-4ecf-95d7-5b99f335263e,b46fd4a8-acd5-47d9-aca1-9fadd6eb0f64,0
579554f4-689d-470c-8742-630d324c35ae,b46fd4a8-acd5-47d9-aca1-9fadd6eb0f64,0
89664145-4af9-43ea-947c-3fc987492267,1acac925-5683-4ce2-8cbe-2330b73e5599,0
317d0e88-a8c3-4baf-965c-add4b7a5cf56,1acac925-5683-4ce2-8cbe-2330b73e5599,0
61cc08ee-3c73-4b39-95a3-312a285443d6,51113f39-5884-443f-b3c5-e756ab9a8aca,0
46c53b6f-0088-4afb-b5e0-8c272ac09a12,2e71fa12-5ef0-44ed-b8a6-36368ba02ead,0
7c20ae67-0326-4655-b4bc-3f7d23f9bd2d,ce1042a9-366c-42df-80e7-b5a9db9a1ffd,0
2269b97b-473b-4405-8b22-df6f0a8ff59e,f864c759-a7dc-44a7-835d-a90b0a86b311,0
1f6b3b83-e5f7-4ef2-8f59-c5f083f0a742,f864c759-a7dc-44a7-835d-a90b0a86b311,0
97702e2d-9728-4178-aab4-01de35376ed0,f864c759-a7dc-44a7-835d-a90b0a86b311,0
d6533a78-2360-4a6c-83c1-6e7bd7abeb08,f864c759-a7dc-44a7-835d-a90b0a86b311,0
b016ebe2-c2b3-42ae-9ecd-35d72d616d85,f864c759-a7dc-44a7-835d-a90b0a86b311,0
b6088904-2a9c-460c-bba3-675df16974a5,f864c759-a7dc-44a7-835d-a90b0a86b311,0
26b830fd-4dd1-494c-a32d-f1324aa36558,f864c759-a7dc-44a7-835d-a90b0a86b311,0
dfd62c81-245e-485b-9a67-b0ba17e7717d,f864c759-a7dc-44a7-835d-a90b0a86b311,0
183be6f2-f171-4077-9156-a181464f10fe,f864c759-a7dc-44a7-835d-a90b0a86b311,0
ba36b7fe-915e-4231-b1c1-a4fa34332c29,f864c759-a7dc-44a7-835d-a90b0a86b311,0
f6b2a344-f09e-46bc-8782-9e5d571d8039,f864c759-a7dc-44a7-835d-a90b0a86b311,0
710190d4-0b67-46eb-9641-e8c06042242b,f864c759-a7dc-44a7-835d-a90b0a86b311,0
6facaee0-1b37-49a1-aa83-a4b156c94973,f864c759-a7dc-44a7-835d-a90b0a86b311,0
e70b40be-6de7-4cc6-a054-5a4503f85250,f864c759-a7dc-44a7-835d-a90b0a86b311,0
27468227-1840-4c7d-a09d-aa24dd9e9f1d,f864c759-a7dc-44a7-835d-a90b0a86b311,0
bf045957-ddc6-4e86-a0db-55708de57356,f864c759-a7dc-44a7-835d-a90b0a86b311,0
0cdbeaa4-b198-42f9-b3d1-fdb2ec877cb3,f864c759-a7dc-44a7-835d-a90b0a86b311,0
891e792a-d893-4632-95d9-978e89700eb8,f864c759-a7dc-44a7-835d-a90b0a86b311,0
9971e770-df18-40ff-a6a1-b2f524d83309,5a40c372-38a3-4045-8580-342e5476a202,0
a08fd10d-660e-438b-829a-1d6704a4fc84,69628ef0-84a0-49ae-aeef-b1598bfec40b,0
a08fd10d-660e-438b-829a-1d6704a4fc84,4fab4f54-5676-4f0a-b8b0-00477dc0a64d,1
4b3ba691-dab5-42b1-a053-ceeae14507fc,69628ef0-84a0-49ae-aeef-b1598bfec40b,0
4b3ba691-dab5-42b1-a053-ceeae14507fc,4fab4f54-5676-4f0a-b8b0-00477dc0a64d,1
2173ea0b-445d-4c7d-9f9c-afbc9e3bf319,69628ef0-84a0-49ae-aeef-b1598bfec40b,0
2173ea0b-445d-4c7d-9f9c-afbc9e3bf319,4fab4f54-5676-4f0a-b8b0-00477dc0a64d,1
97248bec-5aaa-41ad-894a-e758938ba264,cdf67e6b-4764-488c-8171-efc6206ce3e9,0
97248bec-5aaa-41ad-894a-e758938ba264,a392bc42-c6ee-4c6c-8e95-922301a147be,1
e1e35354-4fd9-45b1-8fb0-60ff10fa0fe9,cdf67e6b-4764-488c-8171-efc6206ce3e9,0
e1e35354-4fd9-45b1-8fb0-60ff10fa0fe9,a392bc42-c6ee-4c6c-8e95-922301a147be,1
c0dc7376-ef20-4d47-a1fd-3d1ff2cb848c,cdf67e6b-4764-488c-8171-efc6206ce3e9,0
c0dc7376-ef20-4d47-a1fd-3d1ff2cb848c,c5782b98-c758-4f5b-9d25-2effef5058c2,1
485b0b94-b1c1-4093-96f4-d076d4049f89,ed959385-60d1-4d44-97ee-3c82b926080b,0
485b0b94-b1c1-4093-96f4-d076d4049f89,648ba7cd-9a63-4196-9b2c-36783b1fe050,1
d7e113c2-81c1-4aa7-adaa-08730d59a5c0,ed959385-60d1-4d44-97ee-3c82b926080b,0
d7e113c2-81c1-4aa7-adaa-08730d59a5c0,648ba7cd-9a63-4196-9b2c-36783b1fe050,1
1bf29762-116b-4f45-9185-841143acdd0f,ed959385-60d1-4d44-97ee-3c82b926080b,0
1bf29762-116b-4f45-9185-841143acdd0f,648ba7cd-9a63-4196-9b2c-36783b1fe050,1
2d95ed29-9f56-405f-8033-36fc446fdebc,ed959385-60d1-4d44-97ee-3c82b926080b,0
2d95ed29-9f56-405f-8033-36fc446fdebc,34a94ebc-66b4-42a8-bb11-684addd064d1,1
d06e6d17-abc0-40ea-92a4-053821daf9e4,76a82351-5b31-4b0f-8a79-6ec504b4efd6,0
d06e6d17-abc0-40ea-92a4-053821daf9e4,26f22bd2-22aa-4d33-bed5-12251fc0292e,0
d06e6d17-abc0-40ea-92a4-053821daf9e4,bbd88abe-c636-4586-aa0e-250a41a70c58,1
0d09b64a-85cc-4553-b1cb-4dd3b9b8513b,f99d584c-fa7a-48da-bad2-2d1374b3e25a,0
0d09b64a-85cc-4553-b1cb-4dd3b9b8513b,26f22bd2-22aa-4d33-bed5-12251fc0292e,0
0d09b64a-85cc-4553-b1cb-4dd3b9b8513b,bbd88abe-c636-4586-aa0e-250a41a70c58,1
c0b9651d-5f44-4d1f-88bb-e6ea830244a4,8f1740f0-6146-4e41-b09c-cb5ddf75c70e,0
c0b9651d-5f44-4d1f-88bb-e6ea830244a4,18f6702f-5b65-4d88-b468-52b307112758,0
c0b9651d-5f44-4d1f-88bb-e6ea830244a4,76a82351-5b31-4b0f-8a79-6ec504b4efd6,1
48195c4f-2338-4649-a944-3b5337dfe20d,3076409c-a264-4a5b-844a-502559f4cd4b,0
48195c4f-2338-4649-a944-3b5337dfe20d,67c6aa2e-a8b3-4460-ae5f-bd4903b0d7d8,0
48195c4f-2338-4649-a944-3b5337dfe20d,acae8cd1-fb97-4648-85ca-96f3845d2114,1
3368390b-1a0c-4f0f-8d41-866077468cee,3076409c-a264-4a5b-844a-502559f4cd4b,0
3368390b-1a0c-4f0f-8d41-866077468cee,67c6aa2e-a8b3-4460-ae5f-bd4903b0d7d8,0
3368390b-1a0c-4f0f-8d41-866077468cee,acae8cd1-fb97-4648-85ca-96f3845d2114,1
d8b5ce83-645b-4ac9-899a-b2975656a54b,78664b1c-d145-4266-b197-d0a34a14a40c,0
d8b5ce83-645b-4ac9-899a-b2975656a54b,b2b53a5c-f14b-4eef-9c42-30e62cc74124,0
d8b5ce83-645b-4ac9-899a-b2975656a54b,72759dae-410c-48ff-ac5e-e511792f069d,1
bd1e67b5-3ed3-45b3-9752-dfda28fb3835,78664b1c-d145-4266-b197-d0a34a14a40c,0
bd1e67b5-3ed3-45b3-9752-dfda28fb3835,b2b53a5c-f14b-4eef-9c42-30e62cc74124,0
bd1e67b5-3ed3-45b3-9752-dfda28fb3835,72759dae-410c-48ff-ac5e-e511792f069d,1
8573debd-c65e-43f8-8c99-c2d2449e59b1,b728fcc5-a1c0-4e49-8fa1-a58cee5fb854,0
8573debd-c65e-43f8-8c99-c2d2449e59b1,69628ef0-84a0-49ae-aeef-b1598bfec40b,1
2e3efab2-28ab-492f-bff8-5e97bcf65910,b728fcc5-a1c0-4e49-8fa1-a58cee5fb854,0
2e3efab2-28ab-492f-bff8-5e97bcf65910,69628ef0-84a0-49ae-aeef-b1598bfec40b,1
8378c4fe-aad8-456f-8e78-d7d04983f737,b728fcc5-a1c0-4e49-8fa1-a58cee5fb854,0
8378c4fe-aad8-456f-8e78-d7d04983f737,cdf67e6b-4764-488c-8171-efc6206ce3e9,1
16a9bbd0-8e6b-41c6-83b1-075b3675afb8,b728fcc5-a1c0-4e49-8fa1-a58cee5fb854,0
16a9bbd0-8e6b-41c6-83b1-075b3675afb8,cdf67e6b-4764-488c-8171-efc6206ce3e9,1
85951e5a-d7b1-46a9-87c5-9e20b7cfc0a2,b728fcc5-a1c0-4e49-8fa1-a58cee5fb854,0
85951e5a-d7b1-46a9-87c5-9e20b7cfc0a2,ed959385-60d1-4d44-97ee-3c82b926080b,1
987cb07a-4ea9-4c6a-a8c7-57a2092789da,b728fcc5-a1c0-4e49-8fa1-a58cee5fb854,0
987cb07a-4ea9-4c6a-a8c7-57a2092789da,ed959385-60d1-4d44-97ee-3c82b926080b,1
6850c601-a750-403b-814e-7ba0df654687,caf0624e-8ebf-4dc2-b576-0a732fca0aab,0
6850c601-a750-403b-814e-7ba0df654687,82468c00-5816-470a-91c7-e626b7c29fe3,0
6850c601-a750-403b-814e-7ba0df654687,8741668d-c1b5-407e-bb34-4f6571dce020,1
3f3dd9e0-9f03-4c28-a208-67b9de93598e,caf0624e-8ebf-4dc2-b576-0a732fca0aab,0
3f3dd9e0-9f03-4c28-a208-67b9de93598e,82468c00-5816-470a-91c7-e626b7c29fe3,0
3f3dd9e0-9f03-4c28-a208-67b9de93598e,8741668d-c1b5-407e-bb34-4f6571dce020,1
ab91ef37-f35d-48f8-b83a-586e431a91fc,66c8d298-2bec-4ad6-9667-084a8ba5b728,0
ab91ef37-f35d-48f8-b83a-586e431a91fc,d0f7ccd9-9d90-4749-becc-fbde3a7411e8,0
ab91ef37-f35d-48f8-b83a-586e431a91fc,92e7729c-1a64-41af-8088-2c6d9649f959,1
f2006ad1-7bb8-4014-a287-0320c8644278,66c8d298-2bec-4ad6-9667-084a8ba5b728,0
f2006ad1-7bb8-4014-a287-0320c8644278,d0f7ccd9-9d90-4749-becc-fbde3a7411e8,0
f2006ad1-7bb8-4014-a287-0320c8644278,92e7729c-1a64-41af-8088-2c6d9649f959,1
1edbccf5-3b9b-4da5-a4e3-19cf6b1ed770,66c8d298-2bec-4ad6-9667-084a8ba5b728,0
1edbccf5-3b9b-4da5-a4e3-19cf6b1ed770,d0f7ccd9-9d90-4749-becc-fbde3a7411e8,0
1edbccf5-3b9b-4da5-a4e3-19cf6b1ed770,92e7729c-1a64-41af-8088-2c6d9649f959,1
b2125289-da17-4035-bce4-a317a53bbb33,f08f2202-6cb8-4070-8192-f312a0510405,0
b2125289-da17-4035-bce4-a317a53bbb33,7fb6d844-0a2d-4725-9d64-427a3d2b169a,0
b2125289-da17-4035-bce4-a317a53bbb33,b0565e79-6680-41c2-a8e5-fbd0b46213df,1
00320ba1-442e-49c2-8b37-2626186c5f73,f08f2202-6cb8-4070-8192-f312a0510405,0
00320ba1-442e-49c2-8b37-2626186c5f73,7fb6d844-0a2d-4725-9d64-427a3d2b169a,0
00320ba1-442e-49c2-8b37-2626186c5f73,b0565e79-6680-41c2-a8e5-fbd0b46213df,1
8fbff524-9f39-48db-a15e-b7b65280a7ae,5390a51d-25cd-4e51-8b0e-8067913c4ea0,0
8fbff524-9f39-48db-a15e-b7b65280a7ae,0ed43700-93ce-438b-8551-2f4e82d3a882,0
8fbff524-9f39-48db-a15e-b7b65280a7ae,1302ca34-3a65-47aa-95bf-5f717cc184e0,1
9a272b2c-3d08-4daf-82ce-6cbce485e617,5390a51d-25cd-4e51-8b0e-8067913c4ea0,0
9a272b2c-3d08-4daf-82ce-6cbce485e617,0ed43700-93ce-438b-8551-2f4e82d3a882,0
9a272b2c-3d08-4daf-82ce-6cbce485e617,1302ca34-3a65-47aa-95bf-5f717cc184e0,1
0c31141a-6cb7-4608-b4de-0799d1e4dbf8,5390a51d-25cd-4e51-8b0e-8067913c4ea0,0
0c31141a-6cb7-4608-b4de-0799d1e4dbf8,d359e402-95fb-49db-8b4d-9d651ef2825b,0
0c31141a-6cb7-4608-b4de-0799d1e4dbf8,1302ca34-3a65-47aa-95bf-5f717cc184e0,1
d4ff894f-7242-4def-9ba5-36e84d559bda,1bc9e420-e77c-4e8d-968e-6e028e71a151,0
d4ff894f-7242-4def-9ba5-36e84d559bda,5a75383b-eec2-4a38-87dd-592bd3374ac8,0
d4ff894f-7242-4def-9ba5-36e84d559bda,62a2c68a-cd47-40fd-85e4-d5a55379a32b,1
0d87a70e-f0f3-492f-8cba-05110cef824a,1bc9e420-e77c-4e8d-968e-6e028e71a151,0
0d87a70e-f0f3-492f-8cba-05110cef824a,5a75383b-eec2-4a38-87dd-592bd3374ac8,0
0d87a70e-f0f3-492f-8cba-05110cef824a,62a2c68a-cd47-40fd-85e4-d5a55379a32b,1
a803edbe-5623-4030-bc8e-70b3419cd634,67c6aa2e-a8b3-4460-ae5f-bd4903b0d7d8,0
a803edbe-5623-4030-bc8e-70b3419cd634,1302ca34-3a65-47aa-95bf-5f717cc184e0,0
a803edbe-5623-4030-bc8e-70b3419cd634,1774a4be-60a5-4ddb-a384-453468e2fc77,1
0157a09c-f9fa-4a03-8bf3-c833fb67a673,67c6aa2e-a8b3-4460-ae5f-bd4903b0d7d8,0
0157a09c-f9fa-4a03-8bf3-c833fb67a673,1302ca34-3a65-47aa-95bf-5f717cc184e0,0
0157a09c-f9fa-4a03-8bf3-c833fb67a673,1774a4be-60a5-4ddb-a384-453468e2fc77,1
6d6e0966-65c5-4052-ab09-637715943347,7db9cd87-3e20-427a-be65-c4228a937b10,0
6d6e0966-65c5-4052-ab09-637715943347,dfa641ad-690b-4f23-9500-a2d2d6cf747d,0
6d6e0966-65c5-4052-ab09-637715943347,5a75383b-eec2-4a38-87dd-592bd3374ac8,1
9a283ea3-2b98-4453-95e8-e64ac913e0cd,7db9cd87-3e20-427a-be65-c4228a937b10,0
9bd671be-8f47-4d93-a86f-c88011382fd7,770b0e3b-be36-4b83-b1cd-99d2c6d24d09,0
9bd671be-8f47-4d93-a86f-c88011382fd7,c8a16bba-422c-465c-8994-968a20b1fe88,0
9bd671be-8f47-4d93-a86f-c88011382fd7,53b58e9b-b6a5-4087-936b-8d8b080d90c3,1
6ed06cae-d77b-4ce4-b364-b88fa318bf30,770b0e3b-be36-4b83-b1cd-99d2c6d24d09,0
6ed06cae-d77b-4ce4-b364-b88fa318bf30,c8a16bba-422c-465c-8994-968a20b1fe88,0
6ed06cae-d77b-4ce4-b364-b88fa318bf30,53b58e9b-b6a5-4087-936b-8d8b080d90c3,1
28478690-b96e-408a-8776-6bda73b3b4fc,770b0e3b-be36-4b83-b1cd-99d2c6d24d09,0
28478690-b96e-408a-8776-6bda73b3b4fc,c8a16bba-422c-465c-8994-968a20b1fe88,0
28478690-b96e-408a-8776-6bda73b3b4fc,53b58e9b-b6a5-4087-936b-8d8b080d90c3,1
defb63aa-f987-4d5d-b63e-a3a4ae8866af,c94d5211-c427-4ba7-a458-a4d99d5c6eb2,0
defb63aa-f987-4d5d-b63e-a3a4ae8866af,1acac925-5683-4ce2-8cbe-2330b73e5599,0
defb63aa-f987-4d5d-b63e-a3a4ae8866af,e9b58749-80d8-4f5f-abfe-d4c20b9f34f4,1
6a18529f-0f90-42ab-8f58-f0ea412d333a,c94d5211-c427-4ba7-a458-a4d99d5c6eb2,0
6a18529f-0f90-42ab-8f58-f0ea412d333a,1acac925-5683-4ce2-8cbe-2330b73e5599,0
6a18529f-0f90-42ab-8f58-f0ea412d333a,e9b58749-80d8-4f5f-abfe-d4c20b9f34f4,1
784509cf-6041-4109-ae79-013d1418c5dc,c94d5211-c427-4ba7-a458-a4d99d5c6eb2,0
784509cf-6041-4109-ae79-013d1418c5dc,d6a746c0-7a7c-4787-91c0-d587b0b4ba05,0
784509cf-6041-4109-ae79-013d1418c5dc,e9b58749-80d8-4f5f-abfe-d4c20b9f34f4,1
efe94737-5743-4690-bdb0-e65541369b12,770b0e3b-be36-4b83-b1cd-99d2c6d24d09,0
efe94737-5743-4690-bdb0-e65541369b12,d1cab16a-0de3-44f8-8625-4a4a053be545,0
efe94737-5743-4690-bdb0-e65541369b12,1774a4be-60a5-4ddb-a384-453468e2fc77,1
b576788f-628d-49e8-8411-e53e30d2eb53,5390a51d-25cd-4e51-8b0e-8067913c4ea0,0
b576788f-628d-49e8-8411-e53e30d2eb53,d1cab16a-0de3-44f8-8625-4a4a053be545,0
b576788f-628d-49e8-8411-e53e30d2eb53,1774a4be-60a5-4ddb-a384-453468e2fc77,1
4682d7af-412b-46e8-9863-db241d46621b,13760beb-7513-4589-a37b-fbf391150aef,0
4682d7af-412b-46e8-9863-db241d46621b,efd5dfeb-33f7-4e6a-9a80-663435ebdbef,0
4682d7af-412b-46e8-9863-db241d46621b,2275cc5a-6961-4f06-9589-c233bed407ff,1
fe9a9e91-6b47-4758-aa49-3d91c62a01e5,dd288dde-d4d2-401e-95b3-8efaecd09339,0
fe9a9e91-6b47-4758-aa49-3d91c62a01e5,efd5dfeb-33f7-4e6a-9a80-663435ebdbef,0
fe9a9e91-6b47-4758-aa49-3d91c62a01e5,2275cc5a-6961-4f06-9589-c233bed407ff,1
78a80bee-4557-4fdd-8fc1-55768bc57b82,13760beb-7513-4589-a37b-fbf391150aef,0
78a80bee-4557-4fdd-8fc1-55768bc57b82,efd5dfeb-33f7-4e6a-9a80-663435ebdbef,0
78a80bee-4557-4fdd-8fc1-55768bc57b82,2275cc5a-6961-4f06-9589-c233bed407ff,1
33fb6af9-6396-4a48-814d-60a7c09d409b,3c3ad733-172c-41e0-ab9c-936b10887a75,0
33fb6af9-6396-4a48-814d-60a7c09d409b,13760beb-7513-4589-a37b-fbf391150aef,0
33fb6af9-6396-4a48-814d-60a7c09d409b,5747f593-cdd3-42cd-9b3c-9de2a6f98789,1
36242430-2976-4ade-9f7e-a35c6877cfe9,3c3ad733-172c-41e0-ab9c-936b10887a75,0
36242430-2976-4ade-9f7e-a35c6877cfe9,13760beb-7513-4589-a37b-fbf391150aef,0
36242430-2976-4ade-9f7e-a35c6877cfe9,5747f593-cdd3-42cd-9b3c-9de2a6f98789,1
65d80747-6feb-4e71-b8bd-e2c43d00200f,3c3ad733-172c-41e0-ab9c-936b10887a75,0
65d80747-6feb-4e71-b8bd-e2c43d00200f,13760beb-7513-4589-a37b-fbf391150aef,0
65d80747-6feb-4e71-b8bd-e2c43d00200f,5747f593-cdd3-42cd-9b3c-9de2a6f98789,1
2aae1087-7a58-470c-94dd-0edab90a788a,72759dae-410c-48ff-ac5e-e511792f069d,0
2aae1087-7a58-470c-94dd-0edab90a788a,4b9c8345-a053-4448-b656-0a35f67ae50f,0
2aae1087-7a58-470c-94dd-0edab90a788a,efd5dfeb-33f7-4e6a-9a80-663435ebdbef,1
7c737ebb-f7cb-4806-b29b-981538dafe9b,72759dae-410c-48ff-ac5e-e511792f069d,0
7c737ebb-f7cb-4806-b29b-981538dafe9b,4b9c8345-a053-4448-b656-0a35f67ae50f,0
7c737ebb-f7cb-4806-b29b-981538dafe9b,efd5dfeb-33f7-4e6a-9a80-663435ebdbef,1
359536ef-62e3-4403-959c-c95208a5235c,efd5dfeb-33f7-4e6a-9a80-663435ebdbef,0
359536ef-62e3-4403-959c-c95208a5235c,05d6904f-e213-4b47-b83b-e2252760327a,0
359536ef-62e3-4403-959c-c95208a5235c,dd288dde-d4d2-401e-95b3-8efaecd09339,1
8f5ae8cd-90aa-4770-a5b1-f730d5d5758e,efd5dfeb-33f7-4e6a-9a80-663435ebdbef,0
8f5ae8cd-90aa-4770-a5b1-f730d5d5758e,05d6904f-e213-4b47-b83b-e2252760327a,0
8f5ae8cd-90aa-4770-a5b1-f730d5d5758e,dd288dde-d4d2-401e-95b3-8efaecd09339,1
8dbc0ebd-215b-4f39-82c2-d5760986c28d,efd5dfeb-33f7-4e6a-9a80-663435ebdbef,0
8dbc0ebd-215b-4f39-82c2-d5760986c28d,02ce0d3d-e6a3-4f5f-a6ca-5a7b5936054f,0
8dbc0ebd-215b-4f39-82c2-d5760986c28d,dd288dde-d4d2-401e-95b3-8efaecd09339,1
e3e6ad2a-0621-4b05-9e10-7cbcdf83057e,c5782b98-c758-4f5b-9d25-2effef5058c2,0
e3e6ad2a-0621-4b05-9e10-7cbcdf83057e,43c4f371-a026-43cb-832b-ad8cecf9a58a,0
e3e6ad2a-0621-4b05-9e10-7cbcdf83057e,1774a4be-60a5-4ddb-a384-453468e2fc77,1
48e1d1d2-35b1-4e63-b3e7-b72d6992ebcd,c9c9e9a4-2a01-4b15-abba-6ec5917ed57a,0
48e1d1d2-35b1-4e63-b3e7-b72d6992ebcd,43c4f371-a026-43cb-832b-ad8cecf9a58a,0
48e1d1d2-35b1-4e63-b3e7-b72d6992ebcd,1774a4be-60a5-4ddb-a384-453468e2fc77,1
cd1b1a99-e774-4e28-93f9-3b80855f2e8a,88e51878-9d4b-40eb-ba3b-bf9d8a182116,0
cd1b1a99-e774-4e28-93f9-3b80855f2e8a,43c4f371-a026-43cb-832b-ad8cecf9a58a,0
cd1b1a99-e774-4e28-93f9-3b80855f2e8a,1774a4be-60a5-4ddb-a384-453468e2fc77,1
09d6101b-fc9b-4419-bc2f-676c40b8f7ae,3076409c-a264-4a5b-844a-502559f4cd4b,0
09d6101b-fc9b-4419-bc2f-676c40b8f7ae,dc894a2a-a246-4ebc-89fa-0fe4c3da3a19,0
09d6101b-fc9b-4419-bc2f-676c40b8f7ae,761189b5-1235-47e4-8e84-79ee2506a9cc,1
1d305e38-682a-44aa-97a9-ea85b7c06a4d,3076409c-a264-4a5b-844a-502559f4cd4b,0
1d305e38-682a-44aa-97a9-ea85b7c06a4d,dc894a2a-a246-4ebc-89fa-0fe4c3da3a19,0
1d305e38-682a-44aa-97a9-ea85b7c06a4d,761189b5-1235-47e4-8e84-79ee2506a9cc,1
cde46389-d34d-4267-90c5-84aab1b7a60e,3076409c-a264-4a5b-844a-502559f4cd4b,0
cde46389-d34d-4267-90c5-84aab1b7a60e,dc894a2a-a246-4ebc-89fa-0fe4c3da3a19,0
cde46389-d34d-4267-90c5-84aab1b7a60e,761189b5-1235-47e4-8e84-79ee2506a9cc,1
2619f9ad-9801-49a2-8996-7047fd61c5ad,02ce0d3d-e6a3-4f5f-a6ca-5a7b5936054f,0
2619f9ad-9801-49a2-8996-7047fd61c5ad,d1cab16a-0de3-44f8-8625-4a4a053be545,1
2fd14653-c9f2-4e50-b6e0-95942beb6e94,02ce0d3d-e6a3-4f5f-a6ca-5a7b5936054f,0
2fd14653-c9f2-4e50-b6e0-95942beb6e94,d1cab16a-0de3-44f8-8625-4a4a053be545,1
d135b7ce-8a50-499a-8d90-730de8aec079,c8a16bba-422c-465c-8994-968a20b1fe88,0
d135b7ce-8a50-499a-8d90-730de8aec079,76c68823-d595-4a44-939b-64fbd7389ec5,1
d930edeb-a6b8-4705-8739-1e587d13c354,76c68823-d595-4a44-939b-64fbd7389ec5,0
437c0ce8-a993-4b8c-9dd8-0b0cc0dd8192,dff7a8ef-c7ca-4f8f-bfcb-b3ded49de05c,0
437c0ce8-a993-4b8c-9dd8-0b0cc0dd8192,76c68823-d595-4a44-939b-64fbd7389ec5,1
0111a193-8e89-4366-85ec-0de481c0fa3b,76c68823-d595-4a44-939b-64fbd7389ec5,0
bc291654-a7f5-4890-962d-9b7ae46d6844,e9b58749-80d8-4f5f-abfe-d4c20b9f34f4,0
bc291654-a7f5-4890-962d-9b7ae46d6844,efd5dfeb-33f7-4e6a-9a80-663435ebdbef,0
bc291654-a7f5-4890-962d-9b7ae46d6844,767858c8-9a7a-4145-a112-527780bdef70,1
bbdb38f3-c39b-4f72-aa73-a7711727ee14,5390a51d-25cd-4e51-8b0e-8067913c4ea0,0
bbdb38f3-c39b-4f72-aa73-a7711727ee14,648ba7cd-9a63-4196-9b2c-36783b1fe050,0
bbdb38f3-c39b-4f72-aa73-a7711727ee14,0ed43700-93ce-438b-8551-2f4e82d3a882,1
5bfc078b-5647-4208-9d16-13e72946359e,5390a51d-25cd-4e51-8b0e-8067913c4ea0,0
5bfc078b-5647-4208-9d16-13e72946359e,648ba7cd-9a63-4196-9b2c-36783b1fe050,0
5bfc078b-5647-4208-9d16-13e72946359e,0ed43700-93ce-438b-8551-2f4e82d3a882,1
4f986bfd-9d5b-443a-8486-1fb9524d547a,b2a7c6f4-5e2f-4ce2-bb4e-3c30b04b5a7e,0
4f986bfd-9d5b-443a-8486-1fb9524d547a,dc894a2a-a246-4ebc-89fa-0fe4c3da3a19,0
4f986bfd-9d5b-443a-8486-1fb9524d547a,3076409c-a264-4a5b-844a-502559f4cd4b,1
fabab46b-a6d1-4b22-8610-6aee53b01516,b2a7c6f4-5e2f-4ce2-bb4e-3c30b04b5a7e,0
fabab46b-a6d1-4b22-8610-6aee53b01516,dc894a2a-a246-4ebc-89fa-0fe4c3da3a19,0
fabab46b-a6d1-4b22-8610-6aee53b01516,3076409c-a264-4a5b-844a-502559f4cd4b,1
c302cecd-62a4-437b-aac8-7a384a9ec5b2,d341c305-c7cc-48bc-9fa3-0bd7d296f428,0
c302cecd-62a4-437b-aac8-7a384a9ec5b2,17d5549c-3f0d-4ac6-9477-e1d180934440,0
c302cecd-62a4-437b-aac8-7a384a9ec5b2,c1edbeaf-334b-4aea-8908-edeef4fc0fcb,1
5eb57e41-0dd6-452b-b42c-6636356ffa2f,e4ad33e4-f17a-4926-8181-53f56af196c9,0
c0c3f5b8-bf11-414b-802c-0a9b5c571da2,b7fb88f6-05e2-4f67-a1db-590e564fdf52,0
93007753-0e2b-4b50-987d-7427e4d5d67a,e4ad33e4-f17a-4926-8181-53f56af196c9,0
84657302-94e7-440f-aea7-5cb39c721a20,f448dcde-64e8-491c-90d9-50879de53a6d,0
84657302-94e7-440f-aea7-5cb39c721a20,5390a51d-25cd-4e51-8b0e-8067913c4ea0,0
84657302-94e7-440f-aea7-5cb39c721a20,c94d5211-c427-4ba7-a458-a4d99d5c6eb2,1
0def0c3b-45a6-4a0d-83e0-286be285cb3c,f448dcde-64e8-491c-90d9-50879de53a6d,0
0def0c3b-45a6-4a0d-83e0-286be285cb3c,5390a51d-25cd-4e51-8b0e-8067913c4ea0,0
0def0c3b-45a6-4a0d-83e0-286be285cb3c,c94d5211-c427-4ba7-a458-a4d99d5c6eb2,1
65baaad4-314c-46d3-b042-cd15c22c379d,0a1c3865-acd6-44f7-865e-b189fdc157a7,0
4c64f3e3-4492-4e95-9289-550c57653c24,0a1c3865-acd6-44f7-865e-b189fdc157a7,0
dbc7b2b7-6f10-4255-ac24-94aec027c4cf,2a0afb72-ca19-4c2a-82a8-3b357f5b1da9,0
dbc7b2b7-6f10-4255-ac24-94aec027c4cf,0b4c82f4-a745-4725-9b1e-6cb124a4827c,0
dbc7b2b7-6f10-4255-ac24-94aec027c4cf,3755fd05-874e-43c1-850b-abb148be1dd3,1
43cfe05d-060c-4291-b5b7-a9ff1e334dab,2a0afb72-ca19-4c2a-82a8-3b357f5b1da9,0
43cfe05d-060c-4291-b5b7-a9ff1e334dab,0ed43700-93ce-438b-8551-2f4e82d3a882,0
43cfe05d-060c-4291-b5b7-a9ff1e334dab,3755fd05-874e-43c1-850b-abb148be1dd3,1
1c6da6fb-4083-4c93-8856-ef1a07aa080c,2a0afb72-ca19-4c2a-82a8-3b357f5b1da9,0
1c6da6fb-4083-4c93-8856-ef1a07aa080c,0ed43700-93ce-438b-8551-2f4e82d3a882,0
1c6da6fb-4083-4c93-8856-ef1a07aa080c,3755fd05-874e-43c1-850b-abb148be1dd3,1
ccc58566-2bec-4f91-b52c-10f3a4faa8ed,87a6752b-dc28-48c6-9c80-64a16608dc1a,0
c60e7f67-c2cc-4a37-8884-cb32da98b28e,87a6752b-dc28-48c6-9c80-64a16608dc1a,0
f26a878a-5f2e-438c-9b6b-1b654116505c,87a6752b-dc28-48c6-9c80-64a16608dc1a,0
92c193bf-c024-416e-a231-9a653e7dbe15,87a6752b-dc28-48c6-9c80-64a16608dc1a,0
facb6283-dac4-40b5-8b75-61be88a4b9a7,545d3d72-5e66-4c4d-88c9-94dcec70ad08,0
facb6283-dac4-40b5-8b75-61be88a4b9a7,5f5a7791-0969-44b6-832b-8c6192491e28,0
facb6283-dac4-40b5-8b75-61be88a4b9a7,a69d887e-06ee-4054-af20-d8f4ebf3ee2b,1
cb7d5e87-0154-4ec4-8c0e-8c8a2946d858,545d3d72-5e66-4c4d-88c9-94dcec70ad08,0
cb7d5e87-0154-4ec4-8c0e-8c8a2946d858,5f5a7791-0969-44b6-832b-8c6192491e28,0
cb7d5e87-0154-4ec4-8c0e-8c8a2946d858,a69d887e-06ee-4054-af20-d8f4ebf3ee2b,1
c61ade80-2ee6-4950-ada8-0c22147ebfec,b3fb57ed-c864-4c08-8aa3-2c0eea4abafc,0
c61ade80-2ee6-4950-ada8-0c22147ebfec,dcc0a170-da5b-443e-bfd0-ac449ecd967a,0
c61ade80-2ee6-4950-ada8-0c22147ebfec,65161a51-0ce3-45ad-ad84-7f4756382892,1
f38231ad-aea5-4f06-9fb9-babef1bdfd9d,b3fb57ed-c864-4c08-8aa3-2c0eea4abafc,0
f38231ad-aea5-4f06-9fb9-babef1bdfd9d,dcc0a170-da5b-443e-bfd0-ac449ecd967a,0
f38231ad-aea5-4f06-9fb9-babef1bdfd9d,65161a51-0ce3-45ad-ad84-7f4756382892,1
78f7d55b-6b3c-49d1-a3fa-2d6828b87ffb,b3fb57ed-c864-4c08-8aa3-2c0eea4abafc,0
78f7d55b-6b3c-49d1-a3fa-2d6828b87ffb,dcc0a170-da5b-443e-bfd0-ac449ecd967a,0
78f7d55b-6b3c-49d1-a3fa-2d6828b87ffb,65161a51-0ce3-45ad-ad84-7f4756382892,1
46cc46c7-bd7d-4f81-9082-fb46874b49f5,2275cc5a-6961-4f06-9589-c233bed407ff,0
46cc46c7-bd7d-4f81-9082-fb46874b49f5,17d5549c-3f0d-4ac6-9477-e1d180934440,0
46cc46c7-bd7d-4f81-9082-fb46874b49f5,dfa641ad-690b-4f23-9500-a2d2d6cf747d,1
70d43a87-ef6e-47ef-b4fc-9d30c2d61d92,2275cc5a-6961-4f06-9589-c233bed407ff,0
70d43a87-ef6e-47ef-b4fc-9d30c2d61d92,17d5549c-3f0d-4ac6-9477-e1d180934440,0
70d43a87-ef6e-47ef-b4fc-9d30c2d61d92,dfa641ad-690b-4f23-9500-a2d2d6cf747d,1
92c5525e-e373-4961-b54d-2d3effc3e203,2275cc5a-6961-4f06-9589-c233bed407ff,0
92c5525e-e373-4961-b54d-2d3effc3e203,17d5549c-3f0d-4ac6-9477-e1d180934440,0
92c5525e-e373-4961-b54d-2d3effc3e203,dfa641ad-690b-4f23-9500-a2d2d6cf747d,1
620b7a52-16c3-4aab-b308-bad7be70f8a3,26f22bd2-22aa-4d33-bed5-12251fc0292e,0
620b7a52-16c3-4aab-b308-bad7be70f8a3,66c8d298-2bec-4ad6-9667-084a8ba5b728,0
620b7a52-16c3-4aab-b308-bad7be70f8a3,1acac925-5683-4ce2-8cbe-2330b73e5599,1
b7771066-0c4b-4eed-909e-b957e74e5975,26f22bd2-22aa-4d33-bed5-12251fc0292e,0
b7771066-0c4b-4eed-909e-b957e74e5975,66c8d298-2bec-4ad6-9667-084a8ba5b728,0
b7771066-0c4b-4eed-909e-b957e74e5975,1acac925-5683-4ce2-8cbe-2330b73e5599,1
a102a6f0-e5b7-4605-a929-7742c3f97fd2,eee9e09c-6f41-4db5-b2bb-3bdae0617d4f,0
a102a6f0-e5b7-4605-a929-7742c3f97fd2,9939b773-da66-4ada-85c4-f0a519827300,0
a102a6f0-e5b7-4605-a929-7742c3f97fd2,0ed43700-93ce-438b-8551-2f4e82d3a882,1
a2f7349f-8a12-4145-b186-bfe9d6889c13,eee9e09c-6f41-4db5-b2bb-3bdae0617d4f,0
a2f7349f-8a12-4145-b186-bfe9d6889c13,9939b773-da66-4ada-85c4-f0a519827300,0
a2f7349f-8a12-4145-b186-bfe9d6889c13,0ed43700-93ce-438b-8551-2f4e82d3a882,1
5a8eab09-88d0-4241-be63-f180c94d30c6,eee9e09c-6f41-4db5-b2bb-3bdae0617d4f,0
5a8eab09-88d0-4241-be63-f180c94d30c6,858a945e-51db-45c0-9a8f-8a170e78549a,0
5a8eab09-88d0-4241-be63-f180c94d30c6,0ed43700-93ce-438b-8551-2f4e82d3a882,1
6d8173c3-34aa-44a8-b252-85297bff7c01,efd5dfeb-33f7-4e6a-9a80-663435ebdbef,0
6d8173c3-34aa-44a8-b252-85297bff7c01,b0565e79-6680-41c2-a8e5-fbd0b46213df,0
6d8173c3-34aa-44a8-b252-85297bff7c01,ce1042a9-366c-42df-80e7-b5a9db9a1ffd,1
7dbd6498-7913-4b86-9478-eaaa544c3648,efd5dfeb-33f7-4e6a-9a80-663435ebdbef,0
7dbd6498-7913-4b86-9478-eaaa544c3648,b0565e79-6680-41c2-a8e5-fbd0b46213df,0
7dbd6498-7913-4b86-9478-eaaa544c3648,ce1042a9-366c-42df-80e7-b5a9db9a1ffd,1
75f1caf3-cb1e-4d68-bbd6-115c68446cfb,6488e47d-36ce-43e9-9b47-93192988464b,0
75f1caf3-cb1e-4d68-bbd6-115c68446cfb,7fb6d844-0a2d-4725-9d64-427a3d2b169a,1
e6a73fd5-9480-430a-93dc-23610fb9add6,13760beb-7513-4589-a37b-fbf391150aef,0
e6a73fd5-9480-430a-93dc-23610fb9add6,b2a7c6f4-5e2f-4ce2-bb4e-3c30b04b5a7e,0
e6a73fd5-9480-430a-93dc-23610fb9add6,3aebe557-cd51-44fe-8f67-ee651efab19e,1
755f4fe1-a227-4247-8d7d-e867e56f833b,13760beb-7513-4589-a37b-fbf391150aef,0
755f4fe1-a227-4247-8d7d-e867e56f833b,648ba7cd-9a63-4196-9b2c-36783b1fe050,0
755f4fe1-a227-4247-8d7d-e867e56f833b,2275cc5a-6961-4f06-9589-c233bed407ff,1
aea802dc-e095-4a12-91c8-058625ca5383,c0f8e670-c056-43dd-9ef8-99cb1954d563,0
aea802dc-e095-4a12-91c8-058625ca5383,dfa641ad-690b-4f23-9500-a2d2d6cf747d,1
55480129-96fc-4f75-bfd9-634f59be1e5b,c0f8e670-c056-43dd-9ef8-99cb1954d563,0
55480129-96fc-4f75-bfd9-634f59be1e5b,dfa641ad-690b-4f23-9500-a2d2d6cf747d,1
e5f2d06d-aff3-4e17-aac0-ebbd4eceb2f3,e9b58749-80d8-4f5f-abfe-d4c20b9f34f4,0
e5f2d06d-aff3-4e17-aac0-ebbd4eceb2f3,0ac7dcb7-c399-438f-b44f-aa893ee3f3d2,0
e5f2d06d-aff3-4e17-aac0-ebbd4eceb2f3,3b1353b2-3d71-41d4-8d1a-bdfdadac0891,1
09bb4522-28fe-4cb9-bfe9-5d32ab92d356,e9b58749-80d8-4f5f-abfe-d4c20b9f34f4,0
09bb4522-28fe-4cb9-bfe9-5d32ab92d356,0ac7dcb7-c399-438f-b44f-aa893ee3f3d2,0
09bb4522-28fe-4cb9-bfe9-5d32ab92d356,3b1353b2-3d71-41d4-8d1a-bdfdadac0891,1
1a577725-1741-4684-ab75-6e20de1636c4,7db9cd87-3e20-427a-be65-c4228a937b10,0
1a577725-1741-4684-ab75-6e20de1636c4,1acac925-5683-4ce2-8cbe-2330b73e5599,0
1a577725-1741-4684-ab75-6e20de1636c4,dfa641ad-690b-4f23-9500-a2d2d6cf747d,1
70879d97-830d-45ca-9cce-6d7d1cc2fabd,3baa62d3-0897-4317-bc9d-e3ad617263b1,0
70879d97-830d-45ca-9cce-6d7d1cc2fabd,4d1bf273-219b-4c6b-8195-ff0437bebd78,0
70879d97-830d-45ca-9cce-6d7d1cc2fabd,13760beb-7513-4589-a37b-fbf391150aef,1
ee8b4f73-4f84-43ce-9713-572c510931b6,3baa62d3-0897-4317-bc9d-e3ad617263b1,0
ee8b4f73-4f84-43ce-9713-572c510931b6,4d1bf273-219b-4c6b-8195-ff0437bebd78,0
ee8b4f73-4f84-43ce-9713-572c510931b6,13760beb-7513-4589-a37b-fbf391150aef,1
0f850239-d78d-4e23-ae9c-9f8ec5bc8c02,3c14d9a7-d498-4405-ad10-d02dcd379238,0
57adf47f-7f20-4f43-87e7-91c0acf4731d,3c14d9a7-d498-4405-ad10-d02dcd379238,0
57adf47f-7f20-4f43-87e7-91c0acf4731d,a8aeb5cc-aeec-455a-ab37-2163a2320b9f,1
bbaf71ae-2e91-4c9b-814d-6c64c1cceaad,eb535648-d15e-4046-869a-788641fe974f,0
bbaf71ae-2e91-4c9b-814d-6c64c1cceaad,227a910a-d61a-411d-9329-b9e72658ceb2,0
bbaf71ae-2e91-4c9b-814d-6c64c1cceaad,15cc8adb-fb75-4d62-b610-c0c7cde102e4,1
722d5786-903c-44de-93ce-8bb9355a438a,eb535648-d15e-4046-869a-788641fe974f,0
722d5786-903c-44de-93ce-8bb9355a438a,227a910a-d61a-411d-9329-b9e72658ceb2,0
722d5786-903c-44de-93ce-8bb9355a438a,15cc8adb-fb75-4d62-b610-c0c7cde102e4,1
b09a7478-0293-4925-8cbb-7d3f4fc0f0d5,eb535648-d15e-4046-869a-788641fe974f,0
b09a7478-0293-4925-8cbb-7d3f4fc0f0d5,227a910a-d61a-411d-9329-b9e72658ceb2,0
b09a7478-0293-4925-8cbb-7d3f4fc0f0d5,15cc8adb-fb75-4d62-b610-c0c7cde102e4,1
2cc8a23f-0764-4371-84b4-efa6553dbd3d,b46fd4a8-acd5-47d9-aca1-9fadd6eb0f64,0
d9311c78-efa7-4d94-a51b-90237cfe1d95,b46fd4a8-acd5-47d9-aca1-9fadd6eb0f64,0
9927df1b-e1d8-460f-b245-0b6a357bb9a0,b46fd4a8-acd5-47d9-aca1-9fadd6eb0f64,0
2ce73fd0-887b-497d-b7bf-a250b910b31e,8741668d-c1b5-407e-bb34-4f6571dce020,0
2ce73fd0-887b-497d-b7bf-a250b910b31e,82468c00-5816-470a-91c7-e626b7c29fe3,0
2ce73fd0-887b-497d-b7bf-a250b910b31e,bbd88abe-c636-4586-aa0e-250a41a70c58,1
8c3c6b55-5992-4652-8a42-6d0d07d9dc21,8741668d-c1b5-407e-bb34-4f6571dce020,0
8c3c6b55-5992-4652-8a42-6d0d07d9dc21,82468c00-5816-470a-91c7-e626b7c29fe3,0
8c3c6b55-5992-4652-8a42-6d0d07d9dc21,bbd88abe-c636-4586-aa0e-250a41a70c58,1
9d867ed8-7605-48f0-a038-e27cec468021,ca68d95f-4aa8-4644-a490-b9dae5879a35,0
9d867ed8-7605-48f0-a038-e27cec468021,7bae3d5a-cbfd-47d7-b5d8-411523f8cb61,0
9d867ed8-7605-48f0-a038-e27cec468021,4b9c8345-a053-4448-b656-0a35f67ae50f,1
1eb085f3-f7a7-45cb-8a6d-2d018b37f924,ca68d95f-4aa8-4644-a490-b9dae5879a35,0
1eb085f3-f7a7-45cb-8a6d-2d018b37f924,7bae3d5a-cbfd-47d7-b5d8-411523f8cb61,0
1eb085f3-f7a7-45cb-8a6d-2d018b37f924,4b9c8345-a053-4448-b656-0a35f67ae50f,1
b6bb5bbe-54a7-46d2-960f-a149668c8d42,ca68d95f-4aa8-4644-a490-b9dae5879a35,0
b6bb5bbe-54a7-46d2-960f-a149668c8d42,7bae3d5a-cbfd-47d7-b5d8-411523f8cb61,0
b6bb5bbe-54a7-46d2-960f-a149668c8d42,4b9c8345-a053-4448-b656-0a35f67ae50f,1
23535d48-c479-4867-9e36-7709b3a09d74,92e7729c-1a64-41af-8088-2c6d9649f959,0
23535d48-c479-4867-9e36-7709b3a09d74,1774a4be-60a5-4ddb-a384-453468e2fc77,0
23535d48-c479-4867-9e36-7709b3a09d74,4d1bf273-219b-4c6b-8195-ff0437bebd78,1
c6ab3a55-5a73-41bb-8eff-f037a321aa27,92e7729c-1a64-41af-8088-2c6d9649f959,0
c6ab3a55-5a73-41bb-8eff-f037a321aa27,1774a4be-60a5-4ddb-a384-453468e2fc77,0
c6ab3a55-5a73-41bb-8eff-f037a321aa27,4d1bf273-219b-4c6b-8195-ff0437bebd78,1
ac5247bd-9487-4102-a6f4-d38fa23292f2,92e7729c-1a64-41af-8088-2c6d9649f959,0
ac5247bd-9487-4102-a6f4-d38fa23292f2,1774a4be-60a5-4ddb-a384-453468e2fc77,0
ac5247bd-9487-4102-a6f4-d38fa23292f2,4d1bf273-219b-4c6b-8195-ff0437bebd78,1
6ed6a260-dfcf-42c5-88ba-9f3a03f61465,9939b773-da66-4ada-85c4-f0a519827300,0
6ed6a260-dfcf-42c5-88ba-9f3a03f61465,b7f66104-a4ad-4e11-bd9a-a593dd8551c3,0
6ed6a260-dfcf-42c5-88ba-9f3a03f61465,88e51878-9d4b-40eb-ba3b-bf9d8a182116,1
56da38f0-6908-4348-8d04-40eac7c406df,9939b773-da66-4ada-85c4-f0a519827300,0
56da38f0-6908-4348-8d04-40eac7c406df,b7f66104-a4ad-4e11-bd9a-a593dd8551c3,0
56da38f0-6908-4348-8d04-40eac7c406df,c94d5211-c427-4ba7-a458-a4d99d5c6eb2,1
09131446-171c-4523-856d-e6b7f5054197,b46fd4a8-acd5-47d9-aca1-9fadd6eb0f64,0
5165739b-379d-4dd4-9d00-51109229427f,1acac925-5683-4ce2-8cbe-2330b73e5599,0
5165739b-379d-4dd4-9d00-51109229427f,648ba7cd-9a63-4196-9b2c-36783b1fe050,0
5165739b-379d-4dd4-9d00-51109229427f,2275cc5a-6961-4f06-9589-c233bed407ff,1
9ff43f95-c8cf-4121-a28d-d053d559486d,1acac925-5683-4ce2-8cbe-2330b73e5599,0
9ff43f95-c8cf-4121-a28d-d053d559486d,0b4c82f4-a745-4725-9b1e-6cb124a4827c,0
9ff43f95-c8cf-4121-a28d-d053d559486d,b2b53a5c-f14b-4eef-9c42-30e62cc74124,1
4a6a82eb-931f-48c7-9df1-cf8b7d033682,6488e47d-36ce-43e9-9b47-93192988464b,0
4a6a82eb-931f-48c7-9df1-cf8b7d033682,78664b1c-d145-4266-b197-d0a34a14a40c,0
4a6a82eb-931f-48c7-9df1-cf8b7d033682,dcdaa9de-155f-4d30-b7b3-9da2ca0ee3af,1
9bb5363d-46fb-4197-9157-d248f4065c93,40607e6c-f88a-43bb-9a0f-efb17bd386ac,0
cedcaa75-d837-4d4e-b1e1-ef99e169f073,d1cab16a-0de3-44f8-8625-4a4a053be545,0
cedcaa75-d837-4d4e-b1e1-ef99e169f073,dfa641ad-690b-4f23-9500-a2d2d6cf747d,0
cedcaa75-d837-4d4e-b1e1-ef99e169f073,c5782b98-c758-4f5b-9d25-2effef5058c2,1
818a69b5-3335-4e41-bf11-3f04f37599b9,d1cab16a-0de3-44f8-8625-4a4a053be545,0
818a69b5-3335-4e41-bf11-3f04f37599b9,dfa641ad-690b-4f23-9500-a2d2d6cf747d,0
818a69b5-3335-4e41-bf11-3f04f37599b9,c5782b98-c758-4f5b-9d25-2effef5058c2,1
fd480124-63d4-40b6-9518-37b7bfa0474b,ac59897e-43f9-4102-b707-ecae52fa25a6,0
fd480124-63d4-40b6-9518-37b7bfa0474b,c8a16bba-422c-465c-8994-968a20b1fe88,0
fd480124-63d4-40b6-9518-37b7bfa0474b,1774a4be-60a5-4ddb-a384-453468e2fc77,1
4491c8e6-eb6f-4e42-9353-6f1193120f47,53b58e9b-b6a5-4087-936b-8d8b080d90c3,0
4491c8e6-eb6f-4e42-9353-6f1193120f47,5a75383b-eec2-4a38-87dd-592bd3374ac8,0
4491c8e6-eb6f-4e42-9353-6f1193120f47,3aebe557-cd51-44fe-8f67-ee651efab19e,1
470a0f0f-65df-4bf7-aff9-e0c97d9ee4fc,53b58e9b-b6a5-4087-936b-8d8b080d90c3,0
470a0f0f-65df-4bf7-aff9-e0c97d9ee4fc,5a75383b-eec2-4a38-87dd-592bd3374ac8,0
470a0f0f-65df-4bf7-aff9-e0c97d9ee4fc,3aebe557-cd51-44fe-8f67-ee651efab19e,1
e1414f06-41cc-4bc1-8060-bb646422260c,7d1a1066-5231-47bd-8981-c57d1dd30db3,0
e1414f06-41cc-4bc1-8060-bb646422260c,d1cab16a-0de3-44f8-8625-4a4a053be545,0
e1414f06-41cc-4bc1-8060-bb646422260c,94fc8c48-c4a0-4719-9c44-4c2b9f6f516c,1
a6ad05e4-9630-4be5-bb67-7154a6bec70d,7d1a1066-5231-47bd-8981-c57d1dd30db3,0
a6ad05e4-9630-4be5-bb67-7154a6bec70d,d1cab16a-0de3-44f8-8625-4a4a053be545,0
a6ad05e4-9630-4be5-bb67-7154a6bec70d,94fc8c48-c4a0-4719-9c44-4c2b9f6f516c,1
6f19d112-2ef7-4183-b469-905dbbbd912b,c5782b98-c758-4f5b-9d25-2effef5058c2,0
6f19d112-2ef7-4183-b469-905dbbbd912b,b0565e79-6680-41c2-a8e5-fbd0b46213df,0
6f19d112-2ef7-4183-b469-905dbbbd912b,829d07fb-a50f-45f2-8478-b2f7aa9dffe1,1
68996a02-bd4d-4f2c-8cf7-8228e8a48ea4,26f22bd2-22aa-4d33-bed5-12251fc0292e,0
68996a02-bd4d-4f2c-8cf7-8228e8a48ea4,c8a16bba-422c-465c-8994-968a20b1fe88,0
68996a02-bd4d-4f2c-8cf7-8228e8a48ea4,02ce0d3d-e6a3-4f5f-a6ca-5a7b5936054f,1
bb75056f-7402-4e69-96fa-12ed01490cf5,26f22bd2-22aa-4d33-bed5-12251fc0292e,0
bb75056f-7402-4e69-96fa-12ed01490cf5,c8a16bba-422c-465c-8994-968a20b1fe88,0
bb75056f-7402-4e69-96fa-12ed01490cf5,7d1a1066-5231-47bd-8981-c57d1dd30db3,1
8a83e136-5369-41df-90ed-8ad92faf6b8a,26f22bd2-22aa-4d33-bed5-12251fc0292e,0
8a83e136-5369-41df-90ed-8ad92faf6b8a,c8a16bba-422c-465c-8994-968a20b1fe88,0
8a83e136-5369-41df-90ed-8ad92faf6b8a,c1edbeaf-334b-4aea-8908-edeef4fc0fcb,1
f39e0968-e05d-4f81-afee-bc0705689636,66c8d298-2bec-4ad6-9667-084a8ba5b728,0
f39e0968-e05d-4f81-afee-bc0705689636,2275cc5a-6961-4f06-9589-c233bed407ff,0
f39e0968-e05d-4f81-afee-bc0705689636,0ed43700-93ce-438b-8551-2f4e82d3a882,1
a8b28c37-94cd-4dee-9dae-9a06bec1baf9,66c8d298-2bec-4ad6-9667-084a8ba5b728,0
a8b28c37-94cd-4dee-9dae-9a06bec1baf9,2275cc5a-6961-4f06-9589-c233bed407ff,0
a8b28c37-94cd-4dee-9dae-9a06bec1baf9,0ed43700-93ce-438b-8551-2f4e82d3a882,1
1c5887a9-3376-4070-9789-1f7ec6a2a728,b728fcc5-a1c0-4e49-8fa1-a58cee5fb854,0
1c5887a9-3376-4070-9789-1f7ec6a2a728,ca68d95f-4aa8-4644-a490-b9dae5879a35,0
1c5887a9-3376-4070-9789-1f7ec6a2a728,5df1d46c-adc9-4d63-8480-fbd34f09f8ce,1
fbb65e6e-490d-46b3-857c-c56d4ed0841b,13760beb-7513-4589-a37b-fbf391150aef,0
fbb65e6e-490d-46b3-857c-c56d4ed0841b,02ce0d3d-e6a3-4f5f-a6ca-5a7b5936054f,0
fbb65e6e-490d-46b3-857c-c56d4ed0841b,367e6310-9948-414a-8553-32f4816ab694,1
33525b6a-a8b4-48ce-8255-58da146893dd,02ce0d3d-e6a3-4f5f-a6ca-5a7b5936054f,0
1a044481-358c-4ce8-bdcb-facf7af195e7,02ce0d3d-e6a3-4f5f-a6ca-5a7b5936054f,0
888b00d6-8cfc-4337-bacc-b58a04e6ec46,b46fd4a8-acd5-47d9-aca1-9fadd6eb0f64,0
23056b01-b741-4fba-9883-92cb172188c3,7bae3d5a-cbfd-47d7-b5d8-411523f8cb61,0
23056b01-b741-4fba-9883-92cb172188c3,13760beb-7513-4589-a37b-fbf391150aef,1
ef006de5-4878-4b81-b0fe-d78b093a35d4,7bae3d5a-cbfd-47d7-b5d8-411523f8cb61,0
ef006de5-4878-4b81-b0fe-d78b093a35d4,13760beb-7513-4589-a37b-fbf391150aef,1
97ae62e3-0f63-4f43-aa16-f984c8f53b4f,a0c259b1-e655-47a5-949c-a7266e0ad447,0
bb4a693d-639f-449a-9d0a-58d539e09c40,a0c259b1-e655-47a5-949c-a7266e0ad447,0
2786ed34-5e10-45db-842f-a5f285aa91dd,a0c259b1-e655-47a5-949c-a7266e0ad447,0
9d54312c-b7fd-475a-8053-25eaae12ca74,72759dae-410c-48ff-ac5e-e511792f069d,0
9d54312c-b7fd-475a-8053-25eaae12ca74,7d1a1066-5231-47bd-8981-c57d1dd30db3,1
47949699-5401-44c6-8a49-360ae73c5326,dfa641ad-690b-4f23-9500-a2d2d6cf747d,0
0b312eed-ee3a-4413-9c3f-6c440afdb2e1,72759dae-410c-48ff-ac5e-e511792f069d,0
0b312eed-ee3a-4413-9c3f-6c440afdb2e1,7d1a1066-5231-47bd-8981-c57d1dd30db3,1
9487891d-532d-4662-9acc-d779d9f0652e,d1fec1b2-8d50-40cf-8338-005d7ca2d6c5,0
918f9bee-eb19-43e6-8fdd-a87ee77442b7,a044fdbf-eb84-44ca-8cac-a27691d8f05f,0
0f825ae1-26c0-4bc6-84ff-63dbd414f825,ef8a4133-e2e5-462b-bdeb-eafd6b198c31,0
aad7b82a-979c-4d7d-ac37-6b28facbc575,1302ca34-3a65-47aa-95bf-5f717cc184e0,0
aad7b82a-979c-4d7d-ac37-6b28facbc575,c8a16bba-422c-465c-8994-968a20b1fe88,1
1092e8fa-79f6-4853-8703-7bc6d16a1f3a,3076409c-a264-4a5b-844a-502559f4cd4b,0
ead4102d-dab8-40c0-a619-eee15694809e,94fc8c48-c4a0-4719-9c44-4c2b9f6f516c,0
aa3f1778-02da-4c99-aa8f-90e2ec1a9f90,ef8a4133-e2e5-462b-bdeb-eafd6b198c31,0
e9035ded-200d-46b5-a9d1-97bf61d9203b,a044fdbf-eb84-44ca-8cac-a27691d8f05f,0
ce801868-8024-4c79-a231-eb6ec40d9b8c,a0c259b1-e655-47a5-949c-a7266e0ad447,0
b1f23d26-9a25-4593-8436-d6c7d4831345,a0c259b1-e655-47a5-949c-a7266e0ad447,0
d681191d-409e-407b-b91d-3f0ef503e284,ce1042a9-366c-42df-80e7-b5a9db9a1ffd,0
9ad5e7f7-5672-40d8-bf4b-597733cb0ba1,ce1042a9-366c-42df-80e7-b5a9db9a1ffd,0
f329d4ef-1e4b-43a8-96ff-fbf92d64fe04,c5b858bc-8281-40cc-890d-10d5afb3d70c,0
03f5048a-d4a7-42ae-868e-cef5504c1e03,c5b858bc-8281-40cc-890d-10d5afb3d70c,0
1f7ff70b-ca76-4933-b952-df014e6709f9,c5b858bc-8281-40cc-890d-10d5afb3d70c,0
8c559de9-efa3-4862-8129-8ba67db081a7,c5b858bc-8281-40cc-890d-10d5afb3d70c,0
172d9fea-88e1-447a-8206-9b9c9da9700d,c5b858bc-8281-40cc-890d-10d5afb3d70c,0
6220ed41-b1eb-4247-96c6-688e114cae13,69628ef0-84a0-49ae-aeef-b1598bfec40b,0
6220ed41-b1eb-4247-96c6-688e114cae13,869358dd-9173-4d5d-ab98-078dcc19ee4d,1
614a125f-ea65-45d2-bac8-67416c471002,69628ef0-84a0-49ae-aeef-b1598bfec40b,0
614a125f-ea65-45d2-bac8-67416c471002,869358dd-9173-4d5d-ab98-078dcc19ee4d,1
a582c1c1-a6d7-4389-a467-65157b1f1460,69628ef0-84a0-49ae-aeef-b1598bfec40b,0
a582c1c1-a6d7-4389-a467-65157b1f1460,869358dd-9173-4d5d-ab98-078dcc19ee4d,1
987e1663-132d-48e6-8f5c-0983aa854c97,cdf67e6b-4764-488c-8171-efc6206ce3e9,0
987e1663-132d-48e6-8f5c-0983aa854c97,421d53ad-bad8-466b-86a8-95a4203aecb4,1
634ed109-dcca-42fd-b341-8a069abf3eee,cdf67e6b-4764-488c-8171-efc6206ce3e9,0
634ed109-dcca-42fd-b341-8a069abf3eee,421d53ad-bad8-466b-86a8-95a4203aecb4,1
5bbb8821-dca6-4f94-8d4b-bc40ee1a6adb,cdf67e6b-4764-488c-8171-efc6206ce3e9,0
5bbb8821-dca6-4f94-8d4b-bc40ee1a6adb,421d53ad-bad8-466b-86a8-95a4203aecb4,1
66b1ad38-b4a7-4bde-9efa-55bd47990115,ed959385-60d1-4d44-97ee-3c82b926080b,0
66b1ad38-b4a7-4bde-9efa-55bd47990115,6562154e-3c8a-4bdd-987f-45234e62ac8e,1
2d873247-7761-4ed3-87fb-ffa73bd58f8c,ed959385-60d1-4d44-97ee-3c82b926080b,0
2d873247-7761-4ed3-87fb-ffa73bd58f8c,6562154e-3c8a-4bdd-987f-45234e62ac8e,1
96884422-3e60-4a17-b05b-b159065db5cf,ed959385-60d1-4d44-97ee-3c82b926080b,0
96884422-3e60-4a17-b05b-b159065db5cf,6562154e-3c8a-4bdd-987f-45234e62ac8e,1
96884422-3e60-4a17-b05b-b159065db5cf,67eef122-0fc8-49fa-814f-d9189ca56f46,0
05c08297-ccb2-48ab-9af2-f28385f86e25,67eef122-0fc8-49fa-814f-d9189ca56f46,0
855d154b-dfa1-4d47-b38f-33fca1833127,67eef122-0fc8-49fa-814f-d9189ca56f46,0
346bb902-c6a8-4cb7-b5b0-ddd13907fe17,18f6702f-5b65-4d88-b468-52b307112758,0
346bb902-c6a8-4cb7-b5b0-ddd13907fe17,2d50a1cc-726a-4150-ad52-583cbcedf623,0
346bb902-c6a8-4cb7-b5b0-ddd13907fe17,8d20cd1d-5601-49e1-b0fd-92e373a27edc,1
b2612efe-00c0-458f-a8dd-4f48392c6d6a,18f6702f-5b65-4d88-b468-52b307112758,0
b2612efe-00c0-458f-a8dd-4f48392c6d6a,2d50a1cc-726a-4150-ad52-583cbcedf623,0
b2612efe-00c0-458f-a8dd-4f48392c6d6a,8d20cd1d-5601-49e1-b0fd-92e373a27edc,1
19dfc0a1-5626-4fe5-a176-95b47ec3945d,66c8d298-2bec-4ad6-9667-084a8ba5b728,0
19dfc0a1-5626-4fe5-a176-95b47ec3945d,7d645d1b-d4fc-4e1b-be8f-f8b6c0adbe0d,1
203396d5-5c3d-4e1a-b520-ff9f0af38a33,7bae3d5a-cbfd-47d7-b5d8-411523f8cb61,0
203396d5-5c3d-4e1a-b520-ff9f0af38a33,7d645d1b-d4fc-4e1b-be8f-f8b6c0adbe0d,1
a69ac254-5f2a-4727-989c-c826cb4261a4,7bae3d5a-cbfd-47d7-b5d8-411523f8cb61,0
a69ac254-5f2a-4727-989c-c826cb4261a4,7d645d1b-d4fc-4e1b-be8f-f8b6c0adbe0d,1
d3d3785b-6d80-4887-868b-896d10891b29,02ecd9eb-e5e8-4019-8df1-9b8fe43bd4d8,0
d3d3785b-6d80-4887-868b-896d10891b29,3baa62d3-0897-4317-bc9d-e3ad617263b1,0
d3d3785b-6d80-4887-868b-896d10891b29,f081028a-562a-4e3f-a8f7-e6fc7af45d65,1
08d00a68-b474-42a0-9e00-576dc78f5ee0,b2a7c6f4-5e2f-4ce2-bb4e-3c30b04b5a7e,0
08d00a68-b474-42a0-9e00-576dc78f5ee0,f081028a-562a-4e3f-a8f7-e6fc7af45d65,1
8f84a976-64f9-454e-8d56-f5893d3f592e,02ecd9eb-e5e8-4019-8df1-9b8fe43bd4d8,0
8f84a976-64f9-454e-8d56-f5893d3f592e,3baa62d3-0897-4317-bc9d-e3ad617263b1,0
8f84a976-64f9-454e-8d56-f5893d3f592e,f081028a-562a-4e3f-a8f7-e6fc7af45d65,1
320eab4a-c864-48b9-a554-310ca004b264,02ecd9eb-e5e8-4019-8df1-9b8fe43bd4d8,0
320eab4a-c864-48b9-a554-310ca004b264,3baa62d3-0897-4317-bc9d-e3ad617263b1,0
320eab4a-c864-48b9-a554-310ca004b264,f081028a-562a-4e3f-a8f7-e6fc7af45d65,1
814445b5-3cb4-4dcf-9b86-265f32868507,02ecd9eb-e5e8-4019-8df1-9b8fe43bd4d8,0
814445b5-3cb4-4dcf-9b86-265f32868507,3baa62d3-0897-4317-bc9d-e3ad617263b1,0
814445b5-3cb4-4dcf-9b86-265f32868507,f081028a-562a-4e3f-a8f7-e6fc7af45d65,1
bf0881f7-3135-46d3-bfd6-0698e827159a,92e7729c-1a64-41af-8088-2c6d9649f959,0
bf0881f7-3135-46d3-bfd6-0698e827159a,4d1bf273-219b-4c6b-8195-ff0437bebd78,0
bf0881f7-3135-46d3-bfd6-0698e827159a,dc894a2a-a246-4ebc-89fa-0fe4c3da3a19,1
a55fa279-a13d-4ee4-ab36-78c655e0eda2,92e7729c-1a64-41af-8088-2c6d9649f959,0
a55fa279-a13d-4ee4-ab36-78c655e0eda2,4d1bf273-219b-4c6b-8195-ff0437bebd78,0
a55fa279-a13d-4ee4-ab36-78c655e0eda2,dc894a2a-a246-4ebc-89fa-0fe4c3da3a19,1
f60ada20-3aa7-40fa-8509-a160c71e2e0f,166744b1-5e28-454c-8fda-d39f922bd6cd,0
f60ada20-3aa7-40fa-8509-a160c71e2e0f,d0e7e06e-583f-40bc-8c8c-10d53476c7bd,1
82ca7a26-1954-4cea-bfa1-d9ff96b5b6a2,166744b1-5e28-454c-8fda-d39f922bd6cd,0
82ca7a26-1954-4cea-bfa1-d9ff96b5b6a2,d0e7e06e-583f-40bc-8c8c-10d53476c7bd,1
d435676b-1269-4991-a2f1-8b417db038a3,166744b1-5e28-454c-8fda-d39f922bd6cd,0
d0e512c4-139f-4114-a8cb-9aa66f1d83c0,166744b1-5e28-454c-8fda-d39f922bd6cd,0
d0e512c4-139f-4114-a8cb-9aa66f1d83c0,d0e7e06e-583f-40bc-8c8c-10d53476c7bd,1
b966913b-3802-4842-8a19-b409e0f52372,b0565e79-6680-41c2-a8e5-fbd0b46213df,0
b966913b-3802-4842-8a19-b409e0f52372,6578a6fd-5834-4825-91f4-13d39d9fcd31,1
53c6c443-a61b-46af-bcf6-38f318fa8fff,b0565e79-6680-41c2-a8e5-fbd0b46213df,0
53c6c443-a61b-46af-bcf6-38f318fa8fff,6578a6fd-5834-4825-91f4-13d39d9fcd31,1
1f77a640-1f6a-4c06-b853-596f52da8465,53b58e9b-b6a5-4087-936b-8d8b080d90c3,0
1f77a640-1f6a-4c06-b853-596f52da8465,1774a4be-60a5-4ddb-a384-453468e2fc77,0
1f77a640-1f6a-4c06-b853-596f52da8465,acae8cd1-fb97-4648-85ca-96f3845d2114,1
3bb580eb-bba9-484f-89c7-a4c226063ed0,53b58e9b-b6a5-4087-936b-8d8b080d90c3,0
3bb580eb-bba9-484f-89c7-a4c226063ed0,1774a4be-60a5-4ddb-a384-453468e2fc77,0
3bb580eb-bba9-484f-89c7-a4c226063ed0,acae8cd1-fb97-4648-85ca-96f3845d2114,1
58c0a6ce-c507-431f-b8b8-262804ada254,a5cd02ff-2c92-4b3e-808b-5b05b5dcfd6c,0
4bd9caf9-cba1-4922-a5ce-f1bf35edd3ea,26f22bd2-22aa-4d33-bed5-12251fc0292e,0
4bd9caf9-cba1-4922-a5ce-f1bf35edd3ea,4b9c8345-a053-4448-b656-0a35f67ae50f,0
4bd9caf9-cba1-4922-a5ce-f1bf35edd3ea,05d6904f-e213-4b47-b83b-e2252760327a,1
9e9643af-47cf-4e05-9ad7-dbdbe63b3772,26f22bd2-22aa-4d33-bed5-12251fc0292e,0
9e9643af-47cf-4e05-9ad7-dbdbe63b3772,4b9c8345-a053-4448-b656-0a35f67ae50f,0
9e9643af-47cf-4e05-9ad7-dbdbe63b3772,72759dae-410c-48ff-ac5e-e511792f069d,1
245b3cb0-fcd1-456c-90e7-9b7264263fbb,26f22bd2-22aa-4d33-bed5-12251fc0292e,0
245b3cb0-fcd1-456c-90e7-9b7264263fbb,4b9c8345-a053-4448-b656-0a35f67ae50f,0
245b3cb0-fcd1-456c-90e7-9b7264263fbb,dcc0a170-da5b-443e-bfd0-ac449ecd967a,1
11a5da32-2892-4526-9c7b-2b3eea7fa136,3aebe557-cd51-44fe-8f67-ee651efab19e,0
a9d8f780-f8b8-468b-94b3-9ebbfcb06e15,3aebe557-cd51-44fe-8f67-ee651efab19e,0
48a6cbe1-afa7-42c1-8907-019f02b07640,caa24940-9a55-4519-88a1-df96ed32992b,0
5f02128e-ff46-40ae-b90e-022c8411caf4,caa24940-9a55-4519-88a1-df96ed32992b,0
80b10637-0b24-4084-be72-88628d454647,7db9cd87-3e20-427a-be65-c4228a937b10,0
80b10637-0b24-4084-be72-88628d454647,b28f3f05-452c-42f9-a957-b9b1629e1521,1
c633bbae-c98a-465e-b25e-59fe4b5fa415,7db9cd87-3e20-427a-be65-c4228a937b10,0
c633bbae-c98a-465e-b25e-59fe4b5fa415,b28f3f05-452c-42f9-a957-b9b1629e1521,1
fba97134-d06f-4be6-9fc8-98d7dfec4a37,c05057b5-30ad-4138-a182-ae9bdd36ec9f,0
fba97134-d06f-4be6-9fc8-98d7dfec4a37,b2b53a5c-f14b-4eef-9c42-30e62cc74124,1
66f8287c-33bd-4aba-b8f5-26047b1dcbed,c05057b5-30ad-4138-a182-ae9bdd36ec9f,0
66f8287c-33bd-4aba-b8f5-26047b1dcbed,b2b53a5c-f14b-4eef-9c42-30e62cc74124,1
7bf25cce-fb7e-4bb4-bc75-51c7babd161f,4fab4f54-5676-4f0a-b8b0-00477dc0a64d,0
7bf25cce-fb7e-4bb4-bc75-51c7babd161f,3aa80a19-5549-47b8-999e-5aa6f8f38141,0
7bf25cce-fb7e-4bb4-bc75-51c7babd161f,4b9c8345-a053-4448-b656-0a35f67ae50f,1
cbd9a987-e977-4790-a893-93bc6262ac96,4fab4f54-5676-4f0a-b8b0-00477dc0a64d,0
cbd9a987-e977-4790-a893-93bc6262ac96,3aa80a19-5549-47b8-999e-5aa6f8f38141,0
cbd9a987-e977-4790-a893-93bc6262ac96,4b9c8345-a053-4448-b656-0a35f67ae50f,1
6686078a-11b1-42a2-831f-192a5960dc8c,cb5c83d6-7e1a-448e-8166-3b19ced4b72f,0
6686078a-11b1-42a2-831f-192a5960dc8c,22f3cb10-2d32-4526-85c7-24be24ffbc39,0
6686078a-11b1-42a2-831f-192a5960dc8c,99e27bcc-fa09-4af5-a277-ca68cc130736,1
868400ce-5c32-4c13-8cba-491e5ed5f45c,cb5c83d6-7e1a-448e-8166-3b19ced4b72f,0
868400ce-5c32-4c13-8cba-491e5ed5f45c,22f3cb10-2d32-4526-85c7-24be24ffbc39,0
868400ce-5c32-4c13-8cba-491e5ed5f45c,99e27bcc-fa09-4af5-a277-ca68cc130736,1
ab3c79c0-2366-4882-8e31-011881732a7b,3c3ad733-172c-41e0-ab9c-936b10887a75,0
ab3c79c0-2366-4882-8e31-011881732a7b,d6a746c0-7a7c-4787-91c0-d587b0b4ba05,0
ab3c79c0-2366-4882-8e31-011881732a7b,43c4f371-a026-43cb-832b-ad8cecf9a58a,1
3a4b6247-6665-420d-95f1-1a8c535bbd45,3c3ad733-172c-41e0-ab9c-936b10887a75,0
3a4b6247-6665-420d-95f1-1a8c535bbd45,d6a746c0-7a7c-4787-91c0-d587b0b4ba05,0
3a4b6247-6665-420d-95f1-1a8c535bbd45,43c4f371-a026-43cb-832b-ad8cecf9a58a,1
32046439-35e4-419b-b70e-6234a76a5e3d,3f5335a9-45bc-4320-a93a-ee097f552cf5,0
59177464-2a1b-4d3d-815a-fef4704c41f3,3f5335a9-45bc-4320-a93a-ee097f552cf5,0
e63bdd8c-0aa8-4f28-83a1-b9e039210e20,54f540a9-f60e-4e9b-a76b-0eddfb1891fd,0
e63bdd8c-0aa8-4f28-83a1-b9e039210e20,dcdaa9de-155f-4d30-b7b3-9da2ca0ee3af,0
e63bdd8c-0aa8-4f28-83a1-b9e039210e20,3727a23c-0f09-4bc1-bd0e-2cd0675bafce,1
6d8fd781-2a35-4209-970a-968ba68ae3c3,54f540a9-f60e-4e9b-a76b-0eddfb1891fd,0
6d8fd781-2a35-4209-970a-968ba68ae3c3,dcdaa9de-155f-4d30-b7b3-9da2ca0ee3af,0
6d8fd781-2a35-4209-970a-968ba68ae3c3,3727a23c-0f09-4bc1-bd0e-2cd0675bafce,1
b3a9575a-19df-4a31-b3b4-d1c0e8373acd,cf19b51a-7dbb-4554-8f27-fd744dacd93d,0
b3a9575a-19df-4a31-b3b4-d1c0e8373acd,5390a51d-25cd-4e51-8b0e-8067913c4ea0,1
868a32e7-cbf0-4ca1-9da5-7b55ce6ab1f2,cf19b51a-7dbb-4554-8f27-fd744dacd93d,0
868a32e7-cbf0-4ca1-9da5-7b55ce6ab1f2,c9c9e9a4-2a01-4b15-abba-6ec5917ed57a,1
b1f77dc8-0a40-4a78-8af9-dc9bf4cf5751,7b65329d-a8c3-49c8-b0bb-23fe12c1c6c9,0
b1f77dc8-0a40-4a78-8af9-dc9bf4cf5751,858a945e-51db-45c0-9a8f-8a170e78549a,1
53ad92f3-1193-4069-9ffc-66ec7e4e234b,7b65329d-a8c3-49c8-b0bb-23fe12c1c6c9,0
53ad92f3-1193-4069-9ffc-66ec7e4e234b,858a945e-51db-45c0-9a8f-8a170e78549a,1
bb484ed7-d375-4a7c-9952-8209be6bc038,545d3d72-5e66-4c4d-88c9-94dcec70ad08,0
bb484ed7-d375-4a7c-9952-8209be6bc038,a0a8466a-62e7-48f6-9857-33bdfb739a8e,1
4e29d547-0b71-4c65-88e0-277dc1c3cb86,78664b1c-d145-4266-b197-d0a34a14a40c,0
4e29d547-0b71-4c65-88e0-277dc1c3cb86,b2b53a5c-f14b-4eef-9c42-30e62cc74124,0
4e29d547-0b71-4c65-88e0-277dc1c3cb86,1774a4be-60a5-4ddb-a384-453468e2fc77,1
53aceea9-7afb-4bf2-8c41-655dfff6553b,2d50a1cc-726a-4150-ad52-583cbcedf623,0
53aceea9-7afb-4bf2-8c41-655dfff6553b,18f6702f-5b65-4d88-b468-52b307112758,0
53aceea9-7afb-4bf2-8c41-655dfff6553b,eb535648-d15e-4046-869a-788641fe974f,1
43394827-4bbb-491c-98e2-675235863bcb,15cc8adb-fb75-4d62-b610-c0c7cde102e4,0
43394827-4bbb-491c-98e2-675235863bcb,5390a51d-25cd-4e51-8b0e-8067913c4ea0,1
fa12c8b7-5356-4152-bff7-fa1a5af62c63,b0565e79-6680-41c2-a8e5-fbd0b46213df,0
fa12c8b7-5356-4152-bff7-fa1a5af62c63,1acac925-5683-4ce2-8cbe-2330b73e5599,0
fa12c8b7-5356-4152-bff7-fa1a5af62c63,1bbc1c13-9611-44aa-b68f-9ef9a6c5ce8d,1
41694893-6f08-49ab-854a-799a1c5f0c6a,b0565e79-6680-41c2-a8e5-fbd0b46213df,0
41694893-6f08-49ab-854a-799a1c5f0c6a,1acac925-5683-4ce2-8cbe-2330b73e5599,0
41694893-6f08-49ab-854a-799a1c5f0c6a,1bbc1c13-9611-44aa-b68f-9ef9a6c5ce8d,1
8af697fb-868b-485c-bf82-9078badc7884,b0565e79-6680-41c2-a8e5-fbd0b46213df,0
8af697fb-868b-485c-bf82-9078badc7884,648ba7cd-9a63-4196-9b2c-36783b1fe050,0
8af697fb-868b-485c-bf82-9078badc7884,1bbc1c13-9611-44aa-b68f-9ef9a6c5ce8d,1
dd9cd06e-1931-4384-babe-470143c084ab,b0565e79-6680-41c2-a8e5-fbd0b46213df,0
dd9cd06e-1931-4384-babe-470143c084ab,1acac925-5683-4ce2-8cbe-2330b73e5599,0
dd9cd06e-1931-4384-babe-470143c084ab,1bbc1c13-9611-44aa-b68f-9ef9a6c5ce8d,1
ff0235a5-73ea-43ee-a7a8-dfc8b2014408,b0565e79-6680-41c2-a8e5-fbd0b46213df,0
ff0235a5-73ea-43ee-a7a8-dfc8b2014408,648ba7cd-9a63-4196-9b2c-36783b1fe050,0
ff0235a5-73ea-43ee-a7a8-dfc8b2014408,1bbc1c13-9611-44aa-b68f-9ef9a6c5ce8d,1
f2e0b859-88bb-4e0f-81bd-851f7abfa68e,72759dae-410c-48ff-ac5e-e511792f069d,0
f2e0b859-88bb-4e0f-81bd-851f7abfa68e,421d53ad-bad8-466b-86a8-95a4203aecb4,1
54f1d938-019f-4d79-9f91-38a71e87fdb2,2e71fa12-5ef0-44ed-b8a6-36368ba02ead,0
54f1d938-019f-4d79-9f91-38a71e87fdb2,b3fb57ed-c864-4c08-8aa3-2c0eea4abafc,0
54f1d938-019f-4d79-9f91-38a71e87fdb2,3e48e961-4bd9-4a25-981e-9ca1ea516e60,1
e30a3790-289b-4176-b7c6-bb98ad7832f6,2e71fa12-5ef0-44ed-b8a6-36368ba02ead,0
e30a3790-289b-4176-b7c6-bb98ad7832f6,b3fb57ed-c864-4c08-8aa3-2c0eea4abafc,0
e30a3790-289b-4176-b7c6-bb98ad7832f6,3e48e961-4bd9-4a25-981e-9ca1ea516e60,1
a9be419d-6b23-4cc1-a22b-aa83a5fe940c,18f6702f-5b65-4d88-b468-52b307112758,0
a9be419d-6b23-4cc1-a22b-aa83a5fe940c,b3fb57ed-c864-4c08-8aa3-2c0eea4abafc,0
a9be419d-6b23-4cc1-a22b-aa83a5fe940c,8e3ea8ff-72b8-410a-9449-f4a4ef210426,1
571acea2-b3ab-451e-8bb2-3fc4956c9f2d,18f6702f-5b65-4d88-b468-52b307112758,0
571acea2-b3ab-451e-8bb2-3fc4956c9f2d,b3fb57ed-c864-4c08-8aa3-2c0eea4abafc,0
571acea2-b3ab-451e-8bb2-3fc4956c9f2d,8e3ea8ff-72b8-410a-9449-f4a4ef210426,1
db6fc940-4a15-4105-a199-7038787bd3fe,18f6702f-5b65-4d88-b468-52b307112758,0
db6fc940-4a15-4105-a199-7038787bd3fe,b3fb57ed-c864-4c08-8aa3-2c0eea4abafc,0
db6fc940-4a15-4105-a199-7038787bd3fe,8e3ea8ff-72b8-410a-9449-f4a4ef210426,1
02a41b0f-619a-4145-82b0-4a946cd76e0c,18f6702f-5b65-4d88-b468-52b307112758,0
02a41b0f-619a-4145-82b0-4a946cd76e0c,b3fb57ed-c864-4c08-8aa3-2c0eea4abafc,0
02a41b0f-619a-4145-82b0-4a946cd76e0c,8e3ea8ff-72b8-410a-9449-f4a4ef210426,1
7da36ac6-36ef-4923-91b8-ae57eca1cfe4,18f6702f-5b65-4d88-b468-52b307112758,0
7da36ac6-36ef-4923-91b8-ae57eca1cfe4,b3fb57ed-c864-4c08-8aa3-2c0eea4abafc,0
7da36ac6-36ef-4923-91b8-ae57eca1cfe4,8e3ea8ff-72b8-410a-9449-f4a4ef210426,1
6d0c105e-a71a-4178-88c2-c12c560c5176,18f6702f-5b65-4d88-b468-52b307112758,0
6d0c105e-a71a-4178-88c2-c12c560c5176,b3fb57ed-c864-4c08-8aa3-2c0eea4abafc,0
6d0c105e-a71a-4178-88c2-c12c560c5176,8e3ea8ff-72b8-410a-9449-f4a4ef210426,1
c7b70cda-016e-4fac-955f-f8caced899af,18f6702f-5b65-4d88-b468-52b307112758,0
c7b70cda-016e-4fac-955f-f8caced899af,b3fb57ed-c864-4c08-8aa3-2c0eea4abafc,0
c7b70cda-016e-4fac-955f-f8caced899af,8e3ea8ff-72b8-410a-9449-f4a4ef210426,1
211910f8-bbc5-4605-946b-40be390d3225,18f6702f-5b65-4d88-b468-52b307112758,0
211910f8-bbc5-4605-946b-40be390d3225,b3fb57ed-c864-4c08-8aa3-2c0eea4abafc,0
211910f8-bbc5-4605-946b-40be390d3225,8e3ea8ff-72b8-410a-9449-f4a4ef210426,1
d2aa8aaa-4901-4a0b-9493-a4635d299bb4,05d6904f-e213-4b47-b83b-e2252760327a,0
d2aa8aaa-4901-4a0b-9493-a4635d299bb4,eee9e09c-6f41-4db5-b2bb-3bdae0617d4f,0
d2aa8aaa-4901-4a0b-9493-a4635d299bb4,5390a51d-25cd-4e51-8b0e-8067913c4ea0,1
0c98c397-ae5d-49c3-a257-abef65d34aa6,05d6904f-e213-4b47-b83b-e2252760327a,0
0c98c397-ae5d-49c3-a257-abef65d34aa6,eee9e09c-6f41-4db5-b2bb-3bdae0617d4f,0
0c98c397-ae5d-49c3-a257-abef65d34aa6,5390a51d-25cd-4e51-8b0e-8067913c4ea0,1
5297d733-e5f7-42cc-9c6b-fd9c3a7195e8,cf19b51a-7dbb-4554-8f27-fd744dacd93d,0
5297d733-e5f7-42cc-9c6b-fd9c3a7195e8,eee9e09c-6f41-4db5-b2bb-3bdae0617d4f,0
5297d733-e5f7-42cc-9c6b-fd9c3a7195e8,5390a51d-25cd-4e51-8b0e-8067913c4ea0,1
1d979124-4d8c-4f2f-ba5b-b673c7831fdb,b3fb57ed-c864-4c08-8aa3-2c0eea4abafc,0
1d979124-4d8c-4f2f-ba5b-b673c7831fdb,4b9c8345-a053-4448-b656-0a35f67ae50f,0
1d979124-4d8c-4f2f-ba5b-b673c7831fdb,8741668d-c1b5-407e-bb34-4f6571dce020,1
f530a28c-7678-4355-899a-2f0889230d81,b3fb57ed-c864-4c08-8aa3-2c0eea4abafc,0
f530a28c-7678-4355-899a-2f0889230d81,4b9c8345-a053-4448-b656-0a35f67ae50f,0
f530a28c-7678-4355-899a-2f0889230d81,8741668d-c1b5-407e-bb34-4f6571dce020,1
a43b2867-39d4-430c-b80d-ed9161eccc04,4f315cbc-ab50-4050-ac81-105fb08683a5,0
6b7c17a8-f0ad-43ea-9195-86c62242a0f0,4f315cbc-ab50-4050-ac81-105fb08683a5,0
10021a45-da39-4e91-9d8f-34c5852b2eeb,f72ae444-c01b-40bf-b42c-91d57ba82817,0
f16791e4-2214-4184-89ed-45e98acfe363,439b05b6-8d60-40b6-a46b-2c69648e7ea2,0
f16791e4-2214-4184-89ed-45e98acfe363,00c60487-cdbd-4223-b728-37fcb060cb8f,0
7a6429a5-0718-4f1d-899d-5aae58571ba8,439b05b6-8d60-40b6-a46b-2c69648e7ea2,0
7a6429a5-0718-4f1d-899d-5aae58571ba8,00c60487-cdbd-4223-b728-37fcb060cb8f,0
caab3ddc-32de-4c45-a605-6731b2b1fd15,00c60487-cdbd-4223-b728-37fcb060cb8f,0
ebd933cc-21ad-4bd1-8547-5f6f152586a9,15cc8adb-fb75-4d62-b610-c0c7cde102e4,0
105fd7c8-47f5-4480-af80-a599fd54f70c,875187d9-9daa-43d9-9776-6702e8ad192b,0
398cf3a9-fbc9-4a43-a2c9-660cf5de1bd4,421d53ad-bad8-466b-86a8-95a4203aecb4,0
758c2296-ad58-4aa5-a4da-2d936d99f6c0,421d53ad-bad8-466b-86a8-95a4203aecb4,0
1f033705-f425-44da-9a1d-01f06892d4a9,e9b58749-80d8-4f5f-abfe-d4c20b9f34f4,0
dcabdc8d-337d-46ff-b02a-43cc7622999b,69628ef0-84a0-49ae-aeef-b1598bfec40b,0
dcabdc8d-337d-46ff-b02a-43cc7622999b,9e2a17a2-3c2c-4542-a113-b0439bfe0d86,1
0709f589-d523-4644-83f4-8349286ff757,69628ef0-84a0-49ae-aeef-b1598bfec40b,0
0709f589-d523-4644-83f4-8349286ff757,9e2a17a2-3c2c-4542-a113-b0439bfe0d86,1
6ed20c5b-b8fb-439a-a009-3c9503d33090,69628ef0-84a0-49ae-aeef-b1598bfec40b,0
6ed20c5b-b8fb-439a-a009-3c9503d33090,9e2a17a2-3c2c-4542-a113-b0439bfe0d86,1
3aa2acf6-6277-46c4-af0f-e0cbdf9cda6e,69628ef0-84a0-49ae-aeef-b1598bfec40b,0
3aa2acf6-6277-46c4-af0f-e0cbdf9cda6e,acae8cd1-fb97-4648-85ca-96f3845d2114,1
669d0ee0-f28e-44a3-90b1-ae80626e62d6,cdf67e6b-4764-488c-8171-efc6206ce3e9,0
669d0ee0-f28e-44a3-90b1-ae80626e62d6,3076409c-a264-4a5b-844a-502559f4cd4b,1
508b310c-a8ef-42f1-aab9-340e14e5dad8,cdf67e6b-4764-488c-8171-efc6206ce3e9,0
508b310c-a8ef-42f1-aab9-340e14e5dad8,3076409c-a264-4a5b-844a-502559f4cd4b,1
ff512abb-bf8a-47ad-b956-12eb18ced5b1,cdf67e6b-4764-488c-8171-efc6206ce3e9,0
ff512abb-bf8a-47ad-b956-12eb18ced5b1,3076409c-a264-4a5b-844a-502559f4cd4b,1
50867c27-d228-4ae6-97f8-3e0cf064aa54,ed959385-60d1-4d44-97ee-3c82b926080b,0
50867c27-d228-4ae6-97f8-3e0cf064aa54,17d23540-d9a5-48c8-8ba4-7f3b008f526f,1
da91782b-5454-426d-adab-f9b468cbda77,ed959385-60d1-4d44-97ee-3c82b926080b,0
da91782b-5454-426d-adab-f9b468cbda77,17d23540-d9a5-48c8-8ba4-7f3b008f526f,1
9162919c-f353-4909-99fb-ebfbac84d86b,ed959385-60d1-4d44-97ee-3c82b926080b,0
9162919c-f353-4909-99fb-ebfbac84d86b,17d23540-d9a5-48c8-8ba4-7f3b008f526f,1
ece60aa3-9550-4ab1-8fb0-10dddff5703e,26f22bd2-22aa-4d33-bed5-12251fc0292e,0
ece60aa3-9550-4ab1-8fb0-10dddff5703e,a69d887e-06ee-4054-af20-d8f4ebf3ee2b,0
ece60aa3-9550-4ab1-8fb0-10dddff5703e,18f6702f-5b65-4d88-b468-52b307112758,1
6d691f16-babd-490f-a1fb-5cefdc57d0f2,26f22bd2-22aa-4d33-bed5-12251fc0292e,0
6d691f16-babd-490f-a1fb-5cefdc57d0f2,a69d887e-06ee-4054-af20-d8f4ebf3ee2b,0
6d691f16-babd-490f-a1fb-5cefdc57d0f2,18f6702f-5b65-4d88-b468-52b307112758,1
64f2d00b-4394-4be3-b0a4-c072076a1662,26f22bd2-22aa-4d33-bed5-12251fc0292e,0
64f2d00b-4394-4be3-b0a4-c072076a1662,a69d887e-06ee-4054-af20-d8f4ebf3ee2b,0
64f2d00b-4394-4be3-b0a4-c072076a1662,c8a16bba-422c-465c-8994-968a20b1fe88,1
fd3f1607-a0ad-4c62-b750-261994ead116,d19d3558-a12d-4a55-beef-9b8a59748f97,0
fd3f1607-a0ad-4c62-b750-261994ead116,cf19b51a-7dbb-4554-8f27-fd744dacd93d,0
fd3f1607-a0ad-4c62-b750-261994ead116,43c4f371-a026-43cb-832b-ad8cecf9a58a,1
a68321f9-5d24-4342-b4c3-be730ebc3c06,d19d3558-a12d-4a55-beef-9b8a59748f97,0
a68321f9-5d24-4342-b4c3-be730ebc3c06,cf19b51a-7dbb-4554-8f27-fd744dacd93d,0
a68321f9-5d24-4342-b4c3-be730ebc3c06,43c4f371-a026-43cb-832b-ad8cecf9a58a,1
80da7fe8-470b-4996-a525-628512a12639,43c4f371-a026-43cb-832b-ad8cecf9a58a,0
fd1433bf-bec8-45a7-8422-d202e6930922,13760beb-7513-4589-a37b-fbf391150aef,0
f49e3905-bbe7-4bfb-8537-5dfd86dd70be,17dcdcf4-da9d-4be1-9e0c-cb4aafd6f09f,0
264bfdb7-cacd-41e2-baaa-6fa97f5b5fa4,b46fd4a8-acd5-47d9-aca1-9fadd6eb0f64,0
366ac8d4-c3d1-4e6a-863a-c7640d4b0610,b46fd4a8-acd5-47d9-aca1-9fadd6eb0f64,0
bacf6ed1-624e-4dad-bba0-26f00b4245f9,175959a2-8745-48d6-a47d-5cbdf6ce9a98,0
bacf6ed1-624e-4dad-bba0-26f00b4245f9,53b58e9b-b6a5-4087-936b-8d8b080d90c3,0
bacf6ed1-624e-4dad-bba0-26f00b4245f9,761189b5-1235-47e4-8e84-79ee2506a9cc,1
0b65c79f-6840-4063-8216-b583113fdfdb,175959a2-8745-48d6-a47d-5cbdf6ce9a98,0
0b65c79f-6840-4063-8216-b583113fdfdb,53b58e9b-b6a5-4087-936b-8d8b080d90c3,0
0b65c79f-6840-4063-8216-b583113fdfdb,761189b5-1235-47e4-8e84-79ee2506a9cc,1
e7fa5cbc-9b8a-4454-bba3-7df7da349ff4,ec40190e-b5af-4486-b472-8b332fa52e0d,0
4dece685-81ed-4ae3-a5d5-e863109785fd,ec40190e-b5af-4486-b472-8b332fa52e0d,0
1e8b3c65-b78a-45e8-b7d8-d4c3674fcc1a,ec40190e-b5af-4486-b472-8b332fa52e0d,0
816ca0cc-de1d-401b-8807-baaee925a798,ec40190e-b5af-4486-b472-8b332fa52e0d,0
3c9ac3f7-c2c9-4410-82a2-7ccfa547b106,81ec7008-42fd-4ae1-b704-f7d0c2a1ff3d,0
3c9ac3f7-c2c9-4410-82a2-7ccfa547b106,02ecd9eb-e5e8-4019-8df1-9b8fe43bd4d8,0
3c9ac3f7-c2c9-4410-82a2-7ccfa547b106,c05057b5-30ad-4138-a182-ae9bdd36ec9f,1
1af52b91-c12f-4bc4-a175-c70555662596,81ec7008-42fd-4ae1-b704-f7d0c2a1ff3d,0
1af52b91-c12f-4bc4-a175-c70555662596,02ecd9eb-e5e8-4019-8df1-9b8fe43bd4d8,0
1af52b91-c12f-4bc4-a175-c70555662596,c05057b5-30ad-4138-a182-ae9bdd36ec9f,1
cfc297e8-1bc6-419e-b129-e01a80c7ad26,c05057b5-30ad-4138-a182-ae9bdd36ec9f,0
750c0a39-bc03-4435-9de2-d5af4b00aef2,26f22bd2-22aa-4d33-bed5-12251fc0292e,0
750c0a39-bc03-4435-9de2-d5af4b00aef2,8f1740f0-6146-4e41-b09c-cb5ddf75c70e,0
750c0a39-bc03-4435-9de2-d5af4b00aef2,d4f069aa-8f99-4bcf-b6f3-5a65cc94d0ec,1
750c0a39-bc03-4435-9de2-d5af4b00aef2,05d6904f-e213-4b47-b83b-e2252760327a,0
6066bbca-4d76-45ab-a4c3-ec233a7d502b,05d6904f-e213-4b47-b83b-e2252760327a,0
dc0145b1-005d-4f9f-b12e-f848e82875d3,26f22bd2-22aa-4d33-bed5-12251fc0292e,0
dc0145b1-005d-4f9f-b12e-f848e82875d3,67c6aa2e-a8b3-4460-ae5f-bd4903b0d7d8,0
dc0145b1-005d-4f9f-b12e-f848e82875d3,d4f069aa-8f99-4bcf-b6f3-5a65cc94d0ec,1
9869bed5-6782-4aea-8d22-70cf13e1c728,26f22bd2-22aa-4d33-bed5-12251fc0292e,0
9869bed5-6782-4aea-8d22-70cf13e1c728,8f1740f0-6146-4e41-b09c-cb5ddf75c70e,0
9869bed5-6782-4aea-8d22-70cf13e1c728,3aebe557-cd51-44fe-8f67-ee651efab19e,1
b884c18a-96ba-4ee2-8025-52ec9a8d4faa,cb5c83d6-7e1a-448e-8166-3b19ced4b72f,0
d4a37b2f-309f-436a-93ff-b92ed9afacd2,86d32e3d-6b4f-4321-bf49-dc0a2938d08a,0
d3cda1cb-91e8-4e5a-a61a-3260789381d2,86d32e3d-6b4f-4321-bf49-dc0a2938d08a,0
1c6e9f4b-9684-45a1-bf88-75a792c066b0,8aa73949-d901-4ef8-ba94-39ff065a88d1,0
1c6e9f4b-9684-45a1-bf88-75a792c066b0,78664b1c-d145-4266-b197-d0a34a14a40c,0
1c6e9f4b-9684-45a1-bf88-75a792c066b0,dfa641ad-690b-4f23-9500-a2d2d6cf747d,1
9b18e888-597d-44ff-aee7-b18214f70fe3,8aa73949-d901-4ef8-ba94-39ff065a88d1,0
9b18e888-597d-44ff-aee7-b18214f70fe3,78664b1c-d145-4266-b197-d0a34a14a40c,0
9b18e888-597d-44ff-aee7-b18214f70fe3,dfa641ad-690b-4f23-9500-a2d2d6cf747d,1
b3129b52-85bf-48c7-8d45-7b12644db62d,05d6904f-e213-4b47-b83b-e2252760327a,0
b3129b52-85bf-48c7-8d45-7b12644db62d,7842f41a-4fa7-4776-80e7-aad9da77892e,0
b3129b52-85bf-48c7-8d45-7b12644db62d,d1cab16a-0de3-44f8-8625-4a4a053be545,1
f1d6900c-5ec4-4bb8-91ee-e96f58af766d,05d6904f-e213-4b47-b83b-e2252760327a,0
f1d6900c-5ec4-4bb8-91ee-e96f58af766d,7842f41a-4fa7-4776-80e7-aad9da77892e,0
f1d6900c-5ec4-4bb8-91ee-e96f58af766d,d1cab16a-0de3-44f8-8625-4a4a053be545,1
5bd89db6-fcf6-4f88-a3d1-3c53317117b0,f775659a-a4b2-427c-82ca-39c4723f80d9,0
5bd89db6-fcf6-4f88-a3d1-3c53317117b0,e9b58749-80d8-4f5f-abfe-d4c20b9f34f4,1
be124ac8-6468-4a25-a06a-f2b8f459c65c,f775659a-a4b2-427c-82ca-39c4723f80d9,0
be124ac8-6468-4a25-a06a-f2b8f459c65c,e9b58749-80d8-4f5f-abfe-d4c20b9f34f4,1
aac6332f-9500-4de8-9446-afd5a15958c5,f775659a-a4b2-427c-82ca-39c4723f80d9,0
345ef49e-6157-4800-8393-9818bc867644,dd288dde-d4d2-401e-95b3-8efaecd09339,0
345ef49e-6157-4800-8393-9818bc867644,4fab4f54-5676-4f0a-b8b0-00477dc0a64d,1
531a2e15-c438-43db-876e-82d65e6e7076,dd288dde-d4d2-401e-95b3-8efaecd09339,0
531a2e15-c438-43db-876e-82d65e6e7076,4fab4f54-5676-4f0a-b8b0-00477dc0a64d,1
3769947c-26f8-431c-b903-d58ba1467c3c,dd288dde-d4d2-401e-95b3-8efaecd09339,0
d3bd0ee0-8281-4d62-8705-a71b86043cf7,f99d584c-fa7a-48da-bad2-2d1374b3e25a,0
d3bd0ee0-8281-4d62-8705-a71b86043cf7,c0f8e670-c056-43dd-9ef8-99cb1954d563,0
d3bd0ee0-8281-4d62-8705-a71b86043cf7,283c1ce5-b90e-41e4-b60f-a0381a02d3b4,1
cb9cbebb-3c8f-4228-bf22-843436ee4ae3,f99d584c-fa7a-48da-bad2-2d1374b3e25a,0
cb9cbebb-3c8f-4228-bf22-843436ee4ae3,c0f8e670-c056-43dd-9ef8-99cb1954d563,0
cb9cbebb-3c8f-4228-bf22-843436ee4ae3,283c1ce5-b90e-41e4-b60f-a0381a02d3b4,1
8e3c905f-484e-4f3b-9f3e-1909b01ab3cb,e5ab925d-0712-4a62-bc0b-052cb7d2fa6e,0
8e3c905f-484e-4f3b-9f3e-1909b01ab3cb,a61551e1-137f-41d6-bb55-82f4ae350643,1
a2f4bfd1-6655-469d-a751-51770e0bb414,e5ab925d-0712-4a62-bc0b-052cb7d2fa6e,0
a2f4bfd1-6655-469d-a751-51770e0bb414,a61551e1-137f-41d6-bb55-82f4ae350643,1
c7b9e058-ed38-4ba8-afbb-7f77573023a1,e5ab925d-0712-4a62-bc0b-052cb7d2fa6e,0
7660964c-19d0-4240-80dd-568aa0ad1af0,9d1a50cb-aa8f-4246-9baa-f12d92585ff4,0
7660964c-19d0-4240-80dd-568aa0ad1af0,5a75383b-eec2-4a38-87dd-592bd3374ac8,0
7660964c-19d0-4240-80dd-568aa0ad1af0,545d3d72-5e66-4c4d-88c9-94dcec70ad08,1
9adb9803-13b4-46a6-b9f9-ce97099b68fc,9d1a50cb-aa8f-4246-9baa-f12d92585ff4,0
9adb9803-13b4-46a6-b9f9-ce97099b68fc,5a75383b-eec2-4a38-87dd-592bd3374ac8,0
9adb9803-13b4-46a6-b9f9-ce97099b68fc,4d1bf273-219b-4c6b-8195-ff0437bebd78,1
abdeec5f-5e47-4dd2-91d7-3e8433fcac2a,dd288dde-d4d2-401e-95b3-8efaecd09339,0
abdeec5f-5e47-4dd2-91d7-3e8433fcac2a,a61551e1-137f-41d6-bb55-82f4ae350643,0
abdeec5f-5e47-4dd2-91d7-3e8433fcac2a,c05057b5-30ad-4138-a182-ae9bdd36ec9f,1
80117444-a8e7-4f01-8d0a-24476829ad74,dd288dde-d4d2-401e-95b3-8efaecd09339,0
80117444-a8e7-4f01-8d0a-24476829ad74,a61551e1-137f-41d6-bb55-82f4ae350643,0
80117444-a8e7-4f01-8d0a-24476829ad74,c05057b5-30ad-4138-a182-ae9bdd36ec9f,1
2c382240-4de3-4780-a69e-0845280b49cd,dd288dde-d4d2-401e-95b3-8efaecd09339,0
2c382240-4de3-4780-a69e-0845280b49cd,b4876708-c10a-48d8-979b-9427ee44a6fd,0
2c382240-4de3-4780-a69e-0845280b49cd,c05057b5-30ad-4138-a182-ae9bdd36ec9f,1
f740d1fa-13a5-433d-beb9-08cc2ded6de7,166744b1-5e28-454c-8fda-d39f922bd6cd,0
f740d1fa-13a5-433d-beb9-08cc2ded6de7,70da7527-3057-47a2-a482-67fa96429eb8,0
f740d1fa-13a5-433d-beb9-08cc2ded6de7,2e71fa12-5ef0-44ed-b8a6-36368ba02ead,1
a33949d0-ba21-4677-9768-d33bc2bb76e1,d1cab16a-0de3-44f8-8625-4a4a053be545,0
a33949d0-ba21-4677-9768-d33bc2bb76e1,8741668d-c1b5-407e-bb34-4f6571dce020,0
a33949d0-ba21-4677-9768-d33bc2bb76e1,d0e7e06e-583f-40bc-8c8c-10d53476c7bd,1
d3204434-db98-4615-a56a-bcd1431ec476,bc99dfd0-48b9-4299-983d-35b67059ffad,0
d3204434-db98-4615-a56a-bcd1431ec476,7d1a1066-5231-47bd-8981-c57d1dd30db3,1
6d88ef06-324b-432b-84c9-559d41530021,1e2e590a-70b9-40df-a6f8-13022bc4356b,0
cd4018da-3db7-4770-86dc-06968da477a7,88682eca-91d8-4dcf-995e-6863d5722443,0
f63b7a72-6a05-4f62-9beb-cee4e9c6e26a,29a45249-0d3b-4af8-bfaf-fbaf43a85f0b,0
f63b7a72-6a05-4f62-9beb-cee4e9c6e26a,dcdaa9de-155f-4d30-b7b3-9da2ca0ee3af,1
f234a2b1-5c94-4104-84ff-633de9a68172,29a45249-0d3b-4af8-bfaf-fbaf43a85f0b,0
f234a2b1-5c94-4104-84ff-633de9a68172,dcdaa9de-155f-4d30-b7b3-9da2ca0ee3af,1
b2f53586-53ea-4f61-a874-4aa5d42fa71f,1a0c6581-7e8a-4f16-a7c3-2283a33a5575,0
b2f53586-53ea-4f61-a874-4aa5d42fa71f,1bc9e420-e77c-4e8d-968e-6e028e71a151,1
e0a583fc-0632-4a02-a356-bf7f05b6bce5,af8cc9c5-8d41-4af1-b8c6-265b53978f3b,0
2887995e-3573-498b-b65b-6eae1634590e,b905e7a8-7c8c-4108-9947-6da3af991602,0
a631b2a6-d1a6-4315-821a-598a96cce5b0,b905e7a8-7c8c-4108-9947-6da3af991602,0
02870de0-95c2-4491-9c0d-381cd64881ab,b905e7a8-7c8c-4108-9947-6da3af991602,0
75aee446-0d4e-483c-8765-135fcace78db,b905e7a8-7c8c-4108-9947-6da3af991602,0
0de5ebba-de98-443b-ae0c-f59f80c45c18,b905e7a8-7c8c-4108-9947-6da3af991602,0
1dbca77f-8964-4955-a20b-54cd4eb2b183,b905e7a8-7c8c-4108-9947-6da3af991602,0
14917c7e-be88-4778-8dae-9073022af471,b905e7a8-7c8c-4108-9947-6da3af991602,0
14d10255-6da4-41b3-ad29-2b4cf0dc02cc,b905e7a8-7c8c-4108-9947-6da3af991602,0
74daf7b4-8c89-49e4-9020-18665f155d82,b905e7a8-7c8c-4108-9947-6da3af991602,0
06505950-638c-4a0c-84c6-8ab6103d0de8,b905e7a8-7c8c-4108-9947-6da3af991602,0
ee3b3f52-5890-4868-9347-c06ad5373f0f,b905e7a8-7c8c-4108-9947-6da3af991602,0
b37b70a2-c20e-455d-a7fe-450ba10c4b75,b905e7a8-7c8c-4108-9947-6da3af991602,0
c0522c3f-0227-4bda-9dfc-1bea8e886e2a,b905e7a8-7c8c-4108-9947-6da3af991602,0
9de29e88-c61f-4cfc-9b48-91baee9c7fb8,b905e7a8-7c8c-4108-9947-6da3af991602,0
462e38ea-5f6a-42cf-a05d-b082d8fc3b91,b905e7a8-7c8c-4108-9947-6da3af991602,0
78dde045-cf84-4f03-b283-ce1d6928f959,b905e7a8-7c8c-4108-9947-6da3af991602,0
e713d6bc-52d4-4dd2-b538-083932803e9f,b905e7a8-7c8c-4108-9947-6da3af991602,0
9ce3ee91-6f99-42c6-9789-4bb11333f7a7,b905e7a8-7c8c-4108-9947-6da3af991602,0
85629ddb-354e-4ef6-9cff-aec4bf9b14a5,63063044-c01f-4a20-9837-7e45a23db071,0
165099cb-b13e-4965-9030-d2c4bd53dda2,63063044-c01f-4a20-9837-7e45a23db071,0
0c7ac845-90a9-4c9c-a864-2d573404b09a,34477239-38ec-4f2a-8f67-e88abdb6a21d,0
6c8bc9e3-149c-4bad-a8da-e778c76b2388,648ba7cd-9a63-4196-9b2c-36783b1fe050,0
04e9a175-bfb7-4da7-82f8-62da5c0eda57,3c14d9a7-d498-4405-ad10-d02dcd379238,0
04e9a175-bfb7-4da7-82f8-62da5c0eda57,f08f2202-6cb8-4070-8192-f312a0510405,0
04e9a175-bfb7-4da7-82f8-62da5c0eda57,5390a51d-25cd-4e51-8b0e-8067913c4ea0,1
c3faf269-d366-4071-b113-c6a1c3c1dad6,5390a51d-25cd-4e51-8b0e-8067913c4ea0,0
16f620b0-2c2f-4963-8f49-94f851fc17c4,e7e0374e-e2ca-4060-ac44-0c9a3e1319c4,0
ecdd6bef-c47a-4e86-868b-eb3be38bf9f7,e7e0374e-e2ca-4060-ac44-0c9a3e1319c4,0
7aa9212f-a4d8-4c68-93f3-94e8a5b11955,e7e0374e-e2ca-4060-ac44-0c9a3e1319c4,0
ccd550f6-1d8b-42fb-82af-7739ec7e78cf,e7e0374e-e2ca-4060-ac44-0c9a3e1319c4,0
b9fe1ee8-7f27-4fdb-9fcf-348f3af0286a,c531a93f-2d90-4e63-96ce-3a303847673c,0
b9fe1ee8-7f27-4fdb-9fcf-348f3af0286a,cf19b51a-7dbb-4554-8f27-fd744dacd93d,0
b9fe1ee8-7f27-4fdb-9fcf-348f3af0286a,d341c305-c7cc-48bc-9fa3-0bd7d296f428,1
bde896d2-0d9b-49d9-afb5-13742618cdff,f26524fb-4bce-44b5-8241-9b3bc2b0078a,0
bde896d2-0d9b-49d9-afb5-13742618cdff,b0565e79-6680-41c2-a8e5-fbd0b46213df,0
bde896d2-0d9b-49d9-afb5-13742618cdff,fe7b949b-ed5d-4d6c-8a48-1af139b62617,1
dd29628d-9d3a-455a-842c-81f6e0c7fa04,b5d0b349-0ab8-42d8-b5e0-c4d8b48089db,0
23fb0e99-264a-48c2-903f-e74cdaeebd6e,869358dd-9173-4d5d-ab98-078dcc19ee4d,0
23fb0e99-264a-48c2-903f-e74cdaeebd6e,829d07fb-a50f-45f2-8478-b2f7aa9dffe1,0
23fb0e99-264a-48c2-903f-e74cdaeebd6e,2275cc5a-6961-4f06-9589-c233bed407ff,1
a4c0c6f6-996e-4bae-8171-2b589d30eaea,869358dd-9173-4d5d-ab98-078dcc19ee4d,0
a4c0c6f6-996e-4bae-8171-2b589d30eaea,829d07fb-a50f-45f2-8478-b2f7aa9dffe1,0
a4c0c6f6-996e-4bae-8171-2b589d30eaea,2275cc5a-6961-4f06-9589-c233bed407ff,1
f297afb8-e65b-4e4e-b5d8-a9f0bd5c7de3,869358dd-9173-4d5d-ab98-078dcc19ee4d,0
f297afb8-e65b-4e4e-b5d8-a9f0bd5c7de3,829d07fb-a50f-45f2-8478-b2f7aa9dffe1,0
f297afb8-e65b-4e4e-b5d8-a9f0bd5c7de3,2275cc5a-6961-4f06-9589-c233bed407ff,1
ffcba237-f10e-462b-883f-790652f20c8d,2275cc5a-6961-4f06-9589-c233bed407ff,0
7b06e9e3-ecde-4571-afcf-a474f384d061,59c2d379-a9d7-4aca-bcb1-148dd0987466,0
7b06e9e3-ecde-4571-afcf-a474f384d061,8741668d-c1b5-407e-bb34-4f6571dce020,1
452751ae-d8ae-43a2-be8b-2357aab2c066,34f0c11b-aed5-4e3c-a709-a96854e79106,0
452751ae-d8ae-43a2-be8b-2357aab2c066,8741668d-c1b5-407e-bb34-4f6571dce020,1
4807215c-9984-4257-90e7-8a89ac2ddbf2,790dccc0-b4c3-4180-bbb6-23fd756c674c,0
4807215c-9984-4257-90e7-8a89ac2ddbf2,8741668d-c1b5-407e-bb34-4f6571dce020,1
17c28bb1-9003-4c6f-a6a6-c61be938b5c2,a356cc36-88e6-4e83-a0d3-77e9c2be79ab,0
17c28bb1-9003-4c6f-a6a6-c61be938b5c2,8741668d-c1b5-407e-bb34-4f6571dce020,1
3ab40c6c-0d45-4c51-8db9-2960fe89e430,1bc9e420-e77c-4e8d-968e-6e028e71a151,0
ea858842-d556-41f3-b9e3-7a52e3ab7a05,5390a51d-25cd-4e51-8b0e-8067913c4ea0,0
6cea3286-0354-4c57-8b84-7f42c4dec001,9a8f4b71-946d-4a11-9ce6-81d4182631c9,0
d6725c2f-de1d-4f66-8748-ae61a92ee2af,726c1285-fa23-4301-963b-3d7a78dc90f8,0
dd4acec5-a080-44c6-accf-d058820dfe4d,20d51add-bb71-43ba-920a-b0641e6cf081,0
de20c2a0-0879-4aba-a700-94916abf36d4,20d51add-bb71-43ba-920a-b0641e6cf081,0
c7f8cd02-f7cc-4507-b6b3-da110e530d5e,20d51add-bb71-43ba-920a-b0641e6cf081,0
40193c36-823d-48cf-a292-361634bce505,20d51add-bb71-43ba-920a-b0641e6cf081,0
779e672a-da84-423d-a571-57c303891eaa,20d51add-bb71-43ba-920a-b0641e6cf081,0
6070113a-aebc-43dc-8062-79f523c66236,20d51add-bb71-43ba-920a-b0641e6cf081,0
65e20994-b19f-4f8d-b4f5-f73909e2b1bf,20d51add-bb71-43ba-920a-b0641e6cf081,0
f702e068-5454-40ed-9a47-90b18e528bb1,1c7c9feb-1ae7-4de0-bfdb-85f52200217b,0
6536878a-1530-49a1-9796-c0d8a7bc2684,1c7c9feb-1ae7-4de0-bfdb-85f52200217b,0
f67be044-280c-4579-a49b-73e822f9aea6,1c7c9feb-1ae7-4de0-bfdb-85f52200217b,0
cc364b0a-eea0-47cf-8fb5-60a4fa939d71,f316db9b-cd7c-4fdc-bc35-7aa99b7c4928,0
6d116316-d9cb-4f9d-8cfd-8eb4cf40c754,2a2e2cf6-0284-40ae-a10c-dc320569432d,0
b53386af-2bea-4899-af2c-d6f96f4a6af3,2a2e2cf6-0284-40ae-a10c-dc320569432d,0
0031bf52-7239-49fd-a748-2a312b69e3f0,5f5a7791-0969-44b6-832b-8c6192491e28,0
35932812-b11d-4016-9145-2846b9ad3978,20d51add-bb71-43ba-920a-b0641e6cf081,0
04530155-9b2f-4fd7-8365-02942252b333,20d51add-bb71-43ba-920a-b0641e6cf081,0
ec38335b-1f4f-4503-a72b-045ac0e4888e,20d51add-bb71-43ba-920a-b0641e6cf081,0
c21a27d2-be79-49eb-88b7-a05b5fb47d2f,20d51add-bb71-43ba-920a-b0641e6cf081,0
5544de8a-76d1-4346-8080-2e82a6e2a4d0,d1fec1b2-8d50-40cf-8338-005d7ca2d6c5,0
c83fb218-05f7-413f-a541-fca3c2fa9931,f9ab2d5d-a150-4bf5-8025-7e423ad7631e,0
2515dcb2-477b-4f15-9070-01aaf462fc67,53b58e9b-b6a5-4087-936b-8d8b080d90c3,0
a725be0e-0cd9-498d-bcca-ed7fac8fe14f,53b58e9b-b6a5-4087-936b-8d8b080d90c3,0
5a4477db-a11a-4c91-b779-61d61ca98f37,69628ef0-84a0-49ae-aeef-b1598bfec40b,0
5a4477db-a11a-4c91-b779-61d61ca98f37,790dccc0-b4c3-4180-bbb6-23fd756c674c,1
99117092-55ef-4d1d-a687-69f64af9bf0a,69628ef0-84a0-49ae-aeef-b1598bfec40b,0
99117092-55ef-4d1d-a687-69f64af9bf0a,790dccc0-b4c3-4180-bbb6-23fd756c674c,1
6df3c051-3d63-445d-b508-cbdd9f701271,69628ef0-84a0-49ae-aeef-b1598bfec40b,0
6df3c051-3d63-445d-b508-cbdd9f701271,790dccc0-b4c3-4180-bbb6-23fd756c674c,1
5e11c2c0-2f97-43f9-acf3-1064e22e1049,69628ef0-84a0-49ae-aeef-b1598bfec40b,0
5e11c2c0-2f97-43f9-acf3-1064e22e1049,790dccc0-b4c3-4180-bbb6-23fd756c674c,1
e3477b44-81e8-4df7-a277-167c0d6e0e5a,cdf67e6b-4764-488c-8171-efc6206ce3e9,0
e3477b44-81e8-4df7-a277-167c0d6e0e5a,51ec4ee3-cc02-4aed-b056-0bc9c48b351c,1
159b95b6-0cac-42d4-b252-9f7be34f0ded,cdf67e6b-4764-488c-8171-efc6206ce3e9,0
159b95b6-0cac-42d4-b252-9f7be34f0ded,51ec4ee3-cc02-4aed-b056-0bc9c48b351c,1
600b11e1-6339-4921-8bdb-5322dca68c09,cdf67e6b-4764-488c-8171-efc6206ce3e9,0
600b11e1-6339-4921-8bdb-5322dca68c09,51ec4ee3-cc02-4aed-b056-0bc9c48b351c,1
116ceaa4-5afb-4f91-9021-fa044b06f3ac,cdf67e6b-4764-488c-8171-efc6206ce3e9,0
116ceaa4-5afb-4f91-9021-fa044b06f3ac,51ec4ee3-cc02-4aed-b056-0bc9c48b351c,1
8f109109-8fbd-48e7-a7b1-70f3292df4f2,ed959385-60d1-4d44-97ee-3c82b926080b,0
8f109109-8fbd-48e7-a7b1-70f3292df4f2,22f3cb10-2d32-4526-85c7-24be24ffbc39,1
a8e6904e-dddc-44a6-bcbb-a41d84d4c743,ed959385-60d1-4d44-97ee-3c82b926080b,0
a8e6904e-dddc-44a6-bcbb-a41d84d4c743,22f3cb10-2d32-4526-85c7-24be24ffbc39,1
064e31a0-7cbb-4026-bef2-aedd91eec130,ed959385-60d1-4d44-97ee-3c82b926080b,0
064e31a0-7cbb-4026-bef2-aedd91eec130,22f3cb10-2d32-4526-85c7-24be24ffbc39,1
bc394df4-f823-4160-bb13-4719d1c8834a,ed959385-60d1-4d44-97ee-3c82b926080b,0
bc394df4-f823-4160-bb13-4719d1c8834a,22f3cb10-2d32-4526-85c7-24be24ffbc39,1
5fbe9a37-a985-41a9-9d09-d9754d0b342d,2d50a1cc-726a-4150-ad52-583cbcedf623,0
5fbe9a37-a985-41a9-9d09-d9754d0b342d,b728fcc5-a1c0-4e49-8fa1-a58cee5fb854,1
8ac10b2a-ff67-48d1-91e2-0f645c4e95e2,2d50a1cc-726a-4150-ad52-583cbcedf623,0
8ac10b2a-ff67-48d1-91e2-0f645c4e95e2,b728fcc5-a1c0-4e49-8fa1-a58cee5fb854,1
c6a4207d-ab5d-4264-8dfc-920d74973753,26f22bd2-22aa-4d33-bed5-12251fc0292e,0
c6a4207d-ab5d-4264-8dfc-920d74973753,4d1bf273-219b-4c6b-8195-ff0437bebd78,0
c6a4207d-ab5d-4264-8dfc-920d74973753,66c8d298-2bec-4ad6-9667-084a8ba5b728,1
92c8c639-3420-4022-b093-9acc749c798f,26f22bd2-22aa-4d33-bed5-12251fc0292e,0
92c8c639-3420-4022-b093-9acc749c798f,4d1bf273-219b-4c6b-8195-ff0437bebd78,0
92c8c639-3420-4022-b093-9acc749c798f,66c8d298-2bec-4ad6-9667-084a8ba5b728,1
a316a22d-17af-4b54-b032-2d1174bda68a,94fc8c48-c4a0-4719-9c44-4c2b9f6f516c,0
a316a22d-17af-4b54-b032-2d1174bda68a,4d1bf273-219b-4c6b-8195-ff0437bebd78,0
a316a22d-17af-4b54-b032-2d1174bda68a,282d909d-06f8-4663-ab79-fac57c31c604,1
427f6263-ac85-4980-a31c-45f0ee35c4db,94fc8c48-c4a0-4719-9c44-4c2b9f6f516c,0
427f6263-ac85-4980-a31c-45f0ee35c4db,4d1bf273-219b-4c6b-8195-ff0437bebd78,0
427f6263-ac85-4980-a31c-45f0ee35c4db,282d909d-06f8-4663-ab79-fac57c31c604,1
693ac88e-b1e7-4a34-8f5f-f943abd1e16e,13760beb-7513-4589-a37b-fbf391150aef,0
693ac88e-b1e7-4a34-8f5f-f943abd1e16e,3baa62d3-0897-4317-bc9d-e3ad617263b1,0
693ac88e-b1e7-4a34-8f5f-f943abd1e16e,8741668d-c1b5-407e-bb34-4f6571dce020,1
1c9876cb-58af-4ba7-a55d-74493a93865a,13760beb-7513-4589-a37b-fbf391150aef,0
1c9876cb-58af-4ba7-a55d-74493a93865a,3baa62d3-0897-4317-bc9d-e3ad617263b1,0
1c9876cb-58af-4ba7-a55d-74493a93865a,8741668d-c1b5-407e-bb34-4f6571dce020,1
007a4cc9-f8b8-4ae6-8902-511575a8085e,13760beb-7513-4589-a37b-fbf391150aef,0
007a4cc9-f8b8-4ae6-8902-511575a8085e,b3fb57ed-c864-4c08-8aa3-2c0eea4abafc,0
007a4cc9-f8b8-4ae6-8902-511575a8085e,8741668d-c1b5-407e-bb34-4f6571dce020,1
8d470fa3-a54b-4fdb-8c22-6167a4a249f7,13760beb-7513-4589-a37b-fbf391150aef,0
8d470fa3-a54b-4fdb-8c22-6167a4a249f7,b3fb57ed-c864-4c08-8aa3-2c0eea4abafc,0
8d470fa3-a54b-4fdb-8c22-6167a4a249f7,8741668d-c1b5-407e-bb34-4f6571dce020,1
852bbc07-e2b1-42e4-ae50-5157936cf730,76a82351-5b31-4b0f-8a79-6ec504b4efd6,0
852bbc07-e2b1-42e4-ae50-5157936cf730,b2b53a5c-f14b-4eef-9c42-30e62cc74124,0
852bbc07-e2b1-42e4-ae50-5157936cf730,d19d3558-a12d-4a55-beef-9b8a59748f97,1
aef8ca84-05a0-4c78-ad8c-17f29141bacc,76a82351-5b31-4b0f-8a79-6ec504b4efd6,0
aef8ca84-05a0-4c78-ad8c-17f29141bacc,b2b53a5c-f14b-4eef-9c42-30e62cc74124,0
aef8ca84-05a0-4c78-ad8c-17f29141bacc,d19d3558-a12d-4a55-beef-9b8a59748f97,1
52b09275-1f40-4d62-a9dd-9adb6dd3a755,22e291a7-f75d-4651-83b3-2279313068df,0
52b09275-1f40-4d62-a9dd-9adb6dd3a755,dfa641ad-690b-4f23-9500-a2d2d6cf747d,0
52b09275-1f40-4d62-a9dd-9adb6dd3a755,c0f8e670-c056-43dd-9ef8-99cb1954d563,1
5f71f2b2-39a2-4234-bc3b-e29a63c102d6,22e291a7-f75d-4651-83b3-2279313068df,0
5f71f2b2-39a2-4234-bc3b-e29a63c102d6,dfa641ad-690b-4f23-9500-a2d2d6cf747d,0
5f71f2b2-39a2-4234-bc3b-e29a63c102d6,c0f8e670-c056-43dd-9ef8-99cb1954d563,1
a9f5b1fc-0500-4ba7-9f66-3d45ef58dcfc,9d1a50cb-aa8f-4246-9baa-f12d92585ff4,0
a9f5b1fc-0500-4ba7-9f66-3d45ef58dcfc,76a82351-5b31-4b0f-8a79-6ec504b4efd6,0
a9f5b1fc-0500-4ba7-9f66-3d45ef58dcfc,869358dd-9173-4d5d-ab98-078dcc19ee4d,1
575b15eb-5532-4451-8070-0eeb653ab1b5,9d1a50cb-aa8f-4246-9baa-f12d92585ff4,0
575b15eb-5532-4451-8070-0eeb653ab1b5,d4f069aa-8f99-4bcf-b6f3-5a65cc94d0ec,0
575b15eb-5532-4451-8070-0eeb653ab1b5,869358dd-9173-4d5d-ab98-078dcc19ee4d,1
d59213b1-107f-4ee1-8d1b-4e598de3e533,cf19b51a-7dbb-4554-8f27-fd744dacd93d,0
d59213b1-107f-4ee1-8d1b-4e598de3e533,648ba7cd-9a63-4196-9b2c-36783b1fe050,0
d59213b1-107f-4ee1-8d1b-4e598de3e533,c94d5211-c427-4ba7-a458-a4d99d5c6eb2,1
8fd94d51-1061-4d4c-9245-086bdf6fdc8e,cf19b51a-7dbb-4554-8f27-fd744dacd93d,0
8fd94d51-1061-4d4c-9245-086bdf6fdc8e,648ba7cd-9a63-4196-9b2c-36783b1fe050,0
8fd94d51-1061-4d4c-9245-086bdf6fdc8e,c94d5211-c427-4ba7-a458-a4d99d5c6eb2,1
b0b6c99b-2c3b-4958-af05-3fde973e2c77,cf19b51a-7dbb-4554-8f27-fd744dacd93d,0
b0b6c99b-2c3b-4958-af05-3fde973e2c77,648ba7cd-9a63-4196-9b2c-36783b1fe050,0
b0b6c99b-2c3b-4958-af05-3fde973e2c77,c94d5211-c427-4ba7-a458-a4d99d5c6eb2,1
6b50bc73-034a-455e-b080-239be275b1ae,317280df-b162-47de-8ff3-d30020d48431,0
6b50bc73-034a-455e-b080-239be275b1ae,88e51878-9d4b-40eb-ba3b-bf9d8a182116,1
e398a5bf-daeb-4a16-82c5-0e97ec2204f9,cf19b51a-7dbb-4554-8f27-fd744dacd93d,0
e398a5bf-daeb-4a16-82c5-0e97ec2204f9,dcc0a170-da5b-443e-bfd0-ac449ecd967a,1
865c8ea5-3270-4e29-a735-65d43dd742b9,77544a91-7a1c-4b00-8b37-52b547098157,0
865c8ea5-3270-4e29-a735-65d43dd742b9,285e3c10-bc86-4528-bbca-6e6a0d2544cf,0
865c8ea5-3270-4e29-a735-65d43dd742b9,ca68d95f-4aa8-4644-a490-b9dae5879a35,1
f9b738de-94e4-4fb5-91ad-038c7db90627,77544a91-7a1c-4b00-8b37-52b547098157,0
f9b738de-94e4-4fb5-91ad-038c7db90627,7bae3d5a-cbfd-47d7-b5d8-411523f8cb61,0
f9b738de-94e4-4fb5-91ad-038c7db90627,ca68d95f-4aa8-4644-a490-b9dae5879a35,1
fe9ef295-682a-42ff-a101-8f031afed9f9,77544a91-7a1c-4b00-8b37-52b547098157,0
fe9ef295-682a-42ff-a101-8f031afed9f9,7bae3d5a-cbfd-47d7-b5d8-411523f8cb61,0
fe9ef295-682a-42ff-a101-8f031afed9f9,ca68d95f-4aa8-4644-a490-b9dae5879a35,1
782097dd-8c0a-46d9-94bc-9b7a1618346f,77544a91-7a1c-4b00-8b37-52b547098157,0
782097dd-8c0a-46d9-94bc-9b7a1618346f,7bae3d5a-cbfd-47d7-b5d8-411523f8cb61,0
782097dd-8c0a-46d9-94bc-9b7a1618346f,ca68d95f-4aa8-4644-a490-b9dae5879a35,1
70f6325d-e5bf-4956-915d-c44a35c7d1a0,847463c3-ba2f-49a1-a978-a6bfccf11d78,0
70f6325d-e5bf-4956-915d-c44a35c7d1a0,b728fcc5-a1c0-4e49-8fa1-a58cee5fb854,0
70f6325d-e5bf-4956-915d-c44a35c7d1a0,869358dd-9173-4d5d-ab98-078dcc19ee4d,1
f93b42b2-6656-47f0-b843-81f576bfe172,847463c3-ba2f-49a1-a978-a6bfccf11d78,0
f93b42b2-6656-47f0-b843-81f576bfe172,b728fcc5-a1c0-4e49-8fa1-a58cee5fb854,0
f93b42b2-6656-47f0-b843-81f576bfe172,02ce0d3d-e6a3-4f5f-a6ca-5a7b5936054f,1
a86e4b00-7193-4227-b81b-f817f00e68ff,847463c3-ba2f-49a1-a978-a6bfccf11d78,0
a86e4b00-7193-4227-b81b-f817f00e68ff,b728fcc5-a1c0-4e49-8fa1-a58cee5fb854,0
a86e4b00-7193-4227-b81b-f817f00e68ff,02ce0d3d-e6a3-4f5f-a6ca-5a7b5936054f,1
65968c86-a0f5-467e-a38b-168d75e37491,847463c3-ba2f-49a1-a978-a6bfccf11d78,0
65968c86-a0f5-467e-a38b-168d75e37491,b728fcc5-a1c0-4e49-8fa1-a58cee5fb854,0
65968c86-a0f5-467e-a38b-168d75e37491,a392bc42-c6ee-4c6c-8e95-922301a147be,1
ad7a7b81-1e8a-4f3e-93c7-650c458fa9c6,847463c3-ba2f-49a1-a978-a6bfccf11d78,0
ad7a7b81-1e8a-4f3e-93c7-650c458fa9c6,b728fcc5-a1c0-4e49-8fa1-a58cee5fb854,0
ad7a7b81-1e8a-4f3e-93c7-650c458fa9c6,a392bc42-c6ee-4c6c-8e95-922301a147be,1
abdae44b-45d5-4b9b-8f6d-1227410d9713,081d2769-3a9e-48f4-b477-4998f0dd41d1,0
abdae44b-45d5-4b9b-8f6d-1227410d9713,b2a7c6f4-5e2f-4ce2-bb4e-3c30b04b5a7e,0
abdae44b-45d5-4b9b-8f6d-1227410d9713,dcdaa9de-155f-4d30-b7b3-9da2ca0ee3af,1
a96eb034-1056-4e03-9c5f-ae3f6335790e,081d2769-3a9e-48f4-b477-4998f0dd41d1,0
a96eb034-1056-4e03-9c5f-ae3f6335790e,b2a7c6f4-5e2f-4ce2-bb4e-3c30b04b5a7e,0
a96eb034-1056-4e03-9c5f-ae3f6335790e,dcdaa9de-155f-4d30-b7b3-9da2ca0ee3af,1
f9fb52ff-2d0b-412d-9f3e-d5e6df516216,081d2769-3a9e-48f4-b477-4998f0dd41d1,0
f9fb52ff-2d0b-412d-9f3e-d5e6df516216,b2a7c6f4-5e2f-4ce2-bb4e-3c30b04b5a7e,0
f9fb52ff-2d0b-412d-9f3e-d5e6df516216,dcdaa9de-155f-4d30-b7b3-9da2ca0ee3af,1
e3cc8e29-bd52-4f1f-bf0c-97a596487415,7c554353-bcbd-4fa8-93a8-96c60c02c42f,0
f78878d4-2fe1-4ec2-92ce-ec947f133035,7c554353-bcbd-4fa8-93a8-96c60c02c42f,0
10ae9f8e-2375-4eb5-b57c-fe848aa9c220,7c554353-bcbd-4fa8-93a8-96c60c02c42f,0
45d8620e-cb1d-4206-8721-d645d92bac25,c94d5211-c427-4ba7-a458-a4d99d5c6eb2,0
45d8620e-cb1d-4206-8721-d645d92bac25,f00ca13f-0d02-4ec2-9557-dbbd9eae6f41,1
0d779c60-3c51-4dc1-9192-53bc733dc5f7,c94d5211-c427-4ba7-a458-a4d99d5c6eb2,0
0d779c60-3c51-4dc1-9192-53bc733dc5f7,f00ca13f-0d02-4ec2-9557-dbbd9eae6f41,1
5b9a535c-ed3f-461b-83b7-40114291850b,88e51878-9d4b-40eb-ba3b-bf9d8a182116,0
5b9a535c-ed3f-461b-83b7-40114291850b,6488e47d-36ce-43e9-9b47-93192988464b,0
5b9a535c-ed3f-461b-83b7-40114291850b,5a75383b-eec2-4a38-87dd-592bd3374ac8,1
4e5afb74-fb5b-4d81-aef8-deb24c9dfbd4,f23c8aac-31c6-4a7f-8380-66a984e431e4,0
4e5afb74-fb5b-4d81-aef8-deb24c9dfbd4,eb535648-d15e-4046-869a-788641fe974f,0
4e5afb74-fb5b-4d81-aef8-deb24c9dfbd4,5f5a7791-0969-44b6-832b-8c6192491e28,1
e1c4314d-fb67-4603-8157-e4461fd9576c,f23c8aac-31c6-4a7f-8380-66a984e431e4,0
e1c4314d-fb67-4603-8157-e4461fd9576c,227a910a-d61a-411d-9329-b9e72658ceb2,0
e1c4314d-fb67-4603-8157-e4461fd9576c,5f5a7791-0969-44b6-832b-8c6192491e28,1
67e9e712-f828-4258-8c7b-3badd53211ed,f23c8aac-31c6-4a7f-8380-66a984e431e4,0
67e9e712-f828-4258-8c7b-3badd53211ed,eb535648-d15e-4046-869a-788641fe974f,0
67e9e712-f828-4258-8c7b-3badd53211ed,5f5a7791-0969-44b6-832b-8c6192491e28,1
9b159c4f-8a92-4e3f-9aac-a0b9ae942198,f23c8aac-31c6-4a7f-8380-66a984e431e4,0
9b159c4f-8a92-4e3f-9aac-a0b9ae942198,227a910a-d61a-411d-9329-b9e72658ceb2,0
9b159c4f-8a92-4e3f-9aac-a0b9ae942198,5f5a7791-0969-44b6-832b-8c6192491e28,1
3e529913-0c38-4d3c-b403-45bcfdcce294,ca68d95f-4aa8-4644-a490-b9dae5879a35,0
3e529913-0c38-4d3c-b403-45bcfdcce294,5df1d46c-adc9-4d63-8480-fbd34f09f8ce,0
3e529913-0c38-4d3c-b403-45bcfdcce294,7bae3d5a-cbfd-47d7-b5d8-411523f8cb61,1
b4180b8c-1627-4006-944d-5410db1fc4b5,ca68d95f-4aa8-4644-a490-b9dae5879a35,0
b4180b8c-1627-4006-944d-5410db1fc4b5,5df1d46c-adc9-4d63-8480-fbd34f09f8ce,0
b4180b8c-1627-4006-944d-5410db1fc4b5,7bae3d5a-cbfd-47d7-b5d8-411523f8cb61,1
070833c8-416b-4514-81ca-423fa0aea849,ca68d95f-4aa8-4644-a490-b9dae5879a35,0
070833c8-416b-4514-81ca-423fa0aea849,5df1d46c-adc9-4d63-8480-fbd34f09f8ce,0
070833c8-416b-4514-81ca-423fa0aea849,7bae3d5a-cbfd-47d7-b5d8-411523f8cb61,1
d1a79e0f-e5fc-4a45-8adf-f600339ddfe1,78664b1c-d145-4266-b197-d0a34a14a40c,0
d1a79e0f-e5fc-4a45-8adf-f600339ddfe1,5f5a7791-0969-44b6-832b-8c6192491e28,1
42534716-ff07-4635-ae90-b28aa1e9babe,78664b1c-d145-4266-b197-d0a34a14a40c,0
42534716-ff07-4635-ae90-b28aa1e9babe,5f5a7791-0969-44b6-832b-8c6192491e28,1
80614ac2-5592-420b-b905-968ae0752e20,0ed43700-93ce-438b-8551-2f4e82d3a882,0
80614ac2-5592-420b-b905-968ae0752e20,0ac7dcb7-c399-438f-b44f-aa893ee3f3d2,1
036e366a-6664-457c-b792-eb9a3844f7d7,0ed43700-93ce-438b-8551-2f4e82d3a882,0
036e366a-6664-457c-b792-eb9a3844f7d7,0ac7dcb7-c399-438f-b44f-aa893ee3f3d2,1
4888c1c0-89e5-4bfe-8fcd-66e2c2396528,0ed43700-93ce-438b-8551-2f4e82d3a882,0
4888c1c0-89e5-4bfe-8fcd-66e2c2396528,0ac7dcb7-c399-438f-b44f-aa893ee3f3d2,1
dfbb9f6b-99da-4b88-aa39-af51c182bf59,0ed43700-93ce-438b-8551-2f4e82d3a882,0
dfbb9f6b-99da-4b88-aa39-af51c182bf59,0ac7dcb7-c399-438f-b44f-aa893ee3f3d2,1
415f8a55-da9d-4b2a-8fae-fa1b994a6840,7db9cd87-3e20-427a-be65-c4228a937b10,0
415f8a55-da9d-4b2a-8fae-fa1b994a6840,a8aeb5cc-aeec-455a-ab37-2163a2320b9f,0
415f8a55-da9d-4b2a-8fae-fa1b994a6840,875187d9-9daa-43d9-9776-6702e8ad192b,1
dda15063-4d15-4bcc-b7d7-9ebc205f838c,7db9cd87-3e20-427a-be65-c4228a937b10,0
dda15063-4d15-4bcc-b7d7-9ebc205f838c,a8aeb5cc-aeec-455a-ab37-2163a2320b9f,0
dda15063-4d15-4bcc-b7d7-9ebc205f838c,875187d9-9daa-43d9-9776-6702e8ad192b,1
72a70735-fb7a-47f4-8179-e3b023ab5459,7db9cd87-3e20-427a-be65-c4228a937b10,0
72a70735-fb7a-47f4-8179-e3b023ab5459,a8aeb5cc-aeec-455a-ab37-2163a2320b9f,0
72a70735-fb7a-47f4-8179-e3b023ab5459,875187d9-9daa-43d9-9776-6702e8ad192b,1
672c415f-f6fc-4f3c-902f-09df5785a135,7db9cd87-3e20-427a-be65-c4228a937b10,0
672c415f-f6fc-4f3c-902f-09df5785a135,a8aeb5cc-aeec-455a-ab37-2163a2320b9f,0
672c415f-f6fc-4f3c-902f-09df5785a135,875187d9-9daa-43d9-9776-6702e8ad192b,1
5c377104-c129-4620-8210-55906bb8b080,72759dae-410c-48ff-ac5e-e511792f069d,0
5c377104-c129-4620-8210-55906bb8b080,b3fb57ed-c864-4c08-8aa3-2c0eea4abafc,0
5c377104-c129-4620-8210-55906bb8b080,99e27bcc-fa09-4af5-a277-ca68cc130736,1
08d82302-4c8c-445c-a5f1-1d8354442481,72759dae-410c-48ff-ac5e-e511792f069d,0
08d82302-4c8c-445c-a5f1-1d8354442481,b3fb57ed-c864-4c08-8aa3-2c0eea4abafc,0
08d82302-4c8c-445c-a5f1-1d8354442481,99e27bcc-fa09-4af5-a277-ca68cc130736,1
77ae7696-a1e6-41ff-901e-8e3e01e09a31,72759dae-410c-48ff-ac5e-e511792f069d,0
77ae7696-a1e6-41ff-901e-8e3e01e09a31,b3fb57ed-c864-4c08-8aa3-2c0eea4abafc,0
77ae7696-a1e6-41ff-901e-8e3e01e09a31,99e27bcc-fa09-4af5-a277-ca68cc130736,1
e59f27a0-414a-46b4-85eb-eb2586b0864d,72759dae-410c-48ff-ac5e-e511792f069d,0
e59f27a0-414a-46b4-85eb-eb2586b0864d,b3fb57ed-c864-4c08-8aa3-2c0eea4abafc,0
e59f27a0-414a-46b4-85eb-eb2586b0864d,99e27bcc-fa09-4af5-a277-ca68cc130736,1
e6ec8872-84f2-4169-acba-c632b7c28530,c5782b98-c758-4f5b-9d25-2effef5058c2,0
e6ec8872-84f2-4169-acba-c632b7c28530,770b0e3b-be36-4b83-b1cd-99d2c6d24d09,0
e6ec8872-84f2-4169-acba-c632b7c28530,7d1a1066-5231-47bd-8981-c57d1dd30db3,1
3d897c1c-0f13-4344-8ee8-1c05546568fe,af8cc9c5-8d41-4af1-b8c6-265b53978f3b,0
3d897c1c-0f13-4344-8ee8-1c05546568fe,cb5c83d6-7e1a-448e-8166-3b19ced4b72f,0
3d897c1c-0f13-4344-8ee8-1c05546568fe,fb7a8260-7475-418b-8805-87c3e5b52836,1
da9869d0-480b-4bce-aa3d-5a30b3f323cb,0ed43700-93ce-438b-8551-2f4e82d3a882,0
da9869d0-480b-4bce-aa3d-5a30b3f323cb,d620c8b7-83b6-4b12-b714-bbd638be9d53,1
500adf9d-9361-4604-af74-b8d786ba8b8a,d4f069aa-8f99-4bcf-b6f3-5a65cc94d0ec,0
500adf9d-9361-4604-af74-b8d786ba8b8a,acae8cd1-fb97-4648-85ca-96f3845d2114,1
2383620f-a068-4147-9d88-ee4834ce00e9,9b9af008-a0ae-480b-8813-d4495e27e703,0
2383620f-a068-4147-9d88-ee4834ce00e9,acc9a774-35b3-4258-8bf5-301618b24b63,0
2383620f-a068-4147-9d88-ee4834ce00e9,eee9e09c-6f41-4db5-b2bb-3bdae0617d4f,1
f6932bfd-855f-467c-b681-dcb9afa3981f,b7fb88f6-05e2-4f67-a1db-590e564fdf52,0
fe922fd7-3495-4270-b9f7-60036963a3d7,c05057b5-30ad-4138-a182-ae9bdd36ec9f,0
fe922fd7-3495-4270-b9f7-60036963a3d7,b28f3f05-452c-42f9-a957-b9b1629e1521,1
79fc265f-2acf-4bc7-9817-58237113da12,c05057b5-30ad-4138-a182-ae9bdd36ec9f,0
79fc265f-2acf-4bc7-9817-58237113da12,b28f3f05-452c-42f9-a957-b9b1629e1521,1
8b45df1c-8191-422c-906b-07a6ddc65386,c05057b5-30ad-4138-a182-ae9bdd36ec9f,0
8b45df1c-8191-422c-906b-07a6ddc65386,b28f3f05-452c-42f9-a957-b9b1629e1521,1
2e047e2b-8070-4aaf-8914-1a36a9982d1b,af8cc9c5-8d41-4af1-b8c6-265b53978f3b,0
2e047e2b-8070-4aaf-8914-1a36a9982d1b,7d1a1066-5231-47bd-8981-c57d1dd30db3,1
edb73123-79b9-4166-b2ea-958497b76e93,f08f2202-6cb8-4070-8192-f312a0510405,0
edb73123-79b9-4166-b2ea-958497b76e93,59c2d379-a9d7-4aca-bcb1-148dd0987466,1
2e586267-f4ad-438c-a634-be80d6dac5f8,02ecd9eb-e5e8-4019-8df1-9b8fe43bd4d8,0
2e586267-f4ad-438c-a634-be80d6dac5f8,05bb44fc-2853-44c4-b964-cb35f0273703,1
ccb3294a-5ba4-45a3-8881-b7e1108d68da,02ecd9eb-e5e8-4019-8df1-9b8fe43bd4d8,0
ccb3294a-5ba4-45a3-8881-b7e1108d68da,05bb44fc-2853-44c4-b964-cb35f0273703,1
6a1403cc-1147-4301-a907-59cf91be4762,f4e3eb08-5dbf-4b6d-97cb-207f0ee8713f,0
4cb9b96d-5325-47a3-a440-768f9f2b660f,07f74bc7-a7db-45b4-bafc-598bdc2c62f1,0
9f6385b7-81ef-4ac8-8795-b601394cd759,07f74bc7-a7db-45b4-bafc-598bdc2c62f1,0
aace1101-b961-467f-90b5-64386ecc34fe,d1cab16a-0de3-44f8-8625-4a4a053be545,0
aace1101-b961-467f-90b5-64386ecc34fe,82468c00-5816-470a-91c7-e626b7c29fe3,0
aace1101-b961-467f-90b5-64386ecc34fe,34f0c11b-aed5-4e3c-a709-a96854e79106,1
ff47eb7a-77cb-49ce-83f8-ebb94a19b523,05d6904f-e213-4b47-b83b-e2252760327a,0
ff47eb7a-77cb-49ce-83f8-ebb94a19b523,82468c00-5816-470a-91c7-e626b7c29fe3,0
ff47eb7a-77cb-49ce-83f8-ebb94a19b523,34f0c11b-aed5-4e3c-a709-a96854e79106,1
e0cfe940-6fcf-4c24-880d-c0af7d076546,7fce1841-2531-45d1-9191-eac694229ec6,0
33fafb72-d7aa-46ee-b1d4-905cfb313ae0,7fce1841-2531-45d1-9191-eac694229ec6,0
02220d42-0f30-49b5-804e-4d7ad81fd2b8,c8a16bba-422c-465c-8994-968a20b1fe88,0
02220d42-0f30-49b5-804e-4d7ad81fd2b8,52f859a8-4197-4c38-bf11-00282510187a,1
513b6c4f-9cc6-43cc-b3da-3a17a9f0b86a,c8a16bba-422c-465c-8994-968a20b1fe88,0
513b6c4f-9cc6-43cc-b3da-3a17a9f0b86a,52f859a8-4197-4c38-bf11-00282510187a,1
3bd85daf-6702-4318-a508-e2f2c4c7684c,c8a16bba-422c-465c-8994-968a20b1fe88,0
3bd85daf-6702-4318-a508-e2f2c4c7684c,52f859a8-4197-4c38-bf11-00282510187a,1
648c2141-f3a4-45cf-a7dd-c8317b2f3044,d1fec1b2-8d50-40cf-8338-005d7ca2d6c5,0
648c2141-f3a4-45cf-a7dd-c8317b2f3044,02ce0d3d-e6a3-4f5f-a6ca-5a7b5936054f,0
648c2141-f3a4-45cf-a7dd-c8317b2f3044,67c6aa2e-a8b3-4460-ae5f-bd4903b0d7d8,1
112d18fe-4ca5-45e2-830c-b4e655f85aa3,d1fec1b2-8d50-40cf-8338-005d7ca2d6c5,0
112d18fe-4ca5-45e2-830c-b4e655f85aa3,6488e47d-36ce-43e9-9b47-93192988464b,0
112d18fe-4ca5-45e2-830c-b4e655f85aa3,b7f66104-a4ad-4e11-bd9a-a593dd8551c3,1
4c2c993a-1b4e-46af-bdf4-5b001b4bf090,e9b58749-80d8-4f5f-abfe-d4c20b9f34f4,0
4c2c993a-1b4e-46af-bdf4-5b001b4bf090,cf19b51a-7dbb-4554-8f27-fd744dacd93d,0
4c2c993a-1b4e-46af-bdf4-5b001b4bf090,67c6aa2e-a8b3-4460-ae5f-bd4903b0d7d8,1
bc50f823-b386-4e84-8c42-7203a0480862,e9b58749-80d8-4f5f-abfe-d4c20b9f34f4,0
bc50f823-b386-4e84-8c42-7203a0480862,eee9e09c-6f41-4db5-b2bb-3bdae0617d4f,0
bc50f823-b386-4e84-8c42-7203a0480862,b7f66104-a4ad-4e11-bd9a-a593dd8551c3,1
bd574690-7b80-4c47-b4c8-b214de26f6b8,826e92d2-f745-45ec-9e48-187337f60d19,0
bd574690-7b80-4c47-b4c8-b214de26f6b8,52f859a8-4197-4c38-bf11-00282510187a,0
bd574690-7b80-4c47-b4c8-b214de26f6b8,e8ce8f04-a21e-43c4-98ea-00613fbc8710,1
e335f7bd-805f-431d-94d7-710b9a3f41f5,826e92d2-f745-45ec-9e48-187337f60d19,0
e335f7bd-805f-431d-94d7-710b9a3f41f5,52f859a8-4197-4c38-bf11-00282510187a,0
e335f7bd-805f-431d-94d7-710b9a3f41f5,e8ce8f04-a21e-43c4-98ea-00613fbc8710,1
df46405c-d0b6-44d6-bb23-34e23536d08f,15cc8adb-fb75-4d62-b610-c0c7cde102e4,0
df46405c-d0b6-44d6-bb23-34e23536d08f,4b9c8345-a053-4448-b656-0a35f67ae50f,0
df46405c-d0b6-44d6-bb23-34e23536d08f,0ac7dcb7-c399-438f-b44f-aa893ee3f3d2,1
25a87e49-ae89-4d7a-9975-1957d618a176,15cc8adb-fb75-4d62-b610-c0c7cde102e4,0
25a87e49-ae89-4d7a-9975-1957d618a176,4b9c8345-a053-4448-b656-0a35f67ae50f,0
25a87e49-ae89-4d7a-9975-1957d618a176,0ac7dcb7-c399-438f-b44f-aa893ee3f3d2,1
70c58ecc-93e4-467b-bef8-e3a1cf6d7588,15cc8adb-fb75-4d62-b610-c0c7cde102e4,0
70c58ecc-93e4-467b-bef8-e3a1cf6d7588,4b9c8345-a053-4448-b656-0a35f67ae50f,0
70c58ecc-93e4-467b-bef8-e3a1cf6d7588,0ac7dcb7-c399-438f-b44f-aa893ee3f3d2,1
88f6e9fe-356e-4b12-a4b1-a420c53253de,76faba4f-247b-4bed-90b7-65ef2df59b66,0
326e7d44-f840-42da-8920-2caecc656f8b,76faba4f-247b-4bed-90b7-65ef2df59b66,0
10386c50-330b-4c95-b9de-f4848e7c6be3,68abf0c6-7024-47cb-807e-2a4a482b1c1b,0
b953edd9-1659-409d-952f-8da3c61acefc,68abf0c6-7024-47cb-807e-2a4a482b1c1b,0
5f9691b1-cce6-47fb-865e-9699c4308964,94fc8c48-c4a0-4719-9c44-4c2b9f6f516c,0
92f63dc3-39ac-42c4-b111-f519ad9db8d4,94fc8c48-c4a0-4719-9c44-4c2b9f6f516c,0
d7eaa1b7-c579-46fb-8310-ae894ace56b5,d1cab16a-0de3-44f8-8625-4a4a053be545,0
649f80ba-d3fb-4b7d-8e7e-0abe39bbf544,db3962d5-6c2a-4dff-925b-1fa8bf171b01,0
503aa84a-5a45-4d61-87e1-fce681c9907a,db3962d5-6c2a-4dff-925b-1fa8bf171b01,0
d51409dc-b8eb-48b2-af12-3b96618120fc,db3962d5-6c2a-4dff-925b-1fa8bf171b01,0
5a12a57b-c023-4b8b-b73d-94c92c90cf24,db3962d5-6c2a-4dff-925b-1fa8bf171b01,0
dfa70d52-51f2-43c6-a24d-b72f5a9f6d2f,dd288dde-d4d2-401e-95b3-8efaecd09339,0
a71b01cb-1301-421a-9011-189f161ac910,dd288dde-d4d2-401e-95b3-8efaecd09339,0
32545ecb-7a5b-427f-a565-b84476127604,e7df22e0-ff5d-4349-81ce-48dd2fb3ed94,0
1fe75aff-577a-419c-a507-d3393f4b4915,8f7c80cc-421d-4213-b65f-c16ce0adf249,0
31f1a07d-66ef-47c0-9a89-0ddb9c3dcde1,5a0c9b33-6522-47a1-bf08-4738eb6d070a,0
6a1b2ac6-bc55-435a-ad9d-0d04fd9c4e56,c2ca953f-7dc7-4bf7-89f4-a80e8648c62c,0
d7c000c4-71db-4b19-81d1-cf6e509932cc,4d1bf273-219b-4c6b-8195-ff0437bebd78,0
5dbcfae6-4e28-43fd-a51f-7b496691420e,659317be-629e-4188-a0e9-9926641ad3d3,0
bfdd4cbe-412a-4482-8158-d665145456c8,ec27604a-d8c3-46d5-a254-190c52e25e2b,0
75ce33f8-eac3-48d7-94f5-99f6395c7c5f,3076409c-a264-4a5b-844a-502559f4cd4b,0
75ce33f8-eac3-48d7-94f5-99f6395c7c5f,b3fb57ed-c864-4c08-8aa3-2c0eea4abafc,0
75ce33f8-eac3-48d7-94f5-99f6395c7c5f,b0565e79-6680-41c2-a8e5-fbd0b46213df,1
fdbef2a4-3f2a-4a4c-8e7f-90fe23a7f504,13760beb-7513-4589-a37b-fbf391150aef,0
fdbef2a4-3f2a-4a4c-8e7f-90fe23a7f504,c8a16bba-422c-465c-8994-968a20b1fe88,0
fdbef2a4-3f2a-4a4c-8e7f-90fe23a7f504,34a94ebc-66b4-42a8-bb11-684addd064d1,1
c5ef3a9c-c596-442a-b311-019cfd16c901,770b0e3b-be36-4b83-b1cd-99d2c6d24d09,0
c5ef3a9c-c596-442a-b311-019cfd16c901,869358dd-9173-4d5d-ab98-078dcc19ee4d,0
c5ef3a9c-c596-442a-b311-019cfd16c901,4d1bf273-219b-4c6b-8195-ff0437bebd78,1
64e13d45-22fe-4c8e-901e-4f81b3ffb193,ad723869-7949-434c-b91e-f495c7f384e1,0
38c5c390-7908-44b1-a12c-b78308d0cd06,c94d5211-c427-4ba7-a458-a4d99d5c6eb2,0
38c5c390-7908-44b1-a12c-b78308d0cd06,43c4f371-a026-43cb-832b-ad8cecf9a58a,0
38c5c390-7908-44b1-a12c-b78308d0cd06,1774a4be-60a5-4ddb-a384-453468e2fc77,1
6ea042b0-2f10-4424-85dc-bf6199a882cc,c94d5211-c427-4ba7-a458-a4d99d5c6eb2,0
6ea042b0-2f10-4424-85dc-bf6199a882cc,43c4f371-a026-43cb-832b-ad8cecf9a58a,0
6ea042b0-2f10-4424-85dc-bf6199a882cc,1774a4be-60a5-4ddb-a384-453468e2fc77,1
b70fdb0c-03b5-4818-8edb-f8aa7247ff38,94fc8c48-c4a0-4719-9c44-4c2b9f6f516c,0
b70fdb0c-03b5-4818-8edb-f8aa7247ff38,b2b53a5c-f14b-4eef-9c42-30e62cc74124,0
b70fdb0c-03b5-4818-8edb-f8aa7247ff38,d6a746c0-7a7c-4787-91c0-d587b0b4ba05,1
7b581421-1345-4a56-a1e9-494eb66052fd,3c3ad733-172c-41e0-ab9c-936b10887a75,0
7b581421-1345-4a56-a1e9-494eb66052fd,c94d5211-c427-4ba7-a458-a4d99d5c6eb2,0
7b581421-1345-4a56-a1e9-494eb66052fd,3076409c-a264-4a5b-844a-502559f4cd4b,1
072dcc72-a81e-47ff-bd96-cf2a427cbf21,545d3d72-5e66-4c4d-88c9-94dcec70ad08,0
072dcc72-a81e-47ff-bd96-cf2a427cbf21,4fab4f54-5676-4f0a-b8b0-00477dc0a64d,1
5c166f66-c301-4cd1-a6ff-f5c68850c0d6,2275cc5a-6961-4f06-9589-c233bed407ff,0
b9a4f134-aa55-4451-bd34-1751906b4322,69628ef0-84a0-49ae-aeef-b1598bfec40b,0
b9a4f134-aa55-4451-bd34-1751906b4322,6562154e-3c8a-4bdd-987f-45234e62ac8e,1
7797e8bb-580a-4f5d-a7cd-8789262e231d,69628ef0-84a0-49ae-aeef-b1598bfec40b,0
7797e8bb-580a-4f5d-a7cd-8789262e231d,6562154e-3c8a-4bdd-987f-45234e62ac8e,1
07cf6ded-f088-4df2-9ee3-cd27006cee78,69628ef0-84a0-49ae-aeef-b1598bfec40b,0
07cf6ded-f088-4df2-9ee3-cd27006cee78,6562154e-3c8a-4bdd-987f-45234e62ac8e,1
de9d7681-9da4-4483-8fae-2b8aa2b10e07,cdf67e6b-4764-488c-8171-efc6206ce3e9,0
de9d7681-9da4-4483-8fae-2b8aa2b10e07,1bc9e420-e77c-4e8d-968e-6e028e71a151,1
d4ca37b2-73d0-410c-8824-b56734955f38,cdf67e6b-4764-488c-8171-efc6206ce3e9,0
d4ca37b2-73d0-410c-8824-b56734955f38,1bc9e420-e77c-4e8d-968e-6e028e71a151,1
7160738d-d38a-4279-8041-760d3e4ad006,cdf67e6b-4764-488c-8171-efc6206ce3e9,0
7160738d-d38a-4279-8041-760d3e4ad006,1bc9e420-e77c-4e8d-968e-6e028e71a151,1
58ea0828-dbdf-44db-a50b-6a94abf1441c,ed959385-60d1-4d44-97ee-3c82b926080b,0
58ea0828-dbdf-44db-a50b-6a94abf1441c,dc894a2a-a246-4ebc-89fa-0fe4c3da3a19,1
252be32a-424e-4ac7-b388-83b0c55c0ac2,ed959385-60d1-4d44-97ee-3c82b926080b,0
252be32a-424e-4ac7-b388-83b0c55c0ac2,dc894a2a-a246-4ebc-89fa-0fe4c3da3a19,1
706caa1c-4863-4a8a-82fc-cf7bf0f7af05,ed959385-60d1-4d44-97ee-3c82b926080b,0
706caa1c-4863-4a8a-82fc-cf7bf0f7af05,dc894a2a-a246-4ebc-89fa-0fe4c3da3a19,1
4433731a-fda6-4ab7-9d23-f382fe572ef0,b28f3f05-452c-42f9-a957-b9b1629e1521,0
4433731a-fda6-4ab7-9d23-f382fe572ef0,b728fcc5-a1c0-4e49-8fa1-a58cee5fb854,0
4433731a-fda6-4ab7-9d23-f382fe572ef0,a392bc42-c6ee-4c6c-8e95-922301a147be,1
29d28595-e78f-4133-8e49-c1867254c33e,b22fe0c5-ddf8-4c41-8366-e0a33d925ef9,0
29d28595-e78f-4133-8e49-c1867254c33e,b728fcc5-a1c0-4e49-8fa1-a58cee5fb854,0
29d28595-e78f-4133-8e49-c1867254c33e,a392bc42-c6ee-4c6c-8e95-922301a147be,1
721786a3-03cf-4893-b638-ca6b3588e5ba,b28f3f05-452c-42f9-a957-b9b1629e1521,0
721786a3-03cf-4893-b638-ca6b3588e5ba,b728fcc5-a1c0-4e49-8fa1-a58cee5fb854,0
721786a3-03cf-4893-b638-ca6b3588e5ba,a392bc42-c6ee-4c6c-8e95-922301a147be,1
2036c560-e0a8-49cc-8362-2a9d20f2cef6,8e3ea8ff-72b8-410a-9449-f4a4ef210426,0
2036c560-e0a8-49cc-8362-2a9d20f2cef6,d19d3558-a12d-4a55-beef-9b8a59748f97,1
28f17e41-b333-4d60-9bfc-28105fd27503,8e3ea8ff-72b8-410a-9449-f4a4ef210426,0
28f17e41-b333-4d60-9bfc-28105fd27503,d19d3558-a12d-4a55-beef-9b8a59748f97,1
51a8a7df-1ac8-4f47-b856-3f5b9040b92d,13760beb-7513-4589-a37b-fbf391150aef,0
51a8a7df-1ac8-4f47-b856-3f5b9040b92d,c1edbeaf-334b-4aea-8908-edeef4fc0fcb,1
f2da5040-5d4f-425c-9488-9a14c0540560,13760beb-7513-4589-a37b-fbf391150aef,0
f2da5040-5d4f-425c-9488-9a14c0540560,c1edbeaf-334b-4aea-8908-edeef4fc0fcb,1
0ccad763-1fbc-41b8-9a41-420883e16ae9,6488e47d-36ce-43e9-9b47-93192988464b,0
0ccad763-1fbc-41b8-9a41-420883e16ae9,2e71fa12-5ef0-44ed-b8a6-36368ba02ead,0
0ccad763-1fbc-41b8-9a41-420883e16ae9,53b58e9b-b6a5-4087-936b-8d8b080d90c3,1
9a452c6d-e9b5-4ac4-8c93-450e359ff168,d1fec1b2-8d50-40cf-8338-005d7ca2d6c5,0
9a452c6d-e9b5-4ac4-8c93-450e359ff168,2e71fa12-5ef0-44ed-b8a6-36368ba02ead,0
9a452c6d-e9b5-4ac4-8c93-450e359ff168,53b58e9b-b6a5-4087-936b-8d8b080d90c3,1
2a28b01b-41f8-44f1-9c5d-c7991df2bfa8,d1fec1b2-8d50-40cf-8338-005d7ca2d6c5,0
2a28b01b-41f8-44f1-9c5d-c7991df2bfa8,2e71fa12-5ef0-44ed-b8a6-36368ba02ead,0
2a28b01b-41f8-44f1-9c5d-c7991df2bfa8,53b58e9b-b6a5-4087-936b-8d8b080d90c3,1
54a83570-d1b7-438c-9c7b-edeeae715ce0,76a82351-5b31-4b0f-8a79-6ec504b4efd6,0
54a83570-d1b7-438c-9c7b-edeeae715ce0,18f6702f-5b65-4d88-b468-52b307112758,0
54a83570-d1b7-438c-9c7b-edeeae715ce0,05d6904f-e213-4b47-b83b-e2252760327a,1
14db1df4-602e-454c-a6ba-a59c35517fa4,f081028a-562a-4e3f-a8f7-e6fc7af45d65,0
14db1df4-602e-454c-a6ba-a59c35517fa4,2d50a1cc-726a-4150-ad52-583cbcedf623,0
14db1df4-602e-454c-a6ba-a59c35517fa4,5f5a7791-0969-44b6-832b-8c6192491e28,1
3e066376-ab98-407b-956d-d049e983d33d,f081028a-562a-4e3f-a8f7-e6fc7af45d65,0
3e066376-ab98-407b-956d-d049e983d33d,2d50a1cc-726a-4150-ad52-583cbcedf623,0
3e066376-ab98-407b-956d-d049e983d33d,5f5a7791-0969-44b6-832b-8c6192491e28,1
ab7761b6-e735-4a01-908c-0399c58f29d9,05d6904f-e213-4b47-b83b-e2252760327a,0
ab7761b6-e735-4a01-908c-0399c58f29d9,5a75383b-eec2-4a38-87dd-592bd3374ac8,1
fa0204c6-36b1-4db2-8a95-8e677383ee1c,beddaccf-929f-4a96-8c2c-928fef6f4fab,0
fa0204c6-36b1-4db2-8a95-8e677383ee1c,b28f3f05-452c-42f9-a957-b9b1629e1521,1
ec963e0d-00cc-41dd-9d8d-682239d748e9,641095c0-e441-490f-a863-d3bc1866227a,0
ec963e0d-00cc-41dd-9d8d-682239d748e9,3e48e961-4bd9-4a25-981e-9ca1ea516e60,1
06bf55c0-c50c-4459-9a5a-adb673f03ff7,641095c0-e441-490f-a863-d3bc1866227a,0
06bf55c0-c50c-4459-9a5a-adb673f03ff7,3e48e961-4bd9-4a25-981e-9ca1ea516e60,1
53bb13f5-91c9-4d7c-bcae-32d6e08e0ae8,1497137e-54be-41ad-a123-d7fe47095445,0
53bb13f5-91c9-4d7c-bcae-32d6e08e0ae8,3e48e961-4bd9-4a25-981e-9ca1ea516e60,1
2ddec1f8-c9a9-44cf-a65f-0ede66023a81,3076409c-a264-4a5b-844a-502559f4cd4b,0
2ddec1f8-c9a9-44cf-a65f-0ede66023a81,02ce0d3d-e6a3-4f5f-a6ca-5a7b5936054f,0
2ddec1f8-c9a9-44cf-a65f-0ede66023a81,770b0e3b-be36-4b83-b1cd-99d2c6d24d09,1
fc9b2521-f165-4dd7-b951-39b0526a892c,3076409c-a264-4a5b-844a-502559f4cd4b,0
fc9b2521-f165-4dd7-b951-39b0526a892c,02ce0d3d-e6a3-4f5f-a6ca-5a7b5936054f,0
fc9b2521-f165-4dd7-b951-39b0526a892c,770b0e3b-be36-4b83-b1cd-99d2c6d24d09,1
c62d2f48-8b2a-4476-b341-568ab7653035,3076409c-a264-4a5b-844a-502559f4cd4b,0
c62d2f48-8b2a-4476-b341-568ab7653035,02ce0d3d-e6a3-4f5f-a6ca-5a7b5936054f,0
c62d2f48-8b2a-4476-b341-568ab7653035,c8a16bba-422c-465c-8994-968a20b1fe88,1
0d97acb5-6929-4062-a4eb-ec5c697a9cda,3076409c-a264-4a5b-844a-502559f4cd4b,0
0d97acb5-6929-4062-a4eb-ec5c697a9cda,02ce0d3d-e6a3-4f5f-a6ca-5a7b5936054f,0
0d97acb5-6929-4062-a4eb-ec5c697a9cda,c8a16bba-422c-465c-8994-968a20b1fe88,1
bff630f6-19a9-4649-826d-aac05bb8c7e5,5d257bae-9bb7-4fa9-bd3e-afc1e673eeac,0
bff630f6-19a9-4649-826d-aac05bb8c7e5,5390a51d-25cd-4e51-8b0e-8067913c4ea0,0
bff630f6-19a9-4649-826d-aac05bb8c7e5,15cc8adb-fb75-4d62-b610-c0c7cde102e4,1
7455cbf2-ed76-4789-9a51-0c9b0ad9e596,5d257bae-9bb7-4fa9-bd3e-afc1e673eeac,0
7455cbf2-ed76-4789-9a51-0c9b0ad9e596,5390a51d-25cd-4e51-8b0e-8067913c4ea0,0
7455cbf2-ed76-4789-9a51-0c9b0ad9e596,15cc8adb-fb75-4d62-b610-c0c7cde102e4,1
e4314f13-ec93-4785-a6dc-4a2c217e3abc,5d257bae-9bb7-4fa9-bd3e-afc1e673eeac,0
e4314f13-ec93-4785-a6dc-4a2c217e3abc,5390a51d-25cd-4e51-8b0e-8067913c4ea0,0
e4314f13-ec93-4785-a6dc-4a2c217e3abc,15cc8adb-fb75-4d62-b610-c0c7cde102e4,1
96359964-894a-485f-818a-479a413fe623,ca68d95f-4aa8-4644-a490-b9dae5879a35,0
96359964-894a-485f-818a-479a413fe623,7bae3d5a-cbfd-47d7-b5d8-411523f8cb61,1
7d756411-25bd-4545-b1d1-8d89abc4ae92,ca68d95f-4aa8-4644-a490-b9dae5879a35,0
7d756411-25bd-4545-b1d1-8d89abc4ae92,0ed43700-93ce-438b-8551-2f4e82d3a882,1
c026082b-c5ad-4c73-9622-8230af796114,ca68d95f-4aa8-4644-a490-b9dae5879a35,0
c026082b-c5ad-4c73-9622-8230af796114,0ed43700-93ce-438b-8551-2f4e82d3a882,1
6ae8fead-0503-4ce8-bd07-f48c9adb77a3,05d6904f-e213-4b47-b83b-e2252760327a,0
6ae8fead-0503-4ce8-bd07-f48c9adb77a3,6488e47d-36ce-43e9-9b47-93192988464b,0
6ae8fead-0503-4ce8-bd07-f48c9adb77a3,3b1353b2-3d71-41d4-8d1a-bdfdadac0891,1
a1d85d58-9aef-429e-b587-99db6d72ff7a,df4db7c4-cab4-47d1-b1a1-e59f8f16e908,0
a1d85d58-9aef-429e-b587-99db6d72ff7a,6488e47d-36ce-43e9-9b47-93192988464b,0
a1d85d58-9aef-429e-b587-99db6d72ff7a,3b1353b2-3d71-41d4-8d1a-bdfdadac0891,1
e916b749-993e-441d-b24a-0a55eaeecddf,42f3679b-bae4-4ae6-8bb0-6669c5391a06,0
e916b749-993e-441d-b24a-0a55eaeecddf,d1fec1b2-8d50-40cf-8338-005d7ca2d6c5,0
e916b749-993e-441d-b24a-0a55eaeecddf,dcc0a170-da5b-443e-bfd0-ac449ecd967a,1
aa434bfd-3b59-48c7-9da6-a5343c67a886,42f3679b-bae4-4ae6-8bb0-6669c5391a06,0
aa434bfd-3b59-48c7-9da6-a5343c67a886,d1fec1b2-8d50-40cf-8338-005d7ca2d6c5,0
aa434bfd-3b59-48c7-9da6-a5343c67a886,dcc0a170-da5b-443e-bfd0-ac449ecd967a,1
19694e35-e91c-4e2c-a32e-7cd57fad9361,3076409c-a264-4a5b-844a-502559f4cd4b,0
19694e35-e91c-4e2c-a32e-7cd57fad9361,76a82351-5b31-4b0f-8a79-6ec504b4efd6,0
19694e35-e91c-4e2c-a32e-7cd57fad9361,d19d3558-a12d-4a55-beef-9b8a59748f97,1
136d963e-bb4c-4875-a80a-4898d1f8de2e,3076409c-a264-4a5b-844a-502559f4cd4b,0
136d963e-bb4c-4875-a80a-4898d1f8de2e,e1ac2e47-ba1a-4990-ae7f-03228cd52a80,0
136d963e-bb4c-4875-a80a-4898d1f8de2e,d19d3558-a12d-4a55-beef-9b8a59748f97,1
4db08d15-7686-4df5-8bfe-352a2ea35ce0,b2b53a5c-f14b-4eef-9c42-30e62cc74124,0
4db08d15-7686-4df5-8bfe-352a2ea35ce0,99e27bcc-fa09-4af5-a277-ca68cc130736,0
4db08d15-7686-4df5-8bfe-352a2ea35ce0,72759dae-410c-48ff-ac5e-e511792f069d,1
ba0c8346-5f98-4212-8768-1a2edca061ae,b2b53a5c-f14b-4eef-9c42-30e62cc74124,0
ba0c8346-5f98-4212-8768-1a2edca061ae,d6a746c0-7a7c-4787-91c0-d587b0b4ba05,0
ba0c8346-5f98-4212-8768-1a2edca061ae,72759dae-410c-48ff-ac5e-e511792f069d,1
9e72d12f-4bac-4daf-b682-59d974ad702f,9bdc5446-ce90-46ca-9203-247b3c8d2d47,0
9e72d12f-4bac-4daf-b682-59d974ad702f,4b9c8345-a053-4448-b656-0a35f67ae50f,1
9822a9ff-2600-448c-9335-71329d66bd89,9bdc5446-ce90-46ca-9203-247b3c8d2d47,0
9822a9ff-2600-448c-9335-71329d66bd89,4b9c8345-a053-4448-b656-0a35f67ae50f,1
b897928f-7fa7-41c2-842b-308c6945cea3,c097a49e-9630-4d2c-a90f-7a840b7d2268,0
9d87c52d-c1af-4f96-a5cf-af180b8fe678,c097a49e-9630-4d2c-a90f-7a840b7d2268,0
a391810e-1136-416f-ac89-4afff1b2b151,0f6bae7b-b9fd-4760-9b41-27940150cdc8,0
a391810e-1136-416f-ac89-4afff1b2b151,648ba7cd-9a63-4196-9b2c-36783b1fe050,0
a391810e-1136-416f-ac89-4afff1b2b151,dfa641ad-690b-4f23-9500-a2d2d6cf747d,1
8bfe857a-24cc-41f0-81d5-127d3a58175e,efd5dfeb-33f7-4e6a-9a80-663435ebdbef,0
8bfe857a-24cc-41f0-81d5-127d3a58175e,8e3ea8ff-72b8-410a-9449-f4a4ef210426,0
8bfe857a-24cc-41f0-81d5-127d3a58175e,5a75383b-eec2-4a38-87dd-592bd3374ac8,1
faa3e031-e6ec-47d4-bdf5-158a66edb3c0,efd5dfeb-33f7-4e6a-9a80-663435ebdbef,0
faa3e031-e6ec-47d4-bdf5-158a66edb3c0,8e3ea8ff-72b8-410a-9449-f4a4ef210426,0
faa3e031-e6ec-47d4-bdf5-158a66edb3c0,2c783511-7431-483a-a5f4-ea2cfd0290d5,1
fd1e8d17-194a-4199-b46e-c89358716258,3baa62d3-0897-4317-bc9d-e3ad617263b1,0
fd1e8d17-194a-4199-b46e-c89358716258,b2a7c6f4-5e2f-4ce2-bb4e-3c30b04b5a7e,1
26d36287-ef4a-4931-8b62-5d42ab910278,82468c00-5816-470a-91c7-e626b7c29fe3,0
26d36287-ef4a-4931-8b62-5d42ab910278,8741668d-c1b5-407e-bb34-4f6571dce020,1
30fb0d30-a8d5-4e86-b2e8-eefb63d73647,a8aeb5cc-aeec-455a-ab37-2163a2320b9f,0
30fb0d30-a8d5-4e86-b2e8-eefb63d73647,b3fb57ed-c864-4c08-8aa3-2c0eea4abafc,0
30fb0d30-a8d5-4e86-b2e8-eefb63d73647,5747f593-cdd3-42cd-9b3c-9de2a6f98789,1
fc1d28e1-eecf-4587-ba71-e396c8d8c0e7,510cc1fa-88c0-4c75-bd0a-31d2f135b60e,0
fc1d28e1-eecf-4587-ba71-e396c8d8c0e7,b3fb57ed-c864-4c08-8aa3-2c0eea4abafc,0
fc1d28e1-eecf-4587-ba71-e396c8d8c0e7,5747f593-cdd3-42cd-9b3c-9de2a6f98789,1
2261bd7a-603c-49bc-954a-2b01e2d0b77c,1774a4be-60a5-4ddb-a384-453468e2fc77,0
2261bd7a-603c-49bc-954a-2b01e2d0b77c,05d6904f-e213-4b47-b83b-e2252760327a,0
2261bd7a-603c-49bc-954a-2b01e2d0b77c,99e27bcc-fa09-4af5-a277-ca68cc130736,1
25d8b91b-2e3a-420e-ad2f-c43603468243,1774a4be-60a5-4ddb-a384-453468e2fc77,0
25d8b91b-2e3a-420e-ad2f-c43603468243,05d6904f-e213-4b47-b83b-e2252760327a,0
25d8b91b-2e3a-420e-ad2f-c43603468243,99e27bcc-fa09-4af5-a277-ca68cc130736,1
3869d20b-fc28-4c9f-8c3b-b7dab0563a2a,1774a4be-60a5-4ddb-a384-453468e2fc77,0
3869d20b-fc28-4c9f-8c3b-b7dab0563a2a,05d6904f-e213-4b47-b83b-e2252760327a,0
3869d20b-fc28-4c9f-8c3b-b7dab0563a2a,99e27bcc-fa09-4af5-a277-ca68cc130736,1
3cf021c6-ff05-477a-8da4-930fe932b2e7,1bbc1c13-9611-44aa-b68f-9ef9a6c5ce8d,0
3cf021c6-ff05-477a-8da4-930fe932b2e7,88e51878-9d4b-40eb-ba3b-bf9d8a182116,0
3cf021c6-ff05-477a-8da4-930fe932b2e7,dcdaa9de-155f-4d30-b7b3-9da2ca0ee3af,1
320cdf80-3e0c-464d-860e-0af1a9c78017,1bbc1c13-9611-44aa-b68f-9ef9a6c5ce8d,0
320cdf80-3e0c-464d-860e-0af1a9c78017,88e51878-9d4b-40eb-ba3b-bf9d8a182116,0
320cdf80-3e0c-464d-860e-0af1a9c78017,dcdaa9de-155f-4d30-b7b3-9da2ca0ee3af,1
264561b3-1d24-49b5-9b4c-c21ec3de62f2,66c8d298-2bec-4ad6-9667-084a8ba5b728,0
264561b3-1d24-49b5-9b4c-c21ec3de62f2,26f22bd2-22aa-4d33-bed5-12251fc0292e,0
264561b3-1d24-49b5-9b4c-c21ec3de62f2,c179087b-d826-43bd-9018-68160e6214ca,1
445fc150-3061-4882-8a11-106a6df2fdef,acc7619f-72e1-40f2-9c8f-94eae08c7518,0
3496a53c-0973-4eb2-8bc7-1b690be6d647,8b5ff4ec-24e4-48d2-9bc3-25515512fbd7,0
a67a32cd-4ac3-4f09-8dcf-28a99842dd59,8b5ff4ec-24e4-48d2-9bc3-25515512fbd7,0
11ce164f-3902-44e8-a121-29c49a62a4dd,2275cc5a-6961-4f06-9589-c233bed407ff,0
11ce164f-3902-44e8-a121-29c49a62a4dd,bd40b284-a73c-4c8b-be7b-34c80ddd238f,1
f3fd141d-8be1-4f2f-9e08-8a41c89a0d7b,2275cc5a-6961-4f06-9589-c233bed407ff,0
f3fd141d-8be1-4f2f-9e08-8a41c89a0d7b,550b904b-74b0-4349-9789-77b3a4069d41,1
4e787c04-8caf-4ae3-9e11-06c6bec14c2d,b2a7c6f4-5e2f-4ce2-bb4e-3c30b04b5a7e,0
4e787c04-8caf-4ae3-9e11-06c6bec14c2d,dfa641ad-690b-4f23-9500-a2d2d6cf747d,1
39cfa656-d7ea-4f33-91c0-faa06ddcf0aa,1c28437a-b75a-4639-9558-1501af8656a7,0
39cfa656-d7ea-4f33-91c0-faa06ddcf0aa,dcdaa9de-155f-4d30-b7b3-9da2ca0ee3af,1
5555dbc4-cf3d-4553-b8e6-652b45cb2641,7af43707-7b62-4046-9f49-cb5d54aed0bf,0
5555dbc4-cf3d-4553-b8e6-652b45cb2641,e5ab925d-0712-4a62-bc0b-052cb7d2fa6e,1
f89e5872-8145-4be2-b1d9-0eff4e25ee84,7af43707-7b62-4046-9f49-cb5d54aed0bf,0
f89e5872-8145-4be2-b1d9-0eff4e25ee84,e5ab925d-0712-4a62-bc0b-052cb7d2fa6e,1
9822cc16-11a0-4929-ab8e-fc5986f38660,18f6702f-5b65-4d88-b468-52b307112758,0
9822cc16-11a0-4929-ab8e-fc5986f38660,9d1a50cb-aa8f-4246-9baa-f12d92585ff4,1
4c4aae7a-66aa-4200-8074-54b3fc29544c,67c6aa2e-a8b3-4460-ae5f-bd4903b0d7d8,0
4c4aae7a-66aa-4200-8074-54b3fc29544c,9d1a50cb-aa8f-4246-9baa-f12d92585ff4,1
45488566-8bd6-4cd9-88aa-ab48a3e4a40d,acae8cd1-fb97-4648-85ca-96f3845d2114,0
45488566-8bd6-4cd9-88aa-ab48a3e4a40d,9b9af008-a0ae-480b-8813-d4495e27e703,0
45488566-8bd6-4cd9-88aa-ab48a3e4a40d,1ad07863-a91e-45bf-ba66-b5874ad5ecf4,1
03e18125-fab6-4134-81f1-081d4e3d89b0,a392bc42-c6ee-4c6c-8e95-922301a147be,0
03e18125-fab6-4134-81f1-081d4e3d89b0,9939b773-da66-4ada-85c4-f0a519827300,0
03e18125-fab6-4134-81f1-081d4e3d89b0,c8a16bba-422c-465c-8994-968a20b1fe88,1
d40ae9fc-52fd-44c9-8b66-6ee65e9bbca9,a392bc42-c6ee-4c6c-8e95-922301a147be,0
d40ae9fc-52fd-44c9-8b66-6ee65e9bbca9,b7f66104-a4ad-4e11-bd9a-a593dd8551c3,0
d40ae9fc-52fd-44c9-8b66-6ee65e9bbca9,c8a16bba-422c-465c-8994-968a20b1fe88,1
632615db-89a5-4f2e-adcd-58e8f7e2dbb4,1774a4be-60a5-4ddb-a384-453468e2fc77,0
632615db-89a5-4f2e-adcd-58e8f7e2dbb4,34a94ebc-66b4-42a8-bb11-684addd064d1,1
0e10e829-b770-4723-80af-360a339d07b7,1bc9e420-e77c-4e8d-968e-6e028e71a151,0
0e10e829-b770-4723-80af-360a339d07b7,a61551e1-137f-41d6-bb55-82f4ae350643,0
0e10e829-b770-4723-80af-360a339d07b7,acc7619f-72e1-40f2-9c8f-94eae08c7518,1
f098ca0b-7f51-4c10-8789-8e932fe365fc,525ee545-d8d4-474d-974e-32e01e99ab8a,0
f098ca0b-7f51-4c10-8789-8e932fe365fc,767858c8-9a7a-4145-a112-527780bdef70,1
0df21295-9b94-4c02-a357-e738384d3ba0,8f1740f0-6146-4e41-b09c-cb5ddf75c70e,0
0df21295-9b94-4c02-a357-e738384d3ba0,d1cab16a-0de3-44f8-8625-4a4a053be545,0
0df21295-9b94-4c02-a357-e738384d3ba0,7d1a1066-5231-47bd-8981-c57d1dd30db3,1
d0876bf7-3206-4166-81cf-4c0ae5fac348,3c3ad733-172c-41e0-ab9c-936b10887a75,0
d0876bf7-3206-4166-81cf-4c0ae5fac348,e9b58749-80d8-4f5f-abfe-d4c20b9f34f4,0
d0876bf7-3206-4166-81cf-4c0ae5fac348,1bc9e420-e77c-4e8d-968e-6e028e71a151,1
dfd2779f-085e-4f73-8f1a-1a48028c4a7f,028a57ba-d735-45b4-a208-de7ebdfe710d,0
dfd2779f-085e-4f73-8f1a-1a48028c4a7f,3b5ff432-d332-4c16-beac-760264c886a1,0
dfd2779f-085e-4f73-8f1a-1a48028c4a7f,b0565e79-6680-41c2-a8e5-fbd0b46213df,1
743d0c0e-b264-4ec4-88d3-ac5ebd148f3d,ce1042a9-366c-42df-80e7-b5a9db9a1ffd,0
743d0c0e-b264-4ec4-88d3-ac5ebd148f3d,76a82351-5b31-4b0f-8a79-6ec504b4efd6,0
743d0c0e-b264-4ec4-88d3-ac5ebd148f3d,88e51878-9d4b-40eb-ba3b-bf9d8a182116,1
a80b0e83-cb6e-43f7-8bce-e7971fee696f,ce1042a9-366c-42df-80e7-b5a9db9a1ffd,0
a80b0e83-cb6e-43f7-8bce-e7971fee696f,76a82351-5b31-4b0f-8a79-6ec504b4efd6,0
a80b0e83-cb6e-43f7-8bce-e7971fee696f,88e51878-9d4b-40eb-ba3b-bf9d8a182116,1
9ebd4553-c2c5-448b-a23c-1271e038d3d3,7d1a1066-5231-47bd-8981-c57d1dd30db3,0
9ebd4553-c2c5-448b-a23c-1271e038d3d3,aed480be-81a8-4511-85fe-8991246ef1f1,0
9ebd4553-c2c5-448b-a23c-1271e038d3d3,94fc8c48-c4a0-4719-9c44-4c2b9f6f516c,1
7310af27-f763-4fd7-a6e9-58f422743060,795d3e0e-e971-4748-b80b-05258ff1718d,0
5d8284f3-452f-465e-8d92-5362df7fb9b7,795d3e0e-e971-4748-b80b-05258ff1718d,0
6248383a-edc1-452e-b1e4-667e66843752,795d3e0e-e971-4748-b80b-05258ff1718d,0
887d6cee-ae97-477f-b208-e97ba4c8a0f5,795d3e0e-e971-4748-b80b-05258ff1718d,0
9fc0c6a1-6d30-49e7-8171-b2fcd7e39377,795d3e0e-e971-4748-b80b-05258ff1718d,0
f9c7b9cf-6abd-47e2-a805-2802ae1ea447,795d3e0e-e971-4748-b80b-05258ff1718d,0
0543620f-b6ac-42b0-bb41-2c44dceae9ed,26021255-7708-457b-9462-cffe938fbb3c,0
61408f82-a43f-4a0e-94bc-113b2719ec55,26021255-7708-457b-9462-cffe938fbb3c,0
9d3af2c8-d4d2-4a8f-b3ef-028294fe74b1,26021255-7708-457b-9462-cffe938fbb3c,0
ee67d977-c268-4a31-b57a-f931b5938337,26021255-7708-457b-9462-cffe938fbb3c,0
ea98f307-9b24-42e7-a936-d933cef054e8,26021255-7708-457b-9462-cffe938fbb3c,0
d1062963-b187-4784-8a0a-338201823991,26021255-7708-457b-9462-cffe938fbb3c,0
f32c646e-e623-4c4b-8fe4-d3f3297805c0,9e2ab19d-332e-4fd3-8cfa-6400707ea917,0
f32c646e-e623-4c4b-8fe4-d3f3297805c0,eee9e09c-6f41-4db5-b2bb-3bdae0617d4f,1
eccbe909-1273-4523-8f39-33aa71682f3b,9e2ab19d-332e-4fd3-8cfa-6400707ea917,0
eccbe909-1273-4523-8f39-33aa71682f3b,eee9e09c-6f41-4db5-b2bb-3bdae0617d4f,1
5e42b113-e298-4296-8bc6-f58ec0741395,9e2ab19d-332e-4fd3-8cfa-6400707ea917,0
5e42b113-e298-4296-8bc6-f58ec0741395,eee9e09c-6f41-4db5-b2bb-3bdae0617d4f,1
fc9b8cf0-104a-40e7-a841-4eec6ba2cf9b,88e51878-9d4b-40eb-ba3b-bf9d8a182116,0
b931caae-29ec-48ed-b689-32dda394dbef,76a82351-5b31-4b0f-8a79-6ec504b4efd6,0
b33a0739-176d-421f-a418-9caec7234410,66cd8099-eb39-48de-ad6e-03c4429bd4e3,0
b681eb09-c4ea-4496-afce-273e1ef30149,595a3ba0-d367-4a6d-b949-84b2b92827cb,0
bfd05007-fa2c-4d74-9b37-86eab4cdc2f3,9d84f1c0-ddea-41d6-8ee7-ad8a8e7bde2c,0
f7e03ba0-1efd-440b-b7e2-08af86cc659b,c92827d9-ff83-4893-95b9-bfad4da0047e,0
c5505970-7a57-4b0c-ba47-12838321960e,f5f753b7-9678-4e4b-b900-875cf77e4b20,0
18c70c44-dbb0-47a7-8783-23b9c753bdc3,795d3e0e-e971-4748-b80b-05258ff1718d,0
13153d6d-fce4-46f7-b265-13037f1375ed,26021255-7708-457b-9462-cffe938fbb3c,0
e59dbdfc-27f8-487e-8034-30f96a3cfffa,8b07942f-e025-4371-a65f-7488752ac54e,0
b853f338-a206-445f-aee3-fe789dbb5e72,629f1880-dd76-44a4-868b-de54a7666ddb,0
1df4ec31-371d-4f0d-aef2-fa1e4f95d323,795d3e0e-e971-4748-b80b-05258ff1718d,0
ae326cb8-33cc-4481-80b6-3de89e392e87,26021255-7708-457b-9462-cffe938fbb3c,0
951138f5-5807-43fa-bb52-e3959c526782,03a9ec69-2c43-4730-b77b-00e1c330d7c0,0
951138f5-5807-43fa-bb52-e3959c526782,b728fcc5-a1c0-4e49-8fa1-a58cee5fb854,0
951138f5-5807-43fa-bb52-e3959c526782,0b4c82f4-a745-4725-9b1e-6cb124a4827c,1
82fa22e9-c573-4302-8598-cb9e697a97ea,c535ca99-723a-4806-8ded-bc4390b5b1da,0
82fa22e9-c573-4302-8598-cb9e697a97ea,285e3c10-bc86-4528-bbca-6e6a0d2544cf,1
7ae82e96-38fe-4fa0-97c7-edf581011c19,c535ca99-723a-4806-8ded-bc4390b5b1da,0
7ae82e96-38fe-4fa0-97c7-edf581011c19,285e3c10-bc86-4528-bbca-6e6a0d2544cf,1
1400e236-5117-4e89-be3e-636231dfa0d2,c535ca99-723a-4806-8ded-bc4390b5b1da,0
1400e236-5117-4e89-be3e-636231dfa0d2,285e3c10-bc86-4528-bbca-6e6a0d2544cf,1
41003ba7-7e12-422a-980e-85da8b0cb84e,c535ca99-723a-4806-8ded-bc4390b5b1da,0
41003ba7-7e12-422a-980e-85da8b0cb84e,285e3c10-bc86-4528-bbca-6e6a0d2544cf,1
7e402d68-988c-4c38-99b3-444e3938e00c,401b03ba-882f-4453-8366-15a5d653e54f,0
7e402d68-988c-4c38-99b3-444e3938e00c,e1ac2e47-ba1a-4990-ae7f-03228cd52a80,1
20b33834-e696-4070-a86b-305ac65d804a,401b03ba-882f-4453-8366-15a5d653e54f,0
20b33834-e696-4070-a86b-305ac65d804a,b3fb57ed-c864-4c08-8aa3-2c0eea4abafc,1
d6d49364-4b1f-44af-b32e-b35eaef6b445,401b03ba-882f-4453-8366-15a5d653e54f,0
d6d49364-4b1f-44af-b32e-b35eaef6b445,5f5a7791-0969-44b6-832b-8c6192491e28,1
5649245d-7739-4a70-9901-09d375890d72,7d1a1066-5231-47bd-8981-c57d1dd30db3,0
4d4bee92-d5f9-4109-a983-7ef9ecd684ab,e9b58749-80d8-4f5f-abfe-d4c20b9f34f4,0
99f9f4ca-007d-4803-b9c8-ae7bd30f02eb,1774a4be-60a5-4ddb-a384-453468e2fc77,0
15a4a339-cf38-418e-8a34-50dbaeb6c3c0,5390a51d-25cd-4e51-8b0e-8067913c4ea0,0
de57110a-8432-4a03-a5ec-cc3723fa8faa,264d3651-4baa-4d2d-b313-0868a55236a0,0
815e8cde-4827-437a-ba41-039662a3865c,1e2b278b-648a-43cb-baaa-d7777419ea1b,0
ba03b06a-7513-48a2-b645-103bcd66acd3,4c2cbb34-ba08-4787-95b8-f9350cab7512,0
9724a2b0-fdbe-4a56-bf1a-d75116c84268,f95317e3-034c-4c2d-9a33-80b2c6478589,0
e8b30f2b-d5de-4948-9212-ec0999e3528c,7842f41a-4fa7-4776-80e7-aad9da77892e,0
e8b30f2b-d5de-4948-9212-ec0999e3528c,5390a51d-25cd-4e51-8b0e-8067913c4ea0,0
e8b30f2b-d5de-4948-9212-ec0999e3528c,e8ce8f04-a21e-43c4-98ea-00613fbc8710,1
d3b80e0e-91e0-48e8-bf54-a6fa6d6d12f2,03a9ec69-2c43-4730-b77b-00e1c330d7c0,0
d3b80e0e-91e0-48e8-bf54-a6fa6d6d12f2,dfa641ad-690b-4f23-9500-a2d2d6cf747d,0
d3b80e0e-91e0-48e8-bf54-a6fa6d6d12f2,0b4c82f4-a745-4725-9b1e-6cb124a4827c,1
84843940-d4c9-4c97-8d4f-6b640c3be892,795d3e0e-e971-4748-b80b-05258ff1718d,0
a1df19e1-7578-43ca-a08e-02ae07a51128,795d3e0e-e971-4748-b80b-05258ff1718d,0
c8bb8911-5e86-494d-9954-390619d413b0,26021255-7708-457b-9462-cffe938fbb3c,0
6f595cd5-0215-4004-9caa-d8fe5f1424e6,26021255-7708-457b-9462-cffe938fbb3c,0
65fa47e1-94f4-446c-bdae-16eef22e0abe,da82f319-5f1f-4029-8627-a2d87a30f37f,0
65044554-74f5-4d2f-83e4-43fbe9bf1b96,b4fe4a32-7316-48a3-a8bc-c31fd5550a9b,0
4dac67c8-452b-401b-9425-8e420eb1677e,7e94becb-4353-42a7-9646-1402143689a4,0
017ba37d-f44e-470b-9bfe-fe2729cbbfd9,c9bc239a-ec23-4159-9c5c-b7f6c4695f61,0
