id,name,dex_num,type,category,target,power,accuracy,priority,pp,short_description,long_description,has_secondary_effect,is_multi_hit,multi_hit_high,multi_hit_low,ignores_substitute,ignores_protect,bounceable,bite,bullet,contact,dance,heal,powder,pulse,punch,slice,sound,wind,boosted_by_sheer_force,ohko,is_z_move,is_max_move,is_legal
009e3e7d-40c7-4f46-84fb-ebb4f24add91,Bitter Blade,891,Fire,Physical,normal,90,100,0,10,User recovers 50% of the damage dealt.,"The user recovers 1/2 the HP lost by the target, rounded half up. If Big Root is held by the user, the HP recovered is 1.3x normal, rounded half down.",false,false,,,false,false,false,false,false,true,false,true,false,false,false,false,false,false,false,false,false,false,true
00d37cc1-4b60-485a-ac2e-1e02ae2c1b99,Frost Breath,524,Ice,Special,normal,60,90,0,10,Always results in a critical hit.,This move is always a critical hit unless the target is under the effect of Lucky Chant or has the Battle Armor or Shell Armor Abilities.,false,false,,,false,false,false,false,false,false,false,false,false,false,false,false,false,false,false,false,false,false,true
00e705cf-8f0d-40e2-9aa9-71d85f4949a0,Plasma Fists,721,Electric,Physical,normal,100,100,0,15,Normal moves become Electric type this turn.,"If this move is successful, causes Normal-type moves to become Electric type this turn.",false,false,,,false,false,false,false,false,true,false,false,false,false,true,false,false,false,false,false,false,false,false
011f9347-11d8-443f-bbfd-2f2165f35e05,Terrain Pulse,805,Normal,Special,normal,50,100,0,10,"User on terrain: power doubles, type varies.","Power doubles if the user is grounded and a terrain is active, and this move's type changes to match. Electric type during Electric Terrain, Grass type during Grassy Terrain, Fairy type during Misty Terrain, and Psychic type during Psychic Terrain.",false,false,,,false,false,false,false,false,false,false,false,false,true,false,false,false,false,false,false,false,false,true
0142a702-e2c9-4bcb-8ae4-65e7e9e35818,Skull Bash,130,Normal,Physical,normal,130,100,0,10,Raises user's Defense by 1 on turn 1. Hits turn 2.,"This attack charges on the first turn and executes on the second. Raises the user's Defense by 1 stage on the first turn. If the user is holding a Power Herb, the move completes in one turn.",false,false,,,false,false,false,false,false,true,false,false,false,false,false,false,false,false,false,false,false,false,false
0152e58c-7bef-41f3-b890-dd34829f6880,Ice Spinner,861,Ice,Physical,normal,80,100,0,15,Ends the effects of terrain.,"Ends the effects of Electric Terrain, Grassy Terrain, Misty Terrain, and Psychic Terrain.",false,false,,,false,false,false,false,false,true,false,false,false,false,false,false,false,false,false,false,false,false,true
0159f5ff-3c9b-419d-a403-3f2f86286eb2,Horn Leech,532,Grass,Physical,normal,75,100,0,10,User recovers 50% of the damage dealt.,"The user recovers 1/2 the HP lost by the target, rounded half up. If Big Root is held by the user, the HP recovered is 1.3x normal, rounded half down.",false,false,,,false,false,false,false,false,true,false,true,false,false,false,false,false,false,false,false,false,false,true
01eca9b2-5554-451a-baa5-14e169ed3ca5,Fell Stinger,565,Bug,Physical,normal,50,100,0,25,Raises user's Attack by 3 if this KOes the target.,Raises the user's Attack by 3 stages if this move knocks out the target.,false,false,,,false,false,false,false,false,true,false,false,false,false,false,false,false,false,false,false,false,false,true
025e6500-95e3-4be1-a77b-4581796b2a4e,Teleport,100,Psychic,Status,self,0,-1,-6,20,User switches out.,"If this move is successful and the user has not fainted, the user switches out even if it is trapped and is replaced immediately by a selected party member. The user does not switch out if there are no unfainted party members.",false,false,,,false,false,false,false,false,false,false,false,false,false,false,false,false,false,false,false,false,false,true
026b2a54-5bb8-42c0-a7be-a9c6644e643d,Swords Dance,14,Normal,Status,self,0,-1,0,20,Raises the user's Attack by 2.,Raises the user's Attack by 2 stages.,false,false,,,false,false,false,false,false,false,true,false,false,false,false,false,false,false,false,false,false,false,true
028eae4d-8a29-433a-b822-53a05bfbe9e6,Techno Blast,546,Normal,Special,normal,120,100,0,5,Type varies based on the held Drive.,This move's type depends on the user's held Drive.,false,false,,,false,false,false,false,false,false,false,false,false,false,false,false,false,false,false,false,false,false,false
0299e38a-c920-412d-9a2a-43893fa205af,Psyshock,473,Psychic,Special,normal,80,100,0,10,"Damages target based on Defense, not Sp. Def.",Deals damage to the target based on its Defense instead of Special Defense.,false,false,,,false,false,false,false,false,false,false,false,false,false,false,false,false,false,false,false,false,false,true
029ce5a7-1720-40d8-9997-7e3c9f27956a,Hypnosis,95,Psychic,Status,normal,0,60,0,20,Causes the target to fall asleep.,Causes the target to fall asleep.,false,false,,,false,false,true,false,false,false,false,false,false,false,false,false,false,false,false,false,false,false,true
038acd30-563a-4251-ba57-06f4ee258531,Blaze Kick,299,Fire,Physical,normal,85,90,0,10,High critical hit ratio. 10% chance to burn.,Has a 10% chance to burn the target and a higher chance for a critical hit.,true,false,,,false,false,false,false,false,true,false,false,false,false,false,false,false,false,true,false,false,false,true
03a62ff8-f59b-48f8-ae6f-5aa4635d58e8,Taunt,269,Dark,Status,normal,0,100,0,20,Target can't use status moves its next 3 turns.,Prevents the target from using non-damaging moves for its next three turns. Pokemon with the Oblivious Ability or protected by the Aroma Veil Ability are immune.,false,false,,,true,false,true,false,false,false,false,false,false,false,false,false,false,false,false,false,false,false,true
03bfbdfc-3b1f-4abc-9052-7b4ee6db65cc,Metal Sound,319,Steel,Status,normal,0,85,0,40,Lowers the target's Sp. Def by 2.,Lowers the target's Special Defense by 2 stages.,false,false,,,true,false,true,false,false,false,false,false,false,false,false,false,true,false,false,false,false,false,true
03bfd164-a351-4375-9bc0-278ff4b9529b,Wing Attack,17,Flying,Physical,any,60,100,0,35,No additional effect.,No additional effect.,false,false,,,false,false,false,false,false,true,false,false,false,false,false,false,false,false,false,false,false,false,true
03e1c326-8f5d-499a-93eb-70d7cc1c842c,X-Scissor,404,Bug,Physical,normal,80,100,0,15,No additional effect.,No additional effect.,false,false,,,false,false,false,false,false,true,false,false,false,false,false,false,false,false,false,false,false,false,true
043a7c05-a8b2-4d26-ba08-c068dffad2c9,Drain Punch,409,Fighting,Physical,normal,75,100,0,10,User recovers 50% of the damage dealt.,"The user recovers 1/2 the HP lost by the target, rounded half up. If Big Root is held by the user, the HP recovered is 1.3x normal, rounded half down.",false,false,,,false,false,false,false,false,true,false,true,false,false,true,false,false,false,false,false,false,false,true
04f0867d-c6ac-4d86-8e1b-251a782ed4b2,Pollen Puff,676,Bug,Special,normal,90,100,0,15,"If the target is an ally, heals 50% of its max HP.","If the target is an ally, this move restores 1/2 of its maximum HP, rounded down, instead of dealing damage.",false,false,,,false,false,false,false,true,false,false,false,false,false,false,false,false,false,false,false,false,false,true
052e574a-957e-4259-85b7-5d75ec06d9c1,Water Sport,346,Water,Status,all,0,-1,0,15,"For 5 turns, Fire-type attacks have 1/3 power.","For 5 turns, all Fire-type attacks used by any active Pokemon have their power multiplied by 0.33. Fails if this effect is already active.",false,false,,,false,false,false,false,false,false,false,false,false,false,false,false,false,false,false,false,false,false,false
05ab22ef-9444-4e0b-8a22-e06ad1117858,Malicious Moonsault,696,Dark,Physical,normal,180,-1,0,1,Damage doubles if the target used Minimize.,Damage doubles and no accuracy check is done if the target has used Minimize while active.,false,false,,,false,true,false,false,false,true,false,false,false,false,false,false,false,false,false,false,true,false,false
05c5abd0-2316-4262-a3c2-6bc3bd66ffb6,Clangorous Soulblaze,728,Dragon,Special,allAdjacentFoes,185,-1,0,1,Raises the user's Atk/Def/SpAtk/SpDef/Spe by 1.,"Raises the user's Attack, Defense, Special Attack, Special Defense, and Speed by 1 stage.",false,false,,,true,true,false,false,false,false,false,false,false,false,false,false,true,false,false,false,true,false,false
062f90c5-589f-4d9b-b2e0-39dbaa96cea8,Malignant Chain,919,Poison,Special,normal,100,100,0,5,50% chance to badly poison the target.,Has a 50% chance to badly poison the target.,true,false,,,false,false,false,false,false,false,false,false,false,false,false,false,false,false,true,false,false,false,true
0699f5f8-1d44-4d7f-a72e-ca29c5e58275,Crush Claw,306,Normal,Physical,normal,75,95,0,10,50% chance to lower the target's Defense by 1.,Has a 50% chance to lower the target's Defense by 1 stage.,true,false,,,false,false,false,false,false,true,false,false,false,false,false,false,false,false,true,false,false,false,true
06ebe641-12a9-4ad9-b671-19d1a02e3a70,Rage Powder,476,Bug,Status,self,0,-1,2,20,The foes' moves target the user on the turn used.,"Until the end of the turn, all single-target attacks from the opposing side are redirected to the user. Such attacks are redirected to the user before they can be reflected by Magic Coat or the Magic Bounce Ability, or drawn in by the Lightning Rod or Storm Drain Abilities. Fails if it is not a Double Battle or Battle Royal. This effect is ignored while the user is under the effect of Sky Drop.",false,false,,,false,false,false,false,false,false,false,false,true,false,false,false,false,false,false,false,false,false,true
06f2f645-4d65-4a36-9f42-0d0f6e3e5862,Dynamax Cannon,744,Dragon,Special,normal,100,100,0,5,No additional effect.,No additional effect.,false,false,,,false,false,false,false,false,false,false,false,false,false,false,false,false,false,false,false,false,false,true
07189c18-f54f-43ee-9bf6-6e8203d0cd49,Drum Beating,778,Grass,Physical,normal,80,100,0,10,100% chance to lower the target's Speed by 1.,Has a 100% chance to lower the target's Speed by 1 stage.,true,false,,,false,false,false,false,false,false,false,false,false,false,false,false,false,false,true,false,false,false,true
072127d8-93d9-4ec4-ab97-0a67b7729f7d,Sinister Arrow Raid,695,Ghost,Physical,normal,180,-1,0,1,No additional effect.,No additional effect.,false,false,,,false,true,false,false,false,false,false,false,false,false,false,false,false,false,false,false,true,false,false
072842fa-72a6-457c-8346-13d406aca97a,Sleep Powder,79,Grass,Status,normal,0,75,0,15,Causes the target to fall asleep.,Causes the target to fall asleep.,false,false,,,false,false,true,false,false,false,false,false,true,false,false,false,false,false,false,false,false,false,true
0730d9ef-086f-47b1-88ec-a00247965c23,Electro Drift,879,Electric,Special,normal,100,100,0,5,Deals 1.3333x damage with supereffective hits.,Damage is multiplied by 1.3333 if this move is super effective against the target.,false,false,,,false,false,false,false,false,true,false,false,false,false,false,false,false,false,false,false,false,false,true
07bc6dfc-1b12-485b-a7a3-ad2b361b53cf,Low Sweep,490,Fighting,Physical,normal,65,100,0,20,100% chance to lower the target's Speed by 1.,Has a 100% chance to lower the target's Speed by 1 stage.,true,false,,,false,false,false,false,false,true,false,false,false,false,false,false,false,false,true,false,false,false,true
07e50d0c-9f16-4bdf-af6f-a06a12a26a37,Apple Acid,787,Grass,Special,normal,80,100,0,10,100% chance to lower the target's Sp. Def by 1.,Has a 100% chance to lower the target's Special Defense by 1 stage.,true,false,,,false,false,false,false,false,false,false,false,false,false,false,false,false,false,true,false,false,false,true
080b1f90-6837-4340-be24-61f467e17891,Dragon Dance,349,Dragon,Status,self,0,-1,0,20,Raises the user's Attack and Speed by 1.,Raises the user's Attack and Speed by 1 stage.,false,false,,,false,false,false,false,false,false,true,false,false,false,false,false,false,false,false,false,false,false,true
080c50fd-8d78-470e-af54-20199690d38a,Mystical Fire,595,Fire,Special,normal,75,100,0,10,100% chance to lower the target's Sp. Atk by 1.,Has a 100% chance to lower the target's Special Attack by 1 stage.,true,false,,,false,false,false,false,false,false,false,false,false,false,false,false,false,false,true,false,false,false,true
080f1070-c37e-4136-8164-fc40ea7b797b,Teeter Dance,298,Normal,Status,allAdjacent,0,100,0,20,Confuses adjacent Pokemon.,Causes the target to become confused.,false,false,,,false,false,false,false,false,false,true,false,false,false,false,false,false,false,false,false,false,false,true
082defde-cc4a-43e3-a2cc-facef8baf065,Blazing Torque,896,Fire,Physical,normal,80,100,0,10,30% chance to burn the target.,Has a 30% chance to burn the target.,true,false,,,false,false,false,false,false,false,false,false,false,false,false,false,false,false,true,false,false,false,false
0898dff6-7ebd-45df-8e9b-a1661e0f6c71,Harden,106,Normal,Status,self,0,-1,0,30,Raises the user's Defense by 1.,Raises the user's Defense by 1 stage.,false,false,,,false,false,false,false,false,false,false,false,false,false,false,false,false,false,false,false,false,false,true
08e29ed9-0451-4bb1-89ec-ba0ceb5699ef,Brick Break,280,Fighting,Physical,normal,75,100,0,15,"Destroys screens, unless the target is immune.","If this attack does not miss, the effects of Reflect, Light Screen, and Aurora Veil end for the target's side of the field before damage is calculated.",false,false,,,false,false,false,false,false,true,false,false,false,false,false,false,false,false,false,false,false,false,true
08e56883-2d5a-43bb-bd55-62f74ddf7e94,Sunsteel Strike,713,Steel,Physical,normal,100,100,0,5,Ignores the Abilities of other Pokemon.,This move and its effects ignore the Abilities of other Pokemon.,false,false,,,false,false,false,false,false,true,false,false,false,false,false,false,false,false,false,false,false,false,true
08fb398b-e75e-4d64-a8fa-11d43fe1df73,Toxic Spikes,390,Poison,Status,foeSide,0,-1,0,20,Poisons grounded foes on switch-in. Max 2 layers.,"Sets up a hazard on the opposing side of the field, poisoning each opposing Pokemon that switches in, unless it is a Flying-type Pokemon or has the Levitate Ability. Can be used up to two times before failing. Opposing Pokemon become poisoned with one layer and badly poisoned with two layers. Can be removed from the opposing side if any Pokemon uses Tidy Up, or if any opposing Pokemon uses Mortal Spin, Rapid Spin, or Defog successfully, is hit by Defog, or a grounded Poison-type Pokemon switches in. Safeguard prevents the opposing party from being poisoned on switch-in, but a substitute does not.",false,false,,,false,false,true,false,false,false,false,false,false,false,false,false,false,false,false,false,false,false,true
08fd952c-ef1c-4788-9bab-129060b5305d,Petal Dance,80,Grass,Special,randomNormal,120,100,0,10,Lasts 2-3 turns. Confuses the user afterwards.,"The user spends two or three turns locked into this move and becomes confused immediately after its move on the last turn of the effect if it is not already. This move targets an opposing Pokemon at random on each turn. If the user is prevented from moving, is asleep at the beginning of a turn, or the attack is not successful against the target on the first turn of the effect or the second turn of a three-turn effect, the effect ends without causing confusion. If this move is called by Sleep Talk and the user is asleep, the move is used for one turn and does not confuse the user.",false,false,,,false,false,false,false,false,true,true,false,false,false,false,false,false,false,false,false,false,false,true
093b3cd9-6cb4-413e-ad6c-c88a50af5bb6,Psycho Shift,375,Psychic,Status,normal,0,100,0,10,Transfers the user's status ailment to the target.,"The user's non-volatile status condition is transferred to the target, and the user is then cured. Fails if the user has no non-volatile status condition or if the target already has one.",false,false,,,false,false,false,false,false,false,false,false,false,false,false,false,false,false,false,false,false,false,false
09a5c645-eda2-4f06-b4aa-e0f395733c92,Magnitude,222,Ground,Physical,allAdjacent,0,100,0,30,Hits adjacent Pokemon. Power varies; 2x on Dig.,"The power of this move varies; 5% chances for 10 and 150 power, 10% chances for 30 and 110 power, 20% chances for 50 and 90 power, and 30% chance for 70 power. Damage doubles if the target is using Dig.",false,false,,,false,false,false,false,false,false,false,false,false,false,false,false,false,false,false,false,false,false,false
09eb288f-8f4f-4f77-ae0e-da7ae250ae43,Roost,355,Flying,Status,self,0,-1,0,5,Heals 50% HP. Flying-type removed 'til turn ends.,"The user restores 1/2 of its maximum HP, rounded half up. If the user is not Terastallized, until the end of the turn Flying-type users lose their Flying type and pure Flying-type users become Normal type. Does nothing if the user's HP is full.",false,false,,,false,false,false,false,false,false,false,true,false,false,false,false,false,false,false,false,false,false,true
09ffa5e6-3175-4951-a216-fc38a35c4c57,Razor Shell,534,Water,Physical,normal,75,95,0,10,50% chance to lower the target's Defense by 1.,Has a 50% chance to lower the target's Defense by 1 stage.,true,false,,,false,false,false,false,false,true,false,false,false,false,false,false,false,false,true,false,false,false,true
0a3b1a5c-c11f-4cdc-ba68-8a2c173ed189,Acupressure,367,Normal,Status,adjacentAllyOrSelf,0,-1,0,30,Raises a random stat of the user or an ally by 2.,Raises a random stat by 2 stages as long as the stat is not already at stage 6. The user can choose to use this move on itself or an adjacent ally. Fails if no stat stage can be raised or if used on an ally with a substitute.,false,false,,,false,false,false,false,false,false,false,false,false,false,false,false,false,false,false,false,false,false,true
0aa2fcd9-3dc0-4878-aa61-630b54b3f356,G-Max Gravitas,1000,Psychic,Physical,adjacentFoe,10,-1,0,5,Base move affects power. Starts Gravity.,"Power is equal to the base move's Max Move power. If this move is successful, the effect of Gravity begins.",false,false,,,false,true,false,false,false,false,false,false,false,false,false,false,false,false,false,false,false,true,false
0ab121ab-baca-4f8b-9985-db6265c9c3a9,Leech Seed,73,Grass,Status,normal,0,90,0,10,1/8 of target's HP is restored to user every turn.,"The Pokemon at the user's position steals 1/8 of the target's maximum HP, rounded down, at the end of each turn. If Big Root is held by the recipient, the HP recovered is 1.3x normal, rounded half down. If the target uses Baton Pass, the replacement will continue being leeched. If the target switches out or uses Mortal Spin or Rapid Spin successfully, the effect ends. Grass-type Pokemon are immune to this move on use, but not its effect.",false,false,,,false,false,true,false,false,false,false,false,false,false,false,false,false,false,false,false,false,false,true
0ace1bbb-d017-4c05-9fb8-87e628d1eef6,Dragon Rage,82,Dragon,Special,normal,0,100,0,10,Deals 40 HP of damage to the target.,Deals 40 HP of damage to the target.,false,false,,,false,false,false,false,false,false,false,false,false,false,false,false,false,false,false,false,false,false,false
0af331e4-9e4d-4b7d-aa55-c0d9e57ae0c4,Population Bomb,860,Normal,Physical,normal,20,90,0,10,Hits 10 times. Each hit can miss.,"Hits ten times. This move checks accuracy for each hit, and the attack ends if the target avoids a hit. If one of the hits breaks the target's substitute, it will take damage for the remaining hits. If the user has the Skill Link Ability, this move will always hit ten times. If the user is holding Loaded Dice, this move hits four to ten times at random without checking accuracy between hits.",false,true,,,false,false,false,false,false,true,false,false,false,false,false,false,false,false,false,false,false,false,true
0b1c2f2a-feb5-4c89-843f-90b037919b87,Crunch,242,Dark,Physical,normal,80,100,0,15,20% chance to lower the target's Defense by 1.,Has a 20% chance to lower the target's Defense by 1 stage.,true,false,,,false,false,false,true,false,true,false,false,false,false,false,false,false,false,true,false,false,false,true
0b502186-426a-48e4-8f7c-13927453eefb,Wide Guard,469,Rock,Status,allySide,0,-1,3,10,Protects allies from multi-target moves this turn.,"The user and its party members are protected from moves made by other Pokemon, including allies, during this turn that target all adjacent foes or all adjacent Pokemon. This move modifies the same 1/X chance of being successful used by other protection moves, where X starts at 1 and triples each time this move is successfully used, but does not use the chance to check for failure. X resets to 1 if this move fails, if the user's last move used is not Baneful Bunker, Burning Bulwark, Detect, Endure, King's Shield, Max Guard, Obstruct, Protect, Quick Guard, Silk Trap, Spiky Shield, or Wide Guard, or if it was one of those moves and the user's protection was broken. Fails if the user moves last this turn or if this move is already in effect for the user's side.",false,false,,,false,false,false,false,false,false,false,false,false,false,false,false,false,false,false,false,false,false,true
0b557af0-25f0-4589-b0e1-e3916e626de9,Happy Hour,603,Normal,Status,allySide,0,-1,0,30,No competitive use.,No competitive use.,false,false,,,false,false,false,false,false,false,false,false,false,false,false,false,false,false,false,false,false,false,true
0ba8fb2a-cc60-4a18-ab12-ca90cfd1905d,Ember,52,Fire,Special,normal,40,100,0,25,10% chance to burn the target.,Has a 10% chance to burn the target.,true,false,,,false,false,false,false,false,false,false,false,false,false,false,false,false,false,true,false,false,false,true
0c24d6ff-b78a-4d11-99c1-62b00658518a,Dig,91,Ground,Physical,normal,80,100,0,10,"Digs underground turn 1, strikes turn 2.","This attack charges on the first turn and executes on the second. On the first turn, the user avoids all attacks other than Earthquake and Magnitude but takes double damage from them, and is also unaffected by weather. If the user is holding a Power Herb, the move completes in one turn.",false,false,,,false,false,false,false,false,true,false,false,false,false,false,false,false,false,false,false,false,false,true
0c570267-fe51-4a98-850d-e9a2ac2a6f1a,Hyper Beam,63,Normal,Special,normal,150,90,0,5,User cannot move next turn.,"If this move is successful, the user must recharge on the following turn and cannot select a move.",false,false,,,false,false,false,false,false,false,false,false,false,false,false,false,false,false,false,false,false,false,true
0d3b9af4-8189-4793-bd62-b004809fa61c,Steel Wing,211,Steel,Physical,normal,70,90,0,25,10% chance to raise the user's Defense by 1.,Has a 10% chance to raise the user's Defense by 1 stage.,true,false,,,false,false,false,false,false,true,false,false,false,false,false,false,false,false,true,false,false,false,true
0d4cd2ac-4672-43a4-ae4f-e48afe9a454d,Chilly Reception,881,Ice,Status,all,0,-1,0,10,Starts Snow. User switches out.,"For 5 turns, the weather becomes Snow. The user switches out even if it is trapped and is replaced immediately by a selected party member. The user does not switch out if there are no unfainted party members.",false,false,,,false,false,false,false,false,false,false,false,false,false,false,false,false,false,false,false,false,false,true
0d7b9911-425c-4bcf-8a6c-4caa4381c486,String Shot,81,Bug,Status,allAdjacentFoes,0,95,0,40,Lowers the foe(s) Speed by 2.,Lowers the target's Speed by 2 stages.,false,false,,,false,false,true,false,false,false,false,false,false,false,false,false,false,false,false,false,false,false,true
0df75abe-f893-4e36-8cb5-c63d5ab3f1b5,After You,495,Normal,Status,normal,0,-1,0,15,The target makes its move right after the user.,"The target makes its move immediately after the user this turn, no matter the priority of its selected move. Fails if the target would have moved next anyway, or if the target already moved this turn.",false,false,,,true,false,false,false,false,false,false,false,false,false,false,false,false,false,false,false,false,false,true
0e7c31a2-7df9-4ced-8f76-81fe184defd8,Peck,64,Flying,Physical,any,35,100,0,35,No additional effect.,No additional effect.,false,false,,,false,false,false,false,false,true,false,false,false,false,false,false,false,false,false,false,false,false,true
0eaba888-1313-4c23-baa7-acd591d071e3,Trick,271,Psychic,Status,normal,0,100,0,10,User switches its held item with the target's.,"The user swaps its held item with the target's held item. Fails if either the user or the target is holding a Mail or Z-Crystal, if neither is holding an item, if the user is trying to give or take a Mega Stone to or from the species that can Mega Evolve with it, or if the user is trying to give or take a Blue Orb, a Red Orb, a Griseous Orb, a Plate, a Drive, or a Memory to or from a Kyogre, a Groudon, a Giratina, an Arceus, a Genesect, or a Silvally, respectively. The target is immune to this move if it has the Sticky Hold Ability.",false,false,,,false,false,false,false,false,false,false,false,false,false,false,false,false,false,false,false,false,false,true
0f0d6e32-6810-4067-aa1d-d5259da9076d,Electro Ball,486,Electric,Special,normal,0,100,0,10,More power the faster the user is than the target.,"The power of this move depends on (user's current Speed / target's current Speed), rounded down. Power is equal to 150 if the result is 4 or more, 120 if 3, 80 if 2, 60 if 1, 40 if less than 1. If the target's current Speed is 0, this move's power is 40.",false,false,,,false,false,false,false,true,false,false,false,false,false,false,false,false,false,false,false,false,false,true
0f0f7d70-024d-4541-b388-bb78007e24e7,Liquidation,710,Water,Physical,normal,85,100,0,10,20% chance to lower the target's Defense by 1.,Has a 20% chance to lower the target's Defense by 1 stage.,true,false,,,false,false,false,false,false,true,false,false,false,false,false,false,false,false,true,false,false,false,true
0f32fe54-3d6b-434d-8313-dd8ca9cb29fb,Torch Song,871,Fire,Special,normal,80,100,0,10,100% chance to raise the user's Sp. Atk by 1.,Has a 100% chance to raise the user's Special Attack by 1 stage.,true,false,,,true,false,false,false,false,false,false,false,false,false,false,false,true,false,true,false,false,false,true
0f4a40c2-836e-424c-bec2-13df0c840a26,Acid Downpour,628,Poison,Physical,normal,1,-1,0,1,Power is equal to the base move's Z-Power.,Power is equal to the base move's Z-Power.,false,false,,,false,true,false,false,false,false,false,false,false,false,false,false,false,false,false,false,true,false,false
0f9132a7-2f3b-45c6-bbce-1118b1fb220c,Disarming Voice,574,Fairy,Special,allAdjacentFoes,40,-1,0,15,This move does not check accuracy. Hits foes.,This move does not check accuracy.,false,false,,,true,false,false,false,false,false,false,false,false,false,false,false,true,false,false,false,false,false,true
0fabc652-e415-4318-9124-1553fd1149c3,Cross Poison,440,Poison,Physical,normal,70,100,0,20,High critical hit ratio. 10% chance to poison.,Has a 10% chance to poison the target and a higher chance for a critical hit.,true,false,,,false,false,false,false,false,true,false,false,false,false,false,false,false,false,true,false,false,false,true
0ff31726-311a-47d7-b84b-1091719a42a4,Inferno Overdrive,640,Fire,Physical,normal,1,-1,0,1,Power is equal to the base move's Z-Power.,Power is equal to the base move's Z-Power.,false,false,,,false,true,false,false,false,false,false,false,false,false,false,false,false,false,false,false,true,false,false
0ff3c7fb-8277-4c11-90a2-b399ff4c8627,Work Up,526,Normal,Status,self,0,-1,0,30,Raises the user's Attack and Sp. Atk by 1.,Raises the user's Attack and Special Attack by 1 stage.,false,false,,,false,false,false,false,false,false,false,false,false,false,false,false,false,false,false,false,false,false,true
11633e65-b38a-4a58-bb63-97fa8ed33f3e,Ally Switch,502,Psychic,Status,self,0,-1,2,15,User and ally swap positions; using again can fail.,"The user swaps positions with its ally. Fails if the user is the only Pokemon on its side. This move has a 1/X chance of being successful, where X starts at 1 and triples each time this move is successfully used. X resets to 1 if this move fails or if the user's last move used is not Ally Switch.",false,false,,,false,false,false,false,false,false,false,false,false,false,false,false,false,false,false,false,false,false,true
11d4dcc9-0932-4f91-85bb-bffcdf23c168,Parabolic Charge,570,Electric,Special,allAdjacent,65,100,0,20,User recovers 50% of the damage dealt.,"The user recovers 1/2 the HP lost by the target, rounded half up. If Big Root is held by the user, the HP recovered is 1.3x normal, rounded half down.",false,false,,,false,false,false,false,false,false,false,true,false,false,false,false,false,false,false,false,false,false,true
11e0bfe4-02f4-426d-9a06-1fd9380c4015,Pay Day,6,Normal,Physical,normal,40,100,0,20,Scatters coins.,No additional effect.,false,false,,,false,false,false,false,false,false,false,false,false,false,false,false,false,false,false,false,false,false,true
126779f4-6f81-47e1-9995-976137ad0f17,Ivy Cudgel,904,Grass,Physical,normal,100,100,0,10,High critical hit ratio. Type depends on user's form.,"Has a higher chance for a critical hit. If the user is an Ogerpon, this move's type changes depending on its form. Water type for Wellspring Mask, Fire type for Hearthflame Mask, and Rock type for Cornerstone Mask.",false,false,,,false,false,false,false,false,false,false,false,false,false,false,false,false,false,false,false,false,false,true
128f6299-f0bf-4ebe-bf83-60b8bbff085a,Petal Blizzard,572,Grass,Physical,allAdjacent,90,100,0,15,No additional effect. Hits adjacent Pokemon.,No additional effect.,false,false,,,false,false,false,false,false,false,false,false,false,false,false,false,false,true,false,false,false,false,true
1290b3a3-5dfb-4e6b-9480-8991c2790a27,Flash Cannon,430,Steel,Special,normal,80,100,0,10,10% chance to lower the target's Sp. Def by 1.,Has a 10% chance to lower the target's Special Defense by 1 stage.,true,false,,,false,false,false,false,false,false,false,false,false,false,false,false,false,false,true,false,false,false,true
12cf709b-5ef5-4b93-8972-b61622d9cd33,Blood Moon,901,Normal,Special,normal,140,100,0,5,Cannot be selected the turn after it's used.,Cannot be selected the turn after it's used.,false,false,,,false,false,false,false,false,false,false,false,false,false,false,false,false,false,false,false,false,false,true
12fae7e6-76de-4e52-ab0a-c285d6d526be,Moonblast,585,Fairy,Special,normal,95,100,0,15,30% chance to lower the target's Sp. Atk by 1.,Has a 30% chance to lower the target's Special Attack by 1 stage.,true,false,,,false,false,false,false,false,false,false,false,false,false,false,false,false,false,true,false,false,false,true
13c01e9d-0994-44dc-85e5-a14430752f85,Floral Healing,666,Fairy,Status,normal,0,-1,0,10,Heals the target by 50% of its max HP.,"The target restores 1/2 of its maximum HP, rounded half up. If the terrain is Grassy Terrain, the target instead restores 2/3 of its maximum HP, rounded half down.",false,false,,,false,false,true,false,false,false,false,true,false,false,false,false,false,false,false,false,false,false,true
13f184ce-2394-4e22-9d79-7ac12de895d8,Powder Snow,181,Ice,Special,allAdjacentFoes,40,100,0,25,10% chance to freeze the foe(s).,Has a 10% chance to freeze the target.,true,false,,,false,false,false,false,false,false,false,false,false,false,false,false,false,false,true,false,false,false,true
14028170-54f8-46e8-b937-67dca278c7a1,Return,216,Normal,Physical,normal,0,100,0,20,Max 102 power at maximum Happiness.,"Power is equal to the greater of (user's Happiness * 2/5), rounded down, or 1.",false,false,,,false,false,false,false,false,true,false,false,false,false,false,false,false,false,false,false,false,false,false
1403d0ce-c1ce-4fe5-8710-16bdcc8ad31b,Hydro Vortex,642,Water,Physical,normal,1,-1,0,1,Power is equal to the base move's Z-Power.,Power is equal to the base move's Z-Power.,false,false,,,false,true,false,false,false,false,false,false,false,false,false,false,false,false,false,false,true,false,false
140b6d18-014b-4225-8931-74b4aae36896,Twister,239,Dragon,Special,allAdjacentFoes,40,100,0,20,20% chance to make the foe(s) flinch.,"Has a 20% chance to make the target flinch. Power doubles if the target is using Bounce, Fly, or Sky Drop, or is under the effect of Sky Drop.",true,false,,,false,false,false,false,false,false,false,false,false,false,false,false,false,true,true,false,false,false,true
14823b6a-2efe-4d2f-9f3e-150fefbaa602,Hidden Power Ghost,237,Ghost,Special,normal,60,100,0,15,,,false,false,,,false,false,false,false,false,false,false,false,false,false,false,false,false,false,false,false,false,false,false
149ddf97-941b-450a-ad25-49b41c16fe4f,Fire Pledge,519,Fire,Special,normal,80,100,0,10,Use with Grass or Water Pledge for added effect.,"If one of the user's allies chose to use Grass Pledge or Water Pledge this turn and has not moved yet, it takes its turn immediately after the user and the user's move does nothing. If combined with Grass Pledge, the ally uses Fire Pledge with 150 power and a sea of fire appears on the target's side for 4 turns, which causes damage to non-Fire types equal to 1/8 of their maximum HP, rounded down, at the end of each turn during effect, including the last turn. If combined with Water Pledge, the ally uses Water Pledge with 150 power and a rainbow appears on the user's side for 4 turns, which doubles secondary effect chances and stacks with the Serene Grace Ability, except effects that cause flinching can only have their chance doubled once. When used as a combined move, this move gains STAB no matter what the user's type is. This move does not consume the user's Fire Gem.",false,false,,,false,false,false,false,false,false,false,false,false,false,false,false,false,false,false,false,false,false,true
14de9f31-5d9a-4a22-9007-2ca64006e651,Hidden Power Flying,237,Flying,Special,normal,60,100,0,15,,,false,false,,,false,false,false,false,false,false,false,false,false,false,false,false,false,false,false,false,false,false,false
152d98fa-f1c9-4b52-bf39-3fed27be5f23,Splash,150,Normal,Status,self,0,-1,0,40,No competitive use.,No competitive use.,false,false,,,false,false,false,false,false,false,false,false,false,false,false,false,false,false,false,false,false,false,true
1546eefb-aaa5-4946-98a2-6d5b9bf50138,Baneful Bunker,661,Poison,Status,self,0,-1,4,10,Protects from moves. Contact: poison.,"The user is protected from most attacks made by other Pokemon during this turn, and Pokemon making contact with the user become poisoned. This move has a 1/X chance of being successful, where X starts at 1 and triples each time this move is successfully used. X resets to 1 if this move fails, if the user's last move used is not Baneful Bunker, Burning Bulwark, Detect, Endure, King's Shield, Max Guard, Obstruct, Protect, Quick Guard, Silk Trap, Spiky Shield, or Wide Guard, or if it was one of those moves and the user's protection was broken. Fails if the user moves last this turn.",false,false,,,false,false,false,false,false,false,false,false,false,false,false,false,false,false,false,false,false,false,true
155b8b82-e3b7-44f4-9906-8faed920c021,Shock Wave,351,Electric,Special,normal,60,-1,0,20,This move does not check accuracy.,This move does not check accuracy.,false,false,,,false,false,false,false,false,false,false,false,false,false,false,false,false,false,false,false,false,false,true
155ead4e-b101-4680-ae37-38dbea767f66,Mystical Power,832,Psychic,Special,normal,70,90,0,10,100% chance to raise the user's Sp. Atk by 1.,Has a 100% chance to raise the user's Special Attack by 1 stage.,true,false,,,false,false,false,false,false,false,false,false,false,false,false,false,false,false,true,false,false,false,true
15768398-5d02-4fa8-88a5-d2f474b9f4f5,Dragon Claw,337,Dragon,Physical,normal,80,100,0,15,No additional effect.,No additional effect.,false,false,,,false,false,false,false,false,true,false,false,false,false,false,false,false,false,false,false,false,false,true
157fcea6-dc62-4b7c-8de3-2e08e42f9b82,Trick-or-Treat,567,Ghost,Status,normal,0,100,0,20,Adds Ghost to the target's type(s).,"Causes the Ghost type to be added to the target, effectively making it have two or three types. Fails if the target is already a Ghost type. If Forest's Curse adds a type to the target, it replaces the type added by this move and vice versa.",false,false,,,false,false,true,false,false,false,false,false,false,false,false,false,false,false,false,false,false,false,false
160d6df7-20d8-4532-a76d-2c9428583af2,Hold Back,610,Normal,Physical,normal,40,100,0,40,Always leaves the target with at least 1 HP.,Leaves the target with at least 1 HP.,false,false,,,false,false,false,false,false,true,false,false,false,false,false,false,false,false,false,false,false,false,false
162d7a1a-c4cd-4106-92dd-2167e004d849,Sticky Web,564,Bug,Status,foeSide,0,-1,0,20,Lowers Speed of grounded foes by 1 on switch-in.,"Sets up a hazard on the opposing side of the field, lowering the Speed by 1 stage of each opposing Pokemon that switches in, unless it is a Flying-type Pokemon or has the Levitate Ability. Fails if the effect is already active on the opposing side. Can be removed from the opposing side if any Pokemon uses Tidy Up, or if any opposing Pokemon uses Mortal Spin, Rapid Spin, or Defog successfully, or is hit by Defog.",false,false,,,false,false,true,false,false,false,false,false,false,false,false,false,false,false,false,false,false,false,true
16a03fdc-ab02-47d0-9130-e60ead8c8868,Gear Up,674,Steel,Status,allySide,0,-1,0,20,"Raises Atk, Sp. Atk of allies with Plus/Minus by 1.",Raises the Attack and Special Attack of Pokemon on the user's side with the Plus or Minus Abilities by 1 stage.,false,false,,,true,false,false,false,false,false,false,false,false,false,false,false,false,false,false,false,false,false,false
16a53bad-28ae-4dda-b445-172ff7c7faeb,Skitter Smack,806,Bug,Physical,normal,70,90,0,10,100% chance to lower target's Sp. Atk by 1.,Has a 100% chance to lower the target's Special Attack by 1 stage.,true,false,,,false,false,false,false,false,true,false,false,false,false,false,false,false,false,true,false,false,false,true
16d879d8-37b6-437b-a710-b9cd29e78445,Electrify,582,Electric,Status,normal,0,-1,0,20,Changes the target's move to Electric this turn.,"Causes the target's move to become Electric type this turn. Among effects that can change a move's type, this effect happens last. Fails if the target already moved this turn.",false,false,,,false,false,false,false,false,false,false,false,false,false,false,false,false,false,false,false,false,false,false
16e4f4ac-dfad-4367-908f-4a4b13542e82,Rolling Kick,27,Fighting,Physical,normal,60,85,0,15,30% chance to make the target flinch.,Has a 30% chance to make the target flinch.,true,false,,,false,false,false,false,false,true,false,false,false,false,false,false,false,false,true,false,false,false,false
1723be5c-c903-4395-96ad-085f63bb6742,Powder,600,Bug,Status,normal,0,100,1,20,"If using a Fire move, target loses 1/4 max HP.","If the target uses a Fire-type move this turn, it is prevented from executing and the target loses 1/4 of its maximum HP, rounded half up. This effect does not happen if the Fire-type move is prevented by Primordial Sea.",false,false,,,true,false,true,false,false,false,false,false,true,false,false,false,false,false,false,false,false,false,false
17a045c1-a78d-4e87-8d0c-cffeb49c59ec,Steam Eruption,592,Water,Special,normal,110,95,0,5,30% chance to burn the target. Thaws target.,Has a 30% chance to burn the target. The target thaws out if it is frozen.,true,false,,,false,false,false,false,false,false,false,false,false,false,false,false,false,false,true,false,false,false,true
17fb1b81-ab45-4d0d-9ec7-fb13b224ad0d,Assurance,372,Dark,Physical,normal,60,100,0,10,Power doubles if target was damaged this turn.,"Power doubles if the target has already taken damage this turn, other than direct damage from Belly Drum, confusion, Curse, or Pain Split.",false,false,,,false,false,false,false,false,true,false,false,false,false,false,false,false,false,false,false,false,false,true
17fd06de-4780-4a53-b93e-2803e453278c,Freeze-Dry,573,Ice,Special,normal,70,100,0,20,10% chance to freeze. Super effective on Water.,Has a 10% chance to freeze the target. This move's type effectiveness against Water is changed to be super effective no matter what this move's type is.,true,false,,,false,false,false,false,false,false,false,false,false,false,false,false,false,false,true,false,false,false,true
1811d782-19fd-474b-bd26-b25f737325e3,Night Slash,400,Dark,Physical,normal,70,100,0,15,High critical hit ratio.,Has a higher chance for a critical hit.,false,false,,,false,false,false,false,false,true,false,false,false,false,false,false,false,false,false,false,false,false,true
188f229a-e838-4ebf-97f9-c98748fe2330,Order Up,856,Dragon,Physical,normal,80,100,0,10,Curly|Droopy|Stretchy eaten: +1 Atk|Def|Spe.,"If an ally Tatsugiri has activated its Commander Ability, this move raises the user's Attack by 1 stage if the Tatsugiri is Curly Form, Defense by 1 stage if Droopy Form, or Speed by 1 stage if Stretchy Form. The effect happens even if the Tatsugiri that activated the effect has since fainted.",false,false,,,false,false,false,false,false,false,false,false,false,false,false,false,false,false,true,false,false,false,true
18ccb2b4-405a-415f-94f8-9b62360c1633,Bounce,340,Flying,Physical,any,85,85,0,5,Bounces turn 1. Hits turn 2. 30% paralyze.,"Has a 30% chance to paralyze the target. This attack charges on the first turn and executes on the second. On the first turn, the user avoids all attacks other than Gust, Hurricane, Sky Uppercut, Smack Down, Thousand Arrows, Thunder, and Twister, and Gust and Twister have doubled power when used against it. If the user is holding a Power Herb, the move completes in one turn.",true,false,,,false,false,false,false,false,true,false,false,false,false,false,false,false,false,true,false,false,false,true
19664fd0-6d5d-42ac-b49c-224422988032,Solar Blade,669,Grass,Physical,normal,125,100,0,10,Charges turn 1. Hits turn 2. No charge in sunlight.,"This attack charges on the first turn and executes on the second. Power is halved if the weather is Hail, Primordial Sea, Rain Dance, or Sandstorm and the user is not holding Utility Umbrella. If the user is holding a Power Herb or the weather is Desolate Land or Sunny Day, the move completes in one turn. If the user is holding Utility Umbrella and the weather is Desolate Land or Sunny Day, the move still requires a turn to charge.",false,false,,,false,false,false,false,false,true,false,false,false,false,false,false,false,false,false,false,false,false,true
19868ec8-e074-43a1-bd6f-0c3da79d0a13,Shell Side Arm,801,Poison,Special,normal,90,100,0,10,20% psn. Physical+contact if it would be stronger.,"Has a 20% chance to poison the target. This move becomes a physical attack that makes contact if the value of ((((2 * the user's level / 5 + 2) * 90 * X) / Y) / 50), where X is the user's Attack stat and Y is the target's Defense stat, is greater than the same value where X is the user's Special Attack stat and Y is the target's Special Defense stat. No stat modifiers other than stat stage changes are considered for this purpose. If the two values are equal, this move chooses a damage category at random.",true,false,,,false,false,false,false,false,false,false,false,false,false,false,false,false,false,true,false,false,false,true
1a181458-5a97-478a-9126-83c040575d2d,Wild Charge,528,Electric,Physical,normal,90,100,0,15,Has 1/4 recoil.,"If the target lost HP, the user takes recoil damage equal to 1/4 the HP lost by the target, rounded half up, but not less than 1 HP.",false,false,,,false,false,false,false,false,true,false,false,false,false,false,false,false,false,false,false,false,false,true
1a357153-9e6b-4648-ab8d-4fb361d9b3f8,Present,217,Normal,Physical,normal,0,90,0,15,"40, 80, 120 power, or heals target 1/4 max HP.","If this move is successful, it deals damage or heals the target. 40% chance for 40 power, 30% chance for 80 power, 10% chance for 120 power, and 20% chance to heal the target by 1/4 of its maximum HP, rounded down.",false,false,,,false,false,false,false,false,false,false,false,false,false,false,false,false,false,false,false,false,false,true
1a614e85-93ae-49c4-a5e8-c72a5ca2dd89,Fleur Cannon,705,Fairy,Special,normal,130,90,0,5,Lowers the user's Sp. Atk by 2.,Lowers the user's Special Attack by 2 stages.,false,false,,,false,false,false,false,false,false,false,false,false,false,false,false,false,false,false,false,false,false,true
1a84653f-629a-42fc-807e-fa8d2649b3a5,Magical Torque,900,Fairy,Physical,normal,100,100,0,10,30% chance to confuse the target.,Has a 30% chance to confuse the target.,true,false,,,false,false,false,false,false,false,false,false,false,false,false,false,false,false,true,false,false,false,false
1aa0c9ef-fde5-4991-8296-43eaff61a6f7,Echoed Voice,497,Normal,Special,normal,40,100,0,15,Power increases when used on consecutive turns.,"For every consecutive turn that this move is used by at least one Pokemon, this move's power is multiplied by the number of turns to pass, but not more than 5.",false,false,,,true,false,false,false,false,false,false,false,false,false,false,false,true,false,false,false,false,false,true
1ac76f36-a9b7-40bd-943f-6756c406e08f,Shadow Bone,708,Ghost,Physical,normal,85,100,0,10,20% chance to lower the target's Defense by 1.,Has a 20% chance to lower the target's Defense by 1 stage.,true,false,,,false,false,false,false,false,false,false,false,false,false,false,false,false,false,true,false,false,false,false
1b39f3cc-f39f-4338-afd3-8290f8d0f215,Tail Glow,294,Bug,Status,self,0,-1,0,20,Raises the user's Sp. Atk by 3.,Raises the user's Special Attack by 3 stages.,false,false,,,false,false,false,false,false,false,false,false,false,false,false,false,false,false,false,false,false,false,true
1b8a33b5-0093-49ac-bc8a-0c4eb973a7e9,Wrap,35,Normal,Physical,normal,15,90,0,20,Traps and damages the target for 4-5 turns.,"Prevents the target from switching for four or five turns (seven turns if the user is holding Grip Claw). Causes damage to the target equal to 1/8 of its maximum HP (1/6 if the user is holding Binding Band), rounded down, at the end of each turn during effect. The target can still switch out if it is holding Shed Shell or uses Baton Pass, Flip Turn, Parting Shot, Shed Tail, Teleport, U-turn, or Volt Switch. The effect ends if either the user or the target leaves the field, or if the target uses Mortal Spin, Rapid Spin, or Substitute successfully. This effect is not stackable or reset by using this or another binding move.",false,false,,,false,false,false,false,false,true,false,false,false,false,false,false,false,false,false,false,false,false,true
1b94bff1-a5ce-4c78-92cf-bbec65c79650,G-Max Sandblast,1000,Ground,Physical,adjacentFoe,10,-1,0,5,Base move affects power. Foes: bound 4-5 turns.,"Power is equal to the base move's Max Move power. If this move is successful, each Pokemon on the opposing side is prevented from switching for four or five turns (seven turns if the user is holding Grip Claw), even if they have a substitute. Causes damage equal to 1/8 of their maximum HP (1/6 if the user is holding Binding Band), rounded down, at the end of each turn during effect. They can still switch out if they are holding Shed Shell or use Baton Pass, Flip Turn, Parting Shot, Teleport, U-turn, or Volt Switch. The effect ends for a target if it leaves the field, or if it uses Rapid Spin or Substitute successfully. This effect is not stackable or reset by using this or another binding move.",false,false,,,false,true,false,false,false,false,false,false,false,false,false,false,false,false,false,false,false,true,false
1ba47bda-2224-4e58-8722-2dfb666f3808,Heal Block,377,Psychic,Status,allAdjacentFoes,0,100,0,15,"For 5 turns, the foe(s) is prevented from healing.","For 5 turns, the target is prevented from restoring any HP as long as it remains active. During the effect, healing and draining moves are unusable, and Abilities and items that grant healing will not heal the user. If an affected Pokemon uses Baton Pass, the replacement will remain unable to restore its HP. Pain Split and the Regenerator Ability are unaffected.",false,false,,,false,false,true,false,false,false,false,false,false,false,false,false,false,false,false,false,false,false,false
1be8200c-7fc1-40ec-ac5b-103a859e7c39,Confuse Ray,109,Ghost,Status,normal,0,100,0,10,Confuses the target.,Causes the target to become confused.,false,false,,,false,false,true,false,false,false,false,false,false,false,false,false,false,false,false,false,false,false,true
1cb9ca42-e433-4bd0-b65a-bc297e859b1b,Strength,70,Normal,Physical,normal,80,100,0,15,No additional effect.,No additional effect.,false,false,,,false,false,false,false,false,true,false,false,false,false,false,false,false,false,false,false,false,false,true
1cec588e-3f5a-41f5-b44e-051203857846,Twineedle,41,Bug,Physical,normal,25,100,0,20,Hits 2 times. Each hit has 20% chance to poison.,"Hits twice, with each hit having a 20% chance to poison the target. If the first hit breaks the target's substitute, it will take damage for the second hit.",true,true,,,false,false,false,false,false,false,false,false,false,false,false,false,false,false,true,false,false,false,false
1d196c43-733e-4f53-a745-4c4d64de9634,Smart Strike,684,Steel,Physical,normal,70,-1,0,10,This move does not check accuracy.,This move does not check accuracy.,false,false,,,false,false,false,false,false,true,false,false,false,false,false,false,false,false,false,false,false,false,true
1d1b81c5-98bd-4ae2-b5fd-053205b82e92,Spicy Extract,858,Grass,Status,normal,0,-1,0,15,Raises target's Atk by 2 and lowers its Def by 2.,Raises the target's Attack by 2 stages and lowers its Defense by 2 stages.,false,false,,,false,false,true,false,false,false,false,false,false,false,false,false,false,false,false,false,false,false,true
1d728bfd-c4a3-44c8-8419-2792e705f329,Dive,291,Water,Physical,normal,80,100,0,10,"Dives underwater turn 1, strikes turn 2.","This attack charges on the first turn and executes on the second. On the first turn, the user avoids all attacks other than Surf and Whirlpool but takes double damage from them, and is also unaffected by weather. If the user is holding a Power Herb, the move completes in one turn.",false,false,,,false,false,false,false,false,true,false,false,false,false,false,false,false,false,false,false,false,false,true
1d764e82-d590-441e-9682-36ae2776cb1e,Air Cutter,314,Flying,Special,allAdjacentFoes,60,95,0,25,High critical hit ratio. Hits adjacent foes.,Has a higher chance for a critical hit.,false,false,,,false,false,false,false,false,false,false,false,false,false,false,false,false,true,false,false,false,false,true
1d79bbe0-54ad-455a-a1fa-c828bb1b513f,Psychic Noise,917,Psychic,Special,normal,75,100,0,10,"For 2 turns, the target is prevented from healing.","For 2 turns, the target is prevented from restoring any HP as long as it remains active. During the effect, healing and draining moves are unusable, and Abilities and items that grant healing will not heal the user. If an affected Pokemon uses Baton Pass, the replacement will remain unable to restore its HP. Pain Split and the Regenerator Ability are unaffected.",true,false,,,true,false,false,false,false,false,false,false,false,false,false,false,true,false,true,false,false,false,true
1e702e73-3e19-4c5d-9f77-5b19071ede02,Agility,97,Psychic,Status,self,0,-1,0,30,Raises the user's Speed by 2.,Raises the user's Speed by 2 stages.,false,false,,,false,false,false,false,false,false,false,false,false,false,false,false,false,false,false,false,false,false,true
1ec531e2-0662-4885-85d5-fca97709acfd,Searing Shot,545,Fire,Special,allAdjacent,100,100,0,5,30% chance to burn adjacent Pokemon.,Has a 30% chance to burn the target.,true,false,,,false,false,false,false,true,false,false,false,false,false,false,false,false,false,true,false,false,false,false
1ee4dbbd-f518-4c41-8e84-fb54575679cb,Mighty Cleave,910,Rock,Physical,normal,95,100,0,5,Bypasses protection without breaking it.,Bypasses protection without breaking it.,false,false,,,false,true,false,false,false,true,false,false,false,false,false,false,false,false,false,false,false,false,true
1f0423af-9078-4f40-a9d7-fb2ebc040f38,Soft-Boiled,135,Normal,Status,self,0,-1,0,5,Heals the user by 50% of its max HP.,"The user restores 1/2 of its maximum HP, rounded half up.",false,false,,,false,false,false,false,false,false,false,true,false,false,false,false,false,false,false,false,false,false,true
1f32efa5-9f17-44e6-8278-3a317f7dc1d6,Hail,258,Ice,Status,all,0,-1,0,10,"For 5 turns, hail crashes down.","For 5 turns, the weather becomes Hail. At the end of each turn except the last, all active Pokemon lose 1/16 of their maximum HP, rounded down, unless they are an Ice type or have the Ice Body, Magic Guard, Overcoat, or Snow Cloak Abilities. Lasts for 8 turns if the user is holding Icy Rock. Fails if the current weather is Hail.",false,false,,,false,false,false,false,false,false,false,false,false,false,false,false,false,false,false,false,false,false,false
1f7e45d0-4502-40d5-a354-64e004376afc,Mach Punch,183,Fighting,Physical,normal,40,100,1,30,Usually goes first.,No additional effect.,false,false,,,false,false,false,false,false,true,false,false,false,false,true,false,false,false,false,false,false,false,true
1f84507a-1986-4a52-99ef-87e96be8f517,Confide,590,Normal,Status,normal,0,-1,0,20,Lowers the target's Sp. Atk by 1.,Lowers the target's Special Attack by 1 stage.,false,false,,,true,false,true,false,false,false,false,false,false,false,false,false,true,false,false,false,false,false,true
206f1e19-d0d4-4fe8-8751-3918f8ba3d58,Sky Uppercut,327,Fighting,Physical,normal,85,90,0,15,"Can hit Pokemon using Bounce, Fly, or Sky Drop.","This move can hit a target using Bounce, Fly, or Sky Drop, or is under the effect of Sky Drop.",false,false,,,false,false,false,false,false,true,false,false,false,false,true,false,false,false,false,false,false,false,false
20b0d3cb-4f08-47aa-991c-9444dd8ae44a,Max Hailstorm,763,Ice,Physical,adjacentFoe,10,-1,0,10,Base move affects power. Starts Hail.,"Power is equal to the base move's Max Move power. If this move is successful, the effect of Hail begins. This effect does not happen if the user is not Dynamaxed. If this move is used as a base move, it deals damage with a power of 0.",false,false,,,false,true,false,false,false,false,false,false,false,false,false,false,false,false,false,false,false,true,false
21434669-2e6d-40bc-b321-f3c66c42869c,Recycle,278,Normal,Status,self,0,-1,0,10,Restores the item the user last used.,"The user regains the item it last used. Fails if the user is holding an item, if the user has not held an item, if the item was a popped Air Balloon, if the item was picked up by a Pokemon with the Pickup Ability, or if the item was lost to Bug Bite, Corrosive Gas, Covet, Incinerate, Knock Off, Pluck, or Thief. Items thrown with Fling can be regained.",false,false,,,false,false,false,false,false,false,false,false,false,false,false,false,false,false,false,false,false,false,true
217c7ba0-250c-4d48-84d7-7e5a8cf69eb9,Energy Ball,412,Grass,Special,normal,90,100,0,10,10% chance to lower the target's Sp. Def by 1.,Has a 10% chance to lower the target's Special Defense by 1 stage.,true,false,,,false,false,false,false,true,false,false,false,false,false,false,false,false,false,true,false,false,false,true
21b27880-5bb4-4ec3-9ebb-6d1cbb31d90d,Triple Axel,813,Ice,Physical,normal,20,90,0,10,"Hits 3 times. Each hit can miss, but power rises.","Hits three times. Power increases to 40 for the second hit and 60 for the third. This move checks accuracy for each hit, and the attack ends if the target avoids a hit. If one of the hits breaks the target's substitute, it will take damage for the remaining hits. If the user has the Skill Link Ability, this move will always hit three times.",false,true,,,false,false,false,false,false,true,false,false,false,false,false,false,false,false,false,false,false,false,true
21cd434b-3876-47ef-83f8-f90b43e59324,Tail Slap,541,Normal,Physical,normal,25,85,0,10,Hits 2-5 times in one turn.,"Hits two to five times. Has a 35% chance to hit two or three times and a 15% chance to hit four or five times. If one of the hits breaks the target's substitute, it will take damage for the remaining hits. If the user has the Skill Link Ability, this move will always hit five times. If the user is holding Loaded Dice, this move will hit 4-5 times.",false,true,5,2,false,false,false,false,false,true,false,false,false,false,false,false,false,false,false,false,false,false,true
222abbcc-cfa9-4cee-9e3f-c42ad6b64344,Barb Barrage,839,Poison,Physical,normal,60,100,0,10,50% psn. 2x power if target already poisoned.,Has a 50% chance to poison the target. Power doubles if the target is already poisoned.,true,false,,,false,false,false,false,false,false,false,false,false,false,false,false,false,false,true,false,false,false,true
2260c746-0d20-432d-a103-604e14338059,Geomancy,601,Fairy,Status,self,0,-1,0,10,"Charges, then raises SpA, SpD, Spe by 2 turn 2.","Raises the user's Special Attack, Special Defense, and Speed by 2 stages. This attack charges on the first turn and executes on the second. If the user is holding a Power Herb, the move completes in one turn.",false,false,,,false,false,false,false,false,false,false,false,false,false,false,false,false,false,false,false,false,false,false
23267bdf-cd8d-4699-9bd9-9d8eb37c5062,Sludge Bomb,188,Poison,Special,normal,90,100,0,10,30% chance to poison the target.,Has a 30% chance to poison the target.,true,false,,,false,false,false,false,true,false,false,false,false,false,false,false,false,false,true,false,false,false,true
23c2560a-1780-42db-875e-8a14361b0d20,Grav Apple,788,Grass,Physical,normal,80,100,0,10,Target: 100% -1 Def. During Gravity: 1.5x power.,Has a 100% chance to lower the target's Defense by 1 stage. Power is multiplied by 1.5 during Gravity's effect.,true,false,,,false,false,false,false,false,false,false,false,false,false,false,false,false,false,true,false,false,false,true
23f8e703-f0ce-4d59-9f76-0956dee750f4,No Retreat,748,Fighting,Status,self,0,-1,0,5,Raises all stats by 1 (not acc/eva). Traps user.,"Raises the user's Attack, Defense, Special Attack, Special Defense, and Speed by 1 stage, but it becomes prevented from switching out. The user can still switch out if it uses Baton Pass, Flip Turn, Parting Shot, Teleport, U-turn, or Volt Switch. Fails if the user has already been prevented from switching by this effect.",false,false,,,false,false,false,false,false,false,false,false,false,false,false,false,false,false,false,false,false,false,true
240f95b3-7443-43ae-9d7e-2c35ce3f8303,Spit Up,255,Normal,Special,normal,0,100,0,10,More power with more uses of Stockpile.,"Power is equal to 100 times the user's Stockpile count. Fails if the user's Stockpile count is 0. Whether or not this move is successful, the user's Defense and Special Defense decrease by as many stages as Stockpile had increased them, and the user's Stockpile count resets to 0.",false,false,,,false,false,false,false,false,false,false,false,false,false,false,false,false,false,false,false,false,false,true
25056108-e488-49c7-b24d-1b389cba1320,Air Slash,403,Flying,Special,any,75,95,0,15,30% chance to make the target flinch.,Has a 30% chance to make the target flinch.,true,false,,,false,false,false,false,false,false,false,false,false,false,false,false,false,false,true,false,false,false,true
252b8865-9416-40c9-8361-2f3df52c4a1d,Shattered Psyche,648,Psychic,Physical,normal,1,-1,0,1,Power is equal to the base move's Z-Power.,Power is equal to the base move's Z-Power.,false,false,,,false,true,false,false,false,false,false,false,false,false,false,false,false,false,false,false,true,false,false
253283a0-5e8e-496b-8633-7b51f6aa192a,Beak Blast,690,Flying,Physical,normal,100,100,-3,15,Burns on contact with the user before it moves.,"If the user is hit by a contact move this turn before it can execute this move, the attacker is burned.",false,false,,,false,false,false,false,true,false,false,false,false,false,false,false,false,false,false,false,false,false,true
254c2b56-1bc4-4ebb-b855-cfff500de5f4,Baton Pass,226,Normal,Status,self,0,-1,0,40,"User switches, passing stat changes and more.","The user is replaced with another Pokemon in its party. The selected Pokemon has the user's stat stage changes transferred to it, as well as the effects of confusion, Aqua Ring, Curse, Dragon Cheer, Embargo, Focus Energy, Gastro Acid, Heal Block, Ingrain, Leech Seed, Lock-On (Mind Reader), Magnet Rise, Perish Song, Power Trick, Telekinesis, and a substitute with its remaining HP. The effect of Gastro Acid is not transferred if the recipient has an Ability that cannot be affected.",false,false,,,false,false,false,false,false,false,false,false,false,false,false,false,false,false,false,false,false,false,true
25574456-4ad8-4dc0-85f0-6b9723ea7cba,Entrainment,494,Normal,Status,normal,0,100,0,15,The target's Ability changes to match the user's.,"Causes the target's Ability to become the same as the user's. Fails if the target's Ability is As One, Battle Bond, Comatose, Disguise, Gulp Missile, Ice Face, Multitype, Power Construct, RKS System, Schooling, Shields Down, Stance Change, Tera Shift, Truant, Zen Mode, or Zero to Hero, or the same Ability as the user, or if the user's Ability is As One, Battle Bond, Comatose, Commander, Disguise, Embody Aspect, Flower Gift, Forecast, Hunger Switch, Ice Face, Illusion, Imposter, Multitype, Neutralizing Gas, Poison Puppeteer, Power Construct, Power of Alchemy, Protosynthesis, Quark Drive, Receiver, RKS System, Schooling, Shields Down, Stance Change, Tera Shell, Tera Shift, Teraform Zero, Trace, Wonder Guard, Zen Mode, or Zero to Hero.",false,false,,,false,false,true,false,false,false,false,false,false,false,false,false,false,false,false,false,false,false,true
25708c8e-30b0-4b5d-b8d6-70f1a1d0358b,Synthesis,235,Grass,Status,self,0,-1,0,5,Heals the user by a weather-dependent amount.,"The user restores 1/2 of its maximum HP if Delta Stream or no weather conditions are in effect or if the user is holding Utility Umbrella, 2/3 of its maximum HP if the weather is Desolate Land or Sunny Day, and 1/4 of its maximum HP if the weather is Primordial Sea, Rain Dance, Sandstorm, or Snow, all rounded half down.",false,false,,,false,false,false,false,false,false,false,true,false,false,false,false,false,false,false,false,false,false,true
259b7cfd-3f75-469a-a178-ee944984ba73,Bullet Punch,418,Steel,Physical,normal,40,100,1,30,Usually goes first.,No additional effect.,false,false,,,false,false,false,false,false,true,false,false,false,false,true,false,false,false,false,false,false,false,true
25c76dc6-44c0-413f-b11b-d51456a508a7,Seed Bomb,402,Grass,Physical,normal,80,100,0,15,No additional effect.,No additional effect.,false,false,,,false,false,false,false,true,false,false,false,false,false,false,false,false,false,false,false,false,false,true
261f3cb3-3602-4877-bbf9-c4b01cc3b145,Fire Fang,424,Fire,Physical,normal,65,95,0,15,10% chance to burn. 10% chance to flinch.,Has a 10% chance to burn the target and a 10% chance to make it flinch.,false,false,,,false,false,false,true,false,true,false,false,false,false,false,false,false,false,false,false,false,false,true
264e0434-a733-400b-91b3-432e0afa7c34,Super Fang,162,Normal,Physical,normal,0,90,0,10,Does damage equal to 1/2 target's current HP.,"Deals damage to the target equal to half of its current HP, rounded down, but not less than 1 HP.",false,false,,,false,false,false,false,false,true,false,false,false,false,false,false,false,false,false,false,false,false,true
269a2ab6-d2e2-4766-9451-759ceec3d9cf,Headbutt,29,Normal,Physical,normal,70,100,0,15,30% chance to make the target flinch.,Has a 30% chance to make the target flinch.,true,false,,,false,false,false,false,false,true,false,false,false,false,false,false,false,false,true,false,false,false,true
27c830f0-44de-4537-9367-da97545a7d31,Flamethrower,53,Fire,Special,normal,90,100,0,15,10% chance to burn the target.,Has a 10% chance to burn the target.,true,false,,,false,false,false,false,false,false,false,false,false,false,false,false,false,false,true,false,false,false,true
2819cd8e-d0ca-4d30-9107-f5af5c1515a2,Psyblade,875,Psychic,Physical,normal,80,100,0,15,During Electric Terrain: 1.5x power.,"If the current terrain is Electric Terrain, this move's power is multiplied by 1.5.",false,false,,,false,false,false,false,false,true,false,false,false,false,false,false,false,false,false,false,false,false,true
283a5c83-c1b4-4af6-bf9c-401cb4fd4262,Hard Press,912,Steel,Physical,normal,0,100,0,10,More power the more HP the target has left.,"Power is equal to 100 * (target's current HP / target's maximum HP), rounded half down, but not less than 1.",false,false,,,false,false,false,false,false,true,false,false,false,false,false,false,false,false,false,false,false,false,true
28522f1a-9d48-4122-8709-4dc0f00f1991,Black Hole Eclipse,654,Dark,Physical,normal,1,-1,0,1,Power is equal to the base move's Z-Power.,Power is equal to the base move's Z-Power.,false,false,,,false,true,false,false,false,false,false,false,false,false,false,false,false,false,false,false,true,false,false
28834201-93d6-478f-b139-f143f60a842f,G-Max Terror,1000,Ghost,Physical,adjacentFoe,10,-1,0,10,Base move affects power. Foes: trapped.,"Power is equal to the base move's Max Move power. If this move is successful, each Pokemon on the opposing side is prevented from switching out, even if they have a substitute. They can still switch out if they are holding Shed Shell or use Baton Pass, Flip Turn, Parting Shot, Teleport, U-turn, or Volt Switch. The effect ends if either the user or the target leaves the field.",false,false,,,false,true,false,false,false,false,false,false,false,false,false,false,false,false,false,false,false,true,false
28db7139-0fc4-4067-ad43-0798d09956fe,Close Combat,370,Fighting,Physical,normal,120,100,0,5,Lowers the user's Defense and Sp. Def by 1.,Lowers the user's Defense and Special Defense by 1 stage.,false,false,,,false,false,false,false,false,true,false,false,false,false,false,false,false,false,false,false,false,false,true
290260e6-b980-47f4-9a0c-1be62b4797b9,Flame Charge,488,Fire,Physical,normal,50,100,0,20,100% chance to raise the user's Speed by 1.,Has a 100% chance to raise the user's Speed by 1 stage.,true,false,,,false,false,false,false,false,true,false,false,false,false,false,false,false,false,true,false,false,false,true
2938ef65-2121-4ce1-ac01-a8516924affc,Reflect,115,Psychic,Status,allySide,0,-1,0,20,"For 5 turns, physical damage to allies is halved.","For 5 turns, the user and its party members take 0.5x damage from physical attacks, or 0.66x damage if in a Double Battle. Damage is not reduced further with Aurora Veil. Critical hits ignore this effect. It is removed from the user's side if the user or an ally is successfully hit by Brick Break, Psychic Fangs, or Defog. Lasts for 8 turns if the user is holding Light Clay. Fails if the effect is already active on the user's side.",false,false,,,false,false,false,false,false,false,false,false,false,false,false,false,false,false,false,false,false,false,true
293cd9af-6432-4e8c-9be4-f593165a7736,Supercell Slam,916,Electric,Physical,normal,100,95,0,15,User is hurt by 50% of its max HP if it misses.,"If this attack is not successful, the user loses half of its maximum HP, rounded down, as crash damage. Pokemon with the Magic Guard Ability are unaffected by crash damage. Damage doubles and no accuracy check is done if the target has used Minimize while active.",false,false,,,false,false,false,false,false,true,false,false,false,false,false,false,false,false,false,false,false,false,true
29846524-72b4-459f-9086-47ae15328cc6,Sand Attack,28,Ground,Status,normal,0,100,0,15,Lowers the target's accuracy by 1.,Lowers the target's accuracy by 1 stage.,false,false,,,false,false,true,false,false,false,false,false,false,false,false,false,false,false,false,false,false,false,true
2990e8ad-4bb0-4571-bf8a-9ea965b529ea,Amnesia,133,Psychic,Status,self,0,-1,0,20,Raises the user's Sp. Def by 2.,Raises the user's Special Defense by 2 stages.,false,false,,,false,false,false,false,false,false,false,false,false,false,false,false,false,false,false,false,false,false,true
29ab2754-aacc-4d59-878c-7484a0905c7b,Explosion,153,Normal,Physical,allAdjacent,250,100,0,5,Hits adjacent Pokemon. The user faints.,"The user faints after using this move, even if this move fails for having no target. This move is prevented from executing if any active Pokemon has the Damp Ability.",false,false,,,false,false,false,false,false,false,false,false,false,false,false,false,false,false,false,false,false,false,true
29b72ed3-03f5-454e-92db-38d96cf0b40b,Focus Punch,264,Fighting,Physical,normal,150,100,-3,20,Fails if the user takes damage before it hits.,The user loses its focus and does nothing if it is hit by a damaging attack this turn before it can execute the move.,false,false,,,false,false,false,false,false,true,false,false,false,false,true,false,false,false,false,false,false,false,true
29ca1254-2beb-48c8-b44b-efcc97142263,Needle Arm,302,Grass,Physical,normal,60,100,0,15,30% chance to make the target flinch.,Has a 30% chance to make the target flinch.,true,false,,,false,false,false,false,false,true,false,false,false,false,false,false,false,false,true,false,false,false,false
29ee0561-0490-479c-adb3-3699bf348308,Substitute,164,Normal,Status,self,0,-1,0,10,User takes 1/4 its max HP to put in a substitute.,"The user takes 1/4 of its maximum HP, rounded down, and puts it into a substitute to take its place in battle. The substitute is removed once enough damage is inflicted on it, if the user switches out or faints, or if any Pokemon uses Tidy Up. Baton Pass can be used to transfer the substitute to an ally, and the substitute will keep its remaining HP. Until the substitute is broken, it receives damage from all attacks made by other Pokemon and shields the user from status effects and stat stage changes caused by other Pokemon. Sound-based moves and Pokemon with the Infiltrator Ability ignore substitutes. The user still takes normal damage from weather and status effects while behind its substitute. If the substitute breaks during a multi-hit attack, the user will take damage from any remaining hits. If a substitute is created while the user is trapped by a binding move, the binding effect ends immediately. Fails if the user does not have enough HP remaining to create a substitute without fainting, or if it already has a substitute.",false,false,,,false,false,false,false,false,false,false,false,false,false,false,false,false,false,false,false,false,false,true
2a4e97b1-fea3-4c96-8b91-b55085812b94,Tearful Look,715,Normal,Status,normal,0,-1,0,20,Lowers the target's Attack and Sp. Atk by 1.,Lowers the target's Attack and Special Attack by 1 stage.,false,false,,,false,false,true,false,false,false,false,false,false,false,false,false,false,false,false,false,false,false,true
2a9fcf5a-1d5b-4807-bf2a-2ff0e73af670,Origin Pulse,618,Water,Special,allAdjacentFoes,110,85,0,10,No additional effect. Hits adjacent foes.,No additional effect.,false,false,,,false,false,false,false,false,false,false,false,false,true,false,false,false,false,false,false,false,false,true
2aa773b7-75a7-4d2d-8b9b-43a3c78988e5,Max Overgrowth,773,Grass,Physical,adjacentFoe,10,-1,0,10,Base move affects power. Starts Grassy Terrain.,"Power is equal to the base move's Max Move power. If this move is successful, the effect of Grassy Terrain begins. This effect does not happen if the user is not Dynamaxed. If this move is used as a base move, it deals damage with a power of 0.",false,false,,,false,true,false,false,false,false,false,false,false,false,false,false,false,false,false,false,false,true,false
2b1a5854-a659-43b8-a387-d9361a8e5b1b,Draco Meteor,434,Dragon,Special,normal,130,90,0,5,Lowers the user's Sp. Atk by 2.,Lowers the user's Special Attack by 2 stages.,false,false,,,false,false,false,false,false,false,false,false,false,false,false,false,false,false,false,false,false,false,true
2b1aa664-207d-4f5e-a2ee-7b6556f99b97,Max Wyrmwind,768,Dragon,Physical,adjacentFoe,10,-1,0,10,Base move affects power. Foes: -1 Attack.,"Power is equal to the base move's Max Move power. If this move is successful, the Attack of each Pokemon on the opposing side is lowered by 1 stage, even if they have a substitute. This effect does not happen if the user is not Dynamaxed. If this move is used as a base move, it deals damage with a power of 0.",false,false,,,false,true,false,false,false,false,false,false,false,false,false,false,false,false,false,false,false,true,false
2b565886-ea4a-4982-9483-0a3701711c1d,Spirit Break,789,Fairy,Physical,normal,75,100,0,15,100% chance to lower the target's Sp. Atk by 1.,Has a 100% chance to lower the target's Special Attack by 1 stage.,true,false,,,false,false,false,false,false,true,false,false,false,false,false,false,false,false,true,false,false,false,true
2b6d15c7-cc8d-46b1-9745-dfedbfc45042,Gigaton Hammer,893,Steel,Physical,normal,160,100,0,5,Cannot be selected the turn after it's used.,Cannot be selected the turn after it's used.,false,false,,,false,false,false,false,false,false,false,false,false,false,false,false,false,false,false,false,false,false,true
2b86fe11-29d0-4321-b88c-24e7b12d258e,Refresh,287,Normal,Status,self,0,-1,0,20,"User cures its burn, poison, or paralysis.","The user cures its burn, poison, or paralysis. Fails if the user is not burned, poisoned, or paralyzed.",false,false,,,false,false,false,false,false,false,false,false,false,false,false,false,false,false,false,false,false,false,false
2bcbb9db-c2fb-47e9-8dc3-e30e263ccf8d,Eternabeam,795,Dragon,Special,normal,160,90,0,5,User cannot move next turn.,"If this move is successful, the user must recharge on the following turn and cannot select a move.",false,false,,,false,false,false,false,false,false,false,false,false,false,false,false,false,false,false,false,false,false,false
2c3a2b22-7a27-48de-a3de-4bffa71e3147,Headlong Rush,838,Ground,Physical,normal,120,100,0,5,Lowers the user's Defense and Sp. Def by 1.,Lowers the user's Defense and Special Defense by 1 stage.,false,false,,,false,false,false,false,false,true,false,false,false,false,true,false,false,false,false,false,false,false,true
2c6ae07a-886e-4b0f-94d6-3c74e68bb405,Shed Tail,880,Normal,Status,self,0,-1,0,10,User takes 1/2 its max HP to pass a substitute.,"The user takes 1/2 of its maximum HP, rounded up, and creates a substitute that has 1/4 of the user's maximum HP, rounded down. The user is replaced with another Pokemon in its party and the selected Pokemon has the substitute transferred to it. Fails if the user would faint, or if there are no unfainted party members.",false,false,,,false,false,false,false,false,false,false,false,false,false,false,false,false,false,false,false,false,false,true
2cdb5b3a-106e-4a5d-a98a-7e84589ea98a,Magical Leaf,345,Grass,Special,normal,60,-1,0,20,This move does not check accuracy.,This move does not check accuracy.,false,false,,,false,false,false,false,false,false,false,false,false,false,false,false,false,false,false,false,false,false,true
2cdca620-7a74-40c9-bb5f-eb5b2a3db3d4,Sketch,166,Normal,Status,normal,0,-1,0,1,Permanently copies the last move target used.,"This move is permanently replaced by the last move used by the target. The copied move has the maximum PP for that move. Fails if the target has not made a move, if the user has Transformed, or if the move is Blazing Torque, Combat Torque, Dark Void, Hyperspace Fury, Magical Torque, Noxious Torque, Revival Blessing, Sketch, Struggle, Tera Starstorm, Wicked Torque, or any move the user knows.",false,false,,,true,false,false,false,false,false,false,false,false,false,false,false,false,false,false,false,false,false,true
2cf50ea9-b905-4edf-8c98-f458bdfe0f2d,Pulverizing Pancake,701,Normal,Physical,normal,210,-1,0,1,No additional effect.,No additional effect.,false,false,,,false,true,false,false,false,true,false,false,false,false,false,false,false,false,false,false,true,false,false
2d16fcdc-482e-4c4f-835f-e73ecc5c89e1,Flail,175,Normal,Physical,normal,0,100,0,15,More power the less HP the user has left.,"The power of this move is 20 if X is 33 to 48, 40 if X is 17 to 32, 80 if X is 10 to 16, 100 if X is 5 to 9, 150 if X is 2 to 4, and 200 if X is 0 or 1, where X is equal to (user's current HP * 48 / user's maximum HP), rounded down.",false,false,,,false,false,false,false,false,true,false,false,false,false,false,false,false,false,false,false,false,false,true
2d4aad13-f648-4de0-b176-9c0412121943,Feather Dance,297,Flying,Status,normal,0,100,0,15,Lowers the target's Attack by 2.,Lowers the target's Attack by 2 stages.,false,false,,,false,false,true,false,false,false,true,false,false,false,false,false,false,false,false,false,false,false,true
2dae884d-6a59-4bd5-ad8f-fab1ec1f047e,Roar of Time,459,Dragon,Special,normal,150,90,0,5,User cannot move next turn.,"If this move is successful, the user must recharge on the following turn and cannot select a move.",false,false,,,false,false,false,false,false,false,false,false,false,false,false,false,false,false,false,false,false,false,true
2dde98e9-0c2c-4f72-be5c-5ada25679262,Twinkle Tackle,656,Fairy,Physical,normal,1,-1,0,1,Power is equal to the base move's Z-Power.,Power is equal to the base move's Z-Power.,false,false,,,false,true,false,false,false,false,false,false,false,false,false,false,false,false,false,false,true,false,false
2de4e292-8fec-4f29-ac67-025681b69584,Max Strike,760,Normal,Physical,adjacentFoe,10,-1,0,10,Base move affects power. Foes: -1 Speed.,"Power is equal to the base move's Max Move power. If this move is successful, the Speed of each Pokemon on the opposing side is lowered by 1 stage, even if they have a substitute. This effect does not happen if the user is not Dynamaxed. If this move is used as a base move, it deals damage with a power of 0.",false,false,,,false,true,false,false,false,false,false,false,false,false,false,false,false,false,false,false,false,true,false
2dea44b7-f447-4338-8b91-109d759ba4a3,Spore,147,Grass,Status,normal,0,100,0,15,Causes the target to fall asleep.,Causes the target to fall asleep.,false,false,,,false,false,true,false,false,false,false,false,true,false,false,false,false,false,false,false,false,false,true
2e9a3c86-dec3-45ad-8980-4cd6b20b4f1a,G-Max Fireball,1000,Fire,Physical,adjacentFoe,160,-1,0,5,Always 160 power. Ignores Abilities.,Power is 160 regardless of the base move's Max Move power. This move and its effects ignore the Abilities of other Pokemon.,false,false,,,false,true,false,false,false,false,false,false,false,false,false,false,false,false,false,false,false,true,false
2eb79191-62e2-4bd5-a549-ae4f054b6cfd,Tera Blast,851,Normal,Special,normal,80,100,0,10,"If Terastallized: Phys. if Atk > SpA, type = Tera.","If the user is Terastallized, this move becomes a physical attack if the user's Attack is greater than its Special Attack, including stat stage changes, and this move's type becomes the same as the user's Tera Type. In addition, if the user's Tera Type is Stellar, this move has 100 power, is super effective against Terastallized targets and neutral against other targets, and lowers the user's Attack and Special Attack by 1 stage.",false,false,,,false,false,false,false,false,false,false,false,false,false,false,false,false,false,false,false,false,false,true
2f3b721e-e877-4650-92e5-b5d9d6e99187,Shift Gear,508,Steel,Status,self,0,-1,0,10,Raises the user's Speed by 2 and Attack by 1.,Raises the user's Speed by 2 stages and its Attack by 1 stage.,false,false,,,false,false,false,false,false,false,false,false,false,false,false,false,false,false,false,false,false,false,true
2f815a72-d7d7-421d-985d-88711270d065,Meditate,96,Psychic,Status,self,0,-1,0,40,Raises the user's Attack by 1.,Raises the user's Attack by 1 stage.,false,false,,,false,false,false,false,false,false,false,false,false,false,false,false,false,false,false,false,false,false,false
2fbc2f9a-ca72-4e4a-89f9-42c59dd43de9,Heat Wave,257,Fire,Special,allAdjacentFoes,95,90,0,10,10% chance to burn the foe(s).,Has a 10% chance to burn the target.,true,false,,,false,false,false,false,false,false,false,false,false,false,false,false,false,true,true,false,false,false,true
2fbc2fda-7f52-4de2-88b9-6bac034b7690,Rock Blast,350,Rock,Physical,normal,25,90,0,10,Hits 2-5 times in one turn.,"Hits two to five times. Has a 35% chance to hit two or three times and a 15% chance to hit four or five times. If one of the hits breaks the target's substitute, it will take damage for the remaining hits. If the user has the Skill Link Ability, this move will always hit five times. If the user is holding Loaded Dice, this move will hit 4-5 times.",false,true,5,2,false,false,false,false,true,false,false,false,false,false,false,false,false,false,false,false,false,false,true
303edc1c-49d7-4e36-a0a6-d56ae8d54fda,Alluring Voice,914,Fairy,Special,normal,80,100,0,10,100% confuse target that had a stat rise this turn.,Has a 100% chance to confuse the target if it had a stat stage raised this turn.,true,false,,,true,false,false,false,false,false,false,false,false,false,false,false,true,false,true,false,false,false,true
304343eb-cc4b-46ed-8cb2-6a8d36c0219a,Bug Buzz,405,Bug,Special,normal,90,100,0,10,10% chance to lower the target's Sp. Def by 1.,Has a 10% chance to lower the target's Special Defense by 1 stage.,true,false,,,true,false,false,false,false,false,false,false,false,false,false,false,true,false,true,false,false,false,true
30c16bea-613e-4940-ba74-f11d80f2ac98,G-Max Smite,1000,Fairy,Physical,adjacentFoe,10,-1,0,5,Base move affects power. Foes: confused.,"Power is equal to the base move's Max Move power. If this move is successful, each Pokemon on the opposing side becomes confused, even if they have a substitute.",false,false,,,false,true,false,false,false,false,false,false,false,false,false,false,false,false,false,false,false,true,false
31332032-617a-4051-acc5-569db583a414,Aura Wheel,783,Electric,Physical,normal,110,100,0,10,Morpeko: Electric; Hangry: Dark; 100% +1 Spe.,"Has a 100% chance to raise the user's Speed by 1 stage. If the user is a Morpeko in Full Belly Mode, this move is Electric type. If the user is a Morpeko in Hangry Mode, this move is Dark type. This move cannot be used successfully unless the user's current form, while considering Transform, is Full Belly or Hangry Mode Morpeko.",true,false,,,false,false,false,false,false,false,false,false,false,false,false,false,false,false,true,false,false,false,true
31f3616b-807c-42e8-b0ce-7a89742274f3,Cosmic Power,322,Psychic,Status,self,0,-1,0,20,Raises the user's Defense and Sp. Def by 1.,Raises the user's Defense and Special Defense by 1 stage.,false,false,,,false,false,false,false,false,false,false,false,false,false,false,false,false,false,false,false,false,false,true
32289775-204c-481e-8a6f-d2532eccf830,Crafty Shield,578,Fairy,Status,allySide,0,-1,3,10,Protects allies from Status moves this turn.,"The user and its party members are protected from non-damaging attacks made by other Pokemon, including allies, during this turn. Fails if the user moves last this turn or if this move is already in effect for the user's side.",false,false,,,false,false,false,false,false,false,false,false,false,false,false,false,false,false,false,false,false,false,false
3276aeb4-8995-4256-8476-3979b8b7e450,Searing Sunraze Smash,724,Steel,Physical,normal,200,-1,0,1,Ignores the Abilities of other Pokemon.,This move and its effects ignore the Abilities of other Pokemon.,false,false,,,false,true,false,false,false,true,false,false,false,false,false,false,false,false,false,false,true,false,false
3281a0ef-2a1c-4be2-8f59-6bd51aa7d9bb,Blue Flare,551,Fire,Special,normal,130,85,0,5,20% chance to burn the target.,Has a 20% chance to burn the target.,true,false,,,false,false,false,false,false,false,false,false,false,false,false,false,false,false,true,false,false,false,true
32917190-a853-400e-98d5-3cfb2c7de49b,Zap Cannon,192,Electric,Special,normal,120,50,0,5,100% chance to paralyze the target.,Has a 100% chance to paralyze the target.,true,false,,,false,false,false,false,true,false,false,false,false,false,false,false,false,false,true,false,false,false,true
32a90c4b-8573-4b18-87c2-9d920706cfc2,Transform,144,Normal,Status,normal,0,-1,0,10,"Copies target's stats, moves, types, and Ability.","The user transforms into the target. The target's current stats, stat stages, types, moves, Ability, weight, gender, and sprite are copied. The user's level and HP remain the same and each copied move receives only 5 PP, with a maximum of 5 PP each. The user can no longer change formes if it would have the ability to do so. This move fails if it hits a substitute, if either the user or the target is already transformed, or if either is behind an Illusion.",false,false,,,false,false,false,false,false,false,false,false,false,false,false,false,false,false,false,false,false,false,true
333b957a-8837-405c-b23b-e1532189956f,Sparkly Swirl,740,Fairy,Special,normal,120,85,0,5,Cures the user's party of all status conditions.,Every Pokemon in the user's party is cured of its non-volatile status condition.,false,false,,,false,false,false,false,false,false,false,false,false,false,false,false,false,false,false,false,false,false,false
33457adc-5533-479e-9507-56fd5c3758f6,Tera Starstorm,906,Normal,Special,normal,120,100,0,5,"Terapagos-Stellar: Stellar type, hits both foes.","If the user is a Terapagos in Stellar Form, this move's type becomes Stellar, hits all opposing Pokemon, and becomes a physical attack if the user's Attack is greater than its Special Attack, including stat stage changes.",false,false,,,false,false,false,false,false,false,false,false,false,false,false,false,false,false,false,false,false,false,true
334d12f6-8acf-4462-b5a9-1ed279090591,Hidden Power,237,Normal,Special,normal,60,100,0,15,Varies in type based on the user's IVs.,"This move's type depends on the user's individual values (IVs), and can be any type but Fairy and Normal.",false,false,,,false,false,false,false,false,false,false,false,false,false,false,false,false,false,false,false,false,false,false
33673436-93df-4059-8587-e3f06e568d24,Reversal,179,Fighting,Physical,normal,0,100,0,15,More power the less HP the user has left.,"The power of this move is 20 if X is 33 to 48, 40 if X is 17 to 32, 80 if X is 10 to 16, 100 if X is 5 to 9, 150 if X is 2 to 4, and 200 if X is 0 or 1, where X is equal to (user's current HP * 48 / user's maximum HP), rounded down.",false,false,,,false,false,false,false,false,true,false,false,false,false,false,false,false,false,false,false,false,false,true
338e8938-ac7e-4e1e-b0fb-8e9f06e4beb1,Moongeist Beam,714,Ghost,Special,normal,100,100,0,5,Ignores the Abilities of other Pokemon.,This move and its effects ignore the Abilities of other Pokemon.,false,false,,,false,false,false,false,false,false,false,false,false,false,false,false,false,false,false,false,false,false,true
33b022b2-a4e5-479a-b7cb-eeb135256b4b,Max Steelspike,774,Steel,Physical,adjacentFoe,10,-1,0,10,Base move affects power. Allies: +1 Defense.,"Power is equal to the base move's Max Move power. If this move is successful, the Defense of each Pokemon on the user's side is raised by 1 stage, even if they have a substitute. This effect does not happen if the user is not Dynamaxed. If this move is used as a base move, it deals damage with a power of 0.",false,false,,,false,true,false,false,false,false,false,false,false,false,false,false,false,false,false,false,false,true,false
33d40452-e8df-4a34-ae16-d6929835e064,Strange Steam,790,Fairy,Special,normal,90,95,0,10,20% chance to confuse the target.,Has a 20% chance to confuse the target.,true,false,,,false,false,false,false,false,false,false,false,false,false,false,false,false,false,true,false,false,false,true
34299001-c75b-4628-a515-8b1e4279df28,Waterfall,127,Water,Physical,normal,80,100,0,15,20% chance to make the target flinch.,Has a 20% chance to make the target flinch.,true,false,,,false,false,false,false,false,true,false,false,false,false,false,false,false,false,true,false,false,false,true
344a24ea-b1c4-46ef-8a84-4fa1228969cb,Frustration,218,Normal,Physical,normal,0,100,0,20,Max 102 power at minimum Happiness.,"Power is equal to the greater of ((255 - user's Happiness) * 2/5), rounded down, or 1.",false,false,,,false,false,false,false,false,true,false,false,false,false,false,false,false,false,false,false,false,false,false
345c5a0a-eba1-48dd-a771-110d5598bd7e,Burning Bulwark,908,Fire,Status,self,0,-1,4,10,Protects from damaging attacks. Contact: burn.,"The user is protected from most attacks made by other Pokemon during this turn, and Pokemon trying to make contact with the user become burned. Non-damaging moves go through this protection. This move has a 1/X chance of being successful, where X starts at 1 and triples each time this move is successfully used. X resets to 1 if this move fails, if the user's last move used is not Baneful Bunker, Burning Bulwark, Detect, Endure, King's Shield, Max Guard, Obstruct, Protect, Quick Guard, Silk Trap, Spiky Shield, or Wide Guard, or if it was one of those moves and the user's protection was broken. Fails if the user moves last this turn.",false,false,,,false,false,false,false,false,false,false,false,false,false,false,false,false,false,false,false,false,false,true
34b3ef32-4db1-432a-be8d-3344e7875bd5,Sonic Boom,49,Normal,Special,normal,0,90,0,20,Always does 20 HP of damage.,Deals 20 HP of damage to the target.,false,false,,,false,false,false,false,false,false,false,false,false,false,false,false,false,false,false,false,false,false,false
34e75bc6-9149-4b92-88e3-6984be60de15,Hyperspace Hole,593,Psychic,Special,normal,80,-1,0,5,Breaks the target's protection for this turn.,"If this move is successful, it breaks through the target's Baneful Bunker, Detect, King's Shield, Protect, or Spiky Shield for this turn, allowing other Pokemon to attack the target normally. If the target's side is protected by Crafty Shield, Mat Block, Quick Guard, or Wide Guard, that protection is also broken for this turn and other Pokemon may attack the target's side normally.",false,false,,,true,true,false,false,false,false,false,false,false,false,false,false,false,false,false,false,false,false,true
351f9ab2-42d9-41ab-81ce-43dabb0c5526,Swift,129,Normal,Special,allAdjacentFoes,60,-1,0,20,This move does not check accuracy. Hits foes.,This move does not check accuracy.,false,false,,,false,false,false,false,false,false,false,false,false,false,false,false,false,false,false,false,false,false,true
352dd69f-c451-46d7-9bd8-6d0a64e51b22,Telekinesis,477,Psychic,Status,normal,0,-1,0,15,"For 3 turns, target floats but moves can't miss it.","For 3 turns, the target cannot avoid any attacks made against it, other than OHKO moves, as long as it remains active. During the effect, the target is immune to Ground-type attacks and the effects of Spikes, Toxic Spikes, Sticky Web, and the Arena Trap Ability as long as it remains active. If the target uses Baton Pass, the replacement will gain the effect. Ingrain, Smack Down, Thousand Arrows, and Iron Ball override this move if the target is under any of their effects. Fails if the target is already under this effect or the effects of Ingrain, Smack Down, or Thousand Arrows. The target is immune to this move on use if its species is Diglett, Dugtrio, Alolan Diglett, Alolan Dugtrio, Sandygast, Palossand, or Gengar while Mega-Evolved. Mega Gengar cannot be under this effect by any means.",false,false,,,false,false,true,false,false,false,false,false,false,false,false,false,false,false,false,false,false,false,false
356afbf5-66b7-41aa-8441-1d5fbb201c2c,Withdraw,110,Water,Status,self,0,-1,0,40,Raises the user's Defense by 1.,Raises the user's Defense by 1 stage.,false,false,,,false,false,false,false,false,false,false,false,false,false,false,false,false,false,false,false,false,false,true
35a14272-fb45-4789-b306-cc04e368adbd,Upper Hand,918,Fighting,Physical,normal,65,100,3,15,100% flinch. Fails unless target using priority.,"Has a 100% chance to make the target flinch. Fails if the target did not select a priority move for use this turn, or if the target moves before the user.",true,false,,,false,false,false,false,false,true,false,false,false,false,false,false,false,false,true,false,false,false,true
363f9c9d-6414-48af-a18e-8f80da56a5d4,High Jump Kick,136,Fighting,Physical,normal,130,90,0,10,User is hurt by 50% of its max HP if it misses.,"If this attack is not successful, the user loses half of its maximum HP, rounded down, as crash damage. Pokemon with the Magic Guard Ability are unaffected by crash damage.",false,false,,,false,false,false,false,false,true,false,false,false,false,false,false,false,false,false,false,false,false,true
36688dea-b6c2-4fb2-a8ef-40c8aa45caf9,Dire Claw,827,Poison,Physical,normal,80,100,0,15,"50% chance to sleep, poison, or paralyze target.","Has a 50% chance to cause the target to either fall asleep, become poisoned, or become paralyzed.",true,false,,,false,false,false,false,false,true,false,false,false,false,false,false,false,false,true,false,false,false,true
379fa16e-36d1-4d12-9d0b-33c24d6e222f,Dragon Energy,820,Dragon,Special,allAdjacentFoes,150,100,0,5,Less power as user's HP decreases. Hits foe(s).,"Power is equal to (user's current HP * 150 / user's maximum HP), rounded down, but not less than 1.",false,false,,,false,false,false,false,false,false,false,false,false,false,false,false,false,false,false,false,false,false,true
37bab472-712c-4a3b-8e23-9fe83aea1d2a,Hurricane,542,Flying,Special,any,110,70,0,10,30% chance to confuse target. Can't miss in rain.,"Has a 30% chance to confuse the target. This move can hit a target using Bounce, Fly, or Sky Drop, or is under the effect of Sky Drop. If the weather is Primordial Sea or Rain Dance, this move does not check accuracy. If the weather is Desolate Land or Sunny Day, this move's accuracy is 50%. If this move is used against a Pokemon holding Utility Umbrella, this move's accuracy remains at 70%.",true,false,,,false,false,false,false,false,false,false,false,false,false,false,false,false,true,true,false,false,false,true
381d7d0b-c88b-468f-8d7a-1d9c9bcd891b,G-Max Finale,1000,Fairy,Physical,adjacentFoe,10,-1,0,5,Base move affects power. Allies: +1/6 max HP.,"Power is equal to the base move's Max Move power. If this move is successful, each Pokemon on the user's side restores 1/6 of its current maximum HP, even if they have a substitute.",false,false,,,false,true,false,false,false,false,false,false,false,false,false,false,false,false,false,false,false,true,false
38259db2-a613-45ed-a28d-19556ac59511,Supersonic Skystrike,626,Flying,Physical,normal,1,-1,0,1,Power is equal to the base move's Z-Power.,Power is equal to the base move's Z-Power.,false,false,,,false,true,false,false,false,false,false,false,false,false,false,false,false,false,false,false,true,false,false
382dca3f-5171-4d93-995b-f11fca3c583b,Leaf Storm,437,Grass,Special,normal,130,90,0,5,Lowers the user's Sp. Atk by 2.,Lowers the user's Special Attack by 2 stages.,false,false,,,false,false,false,false,false,false,false,false,false,false,false,false,false,false,false,false,false,false,true
3836a7be-9d59-4e9a-a129-a03c5cde8685,Nasty Plot,417,Dark,Status,self,0,-1,0,20,Raises the user's Sp. Atk by 2.,Raises the user's Special Attack by 2 stages.,false,false,,,false,false,false,false,false,false,false,false,false,false,false,false,false,false,false,false,false,false,true
3856fd4c-c097-4514-b571-7ec00933591f,Rage Fist,889,Ghost,Physical,normal,50,100,0,10,+50 power for each time user was hit. Max 6 hits.,"Power is equal to 50+(X*50), where X is the total number of times the user has been hit by a damaging attack during the battle, even if the user did not lose HP from the attack. X cannot be greater than 6 and does not reset upon switching out or fainting. Each hit of a multi-hit attack is counted, but confusion damage is not counted.",false,false,,,false,false,false,false,false,true,false,false,false,false,true,false,false,false,false,false,false,false,true
38d59f99-a2c5-454b-acc9-5d36ef806758,Dual Chop,530,Dragon,Physical,normal,40,90,0,15,Hits 2 times in one turn.,"Hits twice. If the first hit breaks the target's substitute, it will take damage for the second hit.",false,true,,,false,false,false,false,false,true,false,false,false,false,false,false,false,false,false,false,false,false,false
38d63e6c-2968-44f8-81bc-7a71d6c53345,Destiny Bond,194,Ghost,Status,self,0,-1,0,5,"If an opponent knocks out the user, it also faints.","Until the user's next move, if an opposing Pokemon's attack knocks the user out, that Pokemon faints as well, unless the attack was Doom Desire or Future Sight. Fails if the user used this move successfully as its last move, disregarding moves used through the Dancer Ability.",false,false,,,true,false,false,false,false,false,false,false,false,false,false,false,false,false,false,false,false,false,true
38f5ac61-f9fa-4912-b136-e6bc5b1791c3,Overdrive,786,Electric,Special,allAdjacentFoes,80,100,0,10,No additional effect. Hits foe(s).,No additional effect.,false,false,,,true,false,false,false,false,false,false,false,false,false,false,false,true,false,false,false,false,false,true
39295e33-5cc4-4a5a-a289-dadb6d7e3f69,Outrage,200,Dragon,Physical,randomNormal,120,100,0,10,Lasts 2-3 turns. Confuses the user afterwards.,"The user spends two or three turns locked into this move and becomes confused immediately after its move on the last turn of the effect if it is not already. This move targets an opposing Pokemon at random on each turn. If the user is prevented from moving, is asleep at the beginning of a turn, or the attack is not successful against the target on the first turn of the effect or the second turn of a three-turn effect, the effect ends without causing confusion. If this move is called by Sleep Talk and the user is asleep, the move is used for one turn and does not confuse the user.",false,false,,,false,false,false,false,false,true,false,false,false,false,false,false,false,false,false,false,false,false,true
392f71e5-60bd-4f6c-82be-2636a37357b7,Dream Eater,138,Psychic,Special,normal,100,100,0,15,User gains 1/2 HP inflicted. Sleeping target only.,"The target is unaffected by this move unless it is asleep. The user recovers 1/2 the HP lost by the target, rounded half up. If Big Root is held by the user, the HP recovered is 1.3x normal, rounded half down.",false,false,,,false,false,false,false,false,false,false,true,false,false,false,false,false,false,false,false,false,false,true
39514cf9-6214-4d72-9876-6525c13efb3e,Grass Whistle,320,Grass,Status,normal,0,55,0,15,Causes the target to fall asleep.,Causes the target to fall asleep.,false,false,,,true,false,true,false,false,false,false,false,false,false,false,false,true,false,false,false,false,false,false
3963cfdc-3b02-456b-96e0-cadc96906bd5,Defense Curl,111,Normal,Status,self,0,-1,0,40,Raises the user's Defense by 1.,"Raises the user's Defense by 1 stage. As long as the user remains active, the power of the user's Ice Ball and Rollout will be doubled (this effect is not stackable).",false,false,,,false,false,false,false,false,false,false,false,false,false,false,false,false,false,false,false,false,false,true
39d82ff4-88f4-4903-8c16-ad278ba69a58,Assist,274,Normal,Status,self,0,-1,0,20,Uses a random move known by a team member.,"A random move among those known by the user's party members is selected for use. Does not select Assist, Baneful Bunker, Beak Blast, Belch, Bestow, Blazing Torque, Bounce, Celebrate, Chatter, Circle Throw, Combat Torque, Copycat, Counter, Covet, Destiny Bond, Detect, Dig, Dive, Dragon Tail, Endure, Feint, Fly, Focus Punch, Follow Me, Helping Hand, Hold Hands, King's Shield, Magical Torque, Mat Block, Me First, Metronome, Mimic, Mirror Coat, Mirror Move, Nature Power, Noxious Torque, Phantom Force, Protect, Rage Powder, Roar, Shadow Force, Shell Trap, Sketch, Sky Drop, Sleep Talk, Snatch, Spiky Shield, Spotlight, Struggle, Switcheroo, Tera Starstorm, Thief, Transform, Trick, Whirlwind, or Wicked Torque.",false,false,,,false,false,false,false,false,false,false,false,false,false,false,false,false,false,false,false,false,false,false
3a1b736b-086a-4a6e-8c5d-9cc738d4bcb5,Feint,364,Normal,Physical,normal,30,100,2,10,"Nullifies Detect, Protect, and Quick/Wide Guard.","If this move is successful, it breaks through the target's Baneful Bunker, Detect, King's Shield, Protect, or Spiky Shield for this turn, allowing other Pokemon to attack the target normally. If the target's side is protected by Crafty Shield, Mat Block, Quick Guard, or Wide Guard, that protection is also broken for this turn and other Pokemon may attack the target's side normally.",false,false,,,false,true,false,false,false,false,false,false,false,false,false,false,false,false,false,false,false,false,true
3a4f12da-360e-4714-8d75-0b3b2c78e8b3,Glare,137,Normal,Status,normal,0,100,0,30,Paralyzes the target.,Paralyzes the target.,false,false,,,false,false,true,false,false,false,false,false,false,false,false,false,false,false,false,false,false,false,true
3a684d94-87c0-47b7-b662-e0717b539a79,Payback,371,Dark,Physical,normal,50,100,0,10,Power doubles if the user moves after the target.,"Power doubles if the user moves after the target this turn, including actions taken through Instruct or the Dancer Ability. Switching in does not count as an action.",false,false,,,false,false,false,false,false,true,false,false,false,false,false,false,false,false,false,false,false,false,true
3a7a81f2-e699-40de-942f-fcaba1e43a99,Tickle,321,Normal,Status,normal,0,100,0,20,Lowers the target's Attack and Defense by 1.,Lowers the target's Attack and Defense by 1 stage.,false,false,,,false,false,true,false,false,false,false,false,false,false,false,false,false,false,false,false,false,false,true
3a878886-2371-4e83-a138-1a7bfc9d0d98,Sweet Kiss,186,Fairy,Status,normal,0,75,0,10,Causes the target to become confused.,Causes the target to become confused.,false,false,,,false,false,true,false,false,false,false,false,false,false,false,false,false,false,false,false,false,false,true
3a94e11d-1d17-4e3d-9e40-2c4a5b0a03ce,Blast Burn,307,Fire,Special,normal,150,90,0,5,User cannot move next turn.,"If this move is successful, the user must recharge on the following turn and cannot select a move.",false,false,,,false,false,false,false,false,false,false,false,false,false,false,false,false,false,false,false,false,false,true
3a9a5bf2-0b75-40fe-a9a4-a42d23a42692,Splintered Stormshards,727,Rock,Physical,normal,190,-1,0,1,Ends the effects of terrain.,"Ends the effects of Electric Terrain, Grassy Terrain, Misty Terrain, and Psychic Terrain.",false,false,,,false,true,false,false,false,false,false,false,false,false,false,false,false,false,false,false,true,false,false
3b47475c-999c-44d9-b6b4-6e890546a57a,Triple Arrows,843,Fighting,Physical,normal,90,100,0,10,"High crit. Target: 50% -1 Defense, 30% flinch.","Has a 50% chance to lower the target's Defense by 1 stage, a 30% chance to make it flinch, and a higher chance for a critical hit.",false,false,,,false,false,false,false,false,false,false,false,false,false,false,false,false,false,false,false,false,false,true
3b71b204-c9b2-47cc-8e41-6915903d830f,Double Kick,24,Fighting,Physical,normal,30,100,0,30,Hits 2 times in one turn.,"Hits twice. If the first hit breaks the target's substitute, it will take damage for the second hit.",false,true,,,false,false,false,false,false,true,false,false,false,false,false,false,false,false,false,false,false,false,true
3bbb2156-6e1f-4baa-9681-05ec22663674,G-Max Replenish,1000,Normal,Physical,adjacentFoe,10,-1,0,5,Base move affects power. 50% restores Berries.,"Power is equal to the base move's Max Move power. If this move is successful, there is a 50% chance every Pokemon on the user's side has its Berry restored, even if they have a substitute.",false,false,,,false,true,false,false,false,false,false,false,false,false,false,false,false,false,false,false,false,true,false
3bdaab66-9114-4f40-9804-ad0b867615ca,Flatter,260,Dark,Status,normal,0,100,0,15,Raises the target's Sp. Atk by 1 and confuses it.,Raises the target's Special Attack by 1 stage and confuses it.,false,false,,,false,false,true,false,false,false,false,false,false,false,false,false,false,false,false,false,false,false,true
3bdfc974-89f9-4964-865e-adbad82d0093,Secret Power,290,Normal,Physical,normal,70,100,0,20,Effect varies with terrain. (30% paralysis chance),"Has a 30% chance to cause a secondary effect on the target based on the battle terrain. Causes paralysis on the regular Wi-Fi terrain, causes paralysis during Electric Terrain, lowers Special Attack by 1 stage during Misty Terrain, causes sleep during Grassy Terrain and lowers Speed by 1 stage during Psychic Terrain.",true,false,,,false,false,false,false,false,false,false,false,false,false,false,false,false,false,true,false,false,false,false
3ce3c651-6a79-4ec0-94a2-cac14f254e86,Pin Missile,42,Bug,Physical,normal,25,95,0,20,Hits 2-5 times in one turn.,"Hits two to five times. Has a 35% chance to hit two or three times and a 15% chance to hit four or five times. If one of the hits breaks the target's substitute, it will take damage for the remaining hits. If the user has the Skill Link Ability, this move will always hit five times. If the user is holding Loaded Dice, this move will hit 4-5 times.",false,true,5,2,false,false,false,false,false,false,false,false,false,false,false,false,false,false,false,false,false,false,true
3cf418f6-67c6-4fa8-876e-8cf6e6ff21a0,Iron Head,442,Steel,Physical,normal,80,100,0,15,30% chance to make the target flinch.,Has a 30% chance to make the target flinch.,true,false,,,false,false,false,false,false,true,false,false,false,false,false,false,false,false,true,false,false,false,true
3daa7f5a-1e51-402d-ba84-e4d69c4ee15e,Dragon Rush,407,Dragon,Physical,normal,100,75,0,10,20% chance to make the target flinch.,Has a 20% chance to make the target flinch. Damage doubles and no accuracy check is done if the target has used Minimize while active.,true,false,,,false,false,false,false,false,true,false,false,false,false,false,false,false,false,true,false,false,false,true
3dbe9bf1-269b-41fa-b73b-d19c5c5222a7,Sizzly Slide,735,Fire,Physical,normal,60,100,0,20,100% chance to burn the foe.,Has a 100% chance to burn the foe.,true,false,,,false,false,false,false,false,true,false,false,false,false,false,false,false,false,true,false,false,false,false
3dc62bcb-0a2b-4a62-9c6b-d1199e922250,Sleep Talk,214,Normal,Status,self,0,-1,0,10,User must be asleep. Uses another known move.,"One of the user's known moves, besides this move, is selected for use at random. Fails if the user is not asleep. The selected move does not have PP deducted from it, and can currently have 0 PP. This move cannot select Assist, Beak Blast, Belch, Bide, Blazing Torque, Celebrate, Chatter, Combat Torque, Copycat, Dynamax Cannon, Focus Punch, Hold Hands, Magical Torque, Me First, Metronome, Mimic, Mirror Move, Nature Power, Noxious Torque, Shell Trap, Sketch, Sleep Talk, Struggle, Uproar, Wicked Torque, or any two-turn move.",false,false,,,false,false,false,false,false,false,false,false,false,false,false,false,false,false,false,false,false,false,true
3ddd0864-d988-43b4-a211-b09096374070,Meteor Mash,309,Steel,Physical,normal,90,90,0,10,20% chance to raise the user's Attack by 1.,Has a 20% chance to raise the user's Attack by 1 stage.,true,false,,,false,false,false,false,false,true,false,false,false,false,true,false,false,false,true,false,false,false,true
3e043ff4-e17d-4c27-87e4-2b2d43c62120,Facade,263,Normal,Physical,normal,70,100,0,20,Power doubles if user is burn/poison/paralyzed.,"Power doubles if the user is burned, paralyzed, or poisoned. The physical damage halving effect from the user's burn is ignored.",false,false,,,false,false,false,false,false,true,false,false,false,false,false,false,false,false,false,false,false,false,true
3e24f784-fb6b-4ea9-8533-748352a5c974,Doom Desire,353,Steel,Special,normal,140,100,0,5,Hits two turns after being used.,"Deals damage two turns after this move is used. At the end of that turn, the damage is calculated at that time and dealt to the Pokemon at the position the target had when the move was used. If the user is no longer active at the time, damage is calculated based on the user's natural Special Attack stat, types, and level, with no boosts from its held item or Ability. Fails if this move or Future Sight is already in effect for the target's position.",false,false,,,false,true,false,false,false,false,false,false,false,false,false,false,false,false,false,false,false,false,true
3e83931b-12b9-479f-8b76-5970f470cd0f,Photon Geyser,722,Psychic,Special,normal,100,100,0,5,Physical if user's Atk > Sp. Atk. Ignores Abilities.,"This move becomes a physical attack if the user's Attack is greater than its Special Attack, including stat stage changes. This move and its effects ignore the Abilities of other Pokemon.",false,false,,,false,false,false,false,false,false,false,false,false,false,false,false,false,false,false,false,false,false,true
3f6846c0-2435-43a8-912f-54a6704e4c4c,Jet Punch,857,Water,Physical,normal,60,100,1,15,Usually goes first.,No additional effect.,false,false,,,false,false,false,false,false,true,false,false,false,false,true,false,false,false,false,false,false,false,true
3fbd7215-995f-44ff-ae24-f49344dd8922,Fire Blast,126,Fire,Special,normal,110,85,0,5,10% chance to burn the target.,Has a 10% chance to burn the target.,true,false,,,false,false,false,false,false,false,false,false,false,false,false,false,false,false,true,false,false,false,true
3fbfd184-73f4-4b62-88f8-83c04552b620,Mist Ball,296,Psychic,Special,normal,95,100,0,5,50% chance to lower the target's Sp. Atk by 1.,Has a 50% chance to lower the target's Special Attack by 1 stage.,true,false,,,false,false,false,false,true,false,false,false,false,false,false,false,false,false,true,false,false,false,true
3fffdbe5-12bb-44d8-a644-840c531cbcc3,Wicked Torque,897,Dark,Physical,normal,80,100,0,10,10% chance to cause the target to fall asleep.,Has a 10% chance to cause the target to fall asleep.,true,false,,,false,false,false,false,false,false,false,false,false,false,false,false,false,false,true,false,false,false,false
4014773f-f799-4db7-81fa-9a14bbef36c3,Misty Explosion,802,Fairy,Special,allAdjacent,100,100,0,5,User faints. User on Misty Terrain: 1.5x power.,"If the current terrain is Misty Terrain and the user is grounded, this move's power is multiplied by 1.5. The user faints after using this move, even if this move fails for having no target. This move is prevented from executing if any active Pokemon has the Damp Ability.",false,false,,,false,false,false,false,false,false,false,false,false,false,false,false,false,false,false,false,false,false,true
402ef05e-eb3c-4cd8-b5d3-2f1a058a9a9f,Eerie Impulse,598,Electric,Status,normal,0,100,0,15,Lowers the target's Sp. Atk by 2.,Lowers the target's Special Attack by 2 stages.,false,false,,,false,false,true,false,false,false,false,false,false,false,false,false,false,false,false,false,false,false,true
40510642-a453-47de-a0ff-0296317eccf3,Megahorn,224,Bug,Physical,normal,120,85,0,10,No additional effect.,No additional effect.,false,false,,,false,false,false,false,false,true,false,false,false,false,false,false,false,false,false,false,false,false,true
405a81ca-f414-4c7c-97af-963c92f919fc,Thunderous Kick,823,Fighting,Physical,normal,90,100,0,10,100% chance to lower the target's Defense by 1.,Has a 100% chance to lower the target's Defense by 1 stage.,true,false,,,false,false,false,false,false,true,false,false,false,false,false,false,false,false,true,false,false,false,true
40d9e929-98f6-43a8-8059-94a3eac09f5f,Thunder Shock,84,Electric,Special,normal,40,100,0,30,10% chance to paralyze the target.,Has a 10% chance to paralyze the target.,true,false,,,false,false,false,false,false,false,false,false,false,false,false,false,false,false,true,false,false,false,true
412cd812-e039-48be-92ac-77238a19a604,G-Max Cannonade,1000,Water,Physical,adjacentFoe,10,-1,0,10,"Base move affects power. Foes: -1/6 HP, 4 turns.","Power is equal to the base move's Max Move power. If this move is successful, for 4 turns each non-Water-type Pokemon on the opposing side takes damage equal to 1/6 of its maximum HP, rounded down, at the end of each turn during effect, including the last turn.",false,false,,,false,true,false,false,false,false,false,false,false,false,false,false,false,false,false,false,false,true,false
4179e4f6-ec9a-4d10-87d4-50ec5beb1f5b,Meteor Beam,800,Rock,Special,normal,120,90,0,10,Raises user's Sp. Atk by 1 on turn 1. Hits turn 2.,"This attack charges on the first turn and executes on the second. Raises the user's Special Attack by 1 stage on the first turn. If the user is holding a Power Herb, the move completes in one turn.",false,false,,,false,false,false,false,false,false,false,false,false,false,false,false,false,false,false,false,false,false,true
4197bbab-c9bd-4ef8-b7c8-be9b6ce47fdd,Ice Burn,554,Ice,Special,normal,140,90,0,5,Charges turn 1. Hits turn 2. 30% burn.,"Has a 30% chance to burn the target. This attack charges on the first turn and executes on the second. If the user is holding a Power Herb, the move completes in one turn.",true,false,,,false,false,false,false,false,false,false,false,false,false,false,false,false,false,true,false,false,false,true
419d0569-8741-43cc-b534-030a770aca17,Earthquake,89,Ground,Physical,allAdjacent,100,100,0,10,Hits adjacent Pokemon. Double damage on Dig.,Damage doubles if the target is using Dig.,false,false,,,false,false,false,false,false,false,false,false,false,false,false,false,false,false,false,false,false,false,true
41e86a81-6477-41ed-ab0c-ad56b17fa4ec,Teatime,752,Normal,Status,all,0,-1,0,10,All active Pokemon consume held Berries.,"All active Pokemon consume their held Berries. This effect is not prevented by substitutes, the Klutz or Unnerve Abilities, or the effects of Embargo or Magic Room. Fails if no active Pokemon is holding a Berry.",false,false,,,true,false,false,false,false,false,false,false,false,false,false,false,false,false,false,false,false,false,true
41f833bd-fdf3-42e5-b768-0e96b93e1010,Mud-Slap,189,Ground,Special,normal,20,100,0,10,100% chance to lower the target's accuracy by 1.,Has a 100% chance to lower the target's accuracy by 1 stage.,true,false,,,false,false,false,false,false,false,false,false,false,false,false,false,false,false,true,false,false,false,true
4207d06a-ecd5-4449-9cd0-f4880e2e85a9,Psybeam,60,Psychic,Special,normal,65,100,0,20,10% chance to confuse the target.,Has a 10% chance to confuse the target.,true,false,,,false,false,false,false,false,false,false,false,false,false,false,false,false,false,true,false,false,false,true
422374db-9a40-4afc-bf84-074c2feda01a,Freezing Glare,821,Psychic,Special,normal,90,100,0,10,10% chance to freeze the target.,Has a 10% chance to freeze the target.,true,false,,,false,false,false,false,false,false,false,false,false,false,false,false,false,false,true,false,false,false,true
4234e34c-0776-40dc-9c84-271deecc7691,Karate Chop,2,Fighting,Physical,normal,50,100,0,25,High critical hit ratio.,Has a higher chance for a critical hit.,false,false,,,false,false,false,false,false,true,false,false,false,false,false,false,false,false,false,false,false,false,false
42e0d29a-5eff-4f4e-9dd5-731e419c79b5,Psychic,94,Psychic,Special,normal,90,100,0,10,10% chance to lower the target's Sp. Def by 1.,Has a 10% chance to lower the target's Special Defense by 1 stage.,true,false,,,false,false,false,false,false,false,false,false,false,false,false,false,false,false,true,false,false,false,true
430b7bd5-01b1-45d8-bb18-dc5230cdfdea,Hidden Power Bug,237,Bug,Special,normal,60,100,0,15,,,false,false,,,false,false,false,false,false,false,false,false,false,false,false,false,false,false,false,false,false,false,false
43256639-6b63-4f87-8e0d-5f902f628773,Laser Focus,673,Normal,Status,self,0,-1,0,30,"Until the end of the next turn, user's moves crit.","Until the end of the next turn, the user's attacks will be critical hits.",false,false,,,false,false,false,false,false,false,false,false,false,false,false,false,false,false,false,false,false,false,false
43f0d991-4ed1-4f75-98fe-80283369d386,Foul Play,492,Dark,Physical,normal,95,100,0,15,Uses target's Attack stat in damage calculation.,"Damage is calculated using the target's Attack stat, including stat stage changes. The user's Ability, item, and burn are used as normal.",false,false,,,false,false,false,false,false,true,false,false,false,false,false,false,false,false,false,false,false,false,true
448616eb-409b-412f-a86d-6676d269fd1a,Trop Kick,688,Grass,Physical,normal,70,100,0,15,100% chance to lower the target's Attack by 1.,Has a 100% chance to lower the target's Attack by 1 stage.,true,false,,,false,false,false,false,false,true,false,false,false,false,false,false,false,false,true,false,false,false,true
45d68b1a-0b5d-4a2d-9c65-909922057eb4,Fiery Wrath,822,Dark,Special,allAdjacentFoes,90,100,0,10,20% chance to make the foe(s) flinch.,Has a 20% chance to make the target flinch.,true,false,,,false,false,false,false,false,false,false,false,false,false,false,false,false,false,true,false,false,false,true
466bf87b-456d-4980-ab5b-55a99f9a5606,Barrage,140,Normal,Physical,normal,15,85,0,20,Hits 2-5 times in one turn.,"Hits two to five times. Has a 35% chance to hit two or three times and a 15% chance to hit four or five times. If one of the hits breaks the target's substitute, it will take damage for the remaining hits. If the user has the Skill Link Ability, this move will always hit five times.",false,true,5,2,false,false,false,false,true,false,false,false,false,false,false,false,false,false,false,false,false,false,false
467606ba-f3bb-4182-ab17-82af969ae7e4,Quick Guard,501,Fighting,Status,allySide,0,-1,3,15,Protects allies from priority attacks this turn.,"The user and its party members are protected from attacks with original or altered priority greater than 0 made by other Pokemon, including allies, during this turn. This move modifies the same 1/X chance of being successful used by other protection moves, where X starts at 1 and triples each time this move is successfully used, but does not use the chance to check for failure. X resets to 1 if this move fails, if the user's last move used is not Baneful Bunker, Burning Bulwark, Detect, Endure, King's Shield, Max Guard, Obstruct, Protect, Quick Guard, Silk Trap, Spiky Shield, or Wide Guard, or if it was one of those moves and the user's protection was broken. Fails if the user moves last this turn or if this move is already in effect for the user's side.",false,false,,,false,false,false,false,false,false,false,false,false,false,false,false,false,false,false,false,false,false,true
467e9d04-b4fd-44f6-8183-99dc28c4e4cb,Body Press,776,Fighting,Physical,normal,80,100,0,10,Uses user's Def stat as Atk in damage calculation.,"Damage is calculated using the user's Defense stat as its Attack, including stat stage changes. Other effects that modify the Attack stat are used as normal.",false,false,,,false,false,false,false,false,true,false,false,false,false,false,false,false,false,false,false,false,false,true
46c3cb80-8cbe-45eb-8955-63065a7a8bd2,Last Respects,854,Ghost,Physical,normal,50,100,0,10,+50 power for each time a party member fainted.,"Power is equal to 50+(X*50), where X is the total number of times any Pokemon has fainted on the user's side, and X cannot be greater than 100.",false,false,,,false,false,false,false,false,false,false,false,false,false,false,false,false,false,false,false,false,false,true
47a6eeac-e47c-4906-9512-2b08bb60ecd3,Rising Voltage,804,Electric,Special,normal,70,100,0,20,2x power if target is grounded in Electric Terrain.,"If the current terrain is Electric Terrain and the target is grounded, this move's power is doubled.",false,false,,,false,false,false,false,false,false,false,false,false,false,false,false,false,false,false,false,false,false,true
47adf961-5906-42a6-bd37-9eb129cc141e,Rock Smash,249,Fighting,Physical,normal,40,100,0,15,50% chance to lower the target's Defense by 1.,Has a 50% chance to lower the target's Defense by 1 stage.,true,false,,,false,false,false,false,false,true,false,false,false,false,false,false,false,false,true,false,false,false,true
47c84638-48da-46e2-a819-dc52f6348e08,Bouncy Bubble,733,Water,Special,normal,60,100,0,20,User recovers 50% of the damage dealt.,"The user recovers 1/2 the HP lost by the target, rounded half up. If Big Root is held by the user, the HP recovered is 1.3x normal, rounded half down.",false,false,,,false,false,false,false,false,false,false,true,false,false,false,false,false,false,false,false,false,false,false
483de329-d8cf-4bf2-a921-65de4d160641,Hyperspace Fury,621,Dark,Physical,normal,100,-1,0,5,Hoopa-U: Lowers user's Def by 1; breaks protect.,"Lowers the user's Defense by 1 stage. This move cannot be used successfully unless the user's current form, while considering Transform, is Hoopa Unbound. If this move is successful, it breaks through the target's Baneful Bunker, Detect, King's Shield, Protect, or Spiky Shield for this turn, allowing other Pokemon to attack the target normally. If the target's side is protected by Crafty Shield, Mat Block, Quick Guard, or Wide Guard, that protection is also broken for this turn and other Pokemon may attack the target's side normally.",false,false,,,true,true,false,false,false,false,false,false,false,false,false,false,false,false,false,false,false,false,true
48c1d50e-10ea-4b93-8be6-96429fb7871b,Diamond Storm,591,Rock,Physical,allAdjacentFoes,100,95,0,5,50% chance to raise user's Defense by 2.,Has a 50% chance to raise the user's Defense by 2 stages.,false,false,,,false,false,false,false,false,false,false,false,false,false,false,false,false,false,false,false,false,false,true
48c56005-be46-4066-956e-8b3db4826dbf,Thunder,87,Electric,Special,normal,110,70,0,10,30% chance to paralyze. Can't miss in rain.,"Has a 30% chance to paralyze the target. This move can hit a target using Bounce, Fly, or Sky Drop, or is under the effect of Sky Drop. If the weather is Primordial Sea or Rain Dance, this move does not check accuracy. If the weather is Desolate Land or Sunny Day, this move's accuracy is 50%. If this move is used against a Pokemon holding Utility Umbrella, this move's accuracy remains at 70%.",true,false,,,false,false,false,false,false,false,false,false,false,false,false,false,false,false,true,false,false,false,true
48de3326-8d6e-4fa7-8687-b1bb7dc5013a,Trailblaze,885,Grass,Physical,normal,50,100,0,20,100% chance to raise the user's Speed by 1.,Has a 100% chance to raise the user's Speed by 1 stage.,true,false,,,false,false,false,false,false,true,false,false,false,false,false,false,false,false,true,false,false,false,true
49251436-695b-4805-b682-e6b9c03e7647,Aromatherapy,312,Grass,Status,allyTeam,0,-1,0,5,Cures the user's party of all status conditions.,"Every Pokemon in the user's party is cured of its non-volatile status condition. Active Pokemon with the Sap Sipper Ability are not cured, unless they are the user.",false,false,,,false,false,false,false,false,false,false,false,false,false,false,false,false,false,false,false,false,false,false
492bab6f-9184-49dc-8c13-8d7d166a8cac,Power Trip,681,Dark,Physical,normal,20,100,0,10," + 20 power for each of the user's stat boosts.","Power is equal to 20+(X*20), where X is the user's total stat stage changes that are greater than 0.",false,false,,,false,false,false,false,false,true,false,false,false,false,false,false,false,false,false,false,false,false,true
4a22ed49-7f1e-4771-a0a5-5cb54b1af150,Leaf Blade,348,Grass,Physical,normal,90,100,0,15,High critical hit ratio.,Has a higher chance for a critical hit.,false,false,,,false,false,false,false,false,true,false,false,false,false,false,false,false,false,false,false,false,false,true
4a9cde42-5feb-40df-8eb0-c91d88c67318,Snipe Shot,745,Water,Special,normal,80,100,0,15,High critical hit ratio. Cannot be redirected.,Has a higher chance for a critical hit. This move cannot be redirected to a different target by any effect.,false,false,,,false,false,false,false,false,false,false,false,false,false,false,false,false,false,false,false,false,false,true
4b61aabf-6c96-435d-b06d-89638891c0b0,Aura Sphere,396,Fighting,Special,any,80,-1,0,20,This move does not check accuracy.,This move does not check accuracy.,false,false,,,false,false,false,false,true,false,false,false,false,true,false,false,false,false,false,false,false,false,true
4bad5eb1-3802-446a-84fa-e8bb5bf7666b,False Swipe,206,Normal,Physical,normal,40,100,0,40,Always leaves the target with at least 1 HP.,Leaves the target with at least 1 HP.,false,false,,,false,false,false,false,false,true,false,false,false,false,false,false,false,false,false,false,false,false,true
4bceff82-d276-480c-b1c5-cd3548017ae6,Power-Up Punch,612,Fighting,Physical,normal,40,100,0,20,100% chance to raise the user's Attack by 1.,Has a 100% chance to raise the user's Attack by 1 stage.,true,false,,,false,false,false,false,false,true,false,false,false,false,true,false,false,false,true,false,false,false,false
4c289190-0c6f-4dea-b705-c409fee30ecc,Coaching,811,Fighting,Status,adjacentAlly,0,-1,0,10,Raises an ally's Attack and Defense by 1.,Raises the target's Attack and Defense by 1 stage. Fails if there is no ally adjacent to the user.,false,false,,,true,false,false,false,false,false,false,false,false,false,false,false,false,false,false,false,false,false,true
4c85ede9-0118-469c-8e27-596ed282d4cb,Chloroblast,835,Grass,Special,normal,150,95,0,5,User loses 50% max HP.,"If this move is successful, the user loses 1/2 of its maximum HP, rounded up, unless the user has the Magic Guard or Rock Head Abilities.",false,false,,,false,false,false,false,false,false,false,false,false,false,false,false,false,false,false,false,false,false,true
4ca687bd-83e7-4452-81f3-2ce29ab7e455,Mortal Spin,866,Poison,Physical,allAdjacentFoes,30,100,0,15,"Poisons foes, frees user from hazards/bind/leech.","If this move is successful and the user has not fainted, the effects of Leech Seed and binding moves end for the user, and all hazards are removed from the user's side of the field. Has a 100% chance to poison the target.",true,false,,,false,false,false,false,false,true,false,false,false,false,false,false,false,false,true,false,false,false,true
4d22f2b9-17a9-496b-8909-eeaaa8917df8,Seed Flare,465,Grass,Special,normal,120,85,0,5,40% chance to lower the target's Sp. Def by 2.,Has a 40% chance to lower the target's Special Defense by 2 stages.,true,false,,,false,false,false,false,false,false,false,false,false,false,false,false,false,false,true,false,false,false,true
4d4339fe-8c56-4bea-bb4c-7c10d8c17d96,G-Max Vine Lash,1000,Grass,Physical,adjacentFoe,10,-1,0,10,"Base move affects power. Foes: -1/6 HP, 4 turns.","Power is equal to the base move's Max Move power. If this move is successful, for 4 turns each non-Grass-type Pokemon on the opposing side takes damage equal to 1/6 of its maximum HP, rounded down, at the end of each turn during effect, including the last turn.",false,false,,,false,true,false,false,false,false,false,false,false,false,false,false,false,false,false,false,false,true,false
4d64add2-b821-4921-ad40-8ae1caf5d8bc,Flying Press,560,Fighting,Physical,any,100,95,0,10,Combines Flying in its type effectiveness.,This move combines Flying in its type effectiveness against the target. Damage doubles and no accuracy check is done if the target has used Minimize while active.,false,false,,,false,false,false,false,false,true,false,false,false,false,false,false,false,false,false,false,false,false,true
4d99ce89-daed-403e-afe7-d761da0dc60c,Nature Power,267,Normal,Status,normal,0,-1,0,20,Attack depends on terrain (default Tri Attack).,"This move calls another move for use based on the battle terrain. Tri Attack on the regular Wi-Fi terrain, Thunderbolt during Electric Terrain, Moonblast during Misty Terrain, Energy Ball during Grassy Terrain, and Psychic during Psychic Terrain.",false,false,,,false,false,false,false,false,false,false,false,false,false,false,false,false,false,false,false,false,false,false
4d9ad0be-2208-402a-8c25-532d6a1f68b2,Sacred Fire,221,Fire,Physical,normal,100,95,0,5,50% chance to burn the target. Thaws user.,Has a 50% chance to burn the target.,true,false,,,false,false,false,false,false,false,false,false,false,false,false,false,false,false,true,false,false,false,true
4daa875f-3837-4a23-919f-91b2c6967ae6,Rest,156,Psychic,Status,self,0,-1,0,5,User sleeps 2 turns and restores HP and status.,"The user falls asleep for the next two turns and restores all of its HP, curing itself of any non-volatile status condition in the process. Fails if the user has full HP, is already asleep, or if another effect is preventing sleep.",false,false,,,false,false,false,false,false,false,false,true,false,false,false,false,false,false,false,false,false,false,true
4dd9aa54-33a9-4017-9a05-16b7797a0ddb,Leafage,670,Grass,Physical,normal,40,100,0,40,No additional effect.,No additional effect.,false,false,,,false,false,false,false,false,false,false,false,false,false,false,false,false,false,false,false,false,false,true
4e08ff68-92bf-459d-b5bd-f260c51111a9,Hydro Steam,876,Water,Special,normal,80,100,0,15,During Sunny Day: 1.5x damage instead of half.,"If the current weather is Sunny Day and the user is not holding Utility Umbrella, this move's damage is multiplied by 1.5 instead of halved for being Water type.",false,false,,,false,false,false,false,false,false,false,false,false,false,false,false,false,false,false,false,false,false,true
4e0ce37b-6ddb-486d-ac21-a29bd59e517a,Tail Whip,39,Normal,Status,allAdjacentFoes,0,100,0,30,Lowers the foe(s) Defense by 1.,Lowers the target's Defense by 1 stage.,false,false,,,false,false,true,false,false,false,false,false,false,false,false,false,false,false,false,false,false,false,true
4e1e97ab-a0a5-45d9-86ff-8f7040b2765a,Punishment,386,Dark,Physical,normal,0,100,0,5,60 power +20 for each of the target's stat boosts.,"Power is equal to 60+(X*20), where X is the target's total stat stage changes that are greater than 0, but not more than 200 power.",false,false,,,false,false,false,false,false,true,false,false,false,false,false,false,false,false,false,false,false,false,false
4e676b9b-49c5-411f-be15-ee6b23f5bf32,Iron Tail,231,Steel,Physical,normal,100,75,0,15,30% chance to lower the target's Defense by 1.,Has a 30% chance to lower the target's Defense by 1 stage.,true,false,,,false,false,false,false,false,true,false,false,false,false,false,false,false,false,true,false,false,false,true
4e8fe518-e286-41f0-bb47-0e640fd9ea54,Ice Beam,58,Ice,Special,normal,90,100,0,10,10% chance to freeze the target.,Has a 10% chance to freeze the target.,true,false,,,false,false,false,false,false,false,false,false,false,false,false,false,false,false,true,false,false,false,true
4e9dec7a-89b2-4648-89f2-1825357f1677,Disable,50,Normal,Status,normal,0,100,0,20,"For 4 turns, disables the target's last move used.","For 4 turns, the target's last move used becomes disabled. Fails if one of the target's moves is already disabled, if the target has not made a move, if the target no longer knows the move, or if the move was a Max or G-Max Move.",false,false,,,true,false,true,false,false,false,false,false,false,false,false,false,false,false,false,false,false,false,true
4eb603a3-1d77-4208-a153-c18c38d3a62a,Crush Grip,462,Normal,Physical,normal,0,100,0,5,More power the more HP the target has left.,"Power is equal to 120 * (target's current HP / target's maximum HP), rounded half down, but not less than 1.",false,false,,,false,false,false,false,false,true,false,false,false,false,false,false,false,false,false,false,false,false,true
4ec1fe8f-0504-421b-9c33-bfb9775fd151,Bestow,516,Normal,Status,normal,0,-1,0,15,User passes its held item to the target.,"The target receives the user's held item. Fails if the user has no item or is holding a Mail or Z-Crystal, if the target is already holding an item, if the user is a Kyogre holding a Blue Orb, a Groudon holding a Red Orb, a Giratina holding a Griseous Orb, an Arceus holding a Plate, a Genesect holding a Drive, a Silvally holding a Memory, a Pokemon that can Mega Evolve holding the Mega Stone for its species, or if the target is one of those Pokemon and the user is holding the respective item.",false,false,,,true,false,false,false,false,false,false,false,false,false,false,false,false,false,false,false,false,false,false
4eff10f9-fc03-43a9-a08e-0e25089b00e9,Mirror Shot,429,Steel,Special,normal,65,85,0,10,30% chance to lower the target's accuracy by 1.,Has a 30% chance to lower the target's accuracy by 1 stage.,true,false,,,false,false,false,false,false,false,false,false,false,false,false,false,false,false,true,false,false,false,false
4f6f2ed5-01b6-4520-bdae-067398483bff,Hyper Voice,304,Normal,Special,allAdjacentFoes,90,100,0,10,No additional effect. Hits adjacent foes.,No additional effect.,false,false,,,true,false,false,false,false,false,false,false,false,false,false,false,true,false,false,false,false,false,true
50132386-2393-47c1-a266-4e4be92bdf34,Burning Jealousy,807,Fire,Special,allAdjacentFoes,70,100,0,5,100% burns a target that had a stat rise this turn.,Has a 100% chance to burn the target if it had a stat stage raised this turn.,true,false,,,false,false,false,false,false,false,false,false,false,false,false,false,false,false,true,false,false,false,true
50565739-c4f2-4e19-a48d-2e9e42e800d1,Clamp,128,Water,Physical,normal,35,85,0,15,Traps and damages the target for 4-5 turns.,"Prevents the target from switching for four or five turns (seven turns if the user is holding Grip Claw). Causes damage to the target equal to 1/8 of its maximum HP (1/6 if the user is holding Binding Band), rounded down, at the end of each turn during effect. The target can still switch out if it is holding Shed Shell or uses Baton Pass, Flip Turn, Parting Shot, Shed Tail, Teleport, U-turn, or Volt Switch. The effect ends if either the user or the target leaves the field, or if the target uses Mortal Spin, Rapid Spin, or Substitute successfully. This effect is not stackable or reset by using this or another binding move.",false,false,,,false,false,false,false,false,true,false,false,false,false,false,false,false,false,false,false,false,false,false
505bfb5b-9eb5-4b49-a738-0868edb11ab1,Pursuit,228,Dark,Physical,normal,40,100,0,20,"If a foe is switching out, hits it at 2x power.","If an opposing Pokemon switches out this turn, this move hits that Pokemon before it leaves the field, even if it was not the original target. If the user moves after an opponent using Flip Turn, Parting Shot, Teleport, U-turn, or Volt Switch, but not Baton Pass, it will hit that opponent before it leaves the field. Power doubles and no accuracy check is done if the user hits an opponent switching out, and the user's turn is over; if an opponent faints from this, the replacement Pokemon does not become active until the end of the turn.",false,false,,,false,false,false,false,false,true,false,false,false,false,false,false,false,false,false,false,false,false,false
50860312-c410-46e2-9c60-e413f1680fbb,Electroweb,527,Electric,Special,allAdjacentFoes,55,95,0,15,100% chance to lower the foe(s) Speed by 1.,Has a 100% chance to lower the target's Speed by 1 stage.,true,false,,,false,false,false,false,false,false,false,false,false,false,false,false,false,false,true,false,false,false,true
50cff812-6038-4179-a567-11fdaad15cdd,Aurora Beam,62,Ice,Special,normal,65,100,0,20,10% chance to lower the target's Attack by 1.,Has a 10% chance to lower the target's Attack by 1 stage.,true,false,,,false,false,false,false,false,false,false,false,false,false,false,false,false,false,true,false,false,false,true
50dc21b8-102c-4fbe-8b2e-e0e6e08388b6,Sweet Scent,230,Normal,Status,allAdjacentFoes,0,100,0,20,Lowers the foe(s) evasiveness by 2.,Lowers the target's evasiveness by 2 stages.,false,false,,,false,false,true,false,false,false,false,false,false,false,false,false,false,false,false,false,false,false,true
511b0f77-56cb-48f3-9d7b-b75b607c0558,Judgment,449,Normal,Special,normal,100,100,0,10,Type varies based on the held Plate.,This move's type depends on the user's held Plate.,false,false,,,false,false,false,false,false,false,false,false,false,false,false,false,false,false,false,false,false,false,true
522c0227-db52-4d30-98b7-cfe46c387655,Victory Dance,837,Fighting,Status,self,0,-1,0,10,"Raises the user's Attack, Defense, Speed by 1.","Raises the user's Attack, Defense, and Speed by 1 stage.",false,false,,,false,false,false,false,false,false,true,false,false,false,false,false,false,false,false,false,false,false,true
52f821a3-82a7-44ca-807e-db285caa426a,G-Max Meltdown,1000,Steel,Physical,adjacentFoe,10,-1,0,5,Base move affects power. Foes: Tormented.,"Power is equal to the base move's Max Move power. If this move is successful, the effect of Torment begins for each Pokemon on the opposing side, even if they have a substitute.",false,false,,,false,true,false,false,false,false,false,false,false,false,false,false,false,false,false,false,false,true,false
537908c1-8f9e-45ef-9de2-7ef5ff0fd8ea,Magnetic Flux,602,Electric,Status,allySide,0,-1,0,20,"Raises Def, Sp. Def of allies with Plus/Minus by 1.",Raises the Defense and Special Defense of Pokemon on the user's side with the Plus or Minus Abilities by 1 stage.,false,false,,,true,false,false,false,false,false,false,false,false,false,false,false,false,false,false,false,false,false,true
53e66cad-8725-4d44-82bb-94f45d0b6b07,Light Screen,113,Psychic,Status,allySide,0,-1,0,30,"For 5 turns, special damage to allies is halved.","For 5 turns, the user and its party members take 0.5x damage from special attacks, or 0.66x damage if in a Double Battle. Damage is not reduced further with Aurora Veil. Critical hits ignore this effect. It is removed from the user's side if the user or an ally is successfully hit by Brick Break, Psychic Fangs, or Defog. Lasts for 8 turns if the user is holding Light Clay. Fails if the effect is already active on the user's side.",false,false,,,false,false,false,false,false,false,false,false,false,false,false,false,false,false,false,false,false,false,true
5417e5b3-95f0-47c8-8eef-4827b301eafa,Struggle,165,Normal,Physical,randomNormal,50,-1,0,1,User loses 1/4 of its max HP.,"Deals typeless damage to a random opposing Pokemon. If this move was successful, the user loses 1/4 of its maximum HP, rounded half up, and the Rock Head Ability does not prevent this. This move is automatically used if none of the user's known moves can be selected.",false,false,,,false,false,false,false,false,true,false,false,false,false,false,false,false,false,false,false,false,false,true
542d4739-6f43-4f01-b181-1c67911eb587,Miracle Eye,357,Psychic,Status,normal,0,-1,0,40,Psychic hits Dark. Evasiveness ignored.,"As long as the target remains active, its evasiveness stat stage is ignored during accuracy checks against it if it is greater than 0, and Psychic-type attacks can hit the target if it is a Dark type. Fails if the target is already affected, or affected by Foresight or Odor Sleuth.",false,false,,,true,false,true,false,false,false,false,false,false,false,false,false,false,false,false,false,false,false,false
54ade0f9-9af9-4464-b4d5-6b83e21f4564,Sing,47,Normal,Status,normal,0,55,0,15,Causes the target to fall asleep.,Causes the target to fall asleep.,false,false,,,true,false,true,false,false,false,false,false,false,false,false,false,true,false,false,false,false,false,true
550e8937-71d1-4b21-8c5f-3e92cbce23bc,Spite,180,Ghost,Status,normal,0,100,0,10,Lowers the PP of the target's last move by 4.,"Causes the target's last move used to lose 4 PP. Fails if the target has not made a move, if the move has 0 PP, or if it no longer knows the move.",false,false,,,true,false,true,false,false,false,false,false,false,false,false,false,false,false,false,false,false,false,true
55254067-3d79-4f22-9c84-11cebaa1ae8a,Chilling Water,886,Water,Special,normal,50,100,0,20,100% chance to lower the target's Attack by 1.,Has a 100% chance to lower the target's Attack by 1 stage.,true,false,,,false,false,false,false,false,false,false,false,false,false,false,false,false,false,true,false,false,false,true
55abae9c-f003-4839-85b7-c05b5add58f0,Leech Life,141,Bug,Physical,normal,80,100,0,10,User recovers 50% of the damage dealt.,"The user recovers 1/2 the HP lost by the target, rounded half up. If Big Root is held by the user, the HP recovered is 1.3x normal, rounded half down.",false,false,,,false,false,false,false,false,true,false,true,false,false,false,false,false,false,false,false,false,false,true
55cadcee-0e52-434a-9fca-6f8792e9a3bd,Trick Room,433,Psychic,Status,all,0,-1,-7,5,"Goes last. For 5 turns, turn order is reversed.","For 5 turns, the Speed of every Pokemon is recalculated for the purposes of determining turn order. During the effect, each Pokemon's Speed is considered to be (10000 - its normal Speed), and if this value is greater than 8191, 8192 is subtracted from it. If this move is used during the effect, the effect ends.",false,false,,,false,false,false,false,false,false,false,false,false,false,false,false,false,false,false,false,false,false,true
5603d384-ee06-456c-9d32-c9e2d099f87d,Stone Edge,444,Rock,Physical,normal,100,80,0,5,High critical hit ratio.,Has a higher chance for a critical hit.,false,false,,,false,false,false,false,false,false,false,false,false,false,false,false,false,false,false,false,false,false,true
5610882a-7f4a-406d-be7d-b19b5a2715d6,Relic Song,547,Normal,Special,allAdjacentFoes,75,100,0,10,10% chance to sleep foe(s). Meloetta transforms.,"Has a 10% chance to cause the target to fall asleep. If this move is successful on at least one target and the user is a Meloetta, it changes to Pirouette Forme if it is currently in Aria Forme, or changes to Aria Forme if it is currently in Pirouette Forme. This forme change does not happen if the Meloetta has the Sheer Force Ability. The Pirouette Forme reverts to Aria Forme when Meloetta is not active.",true,false,,,true,false,false,false,false,false,false,false,false,false,false,false,true,false,true,false,false,false,true
569952aa-e1ec-471a-88f2-2d5ee594b4f9,Fury Attack,31,Normal,Physical,normal,15,85,0,20,Hits 2-5 times in one turn.,"Hits two to five times. Has a 35% chance to hit two or three times and a 15% chance to hit four or five times. If one of the hits breaks the target's substitute, it will take damage for the remaining hits. If the user has the Skill Link Ability, this move will always hit five times. If the user is holding Loaded Dice, this move will hit 4-5 times.",false,true,5,2,false,false,false,false,false,true,false,false,false,false,false,false,false,false,false,false,false,false,true
56a7e407-3c93-4152-99e3-bcceb97b0f49,Dragon Pulse,406,Dragon,Special,any,85,100,0,10,No additional effect.,No additional effect.,false,false,,,false,false,false,false,false,false,false,false,false,true,false,false,false,false,false,false,false,false,true
56f1ed35-c20c-4968-8756-90f310c1a7d3,Savage Spin-Out,634,Bug,Physical,normal,1,-1,0,1,Power is equal to the base move's Z-Power.,Power is equal to the base move's Z-Power.,false,false,,,false,true,false,false,false,false,false,false,false,false,false,false,false,false,false,false,true,false,false
56fb7032-76b1-4f23-a4bd-9b78729f83f7,Fake Out,252,Normal,Physical,normal,40,100,3,10,Hits first. First turn out only. 100% flinch chance.,Has a 100% chance to make the target flinch. Fails unless it is the user's first turn on the field.,true,false,,,false,false,false,false,false,true,false,false,false,false,false,false,false,false,true,false,false,false,true
570ae867-9258-44eb-8bb1-6216c98981fb,Poison Jab,398,Poison,Physical,normal,80,100,0,20,30% chance to poison the target.,Has a 30% chance to poison the target.,true,false,,,false,false,false,false,false,true,false,false,false,false,false,false,false,false,true,false,false,false,true
5758b100-1fbb-453c-8064-5ef23312284e,Swagger,207,Normal,Status,normal,0,85,0,15,Raises the target's Attack by 2 and confuses it.,Raises the target's Attack by 2 stages and confuses it.,false,false,,,false,false,true,false,false,false,false,false,false,false,false,false,false,false,false,false,false,false,true
58140339-c30e-4cee-bbb0-34780bf3fc73,Recover,105,Normal,Status,self,0,-1,0,5,Heals the user by 50% of its max HP.,"The user restores 1/2 of its maximum HP, rounded half up.",false,false,,,false,false,false,false,false,false,false,true,false,false,false,false,false,false,false,false,false,false,true
587b5cc6-711c-4144-8f30-16d0424d5016,Octazooka,190,Water,Special,normal,65,85,0,10,50% chance to lower the target's accuracy by 1.,Has a 50% chance to lower the target's accuracy by 1 stage.,true,false,,,false,false,false,false,true,false,false,false,false,false,false,false,false,false,true,false,false,false,false
595a6d4c-c638-4dac-a099-121812d13336,Copycat,383,Normal,Status,self,0,-1,0,20,Uses the last move used in the battle.,"The user uses the last move used by any Pokemon, including itself. Fails if no move has been used, or if the last move used was Assist, Baneful Bunker, Beak Blast, Behemoth Bash, Behemoth Blade, Belch, Bestow, Blazing Torque, Celebrate, Chatter, Circle Throw, Combat Torque, Copycat, Counter, Covet, Destiny Bond, Detect, Dragon Tail, Dynamax Cannon, Endure, Feint, Focus Punch, Follow Me, Helping Hand, Hold Hands, King's Shield, Magical Torque, Mat Block, Me First, Metronome, Mimic, Mirror Move, Nature Power, Noxious Torque, Protect, Rage Powder, Roar, Shell Trap, Sketch, Sleep Talk, Snatch, Spiky Shield, Spotlight, Struggle, Switcheroo, Tera Starstorm, Thief, Transform, Trick, Whirlwind, or Wicked Torque.",false,false,,,false,false,false,false,false,false,false,false,false,false,false,false,false,false,false,false,false,false,true
5a1d7075-fad2-4f0b-92c8-6e0e26298769,Mega Punch,5,Normal,Physical,normal,80,85,0,20,No additional effect.,No additional effect.,false,false,,,false,false,false,false,false,true,false,false,false,false,true,false,false,false,false,false,false,false,true
5b16355b-9512-483c-af26-8025ce8f666b,Grassy Glide,803,Grass,Physical,normal,55,100,0,20,User on Grassy Terrain: +1 priority.,"If the current terrain is Grassy Terrain and the user is grounded, this move has its priority increased by 1.",false,false,,,false,false,false,false,false,true,false,false,false,false,false,false,false,false,false,false,false,false,true
5b34efbc-be0d-49c9-84bb-89fe02bbb03d,Poltergeist,809,Ghost,Physical,normal,110,90,0,5,Fails if the target has no held item.,Fails if the target has no held item.,false,false,,,false,false,false,false,false,false,false,false,false,false,false,false,false,false,false,false,false,false,true
5b87f407-992f-44bf-9f5b-fa8fd74ce7ec,Sky Drop,507,Flying,Physical,any,60,100,0,10,User and foe fly up turn 1. Damages on turn 2.,"This attack takes the target into the air with the user on the first turn and executes on the second. Pokemon weighing 200 kg or more cannot be lifted. On the first turn, the user and the target avoid all attacks other than Gust, Hurricane, Sky Uppercut, Smack Down, Thousand Arrows, Thunder, and Twister. The user and the target cannot make a move between turns, but the target can select a move to use. This move cannot damage Flying-type Pokemon. Fails on the first turn if the target is an ally, if the target has a substitute, or if the target is using Bounce, Dig, Dive, Fly, Phantom Force, Shadow Force, or Sky Drop.",false,false,,,false,false,false,false,false,true,false,false,false,false,false,false,false,false,false,false,false,false,false
5b8cfcbf-d56f-4504-abea-c24f04ecb0b3,Flower Shield,579,Fairy,Status,all,0,-1,0,10,Raises Defense by 1 of all active Grass types.,Raises the Defense of all active Grass-type Pokemon by 1 stage. Fails if there are no active Grass-type Pokemon.,false,false,,,false,false,false,false,false,false,false,false,false,false,false,false,false,false,false,false,false,false,false
5b9965f2-38dc-4276-a2a6-dbe31f7e4651,Scorching Sands,815,Ground,Special,normal,70,100,0,10,30% chance to burn the target. Thaws target.,Has a 30% chance to burn the target. The target thaws out if it is frozen.,true,false,,,false,false,false,false,false,false,false,false,false,false,false,false,false,false,true,false,false,false,true
5bd74e68-0957-414a-830f-f167edc2c441,Lucky Chant,381,Normal,Status,allySide,0,-1,0,30,"For 5 turns, shields user's party from critical hits.","For 5 turns, the user and its party members cannot be struck by a critical hit. Fails if the effect is already active on the user's side.",false,false,,,false,false,false,false,false,false,false,false,false,false,false,false,false,false,false,false,false,false,false
5c1288ad-0238-4668-ae43-a5d705f18845,Dual Wingbeat,814,Flying,Physical,normal,40,90,0,10,Hits 2 times in one turn.,"Hits twice. If the first hit breaks the target's substitute, it will take damage for the second hit.",false,true,,,false,false,false,false,false,true,false,false,false,false,false,false,false,false,false,false,false,false,true
5c1b0a1b-29eb-40cb-993e-38eb17e64a02,Lumina Crash,855,Psychic,Special,normal,80,100,0,10,100% chance to lower the target's Sp. Def by 2.,Has a 100% chance to lower the target's Special Defense by 2 stages.,true,false,,,false,false,false,false,false,false,false,false,false,false,false,false,false,false,true,false,false,false,true
5c846cf7-4ca5-45e6-b87a-ef9e507ca9d4,G-Max Gold Rush,1000,Normal,Physical,adjacentFoe,10,-1,0,5,Base move affects power. Foes: confused.,"Power is equal to the base move's Max Move power. If this move is successful, each Pokemon on the opposing side becomes confused, even if they have a substitute.",false,false,,,false,true,false,false,false,false,false,false,false,false,false,false,false,false,false,false,false,true,false
5d05957c-7873-41dc-804b-196417b90537,Attract,213,Normal,Status,normal,0,100,0,15,A target of the opposite gender gets infatuated.,"Causes the target to become infatuated, making it unable to attack 50% of the time. Fails if both the user and the target are the same gender, if either is genderless, or if the target is already infatuated. The effect ends when either the user or the target is no longer active. Pokemon with the Oblivious Ability or protected by the Aroma Veil Ability are immune.",false,false,,,true,false,true,false,false,false,false,false,false,false,false,false,false,false,false,false,false,false,true
5d6bebf3-3825-45ee-8ac3-11e1562ce33f,Dizzy Punch,146,Normal,Physical,normal,70,100,0,10,20% chance to confuse the target.,Has a 20% chance to confuse the target.,true,false,,,false,false,false,false,false,true,false,false,false,false,true,false,false,false,true,false,false,false,false
5dbca5db-da56-4f2d-9c5d-6371f6594efd,Power Whip,438,Grass,Physical,normal,120,85,0,10,No additional effect.,No additional effect.,false,false,,,false,false,false,false,false,true,false,false,false,false,false,false,false,false,false,false,false,false,true
5dc1a6f4-fb0e-4fa3-bb92-a60bf0b5f10c,Flip Turn,812,Water,Physical,normal,60,100,0,20,User switches out after damaging the target.,"If this move is successful and the user has not fainted, the user switches out even if it is trapped and is replaced immediately by a selected party member. The user does not switch out if there are no unfainted party members, or if the target switched out using an Eject Button or through the effect of the Emergency Exit or Wimp Out Abilities.",false,false,,,false,false,false,false,false,true,false,false,false,false,false,false,false,false,false,false,false,false,true
5e3100f8-76fb-47dc-af0b-3385c91eabf8,Brine,362,Water,Special,normal,65,100,0,10,Power doubles if the target's HP is 50% or less.,Power doubles if the target has less than or equal to half of its maximum HP remaining.,false,false,,,false,false,false,false,false,false,false,false,false,false,false,false,false,false,false,false,false,false,true
5e6978fd-b655-4fae-925a-adbed1c645d2,Ice Ball,301,Ice,Physical,normal,30,90,0,20,Power doubles with each hit. Repeats for 5 turns.,"If this move is successful, the user is locked into this move and cannot make another move until it misses, 5 turns have passed, or the attack cannot be used. Power doubles with each successful hit of this move and doubles again if Defense Curl was used previously by the user. If this move is called by Sleep Talk, the move is used for one turn.",false,false,,,false,false,false,false,true,true,false,false,false,false,false,false,false,false,false,false,false,false,false
5e980e24-6808-4bf5-9d80-cc6dbf733504,Sandstorm,201,Rock,Status,all,0,-1,0,10,"For 5 turns, a sandstorm rages. Rock: 1.5x SpD.","For 5 turns, the weather becomes Sandstorm. At the end of each turn except the last, all active Pokemon lose 1/16 of their maximum HP, rounded down, unless they are a Ground, Rock, or Steel type, or have the Magic Guard, Overcoat, Sand Force, Sand Rush, or Sand Veil Abilities. During the effect, the Special Defense of Rock-type Pokemon is multiplied by 1.5 when taking damage from a special attack. Lasts for 8 turns if the user is holding Smooth Rock. Fails if the current weather is Sandstorm.",false,false,,,false,false,false,false,false,false,false,false,false,false,false,false,false,true,false,false,false,false,true
5ea69e46-e20a-46e6-850c-85d516337b38,Bitter Malice,841,Ghost,Special,normal,75,100,0,10,100% chance to lower the target's Attack by 1.,Has a 100% chance to lower the target's Attack by 1 stage.,true,false,,,false,false,false,false,false,false,false,false,false,false,false,false,false,false,true,false,false,false,true
5f71c1dc-05b4-4dad-97b4-b3fcf06b53a7,Smelling Salts,265,Normal,Physical,normal,70,100,0,10,"Power doubles if target is paralyzed, and cures it.","Power doubles if the target is paralyzed. If the user has not fainted, the target is cured of paralysis.",false,false,,,false,false,false,false,false,true,false,false,false,false,false,false,false,false,false,false,false,false,false
5fb592ef-b658-47ef-9ed8-cf128e2a9672,Low Kick,67,Fighting,Physical,normal,0,100,0,20,More power the heavier the target.,"This move's power is 20 if the target weighs less than 10 kg, 40 if less than 25 kg, 60 if less than 50 kg, 80 if less than 100 kg, 100 if less than 200 kg, and 120 if greater than or equal to 200 kg.",false,false,,,false,false,false,false,false,true,false,false,false,false,false,false,false,false,false,false,false,false,true
608c2b94-bbd8-400a-931b-f00b912bb913,Bloom Doom,644,Grass,Physical,normal,1,-1,0,1,Power is equal to the base move's Z-Power.,Power is equal to the base move's Z-Power.,false,false,,,false,true,false,false,false,false,false,false,false,false,false,false,false,false,false,false,true,false,false
60bae5cb-4cd9-45d9-9a6a-698d92c5c8fd,Clear Smog,499,Poison,Special,normal,50,-1,0,15,Resets all of the target's stat stages to 0.,Resets all of the target's stat stages to 0.,false,false,,,false,false,false,false,false,false,false,false,false,false,false,false,false,false,false,false,false,false,true
610999fc-841d-4ee9-a39f-827da7c98689,Poison Sting,40,Poison,Physical,normal,15,100,0,35,30% chance to poison the target.,Has a 30% chance to poison the target.,true,false,,,false,false,false,false,false,false,false,false,false,false,false,false,false,false,true,false,false,false,true
61a8414e-f895-46ea-a71c-007d56d3a378,Fury Cutter,210,Bug,Physical,normal,40,95,0,20,"Power doubles with each hit, up to 160.","Power doubles with each successful hit, up to a maximum of 160 power. The power is reset if this move misses or another move is used.",false,false,,,false,false,false,false,false,true,false,false,false,false,false,false,false,false,false,false,false,false,true
61f4cc5e-a4be-4155-9c9f-f66fdff25971,Haze,114,Ice,Status,all,0,-1,0,30,Eliminates all stat changes.,Resets the stat stages of all active Pokemon to 0.,false,false,,,true,false,false,false,false,false,false,false,false,false,false,false,false,false,false,false,false,false,true
6206acc0-c06d-4336-895a-5fc5e3a0c7f2,Fairy Wind,584,Fairy,Special,normal,40,100,0,30,No additional effect.,No additional effect.,false,false,,,false,false,false,false,false,false,false,false,false,false,false,false,false,true,false,false,false,false,true
62ca6b55-10ea-4a2a-82e7-726cc1c20e0e,Vacuum Wave,410,Fighting,Special,normal,40,100,1,30,Usually goes first.,No additional effect.,false,false,,,false,false,false,false,false,false,false,false,false,false,false,false,false,false,false,false,false,false,true
6317609b-08fc-4abc-bcfc-38c11babd08d,Parting Shot,575,Dark,Status,normal,0,100,0,20,"Lowers target's Atk, Sp. Atk by 1. User switches.","Lowers the target's Attack and Special Attack by 1 stage. If this move is successful, the user switches out even if it is trapped and is replaced immediately by a selected party member. The user does not switch out if the target's Attack and Special Attack stat stages were both unchanged, or if there are no unfainted party members.",false,false,,,true,false,true,false,false,false,false,false,false,false,false,false,true,false,false,false,false,false,true
63197f2f-a67f-43ca-b782-a22bc81aa380,Infernal Parade,844,Ghost,Special,normal,60,100,0,15,30% burn. 2x power if target is already statused.,Has a 30% chance to burn the target. Power doubles if the target has a non-volatile status condition.,true,false,,,false,false,false,false,false,false,false,false,false,false,false,false,false,false,true,false,false,false,true
6328f563-8c6d-4dd3-bc98-81d9c47f0800,Stomping Tantrum,707,Ground,Physical,normal,75,100,0,10,Power doubles if the user's last move failed.,"Power doubles if the user's last move on the previous turn, including moves called by other moves or those used through Instruct, Magic Coat, Snatch, or the Dancer or Magic Bounce Abilities, failed to do any of its normal effects, not including damage from an unsuccessful High Jump Kick, Jump Kick, or Mind Blown, or if the user was prevented from moving by any effect other than recharging or Sky Drop. A move that was blocked by Baneful Bunker, Detect, King's Shield, Protect, Spiky Shield, Crafty Shield, Mat Block, Quick Guard, or Wide Guard will not double this move's power, nor will Bounce or Fly ending early due to the effect of Gravity, Smack Down, or Thousand Arrows.",false,false,,,false,false,false,false,false,true,false,false,false,false,false,false,false,false,false,false,false,false,true
63a03a9b-8100-4568-b642-db920d6b6f0e,Spin Out,859,Steel,Physical,normal,100,100,0,5,Lowers the user's Speed by 2.,Lowers the user's Speed by 2 stages.,false,false,,,false,false,false,false,false,true,false,false,false,false,false,false,false,false,false,false,false,false,true
63d9a50a-04e8-406c-81bc-3a662b12bb4b,Fusion Flare,558,Fire,Special,normal,100,100,0,5,Power doubles if used after Fusion Bolt this turn.,Power doubles if the last move used by any Pokemon this turn was Fusion Bolt.,false,false,,,false,false,false,false,false,false,false,false,false,false,false,false,false,false,false,false,false,false,true
643023da-6066-4d08-a8bc-b44a5d5fa9a6,Soak,487,Water,Status,normal,0,100,0,20,Changes the target's type to Water.,"Causes the target to become a Water type. Fails if the target is an Arceus or a Silvally, if the target is already purely Water type, or if the target is Terastallized.",false,false,,,false,false,true,false,false,false,false,false,false,false,false,false,false,false,false,false,false,false,true
6444bb06-bb6f-42c0-bb81-684abc051d1a,Metal Burst,368,Steel,Physical,scripted,0,100,0,10,"If hit by an attack, returns 1.5x damage.","Deals damage to the last opposing Pokemon to hit the user with a physical or special attack this turn equal to 1.5 times the HP lost by the user from that attack, rounded down. If the user did not lose HP from that attack, this move deals 1 HP of damage instead. If that opposing Pokemon's position is no longer in use and there is another opposing Pokemon on the field, the damage is done to it instead. Only the last hit of a multi-hit attack is counted. Fails if the user was not hit by an opposing Pokemon's physical or special attack this turn.",false,false,,,false,false,false,false,false,false,false,false,false,false,false,false,false,false,false,false,false,false,true
647e385a-f653-44dc-a084-dc997d205346,Coil,489,Poison,Status,self,0,-1,0,20,"Raises user's Attack, Defense, accuracy by 1.","Raises the user's Attack, Defense, and accuracy by 1 stage.",false,false,,,false,false,false,false,false,false,false,false,false,false,false,false,false,false,false,false,false,false,true
64c99356-a8b9-446b-b5bc-73c5b45f7cc1,Conversion,160,Normal,Status,self,0,-1,0,30,Changes user's type to match its first move.,"The user's type changes to match the original type of the move in its first move slot. Fails if the user cannot change its type, or if the type is one of the user's current types.",false,false,,,false,false,false,false,false,false,false,false,false,false,false,false,false,false,false,false,false,false,true
658d6c3b-503f-41cc-a5a7-d9a7fa56df13,Aurora Veil,694,Ice,Status,allySide,0,-1,0,20,"For 5 turns, damage to allies halved. Snow only.","For 5 turns, the user and its party members take 0.5x damage from physical and special attacks, or 0.66x damage if in a Double Battle; does not reduce damage further with Reflect or Light Screen. Critical hits ignore this protection. It is removed from the user's side if the user or an ally is successfully hit by Brick Break, Psychic Fangs, or Defog. Brick Break and Psychic Fangs remove the effect before damage is calculated. Lasts for 8 turns if the user is holding Light Clay. Fails unless the weather is Snow.",false,false,,,false,false,false,false,false,false,false,false,false,false,false,false,false,false,false,false,false,false,true
65cbe12c-db68-4f0d-809a-db684dbd72cd,Incinerate,510,Fire,Special,allAdjacentFoes,60,100,0,15,Destroys the foe(s) Berry/Gem.,The target loses its held item if it is a Berry or a Gem. This move cannot cause Pokemon with the Sticky Hold Ability to lose their held item. Items lost to this move cannot be regained with Recycle or the Harvest Ability.,false,false,,,false,false,false,false,false,false,false,false,false,false,false,false,false,false,false,false,false,false,true
660c73fe-2c89-4ae1-81c2-c9449d5f407f,Memento,262,Dark,Status,normal,0,100,0,10,"Lowers target's Attack, Sp. Atk by 2. User faints.","Lowers the target's Attack and Special Attack by 2 stages. The user faints unless this move misses or there is no target. Fails entirely if this move hits a substitute, but does not fail if the target's stats cannot be changed.",false,false,,,false,false,false,false,false,false,false,false,false,false,false,false,false,false,false,false,false,false,true
661f7cfd-6fab-4ad3-b725-d771535ba9f8,Instruct,689,Psychic,Status,normal,0,-1,0,15,The target immediately uses its last used move.,"The target immediately uses its last used move. Fails if the target has not made a move, if the move has 0 PP, if the target is preparing to use Beak Blast, Focus Punch, or Shell Trap, or if the move is Assist, Beak Blast, Belch, Bide, Blazing Torque, Celebrate, Chatter, Combat Torque, Copycat, Dynamax Cannon, Focus Punch, Hold Hands, Ice Ball, Instruct, King's Shield, Magical Torque, Me First, Metronome, Mimic, Mirror Move, Nature Power, Noxious Torque, Obstruct, Outrage, Petal Dance, Rollout, Shell Trap, Sketch, Sleep Talk, Struggle, Thrash, Transform, Uproar, Wicked Torque, any two-turn move, or any recharge move.",false,false,,,true,false,false,false,false,false,false,false,false,false,false,false,false,false,false,false,false,false,true
66259087-8135-4a92-8093-012a5541126a,Sand Tomb,328,Ground,Physical,normal,35,85,0,15,Traps and damages the target for 4-5 turns.,"Prevents the target from switching for four or five turns (seven turns if the user is holding Grip Claw). Causes damage to the target equal to 1/8 of its maximum HP (1/6 if the user is holding Binding Band), rounded down, at the end of each turn during effect. The target can still switch out if it is holding Shed Shell or uses Baton Pass, Flip Turn, Parting Shot, Shed Tail, Teleport, U-turn, or Volt Switch. The effect ends if either the user or the target leaves the field, or if the target uses Mortal Spin, Rapid Spin, or Substitute successfully. This effect is not stackable or reset by using this or another binding move.",false,false,,,false,false,false,false,false,false,false,false,false,false,false,false,false,false,false,false,false,false,true
663839c9-4927-42e7-992e-b2b798062f02,Uproar,253,Normal,Special,randomNormal,90,100,0,10,Lasts 3 turns. Active Pokemon cannot fall asleep.,"The user spends three turns locked into this move. This move targets an opponent at random on each turn. On the first of the three turns, all sleeping active Pokemon wake up. During the three turns, no active Pokemon can fall asleep by any means, and Pokemon switched in during the effect do not wake up. If the user is prevented from moving or the attack is not successful against the target during one of the turns, the effect ends.",false,false,,,true,false,false,false,false,false,false,false,false,false,false,false,true,false,false,false,false,false,true
66ec54ba-a73e-413e-a63c-40e4aca0b0ff,Eerie Spell,826,Psychic,Special,normal,80,100,0,5,Removes 3 PP from the target's last move.,"If this move is successful and the user has not fainted, the target loses 3 PP from its last move.",true,false,,,true,false,false,false,false,false,false,false,false,false,false,false,true,false,true,false,false,false,true
6733e38d-e2d7-473b-8f5b-d56fd9c102bc,Mega Kick,25,Normal,Physical,normal,120,75,0,5,No additional effect.,No additional effect.,false,false,,,false,false,false,false,false,true,false,false,false,false,false,false,false,false,false,false,false,false,true
67677cdf-916e-47e7-9c45-f3f359a13786,Twin Beam,888,Psychic,Special,normal,40,100,0,10,Hits 2 times in one turn.,"Hits twice. If the first hit breaks the target's substitute, it will take damage for the second hit.",false,true,,,false,false,false,false,false,false,false,false,false,false,false,false,false,false,false,false,false,false,true
681a5146-2077-48aa-beba-1aac716aa7a4,Mind Blown,720,Fire,Special,allAdjacent,150,100,0,5,User loses 50% max HP. Hits adjacent Pokemon.,"Whether or not this move is successful and even if it would cause fainting, the user loses 1/2 of its maximum HP, rounded up, unless the user has the Magic Guard Ability. This move is prevented from executing and the user does not lose HP if any active Pokemon has the Damp Ability, or if this move is Fire type and the user is affected by Powder or the weather is Primordial Sea.",false,false,,,false,false,false,false,false,false,false,false,false,false,false,false,false,false,false,false,false,false,false
684bc289-3094-468b-9637-625863aee530,Dark Void,464,Dark,Status,allAdjacentFoes,0,50,0,10,Darkrai: Causes the foe(s) to fall asleep.,"Causes the target to fall asleep. This move cannot be used successfully unless the user's current form, while considering Transform, is Darkrai.",false,false,,,false,false,true,false,false,false,false,false,false,false,false,false,false,false,false,false,false,false,true
684c9b41-588b-4cd9-8fdc-691f62c7cb3d,Snatch,289,Dark,Status,self,0,-1,4,10,User steals certain support moves to use itself.,"If another Pokemon uses certain non-damaging moves this turn, the user steals that move to use itself. If multiple Pokemon use one of those moves this turn, the applicable moves are all stolen by the first Pokemon in turn order that used this move this turn. This effect is ignored while the user is under the effect of Sky Drop.",false,false,,,true,false,false,false,false,false,false,false,false,false,false,false,false,false,false,false,false,false,false
686290c3-0a32-4b0d-b34c-85bb15eea400,Mountain Gale,836,Ice,Physical,normal,100,85,0,10,30% chance to make the target flinch.,Has a 30% chance to make the target flinch.,true,false,,,false,false,false,false,false,false,false,false,false,false,false,false,false,false,true,false,false,false,true
689e34bc-a430-44bd-b389-f20d2b4f3506,Focus Energy,116,Normal,Status,self,0,-1,0,30,Raises the user's critical hit ratio by 2.,Raises the user's chance for a critical hit by 2 stages. Fails if the user already has the effect. Baton Pass can be used to transfer this effect to an ally.,false,false,,,false,false,false,false,false,false,false,false,false,false,false,false,false,false,false,false,false,false,true
692748dd-68b8-4c10-b4d2-efbf98a471ee,Storm Throw,480,Fighting,Physical,normal,60,100,0,10,Always results in a critical hit.,This move is always a critical hit unless the target is under the effect of Lucky Chant or has the Battle Armor or Shell Armor Abilities.,false,false,,,false,false,false,false,false,true,false,false,false,false,false,false,false,false,false,false,false,false,false
69534b79-c7d9-4a5d-a19f-f0b871496da7,Bulk Up,339,Fighting,Status,self,0,-1,0,20,Raises the user's Attack and Defense by 1.,Raises the user's Attack and Defense by 1 stage.,false,false,,,false,false,false,false,false,false,false,false,false,false,false,false,false,false,false,false,false,false,true
698d0886-749b-4a18-9a06-81bca39b4699,Silk Trap,852,Bug,Status,self,0,-1,4,10,Protects from damaging attacks. Contact: -1 Spe.,"The user is protected from most attacks made by other Pokemon during this turn, and Pokemon trying to make contact with the user have their Speed lowered by 1 stage. Non-damaging moves go through this protection. This move has a 1/X chance of being successful, where X starts at 1 and triples each time this move is successfully used. X resets to 1 if this move fails, if the user's last move used is not Baneful Bunker, Burning Bulwark, Detect, Endure, King's Shield, Max Guard, Obstruct, Protect, Quick Guard, Silk Trap, Spiky Shield, or Wide Guard, or if it was one of those moves and the user's protection was broken. Fails if the user moves last this turn.",false,false,,,false,false,false,false,false,false,false,false,false,false,false,false,false,false,false,false,false,false,true
699210bf-1b7b-40e9-9a3f-e1929c8a6e21,Fury Swipes,154,Normal,Physical,normal,18,80,0,15,Hits 2-5 times in one turn.,"Hits two to five times. Has a 35% chance to hit two or three times and a 15% chance to hit four or five times. If one of the hits breaks the target's substitute, it will take damage for the remaining hits. If the user has the Skill Link Ability, this move will always hit five times. If the user is holding Loaded Dice, this move will hit 4-5 times.",false,true,5,2,false,false,false,false,false,true,false,false,false,false,false,false,false,false,false,false,false,false,true
69c7cf6c-c562-4618-a361-0b002ff67126,Dynamic Punch,223,Fighting,Physical,normal,100,50,0,5,100% chance to confuse the target.,Has a 100% chance to confuse the target.,true,false,,,false,false,false,false,false,true,false,false,false,false,true,false,false,false,true,false,false,false,true
6a08d181-eb1f-47e3-927d-d45a47a6f098,Bulldoze,523,Ground,Physical,allAdjacent,60,100,0,20,100% chance lower adjacent Pkmn Speed by 1.,Has a 100% chance to lower the target's Speed by 1 stage.,true,false,,,false,false,false,false,false,false,false,false,false,false,false,false,false,false,true,false,false,false,true
6a1de38f-749a-4b8f-92c5-e2246cf7815a,Gunk Shot,441,Poison,Physical,normal,120,80,0,5,30% chance to poison the target.,Has a 30% chance to poison the target.,true,false,,,false,false,false,false,false,false,false,false,false,false,false,false,false,false,true,false,false,false,true
6a38d738-b5a1-44cd-9ca9-a201478c831a,Water Shuriken,594,Water,Special,normal,15,100,1,20,Usually goes first. Hits 2-5 times in one turn.,"Hits two to five times. Has a 35% chance to hit two or three times and a 15% chance to hit four or five times. If one of the hits breaks the target's substitute, it will take damage for the remaining hits. If the user has the Skill Link Ability, this move will always hit five times. If the user is an Ash-Greninja with the Battle Bond Ability, this move has a power of 20 and always hits three times. If the user is holding Loaded Dice, this move will hit 4-5 times.",false,true,5,2,false,false,false,false,false,false,false,false,false,false,false,false,false,false,false,false,false,false,true
6a6ef02a-0cff-42b2-b0f2-a888184d7e0a,Stoked Sparksurfer,700,Electric,Special,normal,175,-1,0,1,100% chance to paralyze the target.,Has a 100% chance to paralyze the target.,true,false,,,false,true,false,false,false,false,false,false,false,false,false,false,false,false,true,false,true,false,false
6ab8f4c6-efb3-47d8-ad42-2b61c6a9fa7e,Fissure,90,Ground,Physical,normal,0,30,0,5,OHKOs the target. Fails if user is a lower level.,"Deals damage to the target equal to the target's maximum HP. Ignores accuracy and evasiveness modifiers. This attack's accuracy is equal to (user's level - target's level + 30)%, and fails if the target is at a higher level. Pokemon with the Sturdy Ability are immune.",false,false,,,false,false,false,false,false,false,false,false,false,false,false,false,false,false,false,true,false,false,true
6b0a103c-5970-446d-892e-d704b5dee667,Hidden Power Poison,237,Poison,Special,normal,60,100,0,15,,,false,false,,,false,false,false,false,false,false,false,false,false,false,false,false,false,false,false,false,false,false,false
6b78724c-5f17-45f7-ab3d-90aaf79a62a0,Magnet Bomb,443,Steel,Physical,normal,60,-1,0,20,This move does not check accuracy.,This move does not check accuracy.,false,false,,,false,false,false,false,true,false,false,false,false,false,false,false,false,false,false,false,false,false,false
6c521ae0-460f-4fd4-9b21-b5ae88af9f85,Zippy Zap,729,Electric,Physical,normal,80,100,2,10,Goes first. Raises user's evasion by 1.,Has a 100% chance to raise the user's evasion by 1 stage.,true,false,,,false,false,false,false,false,true,false,false,false,false,false,false,false,false,true,false,false,false,false
6c57caf2-49c0-47fa-ba94-e8e77138e6d0,Rock Slide,157,Rock,Physical,allAdjacentFoes,75,90,0,10,30% chance to make the foe(s) flinch.,Has a 30% chance to make the target flinch.,true,false,,,false,false,false,false,false,false,false,false,false,false,false,false,false,false,true,false,false,false,true
6c6c2db3-c478-479a-bc1b-df55b09428e3,Ruination,877,Dark,Special,normal,0,90,0,10,Does damage equal to 1/2 target's current HP.,"Deals damage to the target equal to half of its current HP, rounded down, but not less than 1 HP.",false,false,,,false,false,false,false,false,false,false,false,false,false,false,false,false,false,false,false,false,false,true
6cb0aa8d-5f0c-4818-ba62-ea9943482229,Pyro Ball,780,Fire,Physical,normal,120,90,0,5,10% chance to burn the target. Thaws user.,Has a 10% chance to burn the target.,true,false,,,false,false,false,false,true,false,false,false,false,false,false,false,false,false,true,false,false,false,true
6ccb4668-3ea8-455a-adff-7434e5c1d054,Double Hit,458,Normal,Physical,normal,35,90,0,10,Hits 2 times in one turn.,"Hits twice. If the first hit breaks the target's substitute, it will take damage for the second hit.",false,true,,,false,false,false,false,false,true,false,false,false,false,false,false,false,false,false,false,false,false,true
6ce9c03d-62a0-475b-b14b-f4de52865ee3,Acid Armor,151,Poison,Status,self,0,-1,0,20,Raises the user's Defense by 2.,Raises the user's Defense by 2 stages.,false,false,,,false,false,false,false,false,false,false,false,false,false,false,false,false,false,false,false,false,false,true
6d4a60c7-91be-40bd-be81-fa5be6651554,Obstruct,792,Dark,Status,self,0,100,4,10,Protects from damaging attacks. Contact: -2 Def.,"The user is protected from most attacks made by other Pokemon during this turn, and Pokemon trying to make contact with the user have their Defense lowered by 2 stages. Non-damaging moves go through this protection. This move has a 1/X chance of being successful, where X starts at 1 and triples each time this move is successfully used. X resets to 1 if this move fails, if the user's last move used is not Baneful Bunker, Burning Bulwark, Detect, Endure, King's Shield, Max Guard, Obstruct, Protect, Quick Guard, Silk Trap, Spiky Shield, or Wide Guard, or if it was one of those moves and the user's protection was broken. Fails if the user moves last this turn.",false,false,,,false,false,false,false,false,false,false,false,false,false,false,false,false,false,false,false,false,false,false
6d50a2ae-8091-47a7-97af-b88214d9eab8,Aeroblast,177,Flying,Special,any,100,95,0,5,High critical hit ratio.,Has a higher chance for a critical hit.,false,false,,,false,false,false,false,false,false,false,false,false,false,false,false,false,true,false,false,false,false,true
6d77463d-075b-4169-afa0-6d6ee1ad37d4,Hidden Power Steel,237,Steel,Special,normal,60,100,0,15,,,false,false,,,false,false,false,false,false,false,false,false,false,false,false,false,false,false,false,false,false,false,false
6dc3aa88-d0e4-45dc-b74c-65b63a1cb03c,Phantom Force,566,Ghost,Physical,normal,90,100,0,10,Disappears turn 1. Hits turn 2. Breaks protection.,"If this move is successful, it breaks through the target's Baneful Bunker, Detect, King's Shield, Protect, or Spiky Shield for this turn, allowing other Pokemon to attack the target normally. If the target's side is protected by Crafty Shield, Mat Block, Quick Guard, or Wide Guard, that protection is also broken for this turn and other Pokemon may attack the target's side normally. This attack charges on the first turn and executes on the second. On the first turn, the user avoids all attacks. If the user is holding a Power Herb, the move completes in one turn.",false,false,,,false,true,false,false,false,true,false,false,false,false,false,false,false,false,false,false,false,false,true
6e79bb34-2d34-447a-8ada-88ff7616f9a1,G-Max Volcalith,1000,Rock,Physical,adjacentFoe,10,-1,0,10,"Base move affects power. Foes: -1/6 HP, 4 turns.","Power is equal to the base move's Max Move power. If this move is successful, for 4 turns each non-Rock-type Pokemon on the opposing side takes damage equal to 1/6 of its maximum HP, rounded down, at the end of each turn during effect, including the last turn.",false,false,,,false,true,false,false,false,false,false,false,false,false,false,false,false,false,false,false,false,true,false
6ed61ea9-4240-44e4-af1b-097e534b7771,Darkest Lariat,663,Dark,Physical,normal,85,100,0,10,Ignores the target's stat stage changes.,"Ignores the target's stat stage changes, including evasiveness.",false,false,,,false,false,false,false,false,true,false,false,false,false,false,false,false,false,false,false,false,false,true
6ef15dff-51ef-405e-8474-da1b2d20d715,Shadow Force,467,Ghost,Physical,normal,120,100,0,5,Disappears turn 1. Hits turn 2. Breaks protection.,"If this move is successful, it breaks through the target's Baneful Bunker, Detect, King's Shield, Protect, or Spiky Shield for this turn, allowing other Pokemon to attack the target normally. If the target's side is protected by Crafty Shield, Mat Block, Quick Guard, or Wide Guard, that protection is also broken for this turn and other Pokemon may attack the target's side normally. This attack charges on the first turn and executes on the second. On the first turn, the user avoids all attacks. If the user is holding a Power Herb, the move completes in one turn.",false,false,,,false,true,false,false,false,true,false,false,false,false,false,false,false,false,false,false,false,false,true
6f226b12-c6c4-4196-b829-d3a37d9a738b,Thief,168,Dark,Physical,normal,60,100,0,25,"If the user has no item, it steals the target's.","If this attack was successful and the user has not fainted, it steals the target's held item if the user is not holding one. The target's item is not stolen if it is a Mail or Z-Crystal, or if the target is a Kyogre holding a Blue Orb, a Groudon holding a Red Orb, a Giratina holding a Griseous Orb, an Arceus holding a Plate, a Genesect holding a Drive, a Silvally holding a Memory, or a Pokemon that can Mega Evolve holding the Mega Stone for its species. Items lost to this move cannot be regained with Recycle or the Harvest Ability.",false,false,,,false,false,false,false,false,true,false,false,false,false,false,false,false,false,false,false,false,false,true
6f6494c6-a50d-4b2a-be2c-7d410ec59e9c,Psystrike,540,Psychic,Special,normal,100,100,0,10,"Damages target based on Defense, not Sp. Def.",Deals damage to the target based on its Defense instead of Special Defense.,false,false,,,false,false,false,false,false,false,false,false,false,false,false,false,false,false,false,false,false,false,true
700b91db-50b7-417e-8c07-339d26a704ae,Hold Hands,607,Normal,Status,adjacentAlly,0,-1,0,40,No competitive use.,No competitive use. Fails if there is no ally adjacent to the user.,false,false,,,true,false,false,false,false,false,false,false,false,false,false,false,false,false,false,false,false,false,false
7039962a-98dd-41c3-a9e9-bfa0eae2f9d2,Wood Hammer,452,Grass,Physical,normal,120,100,0,15,Has 33% recoil.,"If the target lost HP, the user takes recoil damage equal to 33% the HP lost by the target, rounded half up, but not less than 1 HP.",false,false,,,false,false,false,false,false,true,false,false,false,false,false,false,false,false,false,false,false,false,true
70d920c1-0974-499e-b26e-a9f9d55d6997,Constrict,132,Normal,Physical,normal,10,100,0,35,10% chance to lower the target's Speed by 1.,Has a 10% chance to lower the target's Speed by 1 stage.,true,false,,,false,false,false,false,false,true,false,false,false,false,false,false,false,false,true,false,false,false,false
71ad88cd-8109-4177-b28a-4119806df121,Dragon Ascent,620,Flying,Physical,any,120,100,0,5,Lowers the user's Defense and Sp. Def by 1.,Lowers the user's Defense and Special Defense by 1 stage.,false,false,,,false,false,false,false,false,true,false,false,false,false,false,false,false,false,false,false,false,false,true
71c4229a-d9a6-4e42-85cc-048f26137112,Light That Burns the Sky,723,Psychic,Special,normal,200,-1,0,1,Physical if user's Atk > Sp. Atk. Ignores Abilities.,"This move becomes a physical attack if the user's Attack is greater than its Special Attack, including stat stage changes. This move and its effects ignore the Abilities of other Pokemon.",false,false,,,false,true,false,false,false,false,false,false,false,false,false,false,false,false,false,false,true,false,false
71cc02d1-7d26-44d0-adcc-ae5a441f9d66,All-Out Pummeling,624,Fighting,Physical,normal,1,-1,0,1,Power is equal to the base move's Z-Power.,Power is equal to the base move's Z-Power.,false,false,,,false,true,false,false,false,false,false,false,false,false,false,false,false,false,false,false,true,false,false
71ffa948-30b1-4ccc-8084-ac58c0d20f77,Dark Pulse,399,Dark,Special,any,80,100,0,15,20% chance to make the target flinch.,Has a 20% chance to make the target flinch.,true,false,,,false,false,false,false,false,false,false,false,false,true,false,false,false,false,true,false,false,false,true
72bf0c2c-f33c-4cc2-826e-fb71146d15e4,Mud Bomb,426,Ground,Special,normal,65,85,0,10,30% chance to lower the target's accuracy by 1.,Has a 30% chance to lower the target's accuracy by 1 stage.,true,false,,,false,false,false,false,true,false,false,false,false,false,false,false,false,false,true,false,false,false,false
73583b98-9b48-44b9-8c13-b1ddf193f00e,Stealth Rock,446,Rock,Status,foeSide,0,-1,0,20,Hurts foes on switch-in. Factors Rock weakness.,"Sets up a hazard on the opposing side of the field, damaging each opposing Pokemon that switches in. Fails if the effect is already active on the opposing side. Foes lose 1/32, 1/16, 1/8, 1/4, or 1/2 of their maximum HP, rounded down, based on their weakness to the Rock type; 0.25x, 0.5x, neutral, 2x, or 4x, respectively. Can be removed from the opposing side if any Pokemon uses Tidy Up, or if any opposing Pokemon uses Mortal Spin, Rapid Spin, or Defog successfully, or is hit by Defog.",false,false,,,false,false,true,false,false,false,false,false,false,false,false,false,false,false,false,false,false,false,true
73e5c657-807f-489b-8572-8e58b790347b,Icicle Spear,333,Ice,Physical,normal,25,100,0,30,Hits 2-5 times in one turn.,"Hits two to five times. Has a 35% chance to hit two or three times and a 15% chance to hit four or five times. If one of the hits breaks the target's substitute, it will take damage for the remaining hits. If the user has the Skill Link Ability, this move will always hit five times. If the user is holding Loaded Dice, this move will hit 4-5 times.",false,true,5,2,false,false,false,false,false,false,false,false,false,false,false,false,false,false,false,false,false,false,true
73e78a15-86c1-458d-800e-bb6806570ac0,G-Max Volt Crash,1000,Electric,Physical,adjacentFoe,10,-1,0,10,Base move affects power. Foes: paralyzed.,"Power is equal to the base move's Max Move power. If this move is successful, each Pokemon on the opposing side becomes paralyzed, even if they have a substitute.",false,false,,,false,true,false,false,false,false,false,false,false,false,false,false,false,false,false,false,false,true,false
74093f78-70cd-4547-84e0-aeda3924594c,Blizzard,59,Ice,Special,allAdjacentFoes,110,70,0,5,10% chance to freeze foe(s). Can't miss in Snow.,"Has a 10% chance to freeze the target. If the weather is Snow, this move does not check accuracy.",true,false,,,false,false,false,false,false,false,false,false,false,false,false,false,false,true,true,false,false,false,true
74775f08-b857-405b-bef1-87d1259c55b7,Vital Throw,233,Fighting,Physical,normal,70,-1,-1,10,This move does not check accuracy. Goes last.,This move does not check accuracy.,false,false,,,false,false,false,false,false,true,false,false,false,false,false,false,false,false,false,false,false,false,false
753afec2-3577-4e93-984f-c9e2d471fe47,Ceaseless Edge,845,Dark,Physical,normal,65,90,0,15,Sets a layer of Spikes on the opposing side.,"If this move is successful, it sets up a hazard on the opposing side of the field, damaging each opposing Pokemon that switches in, unless it is a Flying-type Pokemon or has the Levitate Ability. A maximum of three layers may be set, and opponents lose 1/8 of their maximum HP with one layer, 1/6 of their maximum HP with two layers, and 1/4 of their maximum HP with three layers, all rounded down. Can be removed from the opposing side if any Pokemon uses Tidy Up, or if any opposing Pokemon uses Mortal Spin, Rapid Spin, or Defog successfully, or is hit by Defog.",false,false,,,false,false,false,false,false,true,false,false,false,false,false,false,false,false,false,false,false,false,true
753f7d0a-f08b-433a-b1e6-2c9b86ac4d45,Last Resort,387,Normal,Physical,normal,140,100,0,5,Fails unless each known move has been used.,"This move fails unless the user knows this move and at least one other move, and has used all the other moves it knows at least once each since it became active or Transformed.",false,false,,,false,false,false,false,false,true,false,false,false,false,false,false,false,false,false,false,false,false,true
75a4e08e-0b07-4ee8-bbf9-acdf74004fbe,Make It Rain,874,Steel,Special,allAdjacentFoes,120,100,0,5,Lowers the user's Sp. Atk by 1. Hits foe(s).,Lowers the user's Special Attack by 1 stage.,false,false,,,false,false,false,false,false,false,false,false,false,false,false,false,false,false,false,false,false,false,true
75f528f5-31b2-4571-afa2-2de078a6a52c,Wonder Room,472,Psychic,Status,all,0,-1,0,10,"For 5 turns, all Defense and Sp. Def stats switch.","For 5 turns, all active Pokemon have their Defense and Special Defense stats swapped. Stat stage changes are unaffected. If this move is used during the effect, the effect ends.",false,false,,,false,false,false,false,false,false,false,false,false,false,false,false,false,false,false,false,false,false,true
7651fe79-bc37-4ae9-b430-56683f781d95,Chatter,448,Flying,Special,any,65,100,0,20,100% chance to confuse the target.,Has a 100% chance to confuse the target.,true,false,,,true,false,false,false,false,false,false,false,false,false,false,false,true,false,true,false,false,false,false
767ddb59-860a-4db8-b018-bcb09ea1ab70,Max Lightning,759,Electric,Physical,adjacentFoe,10,-1,0,10,Base move affects power. Starts Electric Terrain.,"Power is equal to the base move's Max Move power. If this move is successful, the effect of Electric Terrain begins. This effect does not happen if the user is not Dynamaxed. If this move is used as a base move, it deals damage with a power of 0.",false,false,,,false,true,false,false,false,false,false,false,false,false,false,false,false,false,false,false,false,true,false
768693d3-4dda-4af9-a3b1-92dfd6ea1741,Soul-Stealing 7-Star Strike,699,Ghost,Physical,normal,195,-1,0,1,No additional effect.,No additional effect.,false,false,,,false,true,false,false,false,true,false,false,false,false,false,false,false,false,false,false,true,false,false
76897979-40c0-43b0-8a4b-302c8ee96b2e,Hidden Power Fighting,237,Fighting,Special,normal,60,100,0,15,,,false,false,,,false,false,false,false,false,false,false,false,false,false,false,false,false,false,false,false,false,false,false
76e11437-3079-4b7b-b130-b9659baa3505,Stun Spore,78,Grass,Status,normal,0,75,0,30,Paralyzes the target.,Paralyzes the target.,false,false,,,false,false,true,false,false,false,false,false,true,false,false,false,false,false,false,false,false,false,true
7706a1fc-6dfb-4b78-9e1d-823c49ba767b,Hyper Fang,158,Normal,Physical,normal,80,90,0,15,10% chance to make the target flinch.,Has a 10% chance to make the target flinch.,true,false,,,false,false,false,true,false,true,false,false,false,false,false,false,false,false,true,false,false,false,false
7793be7e-cb0d-463d-ae36-ea992a4651ce,Trump Card,376,Normal,Special,normal,0,-1,0,5,More power the fewer PP this move has left.,"The power of this move is based on the amount of PP remaining after normal PP reduction and the Pressure Ability resolve. 200 power for 0 PP, 80 power for 1 PP, 60 power for 2 PP, 50 power for 3 PP, and 40 power for 4 or more PP.",false,false,,,false,false,false,false,false,true,false,false,false,false,false,false,false,false,false,false,false,false,false
780d8e3f-5ad8-4880-a0bf-8766b9a00ff4,Fling,374,Dark,Physical,normal,0,100,0,10,Flings the user's item at the target. Power varies.,"The power of this move is based on the user's held item. The held item is lost and it activates for the target if applicable. If there is no target or the target avoids this move by protecting itself, the user's held item is still lost. The user can regain a thrown item with Recycle or the Harvest Ability. Fails if the user has no held item, if the held item cannot be thrown, if the user is under the effect of Embargo or Magic Room, or if the user has the Klutz Ability.",false,false,,,false,false,false,false,false,false,false,false,false,false,false,false,false,false,false,false,false,false,true
7814d300-5b1f-4a1d-8cb3-b135d066f68d,Ice Hammer,665,Ice,Physical,normal,100,90,0,10,Lowers the user's Speed by 1.,Lowers the user's Speed by 1 stage.,false,false,,,false,false,false,false,false,true,false,false,false,false,true,false,false,false,false,false,false,false,true
7825a608-c445-47d0-b8a3-b0773a8a44ba,Purify,685,Poison,Status,normal,0,-1,0,20,Cures target's status; heals user 1/2 max HP if so.,"The target is cured if it has a non-volatile status condition. If the target was cured, the user restores 1/2 of its maximum HP, rounded down.",false,false,,,false,false,true,false,false,false,false,true,false,false,false,false,false,false,false,false,false,false,false
792139ef-68d9-4031-853e-c8273bacacef,Bone Rush,198,Ground,Physical,normal,25,90,0,10,Hits 2-5 times in one turn.,"Hits two to five times. Has a 35% chance to hit two or three times and a 15% chance to hit four or five times. If one of the hits breaks the target's substitute, it will take damage for the remaining hits. If the user has the Skill Link Ability, this move will always hit five times. If the user is holding Loaded Dice, this move will hit 4-5 times.",false,true,5,2,false,false,false,false,false,false,false,false,false,false,false,false,false,false,false,false,false,false,true
7992d272-4977-43f7-a380-c32baf1059f3,Magic Powder,750,Psychic,Status,normal,0,100,0,20,Changes the target's type to Psychic.,"Causes the target to become a Psychic type. Fails if the target is an Arceus or a Silvally, if the target is already purely Psychic type, or if the target is Terastallized.",false,false,,,false,false,true,false,false,false,false,false,true,false,false,false,false,false,false,false,false,false,true
79e3954c-5bda-4564-8e95-5d2df5279463,Vise Grip,11,Normal,Physical,normal,55,100,0,30,No additional effect.,No additional effect.,false,false,,,false,false,false,false,false,true,false,false,false,false,false,false,false,false,false,false,false,false,true
7a5676f4-9a33-4339-99b1-6b48e8a10e91,Take Heart,850,Psychic,Status,self,0,-1,0,15,"Cures user's status, raises Sp. Atk, Sp. Def by 1.",The user cures its non-volatile status condition. Raises the user's Special Attack and Special Defense by 1 stage.,false,false,,,false,false,false,false,false,false,false,false,false,false,false,false,false,false,false,false,false,false,true
7a6828f3-dd57-4d5a-8c8c-af26c64be21a,Thunder Fang,422,Electric,Physical,normal,65,95,0,15,10% chance to paralyze. 10% chance to flinch.,Has a 10% chance to paralyze the target and a 10% chance to make it flinch.,false,false,,,false,false,false,true,false,true,false,false,false,false,false,false,false,false,false,false,false,false,true
7b0426a7-30b7-4927-b3a7-942589821e19,Lunar Blessing,849,Psychic,Status,allies,0,-1,0,5,"User and allies: healed 1/4 max HP, status cured.","Each Pokemon on the user's side restores 1/4 of its maximum HP, rounded half up, and has its status condition cured.",false,false,,,false,false,false,false,false,false,false,true,false,false,false,false,false,false,false,false,false,false,true
7b48ec3b-5ddd-449b-b460-b9c311e38ccd,Power Split,471,Psychic,Status,normal,0,-1,0,10,Averages Attack and Sp. Atk stats with target.,"The user and the target have their Attack and Special Attack stats set to be equal to the average of the user and the target's Attack and Special Attack stats, respectively, rounded down. Stat stage changes are unaffected.",false,false,,,false,false,false,false,false,false,false,false,false,false,false,false,false,false,false,false,false,false,true
7b580be7-4515-4873-9376-0ca2bfbd9f42,Endeavor,283,Normal,Physical,normal,0,100,0,5,Lowers the target's HP to the user's HP.,Deals damage to the target equal to (target's current HP - user's current HP). The target is unaffected if its current HP is less than or equal to the user's current HP.,false,false,,,false,false,false,false,false,true,false,false,false,false,false,false,false,false,false,false,false,false,true
7b80cd3b-0f9d-4fee-bb3a-183829f1e4c0,Flame Burst,481,Fire,Special,normal,70,100,0,15,Damages Pokemon next to the target as well.,"If this move is successful, the target's ally loses 1/16 of its maximum HP, rounded down, unless it has the Magic Guard Ability.",false,false,,,false,false,false,false,false,false,false,false,false,false,false,false,false,false,false,false,false,false,false
7c3281fd-b0df-4504-8639-004b008ae81e,Thousand Waves,615,Ground,Physical,allAdjacentFoes,90,100,0,10,Hits adjacent foes. Prevents them from switching.,"Prevents the target from switching out. The target can still switch out if it is holding Shed Shell or uses Baton Pass, Flip Turn, Parting Shot, Teleport, U-turn, or Volt Switch. The effect ends if either the user or the target leaves the field.",false,false,,,false,false,false,false,false,false,false,false,false,false,false,false,false,false,false,false,false,false,false
7c649ed3-8d8b-4c2f-864b-b5a779fd39e3,Charge,268,Electric,Status,self,0,-1,0,20,"+1 SpD, user's next Electric move 2x power.","Raises the user's Special Defense by 1 stage. The user's next Electric-type attack will have its power doubled; the effect ends when the user is no longer active, or after the user attempts to use any Electric-type move besides Charge, even if it is not successful.",false,false,,,false,false,false,false,false,false,false,false,false,false,false,false,false,false,false,false,false,false,true
7d66155a-0dd3-4fd8-a3ed-dd354c2cfc56,Multi-Attack,718,Normal,Physical,normal,120,100,0,10,Type varies based on the held Memory.,This move's type depends on the user's held Memory.,false,false,,,false,false,false,false,false,true,false,false,false,false,false,false,false,false,false,false,false,false,false
7d791c28-0b82-46ae-b249-2125268e7e20,Round,496,Normal,Special,normal,60,100,0,15,Power doubles if others used Round this turn.,"If there are other active Pokemon that chose this move for use this turn, those Pokemon take their turn immediately after the user, in Speed order, and this move's power is 120 for each other user.",false,false,,,true,false,false,false,false,false,false,false,false,false,false,false,true,false,false,false,false,false,true
7da5d4f1-7b0f-4a81-86e7-30add9151b94,Stored Power,500,Psychic,Special,normal,20,100,0,10," + 20 power for each of the user's stat boosts.","Power is equal to 20+(X*20), where X is the user's total stat stage changes that are greater than 0.",false,false,,,false,false,false,false,false,false,false,false,false,false,false,false,false,false,false,false,false,false,true
7dd2de98-0896-47c8-9a68-39d173ea7793,Hidden Power Dragon,237,Dragon,Special,normal,60,100,0,15,,,false,false,,,false,false,false,false,false,false,false,false,false,false,false,false,false,false,false,false,false,false,false
7e079e63-69ac-42f3-b531-46de55e88e02,Dragon Tail,525,Dragon,Physical,normal,60,90,-6,10,Forces the target to switch to a random ally.,"If both the user and the target have not fainted, the target is forced to switch out and be replaced with a random unfainted ally. This effect fails if the target used Ingrain previously, has the Suction Cups Ability, or this move hit a substitute.",false,false,,,false,false,false,false,false,true,false,false,false,false,false,false,false,false,false,false,false,false,true
7e52d79d-f302-4f32-b51f-3927cf5280e7,Max Mindstorm,769,Psychic,Physical,adjacentFoe,10,-1,0,10,Base move affects power. Starts Psychic Terrain.,"Power is equal to the base move's Max Move power. If this move is successful, the effect of Psychic Terrain begins. This effect does not happen if the user is not Dynamaxed. If this move is used as a base move, it deals damage with a power of 0.",false,false,,,false,true,false,false,false,false,false,false,false,false,false,false,false,false,false,false,false,true,false
7eb759f5-007b-4fc0-a1cf-4f5f9538de34,Egg Bomb,121,Normal,Physical,normal,100,75,0,10,No additional effect.,No additional effect.,false,false,,,false,false,false,false,true,false,false,false,false,false,false,false,false,false,false,false,false,false,false
7ef84960-3036-4939-81c4-439d7bab9521,Breakneck Blitz,622,Normal,Physical,normal,1,-1,0,1,Power is equal to the base move's Z-Power.,Power is equal to the base move's Z-Power.,false,false,,,false,true,false,false,false,false,false,false,false,false,false,false,false,false,false,false,true,false,false
7f1b91d6-7b33-48bb-8e85-eb776b851759,Wring Out,378,Normal,Special,normal,0,100,0,5,More power the more HP the target has left.,"Power is equal to 120 * (target's current HP / target's maximum HP), rounded half down, but not less than 1.",false,false,,,false,false,false,false,false,true,false,false,false,false,false,false,false,false,false,false,false,false,false
7f8c3348-3fa4-4523-8f82-bb5d172fd3c3,Shell Smash,504,Normal,Status,self,0,-1,0,15,"Lowers Def, SpD by 1; raises Atk, SpA, Spe by 2.","Lowers the user's Defense and Special Defense by 1 stage. Raises the user's Attack, Special Attack, and Speed by 2 stages.",false,false,,,false,false,false,false,false,false,false,false,false,false,false,false,false,false,false,false,false,false,true
7fabbb46-0785-44e9-96bf-130a896cf5db,Clanging Scales,691,Dragon,Special,allAdjacentFoes,110,100,0,5,Lowers the user's Defense by 1.,Lowers the user's Defense by 1 stage.,false,false,,,true,false,false,false,false,false,false,false,false,false,false,false,true,false,false,false,false,false,true
7fac1a6d-f72f-419c-a56a-5a68c1369b2c,Force Palm,395,Fighting,Physical,normal,60,100,0,10,30% chance to paralyze the target.,Has a 30% chance to paralyze the target.,true,false,,,false,false,false,false,false,true,false,false,false,false,false,false,false,false,true,false,false,false,true
7fdb5070-7b89-42c6-9741-5566914e6e68,Bite,44,Dark,Physical,normal,60,100,0,25,30% chance to make the target flinch.,Has a 30% chance to make the target flinch.,true,false,,,false,false,false,true,false,true,false,false,false,false,false,false,false,false,true,false,false,false,true
80155a2a-6d6d-40e5-b7dd-10711fb6bcee,Never-Ending Nightmare,636,Ghost,Physical,normal,1,-1,0,1,Power is equal to the base move's Z-Power.,Power is equal to the base move's Z-Power.,false,false,,,false,true,false,false,false,false,false,false,false,false,false,false,false,false,false,false,true,false,false
81506cf1-5769-44a9-bbed-25cd531b5833,Mega Drain,72,Grass,Special,normal,40,100,0,15,User recovers 50% of the damage dealt.,"The user recovers 1/2 the HP lost by the target, rounded half up. If Big Root is held by the user, the HP recovered is 1.3x normal, rounded half down.",false,false,,,false,false,false,false,false,false,false,true,false,false,false,false,false,false,false,false,false,false,true
8168f808-cab2-474f-a2bc-f1131d1837dc,Heavy Slam,484,Steel,Physical,normal,0,100,0,10,More power the heavier the user than the target.,"The power of this move depends on (user's weight / target's weight), rounded down. Power is equal to 120 if the result is 5 or more, 100 if 4, 80 if 3, 60 if 2, and 40 if 1 or less. Damage doubles and no accuracy check is done if the target has used Minimize while active.",false,false,,,false,false,false,false,false,true,false,false,false,false,false,false,false,false,false,false,false,false,true
81794f76-5f78-4857-9158-22e8ab964057,Body Slam,34,Normal,Physical,normal,85,100,0,15,30% chance to paralyze the target.,Has a 30% chance to paralyze the target. Damage doubles and no accuracy check is done if the target has used Minimize while active.,true,false,,,false,false,false,false,false,true,false,false,false,false,false,false,false,false,true,false,false,false,true
81839f6e-0635-46ad-ac22-a672b8bec61d,Whirlpool,250,Water,Special,normal,35,85,0,15,Traps and damages the target for 4-5 turns.,"Prevents the target from switching for four or five turns (seven turns if the user is holding Grip Claw). Causes damage to the target equal to 1/8 of its maximum HP (1/6 if the user is holding Binding Band), rounded down, at the end of each turn during effect. The target can still switch out if it is holding Shed Shell or uses Baton Pass, Flip Turn, Parting Shot, Shed Tail, Teleport, U-turn, or Volt Switch. The effect ends if either the user or the target leaves the field, or if the target uses Mortal Spin, Rapid Spin, or Substitute successfully. This effect is not stackable or reset by using this or another binding move.",false,false,,,false,false,false,false,false,false,false,false,false,false,false,false,false,false,false,false,false,false,true
818424b4-8e09-4b0b-8326-e77da5422223,G-Max Snooze,1000,Dark,Physical,adjacentFoe,10,-1,0,5,Base move affects power. Target: 50% Yawn.,"Power is equal to the base move's Max Move power. If this move is successful, there is a 50% chance the effect of Yawn begins on the target, even if it has a substitute.",false,false,,,false,true,false,false,false,false,false,false,false,false,false,false,false,false,false,false,false,true,false
8250ed71-cb03-43c1-be56-d58cdc016412,Drill Peck,65,Flying,Physical,any,80,100,0,20,No additional effect.,No additional effect.,false,false,,,false,false,false,false,false,true,false,false,false,false,false,false,false,false,false,false,false,false,true
825d4585-b21d-49b7-bb37-a85818472a94,Gear Grind,544,Steel,Physical,normal,50,85,0,15,Hits 2 times in one turn.,"Hits twice. If the first hit breaks the target's substitute, it will take damage for the second hit.",false,true,,,false,false,false,false,false,true,false,false,false,false,false,false,false,false,false,false,false,false,false
82acc980-3ae7-4a98-8197-ea91bebc0bb1,Glaciate,549,Ice,Special,allAdjacentFoes,65,95,0,10,100% chance to lower the foe(s) Speed by 1.,Has a 100% chance to lower the target's Speed by 1 stage.,true,false,,,false,false,false,false,false,false,false,false,false,false,false,false,false,false,true,false,false,false,true
82b2bb27-105d-453b-923a-57efb3cc8503,Calm Mind,347,Psychic,Status,self,0,-1,0,20,Raises the user's Sp. Atk and Sp. Def by 1.,Raises the user's Special Attack and Special Defense by 1 stage.,false,false,,,false,false,false,false,false,false,false,false,false,false,false,false,false,false,false,false,false,false,true
83a1c835-2233-4c49-86d5-4d164553c72b,Psywave,149,Psychic,Special,normal,0,100,0,15,Random damage equal to 0.5x-1.5x user's level.,"Deals damage to the target equal to (user's level) * (X + 50) / 100, where X is a random number from 0 to 100, rounded down, but not less than 1 HP.",false,false,,,false,false,false,false,false,false,false,false,false,false,false,false,false,false,false,false,false,false,false
83d3b63c-933f-481c-a807-d148f9718091,Revenge,279,Fighting,Physical,normal,60,100,-4,10,Power doubles if user is damaged by the target.,Power doubles if the user was hit by the target this turn.,false,false,,,false,false,false,false,false,true,false,false,false,false,false,false,false,false,false,false,false,false,false
83da9797-b5d6-4244-bc3c-985ab81c70aa,Lock-On,199,Normal,Status,normal,0,-1,0,5,User's next move will not miss the target.,"Until the end of the next turn, the target cannot avoid the user's moves, even if the target is in the middle of a two-turn move. The effect ends if either the user or the target leaves the field. Fails if this effect is active for the user.",false,false,,,false,false,false,false,false,false,false,false,false,false,false,false,false,false,false,false,false,false,true
8577691e-eda5-41ac-9c33-0221bd6828cb,Horn Attack,30,Normal,Physical,normal,65,100,0,25,No additional effect.,No additional effect.,false,false,,,false,false,false,false,false,true,false,false,false,false,false,false,false,false,false,false,false,false,true
8584ffb1-6b31-47a1-8669-935a6fc93fdf,Sparkling Aria,664,Water,Special,allAdjacent,90,100,0,10,The target is cured of its burn.,"If the user has not fainted, the target is cured of its burn.",true,false,,,true,false,false,false,false,false,false,false,false,false,false,false,true,false,true,false,false,false,true
85e1990c-4e6d-4008-beb5-3b96529d3fbc,Surging Strikes,818,Water,Physical,normal,25,100,0,5,Always results in a critical hit. Hits 3 times.,Hits three times. This move is always a critical hit unless the target is under the effect of Lucky Chant or has the Battle Armor or Shell Armor Abilities.,false,true,,,false,false,false,false,false,true,false,false,false,false,true,false,false,false,false,false,false,false,true
8617c724-d272-49b0-857a-948e66b6106b,Pounce,884,Bug,Physical,normal,50,100,0,20,100% chance to lower the target's Speed by 1.,Has a 100% chance to lower the target's Speed by 1 stage.,true,false,,,false,false,false,false,false,true,false,false,false,false,false,false,false,false,true,false,false,false,true
8633e5d8-e60e-4bfe-88f9-fe80c1f69f4b,Triple Dive,865,Water,Physical,normal,30,95,0,10,Hits 3 times.,Hits three times.,false,true,,,false,false,false,false,false,true,false,false,false,false,false,false,false,false,false,false,false,false,true
86a7df6f-7162-4905-9cab-09070891216b,Defog,432,Flying,Status,normal,0,-1,0,15,-1 evasion; ends user and target hazards/terrain.,"Lowers the target's evasiveness by 1 stage. If this move is successful and whether or not the target's evasiveness was affected, the effects of Reflect, Light Screen, Aurora Veil, Safeguard, Mist, Spikes, Toxic Spikes, Stealth Rock, and Sticky Web end for the target's side, and the effects of Spikes, Toxic Spikes, Stealth Rock, and Sticky Web end for the user's side. Ignores a target's substitute, although a substitute will still block the lowering of evasiveness. If there is a terrain active and this move is successful, the terrain will be cleared.",false,false,,,true,false,true,false,false,false,false,false,false,false,false,false,false,false,false,false,false,false,true
86cde9a2-5cf6-45df-950d-93806b773667,Matcha Gotcha,902,Grass,Special,allAdjacentFoes,80,90,0,15,20% burn. Recovers 50% dmg dealt. Thaws foe(s).,"Has a 20% chance to burn the target. The user recovers 1/2 the HP lost by the target, rounded half up. If Big Root is held by the user, the HP recovered is 1.3x normal, rounded half down. The target thaws out if it is frozen.",true,false,,,false,false,false,false,false,false,false,true,false,false,false,false,false,false,true,false,false,false,true
86d4bdc1-5c87-4131-ae2d-b4605f751c45,Poison Fang,305,Poison,Physical,normal,50,100,0,15,50% chance to badly poison the target.,Has a 50% chance to badly poison the target.,true,false,,,false,false,false,true,false,true,false,false,false,false,false,false,false,false,true,false,false,false,true
874841a2-8504-41ac-9ce9-7b739c6f61a3,Growl,45,Normal,Status,allAdjacentFoes,0,100,0,40,Lowers the foe(s) Attack by 1.,Lowers the target's Attack by 1 stage.,false,false,,,true,false,true,false,false,false,false,false,false,false,false,false,true,false,false,false,false,false,true
879430f6-b6fb-40d0-9803-3e7a7b487ee2,G-Max Depletion,1000,Dragon,Physical,adjacentFoe,10,-1,0,5,Base move affects power. Foes: last move -2 PP.,"Power is equal to the base move's Max Move power. If this move is successful, each Pokemon on the opposing side loses 2 PP from its last move used, even if they have a substitute.",false,false,,,false,true,false,false,false,false,false,false,false,false,false,false,false,false,false,false,false,true,false
87e2b343-9882-427f-a6a0-b3100aacdb7d,False Surrender,793,Dark,Physical,normal,80,-1,0,10,This move does not check accuracy.,This move does not check accuracy.,false,false,,,false,false,false,false,false,true,false,false,false,false,false,false,false,false,false,false,false,false,true
8873724a-a858-4d6b-8fa7-11b3331c97c8,Veevee Volley,741,Normal,Physical,normal,0,-1,0,20,Max happiness: 102 power. Can't miss.,"Power is equal to the greater of (user's Happiness * 2/5), rounded down, or 1.",false,false,,,false,false,false,false,false,true,false,false,false,false,false,false,false,false,false,false,false,false,false
892c71d4-823f-471a-ade3-64b87d88367c,Topsy-Turvy,576,Dark,Status,normal,0,-1,0,20,Inverts the target's stat stages.,The target's positive stat stages become negative and vice versa. Fails if all of the target's stat stages are 0.,false,false,,,false,false,true,false,false,false,false,false,false,false,false,false,false,false,false,false,false,false,true
8a4115b3-4258-4068-9177-f10cbeb92af6,Gust,16,Flying,Special,any,40,100,0,35,"Power doubles during Bounce, Fly, and Sky Drop.","Power doubles if the target is using Bounce, Fly, or Sky Drop, or is under the effect of Sky Drop.",false,false,,,false,false,false,false,false,false,false,false,false,false,false,false,false,true,false,false,false,false,true
8a731232-bbfa-4fe0-a71b-b214f4206d7a,Minimize,107,Normal,Status,self,0,-1,0,10,Raises the user's evasiveness by 2.,"Raises the user's evasiveness by 2 stages. Whether or not the user's evasiveness was changed, Body Slam, Dragon Rush, Flying Press, Heat Crash, Heavy Slam, Malicious Moonsault, Steamroller, Stomp, and Supercell Slam will not check accuracy and have their damage doubled if used against the user while it is active.",false,false,,,false,false,false,false,false,false,false,false,false,false,false,false,false,false,false,false,false,false,true
8a83f8b7-078e-458e-b298-3438926af38a,Sludge Wave,482,Poison,Special,allAdjacent,95,100,0,10,10% chance to poison adjacent Pokemon.,Has a 10% chance to poison the target.,true,false,,,false,false,false,false,false,false,false,false,false,false,false,false,false,false,true,false,false,false,true
8aa2f42e-4278-4249-9d97-623bebb45b06,Gastro Acid,380,Poison,Status,normal,0,100,0,10,Nullifies the target's Ability.,"Causes the target's Ability to be rendered ineffective as long as it remains active. If the target uses Baton Pass, the replacement will remain under this effect. If the target's Ability is As One, Battle Bond, Comatose, Disguise, Gulp Missile, Ice Face, Multitype, Power Construct, RKS System, Schooling, Shields Down, Stance Change, Tera Shift, Zen Mode, or Zero to Hero, this move fails, and receiving the effect through Baton Pass ends the effect immediately.",false,false,,,false,false,true,false,false,false,false,false,false,false,false,false,false,false,false,false,false,false,true
8aaf21ce-250c-4b9e-841a-ba0679917f28,Rock Wrecker,439,Rock,Physical,normal,150,90,0,5,User cannot move next turn.,"If this move is successful, the user must recharge on the following turn and cannot select a move.",false,false,,,false,false,false,false,true,false,false,false,false,false,false,false,false,false,false,false,false,false,true
8b2f4fc0-64c5-4ffc-a8a9-b0904c584c6c,Jaw Lock,746,Dark,Physical,normal,80,100,0,10,Prevents both user and target from switching out.,"Prevents the user and the target from switching out. The user and the target can still switch out if either of them is holding Shed Shell or uses Baton Pass, Flip Turn, Parting Shot, Teleport, U-turn, or Volt Switch. The effect ends if either the user or the target leaves the field.",false,false,,,false,false,false,true,false,true,false,false,false,false,false,false,false,false,false,false,false,false,true
8b5af263-dd01-4104-b1ca-e059ee884664,Lunar Dance,461,Psychic,Status,self,0,-1,0,10,"User faints. Next hurt Pkmn is cured, max HP/PP.","The user faints, and if the Pokemon brought out to replace it does not have full HP or PP, or has a non-volatile status condition, its HP and PP are fully restored along with having any non-volatile status condition cured. The replacement is sent out at the end of the turn, and the healing happens before hazards take effect. This effect continues until a Pokemon that meets any of these conditions switches in at the user's position or gets swapped into the position with Ally Switch. Fails if the user is the last unfainted Pokemon in its party.",false,false,,,false,false,false,false,false,false,true,true,false,false,false,false,false,false,false,false,false,false,true
8b6e1c33-978d-4e79-b1c3-8e98555aa370,Spacial Rend,460,Dragon,Special,normal,100,95,0,5,High critical hit ratio.,Has a higher chance for a critical hit.,false,false,,,false,false,false,false,false,false,false,false,false,false,false,false,false,false,false,false,false,false,true
8bd84cc8-cc06-4689-9125-9cd3be3100e7,Aromatic Mist,597,Fairy,Status,adjacentAlly,0,-1,0,20,Raises an ally's Sp. Def by 1.,Raises the target's Special Defense by 1 stage. Fails if there is no ally adjacent to the user.,false,false,,,true,false,false,false,false,false,false,false,false,false,false,false,false,false,false,false,false,false,true
8be76b20-f9b6-4a68-8ffd-6d8a958ecd34,Psychic Fangs,706,Psychic,Physical,normal,85,100,0,10,"Destroys screens, unless the target is immune.","If this attack does not miss, the effects of Reflect, Light Screen, and Aurora Veil end for the target's side of the field before damage is calculated.",false,false,,,false,false,false,true,false,true,false,false,false,false,false,false,false,false,false,false,false,false,true
8c7b89e4-14a5-4a19-9d54-f438ac7844b3,Roar,46,Normal,Status,normal,0,-1,-6,20,Forces the target to switch to a random ally.,"The target is forced to switch out and be replaced with a random unfainted ally. Fails if the target is the last unfainted Pokemon in its party, or if the target used Ingrain previously or has the Suction Cups Ability.",false,false,,,true,false,true,false,false,false,false,false,false,false,false,false,true,false,false,false,false,false,true
8c843376-3593-4b6a-a2e7-44972215acda,Attack Order,454,Bug,Physical,normal,90,100,0,15,High critical hit ratio.,Has a higher chance for a critical hit.,false,false,,,false,false,false,false,false,false,false,false,false,false,false,false,false,false,false,false,false,false,true
8cb71427-734d-4248-8a32-a38e44949afc,Comeuppance,894,Dark,Physical,scripted,0,100,0,10,"If hit by an attack, returns 1.5x damage.","Deals damage to the last opposing Pokemon to hit the user with a physical or special attack this turn equal to 1.5 times the HP lost by the user from that attack, rounded down. If the user did not lose HP from that attack, this move deals 1 HP of damage instead. If that opposing Pokemon's position is no longer in use and there is another opposing Pokemon on the field, the damage is done to it instead. Only the last hit of a multi-hit attack is counted. Fails if the user was not hit by an opposing Pokemon's physical or special attack this turn.",false,false,,,false,false,false,false,false,true,false,false,false,false,false,false,false,false,false,false,false,false,true
8cc612f0-44ae-46c3-9441-a8a3c4fb8639,Flare Blitz,394,Fire,Physical,normal,120,100,0,15,Has 33% recoil. 10% chance to burn. Thaws user.,"Has a 10% chance to burn the target. If the target lost HP, the user takes recoil damage equal to 33% the HP lost by the target, rounded half up, but not less than 1 HP.",true,false,,,false,false,false,false,false,true,false,false,false,false,false,false,false,false,true,false,false,false,true
8cd3d38c-4f5f-4ce8-b5a1-689977fb447a,Menacing Moonraze Maelstrom,725,Ghost,Special,normal,200,-1,0,1,Ignores the Abilities of other Pokemon.,This move and its effects ignore the Abilities of other Pokemon.,false,false,,,false,true,false,false,false,false,false,false,false,false,false,false,false,false,false,false,true,false,false
8d3d7a7f-e68e-46df-840f-3f4daa7d2bb5,Crabhammer,152,Water,Physical,normal,100,90,0,10,High critical hit ratio.,Has a higher chance for a critical hit.,false,false,,,false,false,false,false,false,true,false,false,false,false,false,false,false,false,false,false,false,false,true
8d62f3d6-73ab-448c-ac49-8529a53dc212,Hex,506,Ghost,Special,normal,65,100,0,10,Power doubles if the target has a status ailment.,Power doubles if the target has a non-volatile status condition.,false,false,,,false,false,false,false,false,false,false,false,false,false,false,false,false,false,false,false,false,false,true
8d698fa3-e22c-4f9d-9fc7-8bcf27384924,Genesis Supernova,703,Psychic,Special,normal,185,-1,0,1,Summons Psychic Terrain.,"If this move is successful, the terrain becomes Psychic Terrain.",true,false,,,false,true,false,false,false,false,false,false,false,false,false,false,false,false,true,false,true,false,false
8dbd8130-baab-4607-a177-34d04c135aae,Knock Off,282,Dark,Physical,normal,65,100,0,20,1.5x damage if foe holds an item. Removes item.,"If the target is holding an item that can be removed from it, ignoring the Sticky Hold Ability, this move's power is multiplied by 1.5. If the user has not fainted, the target loses its held item. This move cannot cause Pokemon with the Sticky Hold Ability to lose their held item or cause a Kyogre, a Groudon, a Giratina, an Arceus, a Genesect, a Silvally, a Zacian, or a Zamazenta to lose their Blue Orb, Red Orb, Griseous Orb, Plate, Drive, Memory, Rusted Sword, or Rusted Shield respectively. Items lost to this move cannot be regained with Recycle or the Harvest Ability.",false,false,,,false,false,false,false,false,true,false,false,false,false,false,false,false,false,false,false,false,false,true
8dc491ab-b19b-494b-9083-d3f94d2f8484,Comet Punch,4,Normal,Physical,normal,18,85,0,15,Hits 2-5 times in one turn.,"Hits two to five times. Has a 35% chance to hit two or three times and a 15% chance to hit four or five times. If one of the hits breaks the target's substitute, it will take damage for the remaining hits. If the user has the Skill Link Ability, this move will always hit five times.",false,true,5,2,false,false,false,false,false,true,false,false,false,false,true,false,false,false,false,false,false,false,false
8dcd9b59-456f-41f6-8220-05b23ceef330,Throat Chop,675,Dark,Physical,normal,80,100,0,15,"For 2 turns, the target cannot use sound moves.","For 2 turns, the target cannot use sound-based moves.",true,false,,,false,false,false,false,false,true,false,false,false,false,false,false,false,false,true,false,false,false,true
8de53f60-a51a-43cb-9b7c-ee2739aef9f1,Dragon Darts,751,Dragon,Physical,normal,50,100,0,10,Hits twice. Doubles: Tries to hit each foe once.,"Hits twice. If the first hit breaks the target's substitute, it will take damage for the second hit. In Double Battles, this move attempts to hit the targeted Pokemon and its ally once each. If hitting one of these Pokemon would be prevented by immunity, protection, semi-invulnerability, an Ability, or accuracy, it attempts to hit the other Pokemon twice instead. If this move is redirected, it hits that target twice.",false,true,,,false,false,false,false,false,false,false,false,false,false,false,false,false,false,false,false,false,false,true
8dfa8d95-42b6-445f-8166-37718d9f0f51,Infestation,611,Bug,Special,normal,20,100,0,20,Traps and damages the target for 4-5 turns.,"Prevents the target from switching for four or five turns (seven turns if the user is holding Grip Claw). Causes damage to the target equal to 1/8 of its maximum HP (1/6 if the user is holding Binding Band), rounded down, at the end of each turn during effect. The target can still switch out if it is holding Shed Shell or uses Baton Pass, Flip Turn, Parting Shot, Shed Tail, Teleport, U-turn, or Volt Switch. The effect ends if either the user or the target leaves the field, or if the target uses Mortal Spin, Rapid Spin, or Substitute successfully. This effect is not stackable or reset by using this or another binding move.",false,false,,,false,false,false,false,false,true,false,false,false,false,false,false,false,false,false,false,false,false,true
8e1a0835-f923-4457-883b-080b9a358d96,Iron Defense,334,Steel,Status,self,0,-1,0,15,Raises the user's Defense by 2.,Raises the user's Defense by 2 stages.,false,false,,,false,false,false,false,false,false,false,false,false,false,false,false,false,false,false,false,false,false,true
8e2faa08-5285-4adf-8fd8-01a465347d0c,Role Play,272,Psychic,Status,normal,0,-1,0,10,User replaces its Ability with the target's.,"The user's Ability changes to match the target's Ability. Fails if the user's Ability is As One, Battle Bond, Comatose, Disguise, Gulp Missile, Ice Face, Multitype, Power Construct, RKS System, Schooling, Shields Down, Stance Change, Tera Shift, Zen Mode, Zero to Hero, or already matches the target, or if the target's Ability is As One, Battle Bond, Comatose, Commander, Disguise, Embody Aspect, Flower Gift, Forecast, Hunger Switch, Ice Face, Illusion, Imposter, Multitype, Neutralizing Gas, Poison Puppeteer, Power Construct, Power of Alchemy, Protosynthesis, Quark Drive, Receiver, RKS System, Schooling, Shields Down, Stance Change, Tera Shell, Tera Shift, Teraform Zero, Trace, Wonder Guard, Zen Mode, or Zero to Hero.",false,false,,,true,false,false,false,false,false,false,false,false,false,false,false,false,false,false,false,false,false,true
8e7195d8-486f-460f-a2c0-b818ea5a12bd,Noble Roar,568,Normal,Status,normal,0,100,0,30,Lowers the target's Attack and Sp. Atk by 1.,Lowers the target's Attack and Special Attack by 1 stage.,false,false,,,true,false,true,false,false,false,false,false,false,false,false,false,true,false,false,false,false,false,true
8ea4edb0-0f90-4505-b611-d95474d263e7,"10,000,000 Volt Thunderbolt",719,Electric,Special,normal,195,-1,0,1,Very high critical hit ratio.,Has a very high chance for a critical hit.,false,false,,,false,true,false,false,false,false,false,false,false,false,false,false,false,false,false,false,true,false,false
8f03bc5c-4afe-485f-9486-49a8bfeefb97,G-Max Chi Strike,1000,Fighting,Physical,adjacentFoe,10,-1,0,5,Base move affects power. Allies: Crit Ratio +1.,"Power is equal to the base move's Max Move power. If this move is successful, each Pokemon on the user's side has their critical hit ratio raised by 1 stage, even if they have a substitute.",false,false,,,false,true,false,false,false,false,false,false,false,false,false,false,false,false,false,false,false,true,false
8f065d52-9af8-42e0-b320-9e373925eeda,Splishy Splash,730,Water,Special,allAdjacentFoes,90,100,0,15,30% chance to paralyze the target.,Has a 30% chance to paralyze the target.,true,false,,,false,false,false,false,false,false,false,false,false,false,false,false,false,false,true,false,false,false,false
8f2e8bf4-86be-4ab1-9827-1a0af6c2858a,Volt Tackle,344,Electric,Physical,normal,120,100,0,15,Has 33% recoil. 10% chance to paralyze target.,"Has a 10% chance to paralyze the target. If the target lost HP, the user takes recoil damage equal to 33% the HP lost by the target, rounded half up, but not less than 1 HP.",true,false,,,false,false,false,false,false,true,false,false,false,false,false,false,false,false,true,false,false,false,true
8f34c077-47fa-48c1-932b-48e5c7a164a7,G-Max Tartness,1000,Grass,Physical,adjacentFoe,10,-1,0,10,Base move affects power. Foes: -1 evasiveness.,"Power is equal to the base move's Max Move power. If this move is successful, the evasiveness of each Pokemon on the opposing side is lowered by 1 stage, even if they have a substitute.",false,false,,,false,true,false,false,false,false,false,false,false,false,false,false,false,false,false,false,false,true,false
8f379970-3e8c-48ea-8a63-50a68db4ab8b,Acid Spray,491,Poison,Special,normal,40,100,0,20,100% chance to lower the target's Sp. Def by 2.,Has a 100% chance to lower the target's Special Defense by 2 stages.,true,false,,,false,false,false,false,true,false,false,false,false,false,false,false,false,false,true,false,false,false,true
8f5956e5-02df-49bb-8718-ce302f706faf,Endure,203,Normal,Status,self,0,-1,4,10,User survives attacks this turn with at least 1 HP.,"The user will survive attacks made by other Pokemon during this turn with at least 1 HP. This move has a 1/X chance of being successful, where X starts at 1 and triples each time this move is successfully used. X resets to 1 if this move fails, if the user's last move used is not Baneful Bunker, Burning Bulwark, Detect, Endure, King's Shield, Max Guard, Obstruct, Protect, Quick Guard, Silk Trap, Spiky Shield, or Wide Guard, or if it was one of those moves and the user's protection was broken. Fails if the user moves last this turn.",false,false,,,false,false,false,false,false,false,false,false,false,false,false,false,false,false,false,false,false,false,true
8f60daa4-9ff6-4ad8-a8b2-b218605d4bf5,Triple Kick,167,Fighting,Physical,normal,10,90,0,10,"Hits 3 times. Each hit can miss, but power rises.","Hits three times. Power increases to 20 for the second hit and 30 for the third. This move checks accuracy for each hit, and the attack ends if the target avoids a hit. If one of the hits breaks the target's substitute, it will take damage for the remaining hits. If the user has the Skill Link Ability, this move will always hit three times.",false,true,,,false,false,false,false,false,true,false,false,false,false,false,false,false,false,false,false,false,false,true
8f732743-2f6a-44ea-9cbd-593fcb8718da,Revival Blessing,863,Normal,Status,self,0,-1,0,1,Revives a fainted Pokemon to 50% HP.,"A fainted party member is selected and revived with 1/2 its max HP, rounded down. Fails if there are no fainted party members.",false,false,,,false,false,false,false,false,false,false,true,false,false,false,false,false,false,false,false,false,false,true
8f82b43f-45ec-4d6a-9b20-7df4af098123,Hidden Power Electric,237,Electric,Special,normal,60,100,0,15,,,false,false,,,false,false,false,false,false,false,false,false,false,false,false,false,false,false,false,false,false,false,false
901a1aaf-f657-4e7f-afb9-f44a4aa96374,Follow Me,266,Normal,Status,self,0,-1,2,20,The foes' moves target the user on the turn used.,"Until the end of the turn, all single-target attacks from the opposing side are redirected to the user. Such attacks are redirected to the user before they can be reflected by Magic Coat or the Magic Bounce Ability, or drawn in by the Lightning Rod or Storm Drain Abilities. Fails if it is not a Double Battle or Battle Royal. This effect is ignored while the user is under the effect of Sky Drop.",false,false,,,false,false,false,false,false,false,false,false,false,false,false,false,false,false,false,false,false,false,true
902b4eca-a4f8-490e-bbed-635cde0332c5,Sacred Sword,533,Fighting,Physical,normal,90,100,0,15,Ignores the target's stat stage changes.,"Ignores the target's stat stage changes, including evasiveness.",false,false,,,false,false,false,false,false,true,false,false,false,false,false,false,false,false,false,false,false,false,true
90ac5b6f-e670-487f-8661-f947d1facb2f,Max Guard,743,Normal,Status,self,0,-1,4,10,Protects user from moves & Max Moves this turn.,"The user is protected from nearly all attacks made by other Pokemon during this turn, including Max and G-Max Moves. This move has a 1/X chance of being successful, where X starts at 1 and triples each time this move is successfully used. X resets to 1 if this move fails, if the user's last move used is not Baneful Bunker, Detect, Endure, King's Shield, Max Guard, Obstruct, Protect, Quick Guard, Spiky Shield, or Wide Guard, or if it was one of those moves and the user's protection was broken. Fails if the user moves last this turn.",false,false,,,false,false,false,false,false,false,false,false,false,false,false,false,false,false,false,false,false,true,false
912aec42-08a4-40ec-957c-4cc31caa04fc,Weather Ball,311,Normal,Special,normal,50,100,0,10,Power doubles and type varies in each weather.,"Power doubles if a weather condition other than Delta Stream is active, and this move's type changes to match. Ice type during Snow, Water type during Primordial Sea or Rain Dance, Rock type during Sandstorm, and Fire type during Desolate Land or Sunny Day. If the user is holding Utility Umbrella and uses Weather Ball during Primordial Sea, Rain Dance, Desolate Land, or Sunny Day, this move remains Normal type and does not double in power.",false,false,,,false,false,false,false,true,false,false,false,false,false,false,false,false,false,false,false,false,false,true
91918ca0-a878-47fa-a707-46d6d125c59b,Horn Drill,32,Normal,Physical,normal,0,30,0,5,OHKOs the target. Fails if user is a lower level.,"Deals damage to the target equal to the target's maximum HP. Ignores accuracy and evasiveness modifiers. This attack's accuracy is equal to (user's level - target's level + 30)%, and fails if the target is at a higher level. Pokemon with the Sturdy Ability are immune.",false,false,,,false,false,false,false,false,true,false,false,false,false,false,false,false,false,false,true,false,false,true
92699709-4fca-47c9-98f3-1235579ee877,Acrobatics,512,Flying,Physical,any,55,100,0,15,Power doubles if the user has no held item.,Power doubles if the user has no held item.,false,false,,,false,false,false,false,false,true,false,false,false,false,false,false,false,false,false,false,false,false,true
927ed434-2297-4af1-89f1-ae193d99ae9e,Final Gambit,515,Fighting,Special,normal,0,100,0,5,Does damage equal to the user's HP. User faints.,"Deals damage to the target equal to the user's current HP. If this move is successful, the user faints.",false,false,,,false,false,false,false,false,false,false,false,false,false,false,false,false,false,false,false,false,false,true
934ba803-b57e-4e60-a8f6-68357c23e0a8,Let's Snuggle Forever,726,Fairy,Physical,normal,190,-1,0,1,No additional effect.,No additional effect.,false,false,,,false,true,false,false,false,true,false,false,false,false,false,false,false,false,false,false,true,false,false
9354a5ad-70e0-4852-afa2-e6a03ea7f49d,Submission,66,Fighting,Physical,normal,80,80,0,20,Has 1/4 recoil.,"If the target lost HP, the user takes recoil damage equal to 1/4 the HP lost by the target, rounded half up, but not less than 1 HP.",false,false,,,false,false,false,false,false,true,false,false,false,false,false,false,false,false,false,false,false,false,false
93eeab52-1eaa-48c2-8598-29c95787e14f,Subzero Slammer,650,Ice,Physical,normal,1,-1,0,1,Power is equal to the base move's Z-Power.,Power is equal to the base move's Z-Power.,false,false,,,false,true,false,false,false,false,false,false,false,false,false,false,false,false,false,false,true,false,false
94173e81-ce70-423a-980b-66cfe3c1c546,Water Pulse,352,Water,Special,any,60,100,0,20,20% chance to confuse the target.,Has a 20% chance to confuse the target.,true,false,,,false,false,false,false,false,false,false,false,false,true,false,false,false,false,true,false,false,false,true
946b101c-ac32-4090-a539-a35cc6ad9b8a,Sharpen,159,Normal,Status,self,0,-1,0,30,Raises the user's Attack by 1.,Raises the user's Attack by 1 stage.,false,false,,,false,false,false,false,false,false,false,false,false,false,false,false,false,false,false,false,false,false,false
94a8df1d-1864-45a8-84f1-47f2b42b241b,Fire Punch,7,Fire,Physical,normal,75,100,0,15,10% chance to burn the target.,Has a 10% chance to burn the target.,true,false,,,false,false,false,false,false,true,false,false,false,false,true,false,false,false,true,false,false,false,true
94e2ab33-cde4-4854-97ed-34981f084fc4,Rototiller,563,Ground,Status,all,0,-1,0,10,Raises Atk/Sp. Atk of grounded Grass types by 1.,Raises the Attack and Special Attack of all grounded Grass-type Pokemon on the field by 1 stage.,false,false,,,false,false,false,false,false,false,false,false,false,false,false,false,false,false,false,false,false,false,false
94f156d3-0562-4251-b1bb-1f74f9aabc66,Speed Swap,683,Psychic,Status,normal,0,-1,0,10,Swaps Speed stat with target.,The user swaps its Speed stat with the target. Stat stage changes are unaffected.,false,false,,,true,false,false,false,false,false,false,false,false,false,false,false,false,false,false,false,false,false,true
951c3fd4-92e7-49dc-934c-ecf24b23634b,Draining Kiss,577,Fairy,Special,normal,50,100,0,10,User recovers 75% of the damage dealt.,"The user recovers 3/4 the HP lost by the target, rounded half up. If Big Root is held by the user, the HP recovered is 1.3x normal, rounded half down.",false,false,,,false,false,false,false,false,true,false,true,false,false,false,false,false,false,false,false,false,false,true
955167e4-a183-4455-b653-465efb10fc66,Glacial Lance,824,Ice,Physical,allAdjacentFoes,120,100,0,5,No additional effect. Hits adjacent foes.,No additional effect.,false,false,,,false,false,false,false,false,false,false,false,false,false,false,false,false,false,false,false,false,false,true
955d4a40-66b5-4d6e-a2e8-a32b8e891050,Tachyon Cutter,911,Steel,Special,normal,50,-1,0,10,Hits twice. This move does not check accuracy.,"Hits twice. If the first hit breaks the target's substitute, it will take damage for the second hit. This move does not check accuracy.",false,true,,,false,false,false,false,false,false,false,false,false,false,false,false,false,false,false,false,false,false,true
95b3f9ea-ed84-4808-a253-dc61089ffb72,Hidden Power Psychic,237,Psychic,Special,normal,60,100,0,15,,,false,false,,,false,false,false,false,false,false,false,false,false,false,false,false,false,false,false,false,false,false,false
96884e2c-98c9-40ef-a134-ebcf925a9570,Spider Web,169,Bug,Status,normal,0,-1,0,10,Prevents the target from switching out.,"Prevents the target from switching out. The target can still switch out if it is holding Shed Shell or uses Baton Pass, Flip Turn, Parting Shot, Teleport, U-turn, or Volt Switch. The effect ends if either the user or the target leaves the field.",false,false,,,false,false,true,false,false,false,false,false,false,false,false,false,false,false,false,false,false,false,false
96e325c4-a980-4e49-adaf-9827f079b4ab,Astonish,310,Ghost,Physical,normal,30,100,0,15,30% chance to make the target flinch.,Has a 30% chance to make the target flinch.,true,false,,,false,false,false,false,false,true,false,false,false,false,false,false,false,false,true,false,false,false,true
97db1bf2-5c1e-4efe-9b1b-952899d88c38,Heart Swap,391,Psychic,Status,normal,0,-1,0,10,Swaps all stat changes with target.,The user swaps all its stat stage changes with the target.,false,false,,,true,false,false,false,false,false,false,false,false,false,false,false,false,false,false,false,false,false,true
97fa4f4a-101b-4967-8e35-fdb6a500044f,Accelerock,709,Rock,Physical,normal,40,100,1,20,Usually goes first.,No additional effect.,false,false,,,false,false,false,false,false,true,false,false,false,false,false,false,false,false,false,false,false,false,true
98030f49-256b-4ad3-be74-e831f0ff3e7c,Charm,204,Fairy,Status,normal,0,100,0,20,Lowers the target's Attack by 2.,Lowers the target's Attack by 2 stages.,false,false,,,false,false,true,false,false,false,false,false,false,false,false,false,false,false,false,false,false,false,true
982b6aca-9307-498f-82c9-89af2dae9c66,Aqua Step,872,Water,Physical,normal,80,100,0,10,100% chance to raise the user's Speed by 1.,Has a 100% chance to raise the user's Speed by 1 stage.,true,false,,,false,false,false,false,false,true,true,false,false,false,false,false,false,false,true,false,false,false,true
98963dda-ba34-49c7-8eb7-4a8404043d27,Max Airstream,766,Flying,Physical,adjacentFoe,10,-1,0,10,Base move affects power. Allies: +1 Speed.,"Power is equal to the base move's Max Move power. If this move is successful, the Speed of each Pokemon on the user's side is raised by 1 stage, even if they have a substitute. This effect does not happen if the user is not Dynamaxed. If this move is used as a base move, it deals damage with a power of 0.",false,false,,,false,true,false,false,false,false,false,false,false,false,false,false,false,false,false,false,false,true,false
98a99907-dfbc-4e90-9f54-6dbce33878cd,Smack Down,479,Rock,Physical,normal,50,100,0,15,Removes the target's Ground immunity.,"This move can hit a target using Bounce, Fly, or Sky Drop, or is under the effect of Sky Drop. If this move hits a target under the effect of Bounce, Fly, Magnet Rise, or Telekinesis, the effect ends. If the target is a Flying type that has not used Roost this turn or a Pokemon with the Levitate Ability, it loses its immunity to Ground-type attacks and the Arena Trap Ability as long as it remains active. During the effect, Magnet Rise fails for the target and Telekinesis fails against the target.",false,false,,,false,false,false,false,false,false,false,false,false,false,false,false,false,false,false,false,false,false,true
993dd28f-e2aa-47e7-95eb-4fe318777530,Cotton Spore,178,Grass,Status,allAdjacentFoes,0,100,0,40,Lowers the target's Speed by 2.,Lowers the target's Speed by 2 stages.,false,false,,,false,false,true,false,false,false,false,false,true,false,false,false,false,false,false,false,false,false,true
9990b58b-9182-4645-a800-83b9d4332449,Rage,99,Normal,Physical,normal,20,100,0,20,Raises the user's Attack by 1 if hit during use.,"Once this move is successfully used, the user's Attack is raised by 1 stage every time it is hit by another Pokemon's attack as long as this move is chosen for use.",false,false,,,false,false,false,false,false,true,false,false,false,false,false,false,false,false,false,false,false,false,false
99be7042-9f80-466f-990d-875caf7654f5,Smog,123,Poison,Special,normal,30,70,0,20,40% chance to poison the target.,Has a 40% chance to poison the target.,true,false,,,false,false,false,false,false,false,false,false,false,false,false,false,false,false,true,false,false,false,true
9a318a87-2797-4f5e-ac3e-dec6bdba7d86,Fillet Away,868,Normal,Status,self,0,-1,0,10,"+2 Attack, Sp. Atk, Speed for 1/2 user's max HP.","Raises the user's Attack, Special Attack, and Speed by 2 stages in exchange for the user losing 1/2 of its maximum HP, rounded down. Fails if the user would faint or if its Attack, Special Attack, and Speed stat stages would not change.",false,false,,,false,false,false,false,false,false,false,false,false,false,false,false,false,false,false,false,false,false,true
9a8949cb-8739-42e7-9630-9fc9bf0c6a90,Aqua Tail,401,Water,Physical,normal,90,90,0,10,No additional effect.,No additional effect.,false,false,,,false,false,false,false,false,true,false,false,false,false,false,false,false,false,false,false,false,false,true
9a8c3ae7-4158-4110-8be3-07ae6c5a39d1,Yawn,281,Normal,Status,normal,0,-1,0,10,Puts the target to sleep after 1 turn.,"Causes the target to fall asleep at the end of the next turn. Fails when used if the target cannot fall asleep or if it already has a non-volatile status condition. At the end of the next turn, if the target is still active, does not have a non-volatile status condition, and can fall asleep, it falls asleep. If the target becomes affected, this effect cannot be prevented by Safeguard or a substitute, or by falling asleep and waking up during the effect.",false,false,,,false,false,true,false,false,false,false,false,false,false,false,false,false,false,false,false,false,false,true
9ab3efa4-10aa-47bf-9d73-a75fe0e4785e,Tri Attack,161,Normal,Special,normal,80,100,0,10,20% chance to paralyze or burn or freeze target.,"Has a 20% chance to either burn, freeze, or paralyze the target.",true,false,,,false,false,false,false,false,false,false,false,false,false,false,false,false,false,true,false,false,false,true
9ac72a8c-db0e-4cf1-8aa2-1597b110563e,Play Rough,583,Fairy,Physical,normal,90,90,0,10,10% chance to lower the target's Attack by 1.,Has a 10% chance to lower the target's Attack by 1 stage.,true,false,,,false,false,false,false,false,true,false,false,false,false,false,false,false,false,true,false,false,false,true
9acf3737-f86f-4fb8-ab00-2e2ede7169ea,Will-O-Wisp,261,Fire,Status,normal,0,85,0,15,Burns the target.,Burns the target.,false,false,,,false,false,true,false,false,false,false,false,false,false,false,false,false,false,false,false,false,false,true
9ad751f8-76d1-4077-8eaf-94a97e2ba76b,Octolock,753,Fighting,Status,normal,0,100,0,15,"Traps target, lowers Def and SpD by 1 each turn.","Prevents the target from switching out. At the end of each turn during effect, the target's Defense and Special Defense are lowered by 1 stage. The target can still switch out if it is holding Shed Shell or uses Baton Pass, Flip Turn, Parting Shot, Teleport, U-turn, or Volt Switch. The effect ends if either the user or the target leaves the field.",false,false,,,false,false,false,false,false,false,false,false,false,false,false,false,false,false,false,false,false,false,false
9b90ba71-27bf-4861-b3cc-a7c91705a049,Spike Cannon,131,Normal,Physical,normal,20,100,0,15,Hits 2-5 times in one turn.,"Hits two to five times. Has a 35% chance to hit two or three times and a 15% chance to hit four or five times. If one of the hits breaks the target's substitute, it will take damage for the remaining hits. If the user has the Skill Link Ability, this move will always hit five times.",false,true,5,2,false,false,false,false,false,false,false,false,false,false,false,false,false,false,false,false,false,false,false
9bb9bab9-76e7-4ece-a544-b5d6644c3a60,Toxic,92,Poison,Status,normal,0,90,0,10,Badly poisons the target. Poison types can't miss.,"Badly poisons the target. If a Poison-type Pokemon uses this move, the target cannot avoid the attack, even if the target is in the middle of a two-turn move.",false,false,,,false,false,true,false,false,false,false,false,false,false,false,false,false,false,false,false,false,false,true
9bef4276-eed0-4b9b-a3a2-b4ada8ccc512,Luster Purge,295,Psychic,Special,normal,95,100,0,5,50% chance to lower the target's Sp. Def by 1.,Has a 50% chance to lower the target's Special Defense by 1 stage.,true,false,,,false,false,false,false,false,false,false,false,false,false,false,false,false,false,true,false,false,false,true
9c74e0da-7fd4-40aa-b3e6-c428ab0613d3,Power Swap,384,Psychic,Status,normal,0,-1,0,10,Swaps Attack and Sp. Atk stat stages with target.,The user swaps its Attack and Special Attack stat stage changes with the target.,false,false,,,true,false,false,false,false,false,false,false,false,false,false,false,false,false,false,false,false,false,true
9c764e8f-9dbc-4fce-bb00-7f12ee222ed1,Fishious Rend,755,Water,Physical,normal,85,100,0,10,Power doubles if user moves before the target.,Power doubles if the user moves before the target.,false,false,,,false,false,false,true,false,true,false,false,false,false,false,false,false,false,false,false,false,false,false
9ce1200f-3bfb-4aeb-8581-6623915d64c6,Smokescreen,108,Normal,Status,normal,0,100,0,20,Lowers the target's accuracy by 1.,Lowers the target's accuracy by 1 stage.,false,false,,,false,false,true,false,false,false,false,false,false,false,false,false,false,false,false,false,false,false,true
9d790eb0-1f6e-4715-adf7-c1564dae40e9,Hidden Power Ground,237,Ground,Special,normal,60,100,0,15,,,false,false,,,false,false,false,false,false,false,false,false,false,false,false,false,false,false,false,false,false,false,false
9da48ee1-9cf5-4b67-b46d-12f2a2065bd4,Surf,57,Water,Special,allAdjacent,90,100,0,15,Hits adjacent Pokemon. Double damage on Dive.,Damage doubles if the target is using Dive.,false,false,,,false,false,false,false,false,false,false,false,false,false,false,false,false,false,false,false,false,false,true
9e1b73e1-781b-4a4c-b0c0-49c6ca294dda,Dragon Cheer,913,Dragon,Status,adjacentAlly,0,-1,0,15,"Ally: Crit ratio +1, or +2 if ally is Dragon type.","Raises the target's chance for a critical hit by 1 stage, or by 2 stages if the target is Dragon type. Fails if there is no ally adjacent to the user, or if the target already has this effect or the Focus Energy effect. Baton Pass can be used to transfer this effect to an ally.",false,false,,,true,false,false,false,false,false,false,false,false,false,false,false,false,false,false,false,false,false,true
9e2b0636-0510-425c-9e2b-d1342bdfdf14,Focus Blast,411,Fighting,Special,normal,120,70,0,5,10% chance to lower the target's Sp. Def by 1.,Has a 10% chance to lower the target's Special Defense by 1 stage.,true,false,,,false,false,false,false,true,false,false,false,false,false,false,false,false,false,true,false,false,false,true
9e45eb7b-71b2-4e15-b30b-42029fa4d87d,Land's Wrath,616,Ground,Physical,allAdjacentFoes,90,100,0,10,No additional effect. Hits adjacent foes.,No additional effect.,false,false,,,false,false,false,false,false,false,false,false,false,false,false,false,false,false,false,false,false,false,false
9e59b3bf-dcfa-4959-98c9-3cffd0a51815,Scratch,10,Normal,Physical,normal,40,100,0,35,No additional effect.,No additional effect.,false,false,,,false,false,false,false,false,true,false,false,false,false,false,false,false,false,false,false,false,false,true
9e8b0260-3ab6-4399-bfaf-36aa0e4f0396,Baby-Doll Eyes,608,Fairy,Status,normal,0,100,1,30,Lowers the target's Attack by 1.,Lowers the target's Attack by 1 stage.,false,false,,,false,false,true,false,false,false,false,false,false,false,false,false,false,false,false,false,false,false,true
9e951f78-1e3d-4833-9a1d-a83ce858f7aa,Life Dew,791,Water,Status,allies,0,-1,0,10,Heals the user and its allies by 1/4 their max HP.,"Each Pokemon on the user's side restores 1/4 of its maximum HP, rounded half up.",false,false,,,true,false,false,false,false,false,false,true,false,false,false,false,false,false,false,false,false,false,true
9e982b19-bbd4-43b1-b121-c16bac5a6252,Corrosive Gas,810,Poison,Status,allAdjacent,0,100,0,40,Removes adjacent Pokemon's held items.,"The target loses its held item. This move cannot cause Pokemon with the Sticky Hold Ability to lose their held item or cause a Kyogre, a Groudon, a Giratina, an Arceus, a Genesect, a Silvally, a Zacian, or a Zamazenta to lose their Blue Orb, Red Orb, Griseous Orb, Plate, Drive, Memory, Rusted Sword, or Rusted Shield respectively. Items lost to this move cannot be regained with Recycle or the Harvest Ability.",false,false,,,false,false,true,false,false,false,false,false,false,false,false,false,false,false,false,false,false,false,false
9efe1543-aefc-4629-b882-e153c3e6c067,Protect,182,Normal,Status,self,0,-1,4,10,Prevents moves from affecting the user this turn.,"The user is protected from most attacks made by other Pokemon during this turn. This move has a 1/X chance of being successful, where X starts at 1 and triples each time this move is successfully used. X resets to 1 if this move fails, if the user's last move used is not Baneful Bunker, Burning Bulwark, Detect, Endure, King's Shield, Max Guard, Obstruct, Protect, Quick Guard, Silk Trap, Spiky Shield, or Wide Guard, or if it was one of those moves and the user's protection was broken. Fails if the user moves last this turn.",false,false,,,false,false,false,false,false,false,false,false,false,false,false,false,false,false,false,false,false,false,true
9f5ccfbf-fd4e-4544-b10e-8ac56ed3a425,Zing Zap,716,Electric,Physical,normal,80,100,0,10,30% chance to make the target flinch.,Has a 30% chance to make the target flinch.,true,false,,,false,false,false,false,false,true,false,false,false,false,false,false,false,false,true,false,false,false,true
9fd9ff69-0954-4b43-bd4f-b124bb002bc1,Ice Punch,8,Ice,Physical,normal,75,100,0,15,10% chance to freeze the target.,Has a 10% chance to freeze the target.,true,false,,,false,false,false,false,false,true,false,false,false,false,true,false,false,false,true,false,false,false,true
a0168581-7437-4c9d-951e-594840ee8c3f,Expanding Force,797,Psychic,Special,normal,80,100,0,10,"User on Psychic Terrain: 1.5x power, hits foes.","If the current terrain is Psychic Terrain and the user is grounded, this move hits all opposing Pokemon and has its power multiplied by 1.5.",false,false,,,false,false,false,false,false,false,false,false,false,false,false,false,false,false,false,false,false,false,true
a01ec1e5-b88a-4970-89de-5b113be9d346,Foresight,193,Normal,Status,normal,0,-1,0,40,"Fighting, Normal hit Ghost. Evasiveness ignored.","As long as the target remains active, its evasiveness stat stage is ignored during accuracy checks against it if it is greater than 0, and Normal- and Fighting-type attacks can hit the target if it is a Ghost type. Fails if the target is already affected, or affected by Miracle Eye or Odor Sleuth.",false,false,,,true,false,true,false,false,false,false,false,false,false,false,false,false,false,false,false,false,false,false
a0367aaf-98b2-48d4-b370-0dfa009b4477,Helping Hand,270,Normal,Status,adjacentAlly,0,-1,5,20,One adjacent ally's move power is 1.5x this turn.,"The power of the target's attack this turn is multiplied by 1.5 (this effect is stackable). Fails if there is no ally adjacent to the user or if the ally already moved this turn, but does not fail if the ally is using a two-turn move.",false,false,,,true,false,false,false,false,false,false,false,false,false,false,false,false,false,false,false,false,false,true
a045efe4-bb3a-46e1-b902-f6f199d38263,Fusion Bolt,559,Electric,Physical,normal,100,100,0,5,Power doubles if used after Fusion Flare this turn.,Power doubles if the last move used by any Pokemon this turn was Fusion Flare.,false,false,,,false,false,false,false,false,false,false,false,false,false,false,false,false,false,false,false,false,false,true
a04c7986-0e9a-4552-a935-05593d6dfe2f,Court Change,756,Normal,Status,all,0,100,0,10,Swaps user's field effects with the opposing side.,"Switches the Mist, Light Screen, Reflect, Spikes, Safeguard, Tailwind, Toxic Spikes, Stealth Rock, Water Pledge, Fire Pledge, Grass Pledge, Sticky Web, Aurora Veil, G-Max Steelsurge, G-Max Cannonade, G-Max Vine Lash, and G-Max Wildfire effects from the user's side to the opposing side and vice versa.",false,false,,,false,false,false,false,false,false,false,false,false,false,false,false,false,false,false,false,false,false,true
a0d576d0-315f-4fcf-ad36-ecf902c80ae2,Tidy Up,882,Normal,Status,self,0,-1,0,10,"User +1 Atk, Spe. Clears all substitutes/hazards.","Raises the user's Attack and Speed by 1 stage. Removes substitutes from all active Pokemon and ends the effects of Spikes, Stealth Rock, Sticky Web, and Toxic Spikes for both sides.",false,false,,,false,false,false,false,false,false,false,false,false,false,false,false,false,false,false,false,false,false,true
a15d7788-dfb6-4756-95a9-0c1aad5aa5cd,Quick Attack,98,Normal,Physical,normal,40,100,1,30,Usually goes first.,No additional effect.,false,false,,,false,false,false,false,false,true,false,false,false,false,false,false,false,false,false,false,false,false,true
a16b699d-a778-4018-8a81-d570697f933e,Buzzy Buzz,734,Electric,Special,normal,60,100,0,20,100% chance to paralyze the foe.,Has a 100% chance to paralyze the foe.,true,false,,,false,false,false,false,false,false,false,false,false,false,false,false,false,false,true,false,false,false,false
a1df0bd0-359a-4ab4-9357-61e0423d21a0,Hidden Power Fire,237,Fire,Special,normal,60,100,0,15,,,false,false,,,false,false,false,false,false,false,false,false,false,false,false,false,false,false,false,false,false,false,false
a250600a-5a47-4c6a-9843-3dffc0cc4a39,Bullet Seed,331,Grass,Physical,normal,25,100,0,30,Hits 2-5 times in one turn.,"Hits two to five times. Has a 35% chance to hit two or three times and a 15% chance to hit four or five times. If one of the hits breaks the target's substitute, it will take damage for the remaining hits. If the user has the Skill Link Ability, this move will always hit five times. If the user is holding Loaded Dice, this move will hit 4-5 times.",false,true,5,2,false,false,false,false,true,false,false,false,false,false,false,false,false,false,false,false,false,false,true
a273d9cb-7282-41c3-a07b-67bf7f6f4489,Natural Gift,363,Normal,Physical,normal,0,100,0,15,Power and type depends on the user's Berry.,"The type and power of this move depend on the user's held Berry, and the Berry is lost. Fails if the user is not holding a Berry, if the user has the Klutz Ability, or if Embargo or Magic Room is in effect for the user.",false,false,,,false,false,false,false,false,false,false,false,false,false,false,false,false,false,false,false,false,false,false
a29e87e4-d144-4b70-b233-8d5f3755bdbd,Rock Climb,431,Normal,Physical,normal,90,85,0,20,20% chance to confuse the target.,Has a 20% chance to confuse the target.,true,false,,,false,false,false,false,false,true,false,false,false,false,false,false,false,false,true,false,false,false,false
a2bfdc73-bf67-4bf4-9528-42f97ddd774a,Poison Tail,342,Poison,Physical,normal,50,100,0,25,High critical hit ratio. 10% chance to poison.,Has a 10% chance to poison the target and a higher chance for a critical hit.,true,false,,,false,false,false,false,false,true,false,false,false,false,false,false,false,false,true,false,false,false,true
a2fe5710-53cf-4b5d-bf8a-951a4699711b,Razor Wind,13,Normal,Special,allAdjacentFoes,80,100,0,10,"Charges, then hits foe(s) turn 2. High crit ratio.","Has a higher chance for a critical hit. This attack charges on the first turn and executes on the second. If the user is holding a Power Herb, the move completes in one turn.",false,false,,,false,false,false,false,false,false,false,false,false,false,false,false,false,false,false,false,false,false,false
a310dab1-e517-4b96-b7e5-8f35532a6ed1,Aqua Ring,392,Water,Status,self,0,-1,0,20,User recovers 1/16 max HP per turn.,"The user has 1/16 of its maximum HP, rounded down, restored at the end of each turn while it remains active. If Big Root is held by the user, the HP recovered is 1.3x normal, rounded half down. If the user uses Baton Pass, the replacement will receive the healing effect.",false,false,,,false,false,false,false,false,false,false,false,false,false,false,false,false,false,false,false,false,false,true
a3656064-ab70-42bd-8404-98febc5da754,Healing Wish,361,Psychic,Status,self,0,-1,0,10,User faints. Next hurt Pokemon is fully healed.,"The user faints, and if the Pokemon brought out to replace it does not have full HP or has a non-volatile status condition, its HP is fully restored along with having any non-volatile status condition cured. The replacement is sent out at the end of the turn, and the healing happens before hazards take effect. This effect continues until a Pokemon that meets either of these conditions switches in at the user's position or gets swapped into the position with Ally Switch. Fails if the user is the last unfainted Pokemon in its party.",false,false,,,false,false,false,false,false,false,false,true,false,false,false,false,false,false,false,false,false,false,true
a39bdded-d3be-4019-ac66-4c103260692e,Charge Beam,451,Electric,Special,normal,50,90,0,10,70% chance to raise the user's Sp. Atk by 1.,Has a 70% chance to raise the user's Special Attack by 1 stage.,true,false,,,false,false,false,false,false,false,false,false,false,false,false,false,false,false,true,false,false,false,true
a3a98580-c3a0-412b-98ce-42d1b6079e19,Doodle,867,Normal,Status,adjacentFoe,0,100,0,10,User and ally's Abilities become target's Ability.,"The user and its ally's Abilities change to match the target's Ability. Does not change Ability if the user's or its ally's is As One, Battle Bond, Comatose, Disguise, Gulp Missile, Ice Face, Multitype, Power Construct, RKS System, Schooling, Shields Down, Stance Change, Tera Shift, Zen Mode, Zero to Hero, or already matches the target. Fails if both the user and its ally's Ability already matches the target, or if the target's Ability is As One, Battle Bond, Comatose, Commander, Disguise, Embody Aspect, Flower Gift, Forecast, Hunger Switch, Ice Face, Illusion, Imposter, Multitype, Neutralizing Gas, Poison Puppeteer, Power Construct, Power of Alchemy, Protosynthesis, Quark Drive, Receiver, RKS System, Schooling, Shields Down, Stance Change, Tera Shell, Tera Shift, Teraform Zero, Trace, Wonder Guard, Zen Mode, or Zero to Hero.",false,false,,,false,false,false,false,false,false,false,false,false,false,false,false,false,false,false,false,false,false,true
a40a3653-5351-4d3a-aaa9-8b64018f818c,Sunny Day,241,Fire,Status,all,0,-1,0,5,"For 5 turns, intense sunlight powers Fire moves.","For 5 turns, the weather becomes Sunny Day. The damage of Fire-type attacks is multiplied by 1.5 and the damage of Water-type attacks is multiplied by 0.5 during the effect. Lasts for 8 turns if the user is holding Heat Rock. Fails if the current weather is Sunny Day.",false,false,,,false,false,false,false,false,false,false,false,false,false,false,false,false,false,false,false,false,false,true
a43f7f0e-47ff-4067-a25f-eec0dc598714,Grudge,288,Ghost,Status,self,0,-1,0,5,"If the user faints, the attack used loses all its PP.","Until the user's next turn, if an opposing Pokemon's attack knocks the user out, that move loses all its remaining PP.",false,false,,,true,false,false,false,false,false,false,false,false,false,false,false,false,false,false,false,false,false,false
a45c0c25-a36e-4dd1-aa02-2c771cc01b92,Salt Cure,864,Rock,Physical,normal,40,100,0,15,"Deals 1/8 max HP each turn; 1/4 on Steel, Water.","Causes damage to the target equal to 1/8 of its maximum HP (1/4 if the target is Steel or Water type), rounded down, at the end of each turn during effect. This effect ends when the target is no longer active.",true,false,,,false,false,false,false,false,false,false,false,false,false,false,false,false,false,true,false,false,false,true
a46e906b-1398-41c5-87f1-d21b944f1f55,Electric Terrain,604,Electric,Status,all,0,-1,0,10,"5 turns. Grounded: +Electric power, can't sleep.","For 5 turns, the terrain becomes Electric Terrain. During the effect, the power of Electric-type attacks made by grounded Pokemon is multiplied by 1.3 and grounded Pokemon cannot fall asleep; Pokemon already asleep do not wake up. Grounded Pokemon cannot become affected by Yawn or fall asleep from its effect. Camouflage transforms the user into an Electric type, Nature Power becomes Thunderbolt, and Secret Power has a 30% chance to cause paralysis. Fails if the current terrain is Electric Terrain.",false,false,,,false,false,false,false,false,false,false,false,false,false,false,false,false,false,false,false,false,false,true
a471feb8-bcb2-4348-955d-f36327285828,Jungle Healing,816,Grass,Status,allies,0,-1,0,10,"User and allies: healed 1/4 max HP, status cured.","Each Pokemon on the user's side restores 1/4 of its maximum HP, rounded half up, and has its status condition cured.",false,false,,,true,false,false,false,false,false,false,true,false,false,false,false,false,false,false,false,false,false,true
a48acdbf-ffba-4e5e-95fd-4eab04d2a83c,Hone Claws,468,Dark,Status,self,0,-1,0,15,Raises the user's Attack and accuracy by 1.,Raises the user's Attack and accuracy by 1 stage.,false,false,,,false,false,false,false,false,false,false,false,false,false,false,false,false,false,false,false,false,false,true
a4b374bc-60df-4f64-8888-ae97a70bba61,First Impression,660,Bug,Physical,normal,90,100,2,10,Nearly always goes first. First turn out only.,Fails unless it is the user's first turn on the field.,false,false,,,false,false,false,false,false,true,false,false,false,false,false,false,false,false,false,false,false,false,true
a4bdfc09-cdaf-4d67-a1d3-b2aee7e20620,Hidden Power Water,237,Water,Special,normal,60,100,0,15,,,false,false,,,false,false,false,false,false,false,false,false,false,false,false,false,false,false,false,false,false,false,false
a4c4eda3-1258-452c-8b95-0432c9d15b40,Drill Run,529,Ground,Physical,normal,80,95,0,10,High critical hit ratio.,Has a higher chance for a critical hit.,false,false,,,false,false,false,false,false,true,false,false,false,false,false,false,false,false,false,false,false,false,true
a5183c9d-7786-4d67-9345-0cc081c2f356,Spikes,191,Ground,Status,foeSide,0,-1,0,20,Hurts grounded foes on switch-in. Max 3 layers.,"Sets up a hazard on the opposing side of the field, damaging each opposing Pokemon that switches in, unless it is a Flying-type Pokemon or has the Levitate Ability. Can be used up to three times before failing. Opponents lose 1/8 of their maximum HP with one layer, 1/6 of their maximum HP with two layers, and 1/4 of their maximum HP with three layers, all rounded down. Can be removed from the opposing side if any Pokemon uses Tidy Up, or if any opposing Pokemon uses Mortal Spin, Rapid Spin, or Defog successfully, or is hit by Defog.",false,false,,,false,false,true,false,false,false,false,false,false,false,false,false,false,false,false,false,false,false,true
a564bce5-99e0-4361-9800-b1afadd450f2,Self-Destruct,120,Normal,Physical,allAdjacent,200,100,0,5,Hits adjacent Pokemon. The user faints.,"The user faints after using this move, even if this move fails for having no target. This move is prevented from executing if any active Pokemon has the Damp Ability.",false,false,,,false,false,false,false,false,false,false,false,false,false,false,false,false,false,false,false,false,false,true
a5cc1fd6-c7db-46c1-b4e8-9e1141a089a9,G-Max Drum Solo,1000,Grass,Physical,adjacentFoe,160,-1,0,5,Always 160 power. Ignores Abilities.,Power is 160 regardless of the base move's Max Move power. This move and its effects ignore the Abilities of other Pokemon.,false,false,,,false,true,false,false,false,false,false,false,false,false,false,false,false,false,false,false,false,true,false
a60c5ac4-0ee5-41f1-ab73-d1d6b33ca4fc,Armor Cannon,890,Fire,Special,normal,120,100,0,5,Lowers the user's Defense and Sp. Def by 1.,Lowers the user's Defense and Special Defense by 1 stage.,false,false,,,false,false,false,false,false,false,false,false,false,false,false,false,false,false,false,false,false,false,true
a6484bb1-a4c8-42dd-9c69-71d384fcddd3,Lovely Kiss,142,Normal,Status,normal,0,75,0,10,Causes the target to fall asleep.,Causes the target to fall asleep.,false,false,,,false,false,true,false,false,false,false,false,false,false,false,false,false,false,false,false,false,false,false
a7176874-7a50-4a35-bb2c-52ef015bb770,G-Max Wildfire,1000,Fire,Physical,adjacentFoe,10,-1,0,10,"Base move affects power. Foes: -1/6 HP, 4 turns.","Power is equal to the base move's Max Move power. If this move is successful, for 4 turns each non-Fire-type Pokemon on the opposing side takes damage equal to 1/6 of its maximum HP, rounded down, at the end of each turn during effect, including the last turn.",false,false,,,false,true,false,false,false,false,false,false,false,false,false,false,false,false,false,false,false,true,false
a76e9d43-d8b3-475e-8868-80c666a5ec17,Extreme Speed,245,Normal,Physical,normal,80,100,2,5,Nearly always goes first.,No additional effect.,false,false,,,false,false,false,false,false,true,false,false,false,false,false,false,false,false,false,false,false,false,true
a782f1ff-b883-4871-8f43-6e5fc0eed7ac,Psyshield Bash,828,Psychic,Physical,normal,70,90,0,10,100% chance to raise the user's Defense by 1.,Has a 100% chance to raise the user's Defense by 1 stage.,true,false,,,false,false,false,false,false,true,false,false,false,false,false,false,false,false,true,false,false,false,true
a79bb2d8-8cf1-428d-b535-2e3228a51880,Belly Drum,187,Normal,Status,self,0,-1,0,10,User loses 50% max HP. Maximizes Attack.,"Raises the user's Attack by 12 stages in exchange for the user losing 1/2 of its maximum HP, rounded down. Fails if the user would faint or if its Attack stat stage is 6.",false,false,,,false,false,false,false,false,false,false,false,false,false,false,false,false,false,false,false,false,false,true
a7cd9d13-bfee-4a7c-828a-4eee047bb06e,Ice Fang,423,Ice,Physical,normal,65,95,0,15,10% chance to freeze. 10% chance to flinch.,Has a 10% chance to freeze the target and a 10% chance to make it flinch.,false,false,,,false,false,false,true,false,true,false,false,false,false,false,false,false,false,false,false,false,false,true
a7dee519-84b1-41cf-a532-76bd4d44d778,Heal Bell,215,Normal,Status,allyTeam,0,-1,0,5,Cures the user's party of all status conditions.,"Every Pokemon in the user's party is cured of its non-volatile status condition. Active Pokemon with the Soundproof Ability are not cured, unless they are the user.",false,false,,,true,false,false,false,false,false,false,false,false,false,false,false,true,false,false,false,false,false,true
a8084ea8-7e11-4926-b87d-1ccbb6108e51,Autotomize,475,Steel,Status,self,0,-1,0,15,Raises the user's Speed by 2; user loses 100 kg.,"Raises the user's Speed by 2 stages. If the user's Speed was changed, the user's weight is reduced by 100 kg as long as it remains active. This effect is stackable but cannot reduce the user's weight to less than 0.1 kg.",false,false,,,false,false,false,false,false,false,false,false,false,false,false,false,false,false,false,false,false,false,false
a83ec6ed-f3dd-4cfa-9ed8-3a3b267748a6,Vine Whip,22,Grass,Physical,normal,45,100,0,25,No additional effect.,No additional effect.,false,false,,,false,false,false,false,false,true,false,false,false,false,false,false,false,false,false,false,false,false,true
a866ffc7-a64b-4aff-9c6e-6fe76f0b68d6,Lunge,679,Bug,Physical,normal,80,100,0,15,100% chance to lower the target's Attack by 1.,Has a 100% chance to lower the target's Attack by 1 stage.,true,false,,,false,false,false,false,false,true,false,false,false,false,false,false,false,false,true,false,false,false,true
a88b68e3-0c44-4361-87de-c58893e18af7,G-Max Steelsurge,1000,Steel,Physical,adjacentFoe,10,-1,0,5,Base move affects power. Foes: Steel hazard.,"Power is equal to the base move's Max Move power. If this move is successful, it sets up a hazard on the opposing side of the field, damaging each opposing Pokemon that switches in. Foes lose 1/32, 1/16, 1/8, 1/4, or 1/2 of their maximum HP, rounded down, based on their weakness to the Steel type; 0.25x, 0.5x, neutral, 2x, or 4x, respectively. Can be removed from the opposing side if any opposing Pokemon uses Rapid Spin or Defog successfully, or is hit by Defog.",false,false,,,false,true,false,false,false,false,false,false,false,false,false,false,false,false,false,false,false,true,false
a8b384e8-4f3f-4f1f-93cf-76c22ffe0d8c,Conversion 2,176,Normal,Status,normal,0,-1,0,30,Changes user's type to resist target's last move.,"The user's type changes to match a type that resists or is immune to the type of the last move used by the target, but not either of its current types. The determined type of the move is used rather than the original type. Fails if the target has not made a move, if the user cannot change its type, or if this move would only be able to select one of the user's current types.",false,false,,,true,false,false,false,false,false,false,false,false,false,false,false,false,false,false,false,false,false,true
a8cf8765-37de-49ea-b853-78f25b13e80d,Grassy Terrain,580,Grass,Status,all,0,-1,0,10,"5 turns. Grounded: +Grass power, +1/16 max HP.","For 5 turns, the terrain becomes Grassy Terrain. During the effect, the power of Grass-type attacks used by grounded Pokemon is multiplied by 1.3, the power of Bulldoze, Earthquake, and Magnitude used against grounded Pokemon is multiplied by 0.5, and grounded Pokemon have 1/16 of their maximum HP, rounded down, restored at the end of each turn, including the last turn. Camouflage transforms the user into a Grass type, Nature Power becomes Energy Ball, and Secret Power has a 30% chance to cause sleep. Fails if the current terrain is Grassy Terrain.",false,false,,,false,false,false,false,false,false,false,false,false,false,false,false,false,false,false,false,false,false,true
a8df223b-68fb-4ce4-9416-9f6c97967cd4,Max Knuckle,761,Fighting,Physical,adjacentFoe,10,-1,0,10,Base move affects power. Allies: +1 Attack.,"Boosts the user and its allies' Attack by 1 stage. BP scales with the base move's BP. This effect does not happen if the user is not Dynamaxed. If this move is used as a base move, it deals damage with a power of 0.",false,false,,,false,true,false,false,false,false,false,false,false,false,false,false,false,false,false,false,false,true,false
a943c6ec-1157-4416-ad71-d5dee8956eef,Tailwind,366,Flying,Status,allySide,0,-1,0,15,"For 4 turns, allies' Speed is doubled.","For 4 turns, the user and its party members have their Speed doubled. Fails if this move is already in effect for the user's side.",false,false,,,false,false,false,false,false,false,false,false,false,false,false,false,false,true,false,false,false,false,true
a989e13d-2b33-4d0d-81b8-96f222850204,Double Shock,892,Electric,Physical,normal,120,100,0,5,User's Electric type: typeless; must be Electric.,"Fails unless the user is an Electric type. If this move is successful and the user is not Terastallized, the user's Electric type becomes typeless as long as it remains active.",false,false,,,false,false,false,false,false,true,false,false,false,false,false,false,false,false,false,false,false,false,true
a9e7cf61-c3b8-44bc-8744-052ef9e2c6a2,Cotton Guard,538,Grass,Status,self,0,-1,0,10,Raises the user's Defense by 3.,Raises the user's Defense by 3 stages.,false,false,,,false,false,false,false,false,false,false,false,false,false,false,false,false,false,false,false,false,false,true
aa405073-951d-42c4-8c3a-ea7d2a3b7bb7,Slash,163,Normal,Physical,normal,70,100,0,20,High critical hit ratio.,Has a higher chance for a critical hit.,false,false,,,false,false,false,false,false,true,false,false,false,false,false,false,false,false,false,false,false,false,true
aab50cc9-091c-4df9-9993-fba794003189,Prismatic Laser,711,Psychic,Special,normal,160,100,0,10,User cannot move next turn.,"If this move is successful, the user must recharge on the following turn and cannot select a move.",false,false,,,false,false,false,false,false,false,false,false,false,false,false,false,false,false,false,false,false,false,true
aab79062-7930-4958-bbb4-355b76d9358b,Stone Axe,830,Rock,Physical,normal,65,90,0,15,Sets Stealth Rock on the target's side.,"If this move is successful, it sets up a hazard on the opposing side of the field, damaging each opposing Pokemon that switches in. Foes lose 1/32, 1/16, 1/8, 1/4, or 1/2 of their maximum HP, rounded down, based on their weakness to the Rock type; 0.25x, 0.5x, neutral, 2x, or 4x, respectively. Can be removed from the opposing side if any Pokemon uses Tidy Up, or if any opposing Pokemon uses Mortal Spin, Rapid Spin, or Defog successfully, or is hit by Defog.",false,false,,,false,false,false,false,false,true,false,false,false,false,false,false,false,false,false,false,false,false,true
aaf6a3cf-07d8-412f-894a-66cdbceb2965,Milk Drink,208,Normal,Status,self,0,-1,0,5,Heals the user by 50% of its max HP.,"The user restores 1/2 of its maximum HP, rounded half up.",false,false,,,false,false,false,false,false,false,false,true,false,false,false,false,false,false,false,false,false,false,true
ab16a145-9c82-45c9-98e4-dcef1380de56,Nuzzle,609,Electric,Physical,normal,20,100,0,20,100% chance to paralyze the target.,Has a 100% chance to paralyze the target.,true,false,,,false,false,false,false,false,true,false,false,false,false,false,false,false,false,true,false,false,false,true
ab93e5b9-da7e-4ff6-be32-e7451da109c6,Solar Beam,76,Grass,Special,normal,120,100,0,10,Charges turn 1. Hits turn 2. No charge in sunlight.,"This attack charges on the first turn and executes on the second. Power is halved if the weather is Primordial Sea, Rain Dance, Sandstorm, or Snow and the user is not holding Utility Umbrella. If the user is holding a Power Herb or the weather is Desolate Land or Sunny Day, the move completes in one turn. If the user is holding Utility Umbrella and the weather is Desolate Land or Sunny Day, the move still requires a turn to charge.",false,false,,,false,false,false,false,false,false,false,false,false,false,false,false,false,false,false,false,false,false,true
abc4094e-b6b4-466e-a584-6337f816fc19,Spotlight,671,Normal,Status,normal,0,-1,3,15,Target's foes' moves are redirected to it this turn.,"Until the end of the turn, all single-target attacks from opponents of the target are redirected to the target. Such attacks are redirected to the target before they can be reflected by Magic Coat or the Magic Bounce Ability, or drawn in by the Lightning Rod or Storm Drain Abilities. Fails if it is not a Double Battle or Battle Royal.",false,false,,,false,false,true,false,false,false,false,false,false,false,false,false,false,false,false,false,false,false,false
abe4b410-29ec-4e5f-86fa-c3aeaa9cd91b,Baddy Bad,737,Dark,Special,normal,80,95,0,15,Summons Reflect.,This move summons Reflect for 5 turns upon use.,false,false,,,false,false,false,false,false,false,false,false,false,false,false,false,false,false,false,false,false,false,false
ac05ecb2-029f-409e-8973-152600ab76ac,Ingrain,275,Grass,Status,self,0,-1,0,20,Traps/grounds user; heals 1/16 max HP per turn.,"The user has 1/16 of its maximum HP restored at the end of each turn, but it is prevented from switching out and other Pokemon cannot force the user to switch out. The user can still switch out if it uses Baton Pass, Flip Turn, Parting Shot, Teleport, U-turn, or Volt Switch. If the user leaves the field using Baton Pass, the replacement will remain trapped and still receive the healing effect. During the effect, the user can be hit normally by Ground-type attacks and be affected by Spikes, Toxic Spikes, and Sticky Web, even if the user is a Flying type or has the Levitate Ability.",false,false,,,false,false,false,false,false,false,false,false,false,false,false,false,false,false,false,false,false,false,true
ac0be081-2920-465f-84d8-6e4fd541bcff,Covet,343,Normal,Physical,normal,60,100,0,25,"If the user has no item, it steals the target's.","If this attack was successful and the user has not fainted, it steals the target's held item if the user is not holding one. The target's item is not stolen if it is a Mail or Z-Crystal, or if the target is a Kyogre holding a Blue Orb, a Groudon holding a Red Orb, a Giratina holding a Griseous Orb, an Arceus holding a Plate, a Genesect holding a Drive, a Silvally holding a Memory, or a Pokemon that can Mega Evolve holding the Mega Stone for its species. Items lost to this move cannot be regained with Recycle or the Harvest Ability.",false,false,,,false,false,false,false,false,true,false,false,false,false,false,false,false,false,false,false,false,false,true
ac438314-f96c-4e1c-ad89-ccb53b2e214e,G-Max Befuddle,1000,Bug,Physical,adjacentFoe,10,-1,0,5,Base move affects power. Foes: slp or psn or par.,"Power is equal to the base move's Max Move power. If this move is successful, each Pokemon on the opposing side either falls asleep, becomes poisoned, or becomes paralyzed, even if they have a substitute.",false,false,,,false,true,false,false,false,false,false,false,false,false,false,false,false,false,false,false,false,true,false
ac8ff2c9-d93d-4b2b-9526-f1d2d5ce1be8,Sandsear Storm,848,Ground,Special,allAdjacentFoes,100,80,0,10,20% chance to burn foe(s). Can't miss in rain.,"Has a 20% chance to burn the target. If the weather is Primordial Sea or Rain Dance, this move does not check accuracy. If this move is used against a Pokemon holding Utility Umbrella, this move's accuracy remains at 80%.",true,false,,,false,false,false,false,false,false,false,false,false,false,false,false,false,true,true,false,false,false,true
ae3f095e-d849-46c2-b627-e33f3b0200ec,Screech,103,Normal,Status,normal,0,85,0,40,Lowers the target's Defense by 2.,Lowers the target's Defense by 2 stages.,false,false,,,true,false,true,false,false,false,false,false,false,false,false,false,true,false,false,false,false,false,true
ae544fee-c214-4840-8c5b-8504cd643afc,Power Trick,379,Psychic,Status,self,0,-1,0,10,Switches user's Attack and Defense stats.,"The user swaps its Attack and Defense stats, and stat stage changes remain on their respective stats. This move can be used again to swap the stats back. If the user uses Baton Pass, the replacement will have its Attack and Defense stats swapped if the effect is active. If the user has its stats recalculated by changing forme while its stats are swapped, this effect is ignored but is still active for the purposes of Baton Pass.",false,false,,,false,false,false,false,false,false,false,false,false,false,false,false,false,false,false,false,false,false,true
ae8aefe9-f6ea-4a03-8cb2-18a7d4f5e8cd,Encore,227,Normal,Status,normal,0,100,0,5,Target repeats its last move for its next 3 turns.,"For its next 3 turns, the target is forced to repeat its last move used. If the affected move runs out of PP, the effect ends. Fails if the target is already under this effect, if it has not made a move, if the move has 0 PP, or if the move is Assist, Blazing Torque, Combat Torque, Copycat, Dynamax Cannon, Encore, Magical Torque, Me First, Metronome, Mimic, Mirror Move, Nature Power, Noxious Torque, Sketch, Sleep Talk, Struggle, Transform, or Wicked Torque.",false,false,,,true,false,true,false,false,false,false,false,false,false,false,false,false,false,false,false,false,false,true
ae8d22be-90d5-4744-9897-0a95e238e799,Thunder Punch,9,Electric,Physical,normal,75,100,0,15,10% chance to paralyze the target.,Has a 10% chance to paralyze the target.,true,false,,,false,false,false,false,false,true,false,false,false,false,true,false,false,false,true,false,false,false,true
ae91a3a7-75e5-44a7-9d89-819a5b376540,Shadow Ball,247,Ghost,Special,normal,80,100,0,15,20% chance to lower the target's Sp. Def by 1.,Has a 20% chance to lower the target's Special Defense by 1 stage.,true,false,,,false,false,false,false,true,false,false,false,false,false,false,false,false,false,true,false,false,false,true
af0ce027-bc47-47d2-a8ec-0d08725f36bc,Noxious Torque,898,Poison,Physical,normal,100,100,0,10,30% chance to poison the target.,Has a 30% chance to poison the target.,true,false,,,false,false,false,false,false,false,false,false,false,false,false,false,false,false,true,false,false,false,false
af2cbe89-a299-4770-89d7-8bd9c194a8bb,Pluck,365,Flying,Physical,any,60,100,0,20,User steals and eats the target's Berry.,"If this move is successful and the user has not fainted, it steals the target's held Berry if it is holding one and eats it immediately, gaining its effects even if the user's item is being ignored. Items lost to this move cannot be regained with Recycle or the Harvest Ability.",false,false,,,false,false,false,false,false,true,false,false,false,false,false,false,false,false,false,false,false,false,true
afed0003-a8b4-4f47-9411-55617ad1ddd5,G-Max One Blow,1000,Dark,Physical,adjacentFoe,10,-1,0,5,Base move affects power. Bypasses Max Guard.,"Power is equal to the base move's Max Move power. This move bypasses all protection effects, including Max Guard.",false,false,,,false,true,false,false,false,false,false,false,false,false,false,false,false,false,false,false,false,true,false
b05e2e41-9ea6-4c43-8454-6b1693db5c16,Behemoth Bash,782,Steel,Physical,normal,100,100,0,5,No additional effect.,No additional effect.,false,false,,,false,false,false,false,false,true,false,false,false,false,false,false,false,false,false,false,false,false,true
b09f5f96-d6db-4d2a-b844-643f8fa7baf3,Branch Poke,785,Grass,Physical,normal,40,100,0,40,No additional effect.,No additional effect.,false,false,,,false,false,false,false,false,true,false,false,false,false,false,false,false,false,false,false,false,false,true
b0a9b549-555c-43a8-8942-786ef12ce618,Nightmare,171,Ghost,Status,normal,0,100,0,15,A sleeping target is hurt by 1/4 max HP per turn.,"Causes the target to lose 1/4 of its maximum HP, rounded down, at the end of each turn as long as it is asleep. This move does not affect the target unless it is asleep. The effect ends when the target wakes up, even if it falls asleep again in the same turn.",false,false,,,false,false,false,false,false,false,false,false,false,false,false,false,false,false,false,false,false,false,false
b0f6fae0-7ada-4d93-8ed4-d345d8b69400,Belch,562,Poison,Special,normal,120,90,0,10,Cannot be selected until the user eats a Berry.,"This move cannot be selected until the user eats a Berry, either by eating one that was held, stealing and eating one off another Pokemon with Bug Bite or Pluck, or eating one that was thrown at it with Fling. Once the condition is met, this move can be selected and used for the rest of the battle even if the user gains or uses another item or switches out. Consuming a Berry with Natural Gift does not count for the purposes of eating one.",false,false,,,false,false,false,false,false,false,false,false,false,false,false,false,false,false,false,false,false,false,true
b131928a-0b00-4793-a66f-a927f0d4934f,Bind,20,Normal,Physical,normal,15,85,0,20,Traps and damages the target for 4-5 turns.,"Prevents the target from switching for four or five turns (seven turns if the user is holding Grip Claw). Causes damage to the target equal to 1/8 of its maximum HP (1/6 if the user is holding Binding Band), rounded down, at the end of each turn during effect. The target can still switch out if it is holding Shed Shell or uses Baton Pass, Flip Turn, Parting Shot, Shed Tail, Teleport, U-turn, or Volt Switch. The effect ends if either the user or the target leaves the field, or if the target uses Mortal Spin, Rapid Spin, or Substitute successfully. This effect is not stackable or reset by using this or another binding move.",false,false,,,false,false,false,false,false,true,false,false,false,false,false,false,false,false,false,false,false,false,true
b156290b-a572-488d-90f8-58f8892cbcb7,Zen Headbutt,428,Psychic,Physical,normal,80,90,0,15,20% chance to make the target flinch.,Has a 20% chance to make the target flinch.,true,false,,,false,false,false,false,false,true,false,false,false,false,false,false,false,false,true,false,false,false,true
b15bbb28-f5ab-4841-a331-5958ec9f0e91,Slam,21,Normal,Physical,normal,80,75,0,20,No additional effect.,No additional effect.,false,false,,,false,false,false,false,false,true,false,false,false,false,false,false,false,false,false,false,false,false,true
b17120b9-c282-4384-9916-a1edefddd0d2,Mist,54,Ice,Status,allySide,0,-1,0,30,"For 5 turns, protects user's party from stat drops.","For 5 turns, the user and its party members are protected from having their stat stages lowered by other Pokemon. Fails if the effect is already active on the user's side.",false,false,,,false,false,false,false,false,false,false,false,false,false,false,false,false,false,false,false,false,false,true
b194dc81-e88b-4a1b-8cae-0bb975e5bbae,Max Flare,757,Fire,Physical,adjacentFoe,100,-1,0,10,Base move affects power. Starts Sunny Day.,"Power is equal to the base move's Max Move power. If this move is successful, the effect of Sunny Day begins. This effect does not happen if the user is not Dynamaxed. If this move is used as a base move, it deals damage with a power of 0.",false,false,,,false,true,false,false,false,false,false,false,false,false,false,false,false,false,false,false,false,true,false
b209db7b-8a40-408a-9025-b9b7ae8dd427,Sludge,124,Poison,Special,normal,65,100,0,20,30% chance to poison the target.,Has a 30% chance to poison the target.,true,false,,,false,false,false,false,false,false,false,false,false,false,false,false,false,false,true,false,false,false,true
b2660616-df1b-4824-80c7-bc64e7afc905,Fire Lash,680,Fire,Physical,normal,80,100,0,15,100% chance to lower the target's Defense by 1.,Has a 100% chance to lower the target's Defense by 1 stage.,true,false,,,false,false,false,false,false,true,false,false,false,false,false,false,false,false,true,false,false,false,true
b282fb59-e1f0-45fb-97dc-e0e9dfbf83ab,Steamroller,537,Bug,Physical,normal,65,100,0,20,30% chance to make the target flinch.,Has a 30% chance to make the target flinch. Damage doubles and no accuracy check is done if the target has used Minimize while active.,true,false,,,false,false,false,false,false,true,false,false,false,false,false,false,false,false,true,false,false,false,false
b320adfc-00d7-46c1-bdf3-a71d3e90f02a,Spiky Shield,596,Grass,Status,self,0,-1,4,10,Protects from moves. Contact: loses 1/8 max HP.,"The user is protected from most attacks made by other Pokemon during this turn, and Pokemon making contact with the user lose 1/8 of their maximum HP, rounded down. This move has a 1/X chance of being successful, where X starts at 1 and triples each time this move is successfully used. X resets to 1 if this move fails, if the user's last move used is not Baneful Bunker, Burning Bulwark, Detect, Endure, King's Shield, Max Guard, Obstruct, Protect, Quick Guard, Silk Trap, Spiky Shield, or Wide Guard, or if it was one of those moves and the user's protection was broken. Fails if the user moves last this turn.",false,false,,,false,false,false,false,false,false,false,false,false,false,false,false,false,false,false,false,false,false,true
b33bf14e-4c7a-43c5-930b-106f1218329b,G-Max Wind Rage,1000,Flying,Physical,adjacentFoe,10,-1,0,10,"Base move affects power. Ends Terrain, hazards.","Power is equal to the base move's Max Move power. If this move is successful, the effects of Electric Terrain, Grassy Terrain, Misty Terrain, and Psychic Terrain end, the effects of Reflect, Light Screen, Aurora Veil, Safeguard, Mist, G-Max Steelsurge, Spikes, Toxic Spikes, Stealth Rock, and Sticky Web end for the target's side, and the effects of G-Max Steelsurge, Spikes, Toxic Spikes, Stealth Rock, and Sticky Web end for the user's side.",false,false,,,false,true,false,false,false,false,false,false,false,false,false,false,false,false,false,false,false,true,false
b37425c5-1416-410d-931f-499643ab4db8,Aqua Jet,453,Water,Physical,normal,40,100,1,20,Usually goes first.,No additional effect.,false,false,,,false,false,false,false,false,true,false,false,false,false,false,false,false,false,false,false,false,false,true
b3bde4c1-d9c6-4b10-b0da-4c906c9f62b6,Kowtow Cleave,869,Dark,Physical,normal,85,-1,0,10,This move does not check accuracy.,This move does not check accuracy.,false,false,,,false,false,false,false,false,true,false,false,false,false,false,false,false,false,false,false,false,false,true
b42d8fb7-2552-4524-ba1e-937f3dadf8a9,Hidden Power Grass,237,Grass,Special,normal,60,100,0,15,,,false,false,,,false,false,false,false,false,false,false,false,false,false,false,false,false,false,false,false,false,false,false
b4412bd9-f882-4782-bb52-d59d044c9bea,Curse,174,Ghost,Status,normal,0,-1,0,10,"Curses if Ghost, else -1 Spe, +1 Atk, +1 Def.","If the user is not a Ghost type, lowers the user's Speed by 1 stage and raises the user's Attack and Defense by 1 stage. If the user is a Ghost type, the user loses 1/2 of its maximum HP, rounded down and even if it would cause fainting, in exchange for the target losing 1/4 of its maximum HP, rounded down, at the end of each turn while it is active. If the target uses Baton Pass, the replacement will continue to be affected. Fails if there is no target or if the target is already affected.",false,false,,,true,false,false,false,false,false,false,false,false,false,false,false,false,false,false,false,false,false,true
b457030a-cd3f-465b-866a-6e2d7ebfbbce,Growth,74,Normal,Status,self,0,-1,0,20,Raises user's Attack and Sp. Atk by 1; 2 in Sun.,"Raises the user's Attack and Special Attack by 1 stage. If the weather is Sunny Day or Desolate Land, this move raises the user's Attack and Special Attack by 2 stages. If the user is holding Utility Umbrella, this move will only raise the user's Attack and Special Attack by 1 stage, even if the weather is Sunny Day or Desolate Land.",false,false,,,false,false,false,false,false,false,false,false,false,false,false,false,false,false,false,false,false,false,true
b47f54d9-8a4a-4e3f-85ce-3667611e51c0,Core Enforcer,687,Dragon,Special,allAdjacentFoes,100,100,0,10,Nullifies the foe(s) Ability if the foe(s) move first.,"If the user moves after the target, the target's Ability is rendered ineffective as long as it remains active. If the target uses Baton Pass, the replacement will remain under this effect. If the target's Ability is As One, Battle Bond, Comatose, Disguise, Gulp Missile, Ice Face, Multitype, Power Construct, RKS System, Schooling, Shields Down, Stance Change, Tera Shift, Zen Mode, or Zero to Hero, this effect does not happen, and receiving the effect through Baton Pass ends the effect immediately.",false,false,,,false,false,false,false,false,false,false,false,false,false,false,false,false,false,false,false,false,false,false
b4a00f0c-c5f9-4b80-9227-d162bf907398,Water Spout,323,Water,Special,allAdjacentFoes,150,100,0,5,Less power as user's HP decreases. Hits foe(s).,"Power is equal to (user's current HP * 150 / user's maximum HP), rounded down, but not less than 1.",false,false,,,false,false,false,false,false,false,false,false,false,false,false,false,false,false,false,false,false,false,true
b4b94fad-d259-4a2e-b903-cf13639d4e48,Flash,148,Normal,Status,normal,0,100,0,20,Lowers the target's accuracy by 1.,Lowers the target's accuracy by 1 stage.,false,false,,,false,false,true,false,false,false,false,false,false,false,false,false,false,false,false,false,false,false,false
b4cb1165-84ba-4840-b76c-c912cfa0e713,Bonemerang,155,Ground,Physical,normal,50,90,0,10,Hits 2 times in one turn.,"Hits twice. If the first hit breaks the target's substitute, it will take damage for the second hit.",false,true,,,false,false,false,false,false,false,false,false,false,false,false,false,false,false,false,false,false,false,false
b522b4ee-3408-4772-bab2-3c21c01cfaa5,Head Smash,457,Rock,Physical,normal,150,80,0,5,Has 1/2 recoil.,"If the target lost HP, the user takes recoil damage equal to 1/2 the HP lost by the target, rounded half up, but not less than 1 HP.",false,false,,,false,false,false,false,false,true,false,false,false,false,false,false,false,false,false,false,false,false,true
b58bbba1-2ca3-4e01-8f2f-7ac5f9bed580,Inferno,517,Fire,Special,normal,100,50,0,5,100% chance to burn the target.,Has a 100% chance to burn the target.,true,false,,,false,false,false,false,false,false,false,false,false,false,false,false,false,false,true,false,false,false,true
b590b979-7fc0-4d26-8ac0-fc28a3e7b952,Psych Up,244,Normal,Status,normal,0,-1,0,10,Copies the target's current stat stages.,The user copies all of the target's current stat stage changes.,false,false,,,true,false,false,false,false,false,false,false,false,false,false,false,false,false,false,false,false,false,true
b5d93863-92c8-4408-b712-a9ecf77a7c3a,Head Charge,543,Normal,Physical,normal,120,100,0,15,Has 1/4 recoil.,"If the target lost HP, the user takes recoil damage equal to 1/4 the HP lost by the target, rounded half up, but not less than 1 HP.",false,false,,,false,false,false,false,false,true,false,false,false,false,false,false,false,false,false,false,false,false,false
b63a1be7-3b82-4f8e-bd8a-98a3d2936d53,Sky Attack,143,Flying,Physical,any,140,90,0,5,"Charges, then hits turn 2. 30% flinch. High crit.","Has a 30% chance to make the target flinch and a higher chance for a critical hit. This attack charges on the first turn and executes on the second. If the user is holding a Power Herb, the move completes in one turn.",true,false,,,false,false,false,false,false,false,false,false,false,false,false,false,false,false,true,false,false,false,true
b6b2471b-8c2c-40b0-a6f3-7fdabaf663a2,Shell Trap,704,Fire,Special,allAdjacentFoes,150,100,-3,5,User must take physical damage before moving.,"Fails unless the user is hit by a physical attack from an opponent this turn before it can execute the move. If the user was hit and has not fainted, it attacks immediately after being hit, and the effect ends. If the opponent's physical attack had a secondary effect removed by the Sheer Force Ability, it does not count for the purposes of this effect.",false,false,,,false,false,false,false,false,false,false,false,false,false,false,false,false,false,false,false,false,false,false
b72fa060-d8c3-45a7-967d-1537cee34700,Fairy Lock,587,Fairy,Status,all,0,-1,0,10,Prevents all Pokemon from switching next turn.,"Prevents all active Pokemon from switching next turn. A Pokemon can still switch out if it is holding Shed Shell or uses Baton Pass, Flip Turn, Parting Shot, Teleport, U-turn, or Volt Switch. Fails if the effect is already active.",false,false,,,true,false,false,false,false,false,false,false,false,false,false,false,false,false,false,false,false,false,true
b7371363-8197-4268-ae91-9b34172e9476,Confusion,93,Psychic,Special,normal,50,100,0,25,10% chance to confuse the target.,Has a 10% chance to confuse the target.,true,false,,,false,false,false,false,false,false,false,false,false,false,false,false,false,false,true,false,false,false,true
b843f6b1-3320-4ca3-b955-54d531b80335,Sappy Seed,738,Grass,Physical,normal,100,90,0,10,Summons Leech Seed.,This move summons Leech Seed on the foe.,false,false,,,false,false,true,false,false,false,false,false,false,false,false,false,false,false,false,false,false,false,false
b863d334-59ea-47e7-a0aa-57c96f43f507,Double Slap,3,Normal,Physical,normal,15,85,0,10,Hits 2-5 times in one turn.,"Hits two to five times. Has a 35% chance to hit two or three times and a 15% chance to hit four or five times. If one of the hits breaks the target's substitute, it will take damage for the remaining hits. If the user has the Skill Link Ability, this move will always hit five times.",false,true,5,2,false,false,false,false,false,true,false,false,false,false,false,false,false,false,false,false,false,false,false
b8b57617-7d66-4a24-85ff-8c79eef469fe,Kinesis,134,Psychic,Status,normal,0,80,0,15,Lowers the target's accuracy by 1.,Lowers the target's accuracy by 1 stage.,false,false,,,false,false,true,false,false,false,false,false,false,false,false,false,false,false,false,false,false,false,false
b90c12d2-1879-4ba8-9955-0ae164246182,Leer,43,Normal,Status,allAdjacentFoes,0,100,0,30,Lowers the foe(s) Defense by 1.,Lowers the target's Defense by 1 stage.,false,false,,,false,false,true,false,false,false,false,false,false,false,false,false,false,false,false,false,false,false,true
b922469f-e678-42c3-94eb-dd76e3acc590,Acid,51,Poison,Special,allAdjacentFoes,40,100,0,30,10% chance to lower the foe(s) Sp. Def by 1.,Has a 10% chance to lower the target's Special Defense by 1 stage.,true,false,,,false,false,false,false,false,false,false,false,false,false,false,false,false,false,true,false,false,false,true
b9aa75f7-7f95-466d-8a5a-9718369b3191,V-create,557,Fire,Physical,normal,180,95,0,5,"Lowers the user's Defense, Sp. Def, Speed by 1.","Lowers the user's Speed, Defense, and Special Defense by 1 stage.",false,false,,,false,false,false,false,false,true,false,false,false,false,false,false,false,false,false,false,false,false,false
b9ed797d-1711-476d-853e-c573a30679a5,G-Max Centiferno,1000,Fire,Physical,adjacentFoe,10,-1,0,5,Base move affects power. Foes: bound 4-5 turns.,"Power is equal to the base move's Max Move power. If this move is successful, each Pokemon on the opposing side is prevented from switching for four or five turns (seven turns if the user is holding Grip Claw), even if they have a substitute. Causes damage equal to 1/8 of their maximum HP (1/6 if the user is holding Binding Band), rounded down, at the end of each turn during effect. They can still switch out if they are holding Shed Shell or use Baton Pass, Flip Turn, Parting Shot, Teleport, U-turn, or Volt Switch. The effect ends for a target if it leaves the field, or if it uses Rapid Spin or Substitute successfully. This effect is not stackable or reset by using this or another binding move.",false,false,,,false,true,false,false,false,false,false,false,false,false,false,false,false,false,false,false,false,true,false
ba454283-0be8-4f1b-ba5d-c86ed0e24054,Aerial Ace,332,Flying,Physical,any,60,-1,0,20,This move does not check accuracy.,This move does not check accuracy.,false,false,,,false,false,false,false,false,true,false,false,false,false,false,false,false,false,false,false,false,false,true
ba88a297-6f87-41ec-9616-e9343fba8124,Metronome,118,Normal,Status,self,0,-1,0,10,Picks a random move.,"A random move is selected for use, other than After You, Apple Acid, Armor Cannon, Assist, Astral Barrage, Aura Wheel, Baneful Bunker, Beak Blast, Behemoth Bash, Behemoth Blade, Belch, Bestow, Blazing Torque, Body Press, Branch Poke, Breaking Swipe, Celebrate, Chatter, Chilling Water, Chilly Reception, Clangorous Soul, Collision Course, Combat Torque, Comeuppance, Copycat, Counter, Covet, Crafty Shield, Decorate, Destiny Bond, Detect, Diamond Storm, Doodle, Double Iron Bash, Double Shock, Dragon Ascent, Dragon Energy, Drum Beating, Dynamax Cannon, Electro Drift, Endure, Eternabeam, False Surrender, Feint, Fiery Wrath, Fillet Away, Fleur Cannon, Focus Punch, Follow Me, Freeze Shock, Freezing Glare, Glacial Lance, Grav Apple, Helping Hand, Hold Hands, Hyper Drill, Hyperspace Fury, Hyperspace Hole, Ice Burn, Instruct, Jet Punch, Jungle Healing, King's Shield, Life Dew, Light of Ruin, Magical Torque, Make It Rain, Mat Block, Me First, Meteor Assault, Metronome, Mimic, Mind Blown, Mirror Coat, Mirror Move, Moongeist Beam, Nature Power, Nature's Madness, Noxious Torque, Obstruct, Order Up, Origin Pulse, Overdrive, Photon Geyser, Plasma Fists, Population Bomb, Pounce, Power Shift, Precipice Blades, Protect, Pyro Ball, Quash, Quick Guard, Rage Fist, Rage Powder, Raging Bull, Raging Fury, Relic Song, Revival Blessing, Ruination, Salt Cure, Secret Sword, Shed Tail, Shell Trap, Silk Trap, Sketch, Sleep Talk, Snap Trap, Snarl, Snatch, Snore, Snowscape, Spectral Thief, Spicy Extract, Spiky Shield, Spirit Break, Spotlight, Springtide Storm, Steam Eruption, Steel Beam, Strange Steam, Struggle, Sunsteel Strike, Surging Strikes, Switcheroo, Techno Blast, Tera Starstorm, Thief, Thousand Arrows, Thousand Waves, Thunder Cage, Thunderous Kick, Tidy Up, Trailblaze, Transform, Trick, Twin Beam, V-create, Wicked Blow, Wicked Torque, or Wide Guard.",false,false,,,false,false,false,false,false,false,false,false,false,false,false,false,false,false,false,false,false,false,true
bb2f2e02-65ff-4fa0-a8dd-62f36d04b185,Take Down,36,Normal,Physical,normal,90,85,0,20,Has 1/4 recoil.,"If the target lost HP, the user takes recoil damage equal to 1/4 the HP lost by the target, rounded half up, but not less than 1 HP.",false,false,,,false,false,false,false,false,true,false,false,false,false,false,false,false,false,false,false,false,false,true
bc070972-979a-4e5e-88f9-8f9880525b1b,Jump Kick,26,Fighting,Physical,normal,100,95,0,10,User is hurt by 50% of its max HP if it misses.,"If this attack is not successful, the user loses half of its maximum HP, rounded down, as crash damage. Pokemon with the Magic Guard Ability are unaffected by crash damage.",false,false,,,false,false,false,false,false,true,false,false,false,false,false,false,false,false,false,false,false,false,false
bc0f9579-3308-4c25-9703-418faa9f5fce,Forest's Curse,571,Grass,Status,normal,0,100,0,20,Adds Grass to the target's type(s).,"Causes the Grass type to be added to the target, effectively making it have two or three types. Fails if the target is already a Grass type. If Trick-or-Treat adds a type to the target, it replaces the type added by this move and vice versa.",false,false,,,false,false,true,false,false,false,false,false,false,false,false,false,false,false,false,false,false,false,true
bc170957-d187-4fb9-8d57-4547b3b69b14,Rapid Spin,229,Normal,Physical,normal,50,100,0,40,Free user from hazards/bind/Leech Seed; +1 Spe.,"If this move is successful and the user has not fainted, the effects of Leech Seed and binding moves end for the user, and all hazards are removed from the user's side of the field. Has a 100% chance to raise the user's Speed by 1 stage.",true,false,,,false,false,false,false,false,true,false,false,false,false,false,false,false,false,true,false,false,false,true
bc3c3402-8d12-4e9e-8d64-9fa58a5ee3a6,Glitzy Glow,736,Psychic,Special,normal,80,95,0,15,Summons Light Screen.,This move summons Light Screen for 5 turns upon use.,false,false,,,false,false,false,false,false,false,false,false,false,false,false,false,false,false,false,false,false,false,false
bc6a55fd-99a6-4feb-b30a-0f39c6aeaf58,Secret Sword,548,Fighting,Special,normal,85,100,0,10,"Damages target based on Defense, not Sp. Def.",Deals damage to the target based on its Defense instead of Special Defense.,false,false,,,false,false,false,false,false,false,false,false,false,false,false,false,false,false,false,false,false,false,true
bc792c3d-2d44-4a2f-b22c-bd8c8493e035,Meteor Assault,794,Fighting,Physical,normal,150,100,0,5,User cannot move next turn.,"If this move is successful, the user must recharge on the following turn and cannot select a move.",false,false,,,false,false,false,false,false,false,false,false,false,false,false,false,false,false,false,false,false,false,false
bcc3b60f-914c-4840-9675-428cf9e6fe0a,Thousand Arrows,614,Ground,Physical,allAdjacentFoes,90,100,0,10,Grounds adjacent foes. First hit neutral on Flying.,"This move can hit airborne Pokemon, which includes Flying-type Pokemon, Pokemon with the Levitate Ability, Pokemon holding an Air Balloon, and Pokemon under the effect of Magnet Rise or Telekinesis. If the target is a Flying type and is not already grounded, this move deals neutral damage regardless of its other type(s). This move can hit a target using Bounce, Fly, or Sky Drop. If this move hits a target under the effect of Bounce, Fly, Magnet Rise, or Telekinesis, the effect ends. If the target is a Flying type that has not used Roost this turn or a Pokemon with the Levitate Ability, it loses its immunity to Ground-type attacks and the Arena Trap Ability as long as it remains active. During the effect, Magnet Rise fails for the target and Telekinesis fails against the target.",false,false,,,false,false,false,false,false,false,false,false,false,false,false,false,false,false,false,false,false,false,false
bce69204-7897-4e89-bed5-b30eaab52a3d,Grass Knot,447,Grass,Special,normal,0,100,0,20,More power the heavier the target.,"This move's power is 20 if the target weighs less than 10 kg, 40 if less than 25 kg, 60 if less than 50 kg, 80 if less than 100 kg, 100 if less than 200 kg, and 120 if greater than or equal to 200 kg.",false,false,,,false,false,false,false,false,true,false,false,false,false,false,false,false,false,false,false,false,false,true
bcfed5c6-8538-4a77-887f-87dfcbe1d955,G-Max Rapid Flow,1000,Water,Physical,adjacentFoe,10,-1,0,5,Base move affects power. Bypasses Max Guard.,"Power is equal to the base move's Max Move power. This move bypasses all protection effects, including Max Guard.",false,false,,,false,true,false,false,false,false,false,false,false,false,false,false,false,false,false,false,false,true,false
bd0b9f36-8441-4c9a-b4a4-a539e0d6d5e0,Quiver Dance,483,Bug,Status,self,0,-1,0,20,"Raises the user's Sp. Atk, Sp. Def, Speed by 1.","Raises the user's Special Attack, Special Defense, and Speed by 1 stage.",false,false,,,false,false,false,false,false,false,true,false,false,false,false,false,false,false,false,false,false,false,true
bd8d1b88-19f6-40c6-b986-eacfb1da1aea,Stomp,23,Normal,Physical,normal,65,100,0,20,30% chance to make the target flinch.,Has a 30% chance to make the target flinch. Damage doubles and no accuracy check is done if the target has used Minimize while active.,true,false,,,false,false,false,false,false,true,false,false,false,false,false,false,false,false,true,false,false,false,true
be00d0be-39cf-41d3-a8d3-be4f9f212fa2,Pound,1,Normal,Physical,normal,40,100,0,35,No additional effect.,No additional effect.,false,false,,,false,false,false,false,false,true,false,false,false,false,false,false,false,false,false,false,false,false,true
be1dd587-083e-4418-a3f1-a6bb97ec74dc,Max Flutterby,758,Bug,Physical,adjacentFoe,10,-1,0,10,Base move affects power. Foes: -1 Sp. Atk.,"Power is equal to the base move's Max Move power. If this move is successful, the Special Attack of each Pokemon on the opposing side is lowered by 1 stage, even if they have a substitute. This effect does not happen if the user is not Dynamaxed. If this move is used as a base move, it deals damage with a power of 0.",false,false,,,false,true,false,false,false,false,false,false,false,false,false,false,false,false,false,false,false,true,false
be42cf31-e9bd-4ea9-ab7c-8ddc0801de6d,Poison Gas,139,Poison,Status,allAdjacentFoes,0,90,0,40,Poisons the foe(s).,Poisons the target.,false,false,,,false,false,true,false,false,false,false,false,false,false,false,false,false,false,false,false,false,false,true
beaa90c7-c079-478f-af5e-27148366e2ba,Wake-Up Slap,358,Fighting,Physical,normal,70,100,0,10,"Power doubles if target is asleep, and wakes it.","Power doubles if the target is asleep. If the user has not fainted, the target wakes up.",false,false,,,false,false,false,false,false,true,false,false,false,false,false,false,false,false,false,false,false,false,false
beed9381-0ae1-4150-a291-b9687ab7faee,Wildbolt Storm,847,Electric,Special,allAdjacentFoes,100,80,0,10,20% chance to paralyze foe(s). Rain: can't miss.,"Has a 20% chance to paralyze the target. If the weather is Primordial Sea or Rain Dance, this move does not check accuracy. If this move is used against a Pokemon holding Utility Umbrella, this move's accuracy remains at 80%.",true,false,,,false,false,false,false,false,false,false,false,false,false,false,false,false,true,true,false,false,false,true
bf826453-deb7-441b-859a-b5e3d5b76c8a,Hydro Pump,56,Water,Special,normal,110,80,0,5,No additional effect.,No additional effect.,false,false,,,false,false,false,false,false,false,false,false,false,false,false,false,false,false,false,false,false,false,true
bfa6b277-631d-49f7-a59c-ec9a4c3cd9d5,Seismic Toss,69,Fighting,Physical,normal,0,100,0,20,Does damage equal to the user's level.,Deals damage to the target equal to the user's level.,false,false,,,false,false,false,false,false,true,false,false,false,false,false,false,false,false,false,false,false,false,true
bfcb79b7-a57c-4e11-b0ca-91f82df9da43,G-Max Malodor,1000,Poison,Physical,adjacentFoe,10,-1,0,5,Base move affects power. Foes: poisoned.,"Power is equal to the base move's Max Move power. If this move is successful, each Pokemon on the opposing side becomes poisoned, even if they have a substitute.",false,false,,,false,true,false,false,false,false,false,false,false,false,false,false,false,false,false,false,false,true,false
c04527e8-cc86-46ea-b762-722643a34ba6,Burn Up,682,Fire,Special,normal,130,100,0,5,User's Fire type becomes typeless; must be Fire.,"Fails unless the user is a Fire type. If this move is successful and the user is not Terastallized, the user's Fire type becomes typeless as long as it remains active.",false,false,,,false,false,false,false,false,false,false,false,false,false,false,false,false,false,false,false,false,false,false
c04fceee-feb8-4edf-9758-5c03413d0cf6,Tar Shot,749,Rock,Status,normal,0,100,0,15,Target gets -1 Spe and becomes weaker to Fire.,"Lowers the target's Speed by 1 stage. Until the target switches out, the effectiveness of Fire-type moves is doubled against it.",false,false,,,false,false,true,false,false,false,false,false,false,false,false,false,false,false,false,false,false,false,true
c0dbbe4f-ef4c-4fc7-8b5f-5a1317ed8f08,Celebrate,606,Normal,Status,self,0,-1,0,40,No competitive use.,No competitive use.,false,false,,,false,false,false,false,false,false,false,false,false,false,false,false,false,false,false,false,false,false,true
c1520e99-6834-45f2-be37-b6c14299f3b5,Lick,122,Ghost,Physical,normal,30,100,0,30,30% chance to paralyze the target.,Has a 30% chance to paralyze the target.,true,false,,,false,false,false,false,false,true,false,false,false,false,false,false,false,false,true,false,false,false,true
c1573260-9067-4c18-8171-8a7ff22e8649,Shelter,842,Steel,Status,self,0,-1,0,10,Raises the user's Defense by 2.,Raises the user's Defense by 2 stages.,false,false,,,false,false,false,false,false,false,false,false,false,false,false,false,false,false,false,false,false,false,true
c2c3a170-ebb4-4ba2-a9cc-672adae2a1bb,Glaive Rush,862,Dragon,Physical,normal,120,100,0,5,User takes sure-hit 2x damage until its next turn.,"If this move is successful, moves targeted at the user deal double damage and do not check accuracy until the user's next turn.",false,false,,,false,false,false,false,false,true,false,false,false,false,false,false,false,false,false,false,false,false,true
c2e48785-7456-49ac-8285-080f359a2179,Floaty Fall,731,Flying,Physical,normal,90,95,0,15,30% chance to make the target flinch.,Has a 30% chance to make the target flinch.,true,false,,,false,false,false,false,false,true,false,false,false,false,false,false,false,false,true,false,false,false,false
c3737e22-7755-4e67-921a-d267fdd479c7,Max Geyser,765,Water,Physical,adjacentFoe,10,-1,0,10,Base move affects power. Starts Rain Dance.,"Power is equal to the base move's Max Move power. If this move is successful, the effect of Rain Dance begins. This effect does not happen if the user is not Dynamaxed. If this move is used as a base move, it deals damage with a power of 0.",false,false,,,false,true,false,false,false,false,false,false,false,false,false,false,false,false,false,false,false,true,false
c3ced619-a527-4513-ae0b-42f550bda156,Mud Shot,341,Ground,Special,normal,55,95,0,15,100% chance to lower the target's Speed by 1.,Has a 100% chance to lower the target's Speed by 1 stage.,true,false,,,false,false,false,false,false,false,false,false,false,false,false,false,false,false,true,false,false,false,true
c403f306-836a-4357-9327-14a0186a3b16,Double-Edge,38,Normal,Physical,normal,120,100,0,15,Has 33% recoil.,"If the target lost HP, the user takes recoil damage equal to 33% the HP lost by the target, rounded half up, but not less than 1 HP.",false,false,,,false,false,false,false,false,true,false,false,false,false,false,false,false,false,false,false,false,false,true
c48d9b61-3f6b-4d17-bfbb-c9ad1310d4c2,Rain Dance,240,Water,Status,all,0,-1,0,5,"For 5 turns, heavy rain powers Water moves.","For 5 turns, the weather becomes Rain Dance. The damage of Water-type attacks is multiplied by 1.5 and the damage of Fire-type attacks is multiplied by 0.5 during the effect. Lasts for 8 turns if the user is holding Damp Rock. Fails if the current weather is Rain Dance.",false,false,,,false,false,false,false,false,false,false,false,false,false,false,false,false,false,false,false,false,false,true
c4a2daf1-24fb-4039-875e-785d95eb8ae6,Light of Ruin,617,Fairy,Special,normal,140,90,0,5,Has 1/2 recoil.,"If the target lost HP, the user takes recoil damage equal to 1/2 the HP lost by the target, rounded half up, but not less than 1 HP.",false,false,,,false,false,false,false,false,false,false,false,false,false,false,false,false,false,false,false,false,false,false
c4e6cabd-d067-436b-83f1-a34fededf452,Spectral Thief,712,Ghost,Physical,normal,90,100,0,10,Steals target's boosts before dealing damage.,The target's stat stages greater than 0 are stolen from it and applied to the user before dealing damage.,false,false,,,true,false,false,false,false,true,false,false,false,false,false,false,false,false,false,false,false,false,false
c5262ff5-756a-40d0-8831-47a6107e13bc,Brave Bird,413,Flying,Physical,any,120,100,0,15,Has 33% recoil.,"If the target lost HP, the user takes recoil damage equal to 33% the HP lost by the target, rounded half up, but not less than 1 HP.",false,false,,,false,false,false,false,false,true,false,false,false,false,false,false,false,false,false,false,false,false,true
c5cfa99c-3834-4059-b292-776e578123e0,Razor Leaf,75,Grass,Physical,allAdjacentFoes,55,95,0,25,High critical hit ratio. Hits adjacent foes.,Has a higher chance for a critical hit.,false,false,,,false,false,false,false,false,false,false,false,false,false,false,false,false,false,false,false,false,false,true
c5f49610-e592-48c7-a3ad-ae910507fec5,Hidden Power Ice,237,Ice,Special,normal,60,100,0,15,,,false,false,,,false,false,false,false,false,false,false,false,false,false,false,false,false,false,false,false,false,false,false
c6043863-a261-4280-bf9f-b8917fbd0321,Icy Wind,196,Ice,Special,allAdjacentFoes,55,95,0,15,100% chance to lower the foe(s) Speed by 1.,Has a 100% chance to lower the target's Speed by 1 stage.,true,false,,,false,false,false,false,false,false,false,false,false,false,false,false,false,true,true,false,false,false,true
c61c4256-537e-44ed-8294-e7c9a130090f,Magic Room,478,Psychic,Status,all,0,-1,0,10,"For 5 turns, all held items have no effect.","For 5 turns, the held items of all active Pokemon have no effect. An item's effect of causing forme changes is unaffected, but any other effects from such items are negated. During the effect, Fling and Natural Gift are prevented from being used by all active Pokemon. If this move is used during the effect, the effect ends.",false,false,,,false,false,false,false,false,false,false,false,false,false,false,false,false,false,false,false,false,false,true
c623b857-c873-429a-9885-c7224c1380ff,Icicle Crash,556,Ice,Physical,normal,85,90,0,10,30% chance to make the target flinch.,Has a 30% chance to make the target flinch.,true,false,,,false,false,false,false,false,false,false,false,false,false,false,false,false,false,true,false,false,false,true
c675a3c0-3d88-441f-bf2c-75c231ff7d05,Snore,173,Normal,Special,normal,50,100,0,15,User must be asleep. 30% chance to flinch target.,Has a 30% chance to make the target flinch. Fails if the user is not asleep.,true,false,,,true,false,false,false,false,false,false,false,false,false,false,false,true,false,true,false,false,false,true
c688cc60-13e4-45e7-b00f-ef6c5474f4db,Absorb,71,Grass,Special,normal,20,100,0,25,User recovers 50% of the damage dealt.,"The user recovers 1/2 the HP lost by the target, rounded half up. If Big Root is held by the user, the HP recovered is 1.3x normal, rounded half down.",false,false,,,false,false,false,false,false,false,false,true,false,false,false,false,false,false,false,false,false,false,true
c6962d2a-8d5f-408c-ba48-b56b645b974d,Retaliate,514,Normal,Physical,normal,70,100,0,5,Power doubles if an ally fainted last turn.,Power doubles if one of the user's party members fainted last turn.,false,false,,,false,false,false,false,false,true,false,false,false,false,false,false,false,false,false,false,false,false,true
c6a8438e-858b-4ead-906e-a375bcb41ec4,Torment,259,Dark,Status,normal,0,100,0,15,Target can't select the same move twice in a row.,Prevents the target from selecting the same move for use two turns in a row. This effect ends when the target is no longer active.,false,false,,,true,false,true,false,false,false,false,false,false,false,false,false,false,false,false,false,false,false,true
c6b77394-4e20-4481-b5f7-1ec95df63f84,Esper Wing,840,Psychic,Special,normal,80,100,0,10,100% chance to raise user Speed by 1. High crit.,Has a 100% chance to raise the user's Speed by 1 stage and a higher chance for a critical hit.,true,false,,,false,false,false,false,false,false,false,false,false,false,false,false,false,false,true,false,false,false,true
c6fe45d6-061d-428f-be84-7078630b5c86,Spirit Shackle,662,Ghost,Physical,normal,80,100,0,10,Prevents the target from switching out.,"Prevents the target from switching out. The target can still switch out if it is holding Shed Shell or uses Baton Pass, Flip Turn, Parting Shot, Teleport, U-turn, or Volt Switch. The effect ends if either the user or the target leaves the field.",true,false,,,false,false,false,false,false,false,false,false,false,false,false,false,false,false,true,false,false,false,true
c7082dc3-f833-40b1-b7ec-4ddcd9eca92c,Flower Trick,870,Grass,Physical,normal,70,-1,0,10,Always results in a critical hit; no accuracy check.,This move is always a critical hit unless the target is under the effect of Lucky Chant or has the Battle Armor or Shell Armor Abilities. This move does not check accuracy.,false,false,,,false,false,false,false,false,false,false,false,false,false,false,false,false,false,false,false,false,false,true
c74071c7-e1a5-49ef-9efe-228eb901f500,Thunderbolt,85,Electric,Special,normal,90,100,0,15,10% chance to paralyze the target.,Has a 10% chance to paralyze the target.,true,false,,,false,false,false,false,false,false,false,false,false,false,false,false,false,false,true,false,false,false,true
c787bbcf-c3b2-48f4-bf3a-09cb1f8220c4,Collision Course,878,Fighting,Physical,normal,100,100,0,5,Deals 1.3333x damage with supereffective hits.,Damage is multiplied by 1.3333 if this move is super effective against the target.,false,false,,,false,false,false,false,false,true,false,false,false,false,false,false,false,false,false,false,false,false,true
c787c9d8-cc11-468e-8d07-fba39ecae33c,Ominous Wind,466,Ghost,Special,normal,60,100,0,5,10% chance to raise all stats by 1 (not acc/eva).,"Has a 10% chance to raise the user's Attack, Defense, Special Attack, Special Defense, and Speed by 1 stage.",true,false,,,false,false,false,false,false,false,false,false,false,false,false,false,false,false,true,false,false,false,false
c7fc0e7b-99e9-4bbd-918f-298fd788677e,King's Shield,588,Steel,Status,self,0,-1,4,10,Protects from damaging attacks. Contact: -1 Atk.,"The user is protected from most attacks made by other Pokemon during this turn, and Pokemon trying to make contact with the user have their Attack lowered by 1 stage. Non-damaging moves go through this protection. This move has a 1/X chance of being successful, where X starts at 1 and triples each time this move is successfully used. X resets to 1 if this move fails, if the user's last move used is not Baneful Bunker, Burning Bulwark, Detect, Endure, King's Shield, Max Guard, Obstruct, Protect, Quick Guard, Silk Trap, Spiky Shield, or Wide Guard, or if it was one of those moves and the user's protection was broken. Fails if the user moves last this turn.",false,false,,,false,false,false,false,false,false,false,false,false,false,false,false,false,false,false,false,false,false,false
c8444c7f-24dc-45a3-9f1d-73d10f3810cf,Max Phantasm,762,Ghost,Physical,adjacentFoe,10,-1,0,10,Base move affects power. Foes: -1 Defense.,"Power is equal to the base move's Max Move power. If this move is successful, the Defense of each Pokemon on the opposing side is lowered by 1 stage, even if they have a substitute. This effect does not happen if the user is not Dynamaxed. If this move is used as a base move, it deals damage with a power of 0.",false,false,,,false,true,false,false,false,false,false,false,false,false,false,false,false,false,false,false,false,true,false
c8cea13d-9474-422b-914c-395b448c16d7,Stockpile,254,Normal,Status,self,0,-1,0,20,"Raises user's Defense, Sp. Def by 1. Max 3 uses.",Raises the user's Defense and Special Defense by 1 stage. The user's Stockpile count increases by 1. Fails if the user's Stockpile count is 3. The user's Stockpile count is reset to 0 when it is no longer active.,false,false,,,false,false,false,false,false,false,false,false,false,false,false,false,false,false,false,false,false,false,true
c8df9913-61b6-4e93-b3ca-9119a36e814a,Morning Sun,234,Normal,Status,self,0,-1,0,5,Heals the user by a weather-dependent amount.,"The user restores 1/2 of its maximum HP if Delta Stream or no weather conditions are in effect or if the user is holding Utility Umbrella, 2/3 of its maximum HP if the weather is Desolate Land or Sunny Day, and 1/4 of its maximum HP if the weather is Primordial Sea, Rain Dance, Sandstorm, or Snow, all rounded half down.",false,false,,,false,false,false,false,false,false,false,true,false,false,false,false,false,false,false,false,false,false,true
c8e409af-9089-45f6-b95d-5ee0a7e1342a,Switcheroo,415,Dark,Status,normal,0,100,0,10,User switches its held item with the target's.,"The user swaps its held item with the target's held item. Fails if either the user or the target is holding a Mail or Z-Crystal, if neither is holding an item, if the user is trying to give or take a Mega Stone to or from the species that can Mega Evolve with it, or if the user is trying to give or take a Blue Orb, a Red Orb, a Griseous Orb, a Plate, a Drive, or a Memory to or from a Kyogre, a Groudon, a Giratina, an Arceus, a Genesect, or a Silvally, respectively. The target is immune to this move if it has the Sticky Hold Ability.",false,false,,,false,false,false,false,false,false,false,false,false,false,false,false,false,false,false,false,false,false,true
c9c2f6a8-867f-4a66-9953-33b1d5506bf6,Reflect Type,513,Normal,Status,normal,0,-1,0,15,User becomes the same type as the target.,"Causes the user's types to become the same as the current types of the target. If the target's current types include typeless and a non-added type, typeless is ignored. If the target's current types include typeless and an added type from Forest's Curse or Trick-or-Treat, typeless is copied as the Normal type instead. Fails if the user is an Arceus or a Silvally, if the user is Terastallized, or if the target's current type is typeless alone.",false,false,,,true,false,false,false,false,false,false,false,false,false,false,false,false,false,false,false,false,false,true
ca26a118-e393-4d64-8e68-c38d7cf3cc8b,Devastating Drake,652,Dragon,Physical,normal,1,-1,0,1,Power is equal to the base move's Z-Power.,Power is equal to the base move's Z-Power.,false,false,,,false,true,false,false,false,false,false,false,false,false,false,false,false,false,false,false,true,false,false
ca745a23-ce38-4360-9b56-8b916901d18f,Heart Stamp,531,Psychic,Physical,normal,60,100,0,25,30% chance to make the target flinch.,Has a 30% chance to make the target flinch.,true,false,,,false,false,false,false,false,true,false,false,false,false,false,false,false,false,true,false,false,false,false
cb13b8f4-d807-45c3-ab5e-c7806e1b1560,Camouflage,293,Normal,Status,self,0,-1,0,20,Changes user's type by terrain (default Normal).,"The user's type changes based on the battle terrain. Normal type on the regular Wi-Fi terrain, Electric type during Electric Terrain, Fairy type during Misty Terrain, Grass type during Grassy Terrain, and Psychic type during Psychic Terrain. Fails if the user's type cannot be changed or if the user is already purely that type.",false,false,,,false,false,false,false,false,false,false,false,false,false,false,false,false,false,false,false,false,false,false
cb42d0d3-584a-49bc-a26e-52d83d8d33f4,Raging Bull,873,Normal,Physical,normal,90,100,0,10,Destroys screens. Type depends on user's form.,"If this attack does not miss, the effects of Reflect, Light Screen, and Aurora Veil end for the target's side of the field before damage is calculated. If the user's current form is a Paldean Tauros, this move's type changes to match. Fighting type for Combat Breed, Fire type for Blaze Breed, and Water type for Aqua Breed.",false,false,,,false,false,false,false,false,true,false,false,false,false,false,false,false,false,false,false,false,false,true
cb85ec28-88b8-4e9b-ba41-297a021b363c,Superpower,276,Fighting,Physical,normal,120,100,0,5,Lowers the user's Attack and Defense by 1.,Lowers the user's Attack and Defense by 1 stage.,false,false,,,false,false,false,false,false,true,false,false,false,false,false,false,false,false,false,false,false,false,true
cbf215b7-ebf0-4c00-bbff-b67e93d0885b,U-turn,369,Bug,Physical,normal,70,100,0,20,User switches out after damaging the target.,"If this move is successful and the user has not fainted, the user switches out even if it is trapped and is replaced immediately by a selected party member. The user does not switch out if there are no unfainted party members, or if the target switched out using an Eject Button or through the effect of the Emergency Exit or Wimp Out Abilities.",false,false,,,false,false,false,false,false,true,false,false,false,false,false,false,false,false,false,false,false,false,true
cc782b78-b78b-464c-8277-26fc2b2ae451,Mean Look,212,Normal,Status,normal,0,-1,0,5,Prevents the target from switching out.,"Prevents the target from switching out. The target can still switch out if it is holding Shed Shell or uses Baton Pass, Flip Turn, Parting Shot, Teleport, U-turn, or Volt Switch. The effect ends if either the user or the target leaves the field.",false,false,,,false,false,true,false,false,false,false,false,false,false,false,false,false,false,false,false,false,false,true
cc78a333-bc91-4747-8c27-76c37761aa83,Tackle,33,Normal,Physical,normal,40,100,0,35,No additional effect.,No additional effect.,false,false,,,false,false,false,false,false,true,false,false,false,false,false,false,false,false,false,false,false,false,true
ccd98b5d-0dc1-4bf5-bab7-9647b1bd9995,Shadow Punch,325,Ghost,Physical,normal,60,-1,0,20,This move does not check accuracy.,This move does not check accuracy.,false,false,,,false,false,false,false,false,true,false,false,false,false,true,false,false,false,false,false,false,false,true
cce2ca72-ffba-4ead-a6dc-30fd73455fb0,Behemoth Blade,781,Steel,Physical,normal,100,100,0,5,No additional effect.,No additional effect.,false,false,,,false,false,false,false,false,true,false,false,false,false,false,false,false,false,false,false,false,false,true
ccfc2777-c9f1-4ddb-82f0-06f8424f37bc,Hydro Cannon,308,Water,Special,normal,150,90,0,5,User cannot move next turn.,"If this move is successful, the user must recharge on the following turn and cannot select a move.",false,false,,,false,false,false,false,false,false,false,false,false,false,false,false,false,false,false,false,false,false,true
cd185889-e52b-4d8f-ad30-7d1a5e23ad88,Detect,197,Fighting,Status,self,0,-1,4,5,Prevents moves from affecting the user this turn.,"The user is protected from most attacks made by other Pokemon during this turn. This move has a 1/X chance of being successful, where X starts at 1 and triples each time this move is successfully used. X resets to 1 if this move fails, if the user's last move used is not Baneful Bunker, Burning Bulwark, Detect, Endure, King's Shield, Max Guard, Obstruct, Protect, Quick Guard, Silk Trap, Spiky Shield, or Wide Guard, or if it was one of those moves and the user's protection was broken. Fails if the user moves last this turn.",false,false,,,false,false,false,false,false,false,false,false,false,false,false,false,false,false,false,false,false,false,true
cd93da06-3edc-46cf-8ed7-78b30a7acc81,Snarl,555,Dark,Special,allAdjacentFoes,55,95,0,15,100% chance to lower the foe(s) Sp. Atk by 1.,Has a 100% chance to lower the target's Special Attack by 1 stage.,true,false,,,true,false,false,false,false,false,false,false,false,false,false,false,true,false,true,false,false,false,true
cda1112e-5862-40b4-961d-1de6c3eb5d4b,Simple Beam,493,Normal,Status,normal,0,100,0,15,The target's Ability becomes Simple.,"Causes the target's Ability to become Simple. Fails if the target's Ability is As One, Battle Bond, Comatose, Disguise, Gulp Missile, Ice Face, Multitype, Power Construct, RKS System, Schooling, Shields Down, Simple, Stance Change, Tera Shift, Truant, Zen Mode, or Zero to Hero.",false,false,,,false,false,true,false,false,false,false,false,false,false,false,false,false,false,false,false,false,false,true
cdc68fc5-fb8f-4da6-9002-15668b88bc1a,Venom Drench,599,Poison,Status,allAdjacentFoes,0,100,0,20,Lowers Atk/Sp. Atk/Speed of poisoned foes by 1.,"Lowers the target's Attack, Special Attack, and Speed by 1 stage if the target is poisoned. Fails if the target is not poisoned.",false,false,,,false,false,true,false,false,false,false,false,false,false,false,false,false,false,false,false,false,false,false
cde432e1-1a9b-4e31-8d13-3205d5ca2aa2,Avalanche,419,Ice,Physical,normal,60,100,-4,10,Power doubles if user is damaged by the target.,Power doubles if the user was hit by the target this turn.,false,false,,,false,false,false,false,false,true,false,false,false,false,false,false,false,false,false,false,false,false,true
ce06f170-1e93-4483-97b3-a271ab0aabd4,Worry Seed,388,Grass,Status,normal,0,100,0,10,The target's Ability becomes Insomnia.,"Causes the target's Ability to become Insomnia. Fails if the target's Ability is As One, Battle Bond, Comatose, Disguise, Gulp Missile, Ice Face, Insomnia, Multitype, Power Construct, RKS System, Schooling, Shields Down, Stance Change, Tera Shift, Truant, Zen Mode, or Zero to Hero.",false,false,,,false,false,true,false,false,false,false,false,false,false,false,false,false,false,false,false,false,false,true
ce59f4d2-804c-4491-b744-87ac22135b79,Mat Block,561,Fighting,Status,allySide,0,-1,0,10,Protects allies from damaging attacks. Turn 1 only.,"The user and its party members are protected from damaging attacks made by other Pokemon, including allies, during this turn. Fails unless it is the user's first turn on the field, if the user moves last this turn, or if this move is already in effect for the user's side.",false,false,,,false,false,false,false,false,false,false,false,false,false,false,false,false,false,false,false,false,false,false
ce6ae774-b85e-48dc-95e5-faa27c2b11e7,Struggle Bug,522,Bug,Special,allAdjacentFoes,50,100,0,20,100% chance to lower the foe(s) Sp. Atk by 1.,Has a 100% chance to lower the target's Special Attack by 1 stage.,true,false,,,false,false,false,false,false,false,false,false,false,false,false,false,false,false,true,false,false,false,true
ce6ca471-9096-48d3-bc00-67e6fc98a607,Giga Drain,202,Grass,Special,normal,75,100,0,10,User recovers 50% of the damage dealt.,"The user recovers 1/2 the HP lost by the target, rounded half up. If Big Root is held by the user, the HP recovered is 1.3x normal, rounded half down.",false,false,,,false,false,false,false,false,false,false,true,false,false,false,false,false,false,false,false,false,false,true
ce8d8eb8-b686-4081-905b-83c3d8b6881f,Mirror Coat,243,Psychic,Special,scripted,0,100,-5,20,"If hit by special attack, returns double damage.","Deals damage to the last opposing Pokemon to hit the user with a special attack this turn equal to twice the HP lost by the user from that attack. If the user did not lose HP from the attack, this move deals 1 HP of damage instead. If that opposing Pokemon's position is no longer in use and there is another opposing Pokemon on the field, the damage is done to it instead. Only the last hit of a multi-hit attack is counted. Fails if the user was not hit by an opposing Pokemon's special attack this turn.",false,false,,,false,false,false,false,false,false,false,false,false,false,false,false,false,false,false,false,false,false,true
ce9e677a-5352-4e9b-8e6d-3e4b5b7d87ab,Slack Off,303,Normal,Status,self,0,-1,0,5,Heals the user by 50% of its max HP.,"The user restores 1/2 of its maximum HP, rounded half up.",false,false,,,false,false,false,false,false,false,false,true,false,false,false,false,false,false,false,false,false,false,true
ceb66358-9c0e-4488-bdef-8272c4f50b3a,Frenzy Plant,338,Grass,Special,normal,150,90,0,5,User cannot move next turn.,"If this move is successful, the user must recharge on the following turn and cannot select a move.",false,false,,,false,false,false,false,false,false,false,false,false,false,false,false,false,false,false,false,false,false,true
cf05fb81-9acf-4fbe-bf47-2b887761c025,Bleakwind Storm,846,Flying,Special,allAdjacentFoes,100,80,0,10,30% to lower foe(s) Speed by 1. Rain: can't miss.,"Has a 30% chance to lower the target's Speed by 1 stage. If the weather is Primordial Sea or Rain Dance, this move does not check accuracy. If this move is used against a Pokemon holding Utility Umbrella, this move's accuracy remains at 80%.",true,false,,,false,false,false,false,false,false,false,false,false,false,false,false,false,true,true,false,false,false,true
d099ad50-5b0f-47f4-a903-78105d80b62d,Anchor Shot,677,Steel,Physical,normal,80,100,0,20,Prevents the target from switching out.,"Prevents the target from switching out. The target can still switch out if it is holding Shed Shell or uses Baton Pass, Flip Turn, Parting Shot, Teleport, U-turn, or Volt Switch. The effect ends if either the user or the target leaves the field.",true,false,,,false,false,false,false,false,true,false,false,false,false,false,false,false,false,true,false,false,false,false
d09a2113-3963-440c-b20a-eedb645cfde4,Venoshock,474,Poison,Special,normal,65,100,0,10,Power doubles if the target is poisoned.,Power doubles if the target is poisoned.,false,false,,,false,false,false,false,false,false,false,false,false,false,false,false,false,false,false,false,false,false,true
d0cbcf2c-c981-4873-9389-4516f7e4d10d,Hammer Arm,359,Fighting,Physical,normal,100,90,0,10,Lowers the user's Speed by 1.,Lowers the user's Speed by 1 stage.,false,false,,,false,false,false,false,false,true,false,false,false,false,true,false,false,false,false,false,false,false,true
d14709aa-b3bc-47b7-a883-8784c71e6318,Supersonic,48,Normal,Status,normal,0,55,0,20,Causes the target to become confused.,Causes the target to become confused.,false,false,,,true,false,true,false,false,false,false,false,false,false,false,false,true,false,false,false,false,false,true
d193693c-2379-4cb9-9388-785aca08af3b,Discharge,435,Electric,Special,allAdjacent,80,100,0,15,30% chance to paralyze adjacent Pokemon.,Has a 30% chance to paralyze the target.,true,false,,,false,false,false,false,false,false,false,false,false,false,false,false,false,false,true,false,false,false,true
d1e66be8-ef6b-47b1-98c1-b2ac7673ae9d,Poison Powder,77,Poison,Status,normal,0,75,0,35,Poisons the target.,Poisons the target.,false,false,,,false,false,true,false,false,false,false,false,true,false,false,false,false,false,false,false,false,false,true
d1e7502c-6e2c-430a-8184-f92a38d358be,Bolt Beak,754,Electric,Physical,normal,85,100,0,10,Power doubles if user moves before the target.,Power doubles if the user moves before the target.,false,false,,,false,false,false,false,false,true,false,false,false,false,false,false,false,false,false,false,false,false,false
d234b55c-bde1-4855-babe-9302de6cc6fb,Freeze Shock,553,Ice,Physical,normal,140,90,0,5,Charges turn 1. Hits turn 2. 30% paralyze.,"Has a 30% chance to paralyze the target. This attack charges on the first turn and executes on the second. If the user is holding a Power Herb, the move completes in one turn.",true,false,,,false,false,false,false,false,false,false,false,false,false,false,false,false,false,true,false,false,false,true
d2b09145-4771-44ba-93bd-f756c8279cc3,Shadow Claw,421,Ghost,Physical,normal,70,100,0,15,High critical hit ratio.,Has a higher chance for a critical hit.,false,false,,,false,false,false,false,false,true,false,false,false,false,false,false,false,false,false,false,false,false,true
d2b3f95a-1ffa-4175-9f2a-a125869bc698,G-Max Resonance,1000,Ice,Physical,adjacentFoe,10,-1,0,5,Base move affects power. Allies: Aurora Veil.,"Power is equal to the base move's Max Move power. If this move is successful, the effect of Aurora Veil begins on the user's side.",false,false,,,false,true,false,false,false,false,false,false,false,false,false,false,false,false,false,false,false,true,false
d37cd94a-66f2-4e16-b37f-2bf1d413e3df,Earth Power,414,Ground,Special,normal,90,100,0,10,10% chance to lower the target's Sp. Def by 1.,Has a 10% chance to lower the target's Special Defense by 1 stage.,true,false,,,false,false,false,false,false,false,false,false,false,false,false,false,false,false,true,false,false,false,true
d3a962a3-9831-46f5-8014-22642cf800c6,High Horsepower,667,Ground,Physical,normal,95,95,0,10,No additional effect.,No additional effect.,false,false,,,false,false,false,false,false,true,false,false,false,false,false,false,false,false,false,false,false,false,true
d44296f9-dfda-497b-a0d8-6ac1d50a836f,Pika Papow,732,Electric,Special,normal,0,-1,0,20,Max happiness: 102 power. Can't miss.,"Power is equal to the greater of (user's Happiness * 2/5), rounded down, or 1.",false,false,,,false,false,false,false,false,false,false,false,false,false,false,false,false,false,false,false,false,false,false
d451e31c-4d34-4e89-bbfd-76335e697e78,Hidden Power Rock,237,Rock,Special,normal,60,100,0,15,,,false,false,,,false,false,false,false,false,false,false,false,false,false,false,false,false,false,false,false,false,false,false
d466dd1c-0564-4590-86b1-396a042c6f64,Future Sight,248,Psychic,Special,normal,120,100,0,10,Hits two turns after being used.,"Deals damage two turns after this move is used. At the end of that turn, the damage is calculated at that time and dealt to the Pokemon at the position the target had when the move was used. If the user is no longer active at the time, damage is calculated based on the user's natural Special Attack stat, types, and level, with no boosts from its held item or Ability. Fails if this move or Doom Desire is already in effect for the target's position.",false,false,,,false,true,false,false,false,false,false,false,false,false,false,false,false,false,false,false,false,false,true
d46b63b4-094f-430b-9361-17ed79bcc478,Misty Terrain,581,Fairy,Status,all,0,-1,0,10,"5 turns. Can't status,-Dragon power vs grounded.","For 5 turns, the terrain becomes Misty Terrain. During the effect, the power of Dragon-type attacks used against grounded Pokemon is multiplied by 0.5 and grounded Pokemon cannot be inflicted with a non-volatile status condition nor confusion. Grounded Pokemon can become affected by Yawn but cannot fall asleep from its effect. Camouflage transforms the user into a Fairy type, Nature Power becomes Moonblast, and Secret Power has a 30% chance to lower Special Attack by 1 stage. Fails if the current terrain is Misty Terrain.",false,false,,,false,false,false,false,false,false,false,false,false,false,false,false,false,false,false,false,false,false,true
d4764216-3b59-490c-9c61-e4e22f87f64c,Combat Torque,899,Fighting,Physical,normal,100,100,0,10,30% chance to paralyze the target.,Has a 30% chance to paralyze the target.,true,false,,,false,false,false,false,false,false,false,false,false,false,false,false,false,false,true,false,false,false,false
d4ec263b-df03-40ea-a591-27058df6f378,Hidden Power Dark,237,Dark,Special,normal,60,100,0,15,,,false,false,,,false,false,false,false,false,false,false,false,false,false,false,false,false,false,false,false,false,false,false
d5a583a2-98bf-4375-8776-cca98e7f2a76,Odor Sleuth,316,Normal,Status,normal,0,-1,0,40,"Fighting, Normal hit Ghost. Evasiveness ignored.","As long as the target remains active, its evasiveness stat stage is ignored during accuracy checks against it if it is greater than 0, and Normal- and Fighting-type attacks can hit the target if it is a Ghost type. Fails if the target is already affected, or affected by Foresight or Miracle Eye.",false,false,,,true,false,true,false,false,false,false,false,false,false,false,false,false,false,false,false,false,false,false
d5c1d0a3-6a67-4663-b941-36ef630c06ef,Temper Flare,915,Fire,Physical,normal,75,100,0,10,Power doubles if the user's last move failed.,"Power doubles if the user's last move on the previous turn, including moves called by other moves or those used through Instruct, Magic Coat, Snatch, or the Dancer or Magic Bounce Abilities, failed to do any of its normal effects, not including damage from an unsuccessful High Jump Kick, Jump Kick, or Mind Blown, or if the user was prevented from moving by any effect other than recharging or Sky Drop. A move that was blocked by Baneful Bunker, Detect, King's Shield, Protect, Spiky Shield, Crafty Shield, Mat Block, Quick Guard, or Wide Guard will not double this move's power, nor will Bounce or Fly ending early due to the effect of Gravity, Smack Down, or Thousand Arrows.",false,false,,,false,false,false,false,false,true,false,false,false,false,false,false,false,false,false,false,false,false,true
d5e582a1-7fef-4f38-82ff-1d5f7679fe8b,Howl,336,Normal,Status,allies,0,-1,0,40,Raises the user's and ally's Attack by 1.,Raises the Attack of the user and all allies 1 stage.,false,false,,,false,false,false,false,false,false,false,false,false,false,false,false,true,false,false,false,false,false,true
d5fec232-0be6-4775-b491-b99305dc1dba,Brutal Swing,693,Dark,Physical,allAdjacent,60,100,0,20,No additional effect. Hits adjacent Pokemon.,No additional effect.,false,false,,,false,false,false,false,false,true,false,false,false,false,false,false,false,false,false,false,false,false,true
d632ccaf-26eb-4753-a99e-05b60efacfe9,G-Max Stun Shock,1000,Electric,Physical,adjacentFoe,10,-1,0,10,Base move affects power. Foes: psn or par.,"Power is equal to the base move's Max Move power. If this move is successful, each Pokemon on the opposing side either becomes poisoned or paralyzed, even if they have a substitute.",false,false,,,false,true,false,false,false,false,false,false,false,false,false,false,false,false,false,false,false,true,false
d636e77b-c156-4764-910d-8cf00dc2d75f,Fake Tears,313,Dark,Status,normal,0,100,0,20,Lowers the target's Sp. Def by 2.,Lowers the target's Special Defense by 2 stages.,false,false,,,false,false,true,false,false,false,false,false,false,false,false,false,false,false,false,false,false,false,true
d6aa3bca-f27e-4eb7-a2bb-a0a9fbfdd3cf,Max Ooze,764,Poison,Physical,adjacentFoe,10,-1,0,10,Base move affects power. Allies: +1 Sp. Atk.,"Power is equal to the base move's Max Move power. If this move is successful, the Special Attack of each Pokemon on the user's side is raised by 1 stage, even if they have a substitute. This effect does not happen if the user is not Dynamaxed. If this move is used as a base move, it deals damage with a power of 0.",false,false,,,false,true,false,false,false,false,false,false,false,false,false,false,false,false,false,false,false,true,false
d75b53d1-eb81-49b4-aeef-653e0bdf331e,Overheat,315,Fire,Special,normal,130,90,0,5,Lowers the user's Sp. Atk by 2.,Lowers the user's Special Attack by 2 stages.,false,false,,,false,false,false,false,false,false,false,false,false,false,false,false,false,false,false,false,false,false,true
d79607b3-0e8b-4267-a420-00f7a7ed21be,Electro Shot,905,Electric,Special,normal,130,100,0,10,"Raises Sp. Atk by 1, hits turn 2. Rain: no charge.","This attack charges on the first turn and executes on the second. Raises the user's Special Attack by 1 stage on the first turn. If the user is holding a Power Herb or the weather is Primordial Sea or Rain Dance, the move completes in one turn. If the user is holding Utility Umbrella and the weather is Primordial Sea or Rain Dance, the move still requires a turn to charge.",false,false,,,false,false,false,false,false,false,false,false,false,false,false,false,false,false,true,false,false,false,true
d7ea8b35-6a69-4f09-b123-4ceea58aee09,Rock Throw,88,Rock,Physical,normal,50,90,0,15,No additional effect.,No additional effect.,false,false,,,false,false,false,false,false,false,false,false,false,false,false,false,false,false,false,false,false,false,true
d8ce167d-3523-46f9-a7e3-1b10703e298f,Wish,273,Normal,Status,self,0,-1,0,10,"Next turn, 50% of the user's max HP is restored.","At the end of the next turn, the Pokemon at the user's position has 1/2 of the user's maximum HP restored to it, rounded down. Fails if this move is already in effect for the user's position.",false,false,,,false,false,false,false,false,false,false,true,false,false,false,false,false,false,false,false,false,false,true
d8ee27a4-79e0-4824-bb6c-513ad8f05049,Raging Fury,833,Fire,Physical,randomNormal,120,100,0,10,Lasts 2-3 turns. Confuses the user afterwards.,"The user spends two or three turns locked into this move and becomes confused immediately after its move on the last turn of the effect if it is not already. This move targets an opposing Pokemon at random on each turn. If the user is prevented from moving, is asleep at the beginning of a turn, or the attack is not successful against the target on the first turn of the effect or the second turn of a three-turn effect, the effect ends without causing confusion. If this move is called by Sleep Talk and the user is asleep, the move is used for one turn and does not confuse the user.",false,false,,,false,false,false,false,false,false,false,false,false,false,false,false,false,false,false,false,false,false,true
d905fd70-9ab8-4b54-a848-eee00f69d8b8,Mirror Move,119,Flying,Status,normal,0,-1,0,20,User uses the target's last used move against it.,"The user uses the last move used by the target. The copied move is used against that target, if possible. Fails if the target has not made a move, or if the last move used cannot be copied by this move.",false,false,,,false,false,false,false,false,false,false,false,false,false,false,false,false,false,false,false,false,false,false
d9188d29-2f52-4552-bca1-ccdec0968f5c,Sheer Cold,329,Ice,Special,normal,0,30,0,5,OHKOs non-Ice targets. Fails if user's lower level.,"Deals damage to the target equal to the target's maximum HP. Ignores accuracy and evasiveness modifiers. This attack's accuracy is equal to (user's level - target's level + X)%, where X is 30 if the user is an Ice type and 20 otherwise, and fails if the target is at a higher level. Ice-type Pokemon and Pokemon with the Sturdy Ability are immune.",false,false,,,false,false,false,false,false,false,false,false,false,false,false,false,false,false,false,true,false,false,true
d95fad9a-4b00-4057-a5b6-33bfe1df1583,Extreme Evoboost,702,Normal,Status,self,0,-1,0,1,"Raises user's Atk, Def, SpA, SpD, and Spe by 2.","Raises the user's Attack, Defense, Special Attack, Special Defense, and Speed by 2 stages.",false,false,,,false,false,false,false,false,false,false,false,false,false,false,false,false,false,false,false,true,false,false
d96ae9dc-b5b7-4b12-a202-29dad310b89e,Safeguard,219,Normal,Status,allySide,0,-1,0,25,"For 5 turns, protects user's party from status.","For 5 turns, the user and its party members cannot have non-volatile status conditions or confusion inflicted on them by other Pokemon. Pokemon on the user's side cannot become affected by Yawn but can fall asleep from its effect. It is removed from the user's side if the user or an ally is successfully hit by Defog. Fails if the effect is already active on the user's side.",false,false,,,false,false,false,false,false,false,false,false,false,false,false,false,false,false,false,false,false,false,true
d970c437-93bd-4e53-b517-2e9ee34870a2,G-Max Hydrosnipe,1000,Water,Physical,adjacentFoe,160,-1,0,5,Always 160 power. Ignores Abilities.,Power is 160 regardless of the base move's Max Move power. This move and its effects ignore the Abilities of other Pokemon.,false,false,,,false,true,false,false,false,false,false,false,false,false,false,false,false,false,false,false,false,true,false
d97df9de-0201-47d3-b30c-753e288a8203,Ice Shard,420,Ice,Physical,normal,40,100,1,30,Usually goes first.,No additional effect.,false,false,,,false,false,false,false,false,false,false,false,false,false,false,false,false,false,false,false,false,false,true
d9be8cf9-c7f3-4cad-adc8-cdbedd48ff30,Metal Claw,232,Steel,Physical,normal,50,95,0,35,10% chance to raise the user's Attack by 1.,Has a 10% chance to raise the user's Attack by 1 stage.,true,false,,,false,false,false,false,false,true,false,false,false,false,false,false,false,false,true,false,false,false,true
d9e34e40-4738-41a8-98ff-ec3e59f8e6c4,Double Iron Bash,742,Steel,Physical,normal,60,100,0,5,Hits twice. 30% chance to make the target flinch.,"Hits twice. If the first hit breaks the target's substitute, it will take damage for the second hit. Has a 30% chance to make the target flinch.",true,true,,,false,false,false,false,false,true,false,false,false,false,true,false,false,false,true,false,false,false,false
da111a7f-cf49-4a36-9b89-ca482980668e,Cut,15,Normal,Physical,normal,50,95,0,30,No additional effect.,No additional effect.,false,false,,,false,false,false,false,false,true,false,false,false,false,false,false,false,false,false,false,false,false,false
db370017-9b2e-412f-ae35-4a25e5bb4d37,Ion Deluge,569,Electric,Status,all,0,-1,1,25,Normal moves become Electric type this turn.,Causes Normal-type moves to become Electric type this turn. The effect happens after other effects that change a move's type.,false,false,,,false,false,false,false,false,false,false,false,false,false,false,false,false,false,false,false,false,false,false
db7f1116-3c87-4eae-9b66-3390b9e8fdc1,Scary Face,184,Normal,Status,normal,0,100,0,10,Lowers the target's Speed by 2.,Lowers the target's Speed by 2 stages.,false,false,,,false,false,true,false,false,false,false,false,false,false,false,false,false,false,false,false,false,false,true
dba934a9-8065-472c-a1d8-591ff5585f41,Snap Trap,779,Grass,Physical,normal,35,100,0,15,Traps and damages the target for 4-5 turns.,"Prevents the target from switching for four or five turns (seven turns if the user is holding Grip Claw). Causes damage to the target equal to 1/8 of its maximum HP (1/6 if the user is holding Binding Band), rounded down, at the end of each turn during effect. The target can still switch out if it is holding Shed Shell or uses Baton Pass, Flip Turn, Parting Shot, Shed Tail, Teleport, U-turn, or Volt Switch. The effect ends if either the user or the target leaves the field, or if the target uses Mortal Spin, Rapid Spin, or Substitute successfully. This effect is not stackable or reset by using this or another binding move.",false,false,,,false,false,false,false,false,true,false,false,false,false,false,false,false,false,false,false,false,false,false
dbfcc6d2-c739-40e8-b8e9-0fb49e4e3eb0,Mimic,102,Normal,Status,normal,0,-1,0,10,The last move the target used replaces this one.,"While the user remains active, this move is replaced by the last move used by the target. The copied move has the maximum PP for that move. Fails if the target has not made a move, if the user has Transformed, if the user already knows the move, or if the move is Assist, Behemoth Bash, Behemoth Blade, Belch, Blazing Torque, Celebrate, Chatter, Combat Torque, Copycat, Dynamax Cannon, Hold Hands, Magical Torque, Me First, Metronome, Mimic, Mirror Move, Nature Power, Noxious Torque, Sketch, Sleep Talk, Struggle, Tera Starstorm, Transform, or Wicked Torque.",false,false,,,true,false,false,false,false,false,false,false,false,false,false,false,false,false,false,false,false,false,true
dc05d82c-ddd8-4d26-bbfd-da3990b08546,Ancient Power,246,Rock,Special,normal,60,100,0,5,10% chance to raise all stats by 1 (not acc/eva).,"Has a 10% chance to raise the user's Attack, Defense, Special Attack, Special Defense, and Speed by 1 stage.",true,false,,,false,false,false,false,false,false,false,false,false,false,false,false,false,false,true,false,false,false,true
dcb53020-8f21-4b1f-b4d1-915fc5e94fb1,Shadow Sneak,425,Ghost,Physical,normal,40,100,1,30,Usually goes first.,No additional effect.,false,false,,,false,false,false,false,false,true,false,false,false,false,false,false,false,false,false,false,false,false,true
dd294d7a-3a80-4ca6-ad6f-7ed8b5742bf2,Play Nice,589,Normal,Status,normal,0,-1,0,20,Lowers the target's Attack by 1.,Lowers the target's Attack by 1 stage.,false,false,,,true,false,true,false,false,false,false,false,false,false,false,false,false,false,false,false,false,false,true
dd48de8d-e520-4000-9099-6190a6d687f5,Max Darkness,772,Dark,Physical,adjacentFoe,10,-1,0,10,Base move affects power. Foes: -1 Sp. Def.,"Power is equal to the base move's Max Move power. If this move is successful, the Special Defense of each Pokemon on the opposing side is lowered by 1 stage, even if they have a substitute. This effect does not happen if the user is not Dynamaxed. If this move is used as a base move, it deals damage with a power of 0.",false,false,,,false,true,false,false,false,false,false,false,false,false,false,false,false,false,false,false,false,true,false
dd60101f-58a9-4372-bfbd-a76f1dccd30f,Chip Away,498,Normal,Physical,normal,70,100,0,20,Ignores the target's stat stage changes.,"Ignores the target's stat stage changes, including evasiveness.",false,false,,,false,false,false,false,false,true,false,false,false,false,false,false,false,false,false,false,false,false,false
dd655751-bcdb-4631-939a-269d9ab697a9,Power Gem,408,Rock,Special,normal,80,100,0,20,No additional effect.,No additional effect.,false,false,,,false,false,false,false,false,false,false,false,false,false,false,false,false,false,false,false,false,false,true
de29ca26-7b2f-49be-a60d-5c428a1c8f8a,Lava Plume,436,Fire,Special,allAdjacent,80,100,0,15,30% chance to burn adjacent Pokemon.,Has a 30% chance to burn the target.,true,false,,,false,false,false,false,false,false,false,false,false,false,false,false,false,false,true,false,false,false,true
de5a6220-19f1-4d4c-a3ef-9cad95f6c8a2,G-Max Sweetness,1000,Grass,Physical,adjacentFoe,10,-1,0,10,Base move affects power. Allies: status cured.,"Power is equal to the base move's Max Move power. If this move is successful, each Pokemon on the user's side has its status condition cured, even if they have a substitute.",false,false,,,false,true,false,false,false,false,false,false,false,false,false,false,false,false,false,false,false,true,false
df7c155e-c3bb-4a29-9b19-ffac9106907e,Clangorous Soul,775,Dragon,Status,self,0,100,0,5,User loses 33% of its max HP. +1 to all stats.,"Raises the user's Attack, Defense, Special Attack, Special Defense, and Speed by 1 stage in exchange for the user losing 33% of its maximum HP, rounded down. Fails if the user would faint or if its Attack, Defense, Special Attack, Special Defense, and Speed stat stages would not change.",false,false,,,false,false,false,false,false,false,true,false,false,false,false,false,true,false,false,false,false,false,true
dfaa5ab4-72fc-48f0-9327-32016196a3d7,Psycho Cut,427,Psychic,Physical,normal,70,100,0,20,High critical hit ratio.,Has a higher chance for a critical hit.,false,false,,,false,false,false,false,false,false,false,false,false,false,false,false,false,false,false,false,false,false,true
e0104830-c3d6-4968-abe5-77f8714f0e2f,Rock Tomb,317,Rock,Physical,normal,60,95,0,15,100% chance to lower the target's Speed by 1.,Has a 100% chance to lower the target's Speed by 1 stage.,true,false,,,false,false,false,false,false,false,false,false,false,false,false,false,false,false,true,false,false,false,true
e097f4c3-5320-448b-ac76-d9e269ecd1d3,Axe Kick,853,Fighting,Physical,normal,120,90,0,10,30% confusion. User loses 50% max HP if miss.,"Has a 30% chance to confuse the target. If this attack is not successful, the user loses half of its maximum HP, rounded down, as crash damage. Pokemon with the Magic Guard Ability are unaffected by crash damage.",true,false,,,false,false,false,false,false,true,false,false,false,false,false,false,false,false,true,false,false,false,true
e0c55fc5-41e5-4d2b-88fe-ca35a10dbf15,Gyro Ball,360,Steel,Physical,normal,0,100,0,5,More power the slower the user than the target.,"Power is equal to (25 * target's current Speed / user's current Speed) + 1, rounded down, but not more than 150. If the user's current Speed is 0, this move's power is 1.",false,false,,,false,false,false,false,true,true,false,false,false,false,false,false,false,false,false,false,false,false,true
e12e5fbe-1d8f-4379-92bc-ab961ecf82e2,Volt Switch,521,Electric,Special,normal,70,100,0,20,User switches out after damaging the target.,"If this move is successful and the user has not fainted, the user switches out even if it is trapped and is replaced immediately by a selected party member. The user does not switch out if there are no unfainted party members, or if the target switched out using an Eject Button or through the effect of the Emergency Exit or Wimp Out Abilities.",false,false,,,false,false,false,false,false,false,false,false,false,false,false,false,false,false,false,false,false,false,true
e24035eb-cdc3-4093-bca3-7e3a089727cf,Fire Spin,83,Fire,Special,normal,35,85,0,15,Traps and damages the target for 4-5 turns.,"Prevents the target from switching for four or five turns (seven turns if the user is holding Grip Claw). Causes damage to the target equal to 1/8 of its maximum HP (1/6 if the user is holding Binding Band), rounded down, at the end of each turn during effect. The target can still switch out if it is holding Shed Shell or uses Baton Pass, Flip Turn, Parting Shot, Shed Tail, Teleport, U-turn, or Volt Switch. The effect ends if either the user or the target leaves the field, or if the target uses Mortal Spin, Rapid Spin, or Substitute successfully. This effect is not stackable or reset by using this or another binding move.",false,false,,,false,false,false,false,false,false,false,false,false,false,false,false,false,false,false,false,false,false,true
e2bc8ca9-ae6a-4ab7-9255-70232a3e909d,Bubble,145,Water,Special,allAdjacentFoes,40,100,0,30,10% chance to lower the foe(s) Speed by 1.,Has a 10% chance to lower the target's Speed by 1 stage.,true,false,,,false,false,false,false,false,false,false,false,false,false,false,false,false,false,true,false,false,false,false
e2c7ced6-8db1-42c2-8ff0-ea9ec6cc9aef,Spark,209,Electric,Physical,normal,65,100,0,20,30% chance to paralyze the target.,Has a 30% chance to paralyze the target.,true,false,,,false,false,false,false,false,true,false,false,false,false,false,false,false,false,true,false,false,false,true
e2e8d2d0-22b2-4a21-8a56-cf8d5d7442b3,Imprison,286,Psychic,Status,self,0,-1,0,10,No foe can use any move known by the user.,The user prevents all opposing Pokemon from using any moves that the user also knows as long as the user remains active.,false,false,,,true,false,false,false,false,false,false,false,false,false,false,false,false,false,false,false,false,false,true
e346387c-5e79-4320-a5d6-6df8d0916dbb,Wicked Blow,817,Dark,Physical,normal,75,100,0,5,Always results in a critical hit.,This move is always a critical hit unless the target is under the effect of Lucky Chant or has the Battle Armor or Shell Armor Abilities.,false,false,,,false,false,false,false,false,true,false,false,false,false,true,false,false,false,false,false,false,false,true
e3602139-a4b4-40fb-8796-7117fbac94f8,Muddy Water,330,Water,Special,allAdjacentFoes,90,85,0,10,30% chance to lower the foe(s) accuracy by 1.,Has a 30% chance to lower the target's accuracy by 1 stage.,true,false,,,false,false,false,false,false,false,false,false,false,false,false,false,false,false,true,false,false,false,true
e36a25af-71de-49e7-a37e-fcb9a4ddaa10,Springtide Storm,831,Fairy,Special,allAdjacentFoes,100,80,0,5,30% chance to lower the foe(s) Attack by 1.,Has a 30% chance to lower the target's Attack by 1 stage.,true,false,,,false,false,false,false,false,false,false,false,false,false,false,false,false,true,true,false,false,false,true
e3868063-c0bd-4fbf-8f82-c4d4acfd481b,Scald,503,Water,Special,normal,80,100,0,15,30% chance to burn the target. Thaws target.,Has a 30% chance to burn the target. The target thaws out if it is frozen.,true,false,,,false,false,false,false,false,false,false,false,false,false,false,false,false,false,true,false,false,false,true
e39c104e-6e90-4a07-a868-3498583a3852,Water Pledge,518,Water,Special,normal,80,100,0,10,Use with Grass or Fire Pledge for added effect.,"If one of the user's allies chose to use Fire Pledge or Grass Pledge this turn and has not moved yet, it takes its turn immediately after the user and the user's move does nothing. If combined with Fire Pledge, the ally uses Water Pledge with 150 power and a rainbow appears on the user's side for 4 turns, which doubles secondary effect chances and stacks with the Serene Grace Ability, except effects that cause flinching can only have their chance doubled once. If combined with Grass Pledge, the ally uses Grass Pledge with 150 power and a swamp appears on the target's side for 4 turns, which quarters the Speed of each Pokemon on that side. When used as a combined move, this move gains STAB no matter what the user's type is. This move does not consume the user's Water Gem, and cannot be redirected by the Storm Drain Ability.",false,false,,,false,false,false,false,false,false,false,false,false,false,false,false,false,false,false,false,false,false,true
e40f37e7-6205-41ce-81f6-d676c5635ac8,Whirlwind,18,Normal,Status,normal,0,-1,-6,20,Forces the target to switch to a random ally.,"The target is forced to switch out and be replaced with a random unfainted ally. Fails if the target is the last unfainted Pokemon in its party, or if the target used Ingrain previously or has the Suction Cups Ability.",false,false,,,true,false,true,false,false,false,false,false,false,false,false,false,false,true,false,false,false,false,true
e4611bf6-1fd9-4838-b9b3-e610e4d408e7,Dragon Breath,225,Dragon,Special,normal,60,100,0,20,30% chance to paralyze the target.,Has a 30% chance to paralyze the target.,true,false,,,false,false,false,false,false,false,false,false,false,false,false,false,false,false,true,false,false,false,true
e47c39fa-2672-4186-961f-9fee2a9fe3e4,Mind Reader,170,Normal,Status,normal,0,-1,0,5,User's next move will not miss the target.,"Until the end of the next turn, the target cannot avoid the user's moves, even if the target is in the middle of a two-turn move. The effect ends if either the user or the target leaves the field. Fails if this effect is active for the user.",false,false,,,false,false,false,false,false,false,false,false,false,false,false,false,false,false,false,false,false,false,false
e47d6bb1-488f-4a0c-a593-2e74fa82abcc,Wave Crash,834,Water,Physical,normal,120,100,0,10,Has 33% recoil.,"If the target lost HP, the user takes recoil damage equal to 33% the HP lost by the target, rounded half up, but not less than 1 HP.",false,false,,,false,false,false,false,false,true,false,false,false,false,false,false,false,false,false,false,false,false,true
e57959d2-1a09-4fb4-bf72-e41319e0edf6,Thunder Wave,86,Electric,Status,normal,0,90,0,20,Paralyzes the target.,Paralyzes the target. This move does not ignore type immunity.,false,false,,,false,false,true,false,false,false,false,false,false,false,false,false,false,false,false,false,false,false,true
e59e6753-c053-4dcb-8ce1-60bb74707831,Giga Impact,416,Normal,Physical,normal,150,90,0,5,User cannot move next turn.,"If this move is successful, the user must recharge on the following turn and cannot select a move.",false,false,,,false,false,false,false,false,true,false,false,false,false,false,false,false,false,false,false,false,false,true
e5b26689-1459-40bc-9b49-5c846691d19f,Signal Beam,324,Bug,Special,normal,75,100,0,15,10% chance to confuse the target.,Has a 10% chance to confuse the target.,true,false,,,false,false,false,false,false,false,false,false,false,false,false,false,false,false,true,false,false,false,false
e68d0a8f-67c1-4d3d-93a4-a9b82beae6fb,Magnet Rise,393,Electric,Status,self,0,-1,0,10,"For 5 turns, the user has immunity to Ground.","For 5 turns, the user is immune to Ground-type attacks and the effects of Spikes, Toxic Spikes, Sticky Web, and the Arena Trap Ability as long as it remains active. If the user uses Baton Pass, the replacement will gain the effect. Ingrain, Smack Down, Thousand Arrows, and Iron Ball override this move if the user is under any of their effects. Fails if the user is already under this effect or the effects of Ingrain, Smack Down, or Thousand Arrows.",false,false,,,false,false,false,false,false,false,false,false,false,false,false,false,false,false,false,false,false,false,true
e694fc65-c8a3-460a-84f6-7e7ab28f8c1e,Lash Out,808,Dark,Physical,normal,75,100,0,5,2x power if the user had a stat lowered this turn.,Power doubles if the user had a stat stage lowered this turn.,false,false,,,false,false,false,false,false,true,false,false,false,false,false,false,false,false,false,false,false,false,true
e6da074b-1bf4-4bbf-905d-71dbe244f392,Gravity,356,Psychic,Status,all,0,-1,0,5,"5 turns: no Ground immunities, 1.67x accuracy.","For 5 turns, the evasiveness of all active Pokemon is multiplied by 0.6. At the time of use, Bounce, Fly, Magnet Rise, Sky Drop, and Telekinesis end immediately for all active Pokemon. During the effect, Bounce, Fly, Flying Press, High Jump Kick, Jump Kick, Magnet Rise, Sky Drop, Splash, and Telekinesis are prevented from being used by all active Pokemon. Ground-type attacks, Spikes, Toxic Spikes, Sticky Web, and the Arena Trap Ability can affect Flying types or Pokemon with the Levitate Ability. Fails if this move is already in effect.",false,false,,,false,false,false,false,false,false,false,false,false,false,false,false,false,false,false,false,false,false,true
e71eea27-035e-4380-a1d7-8b7bc03991b9,Toxic Thread,672,Poison,Status,normal,0,100,0,20,Lowers the target's Speed by 1 and poisons it.,Lowers the target's Speed by 1 stage and poisons it.,false,false,,,false,false,true,false,false,false,false,false,false,false,false,false,false,false,false,false,false,false,true
e728459f-3ee8-4e13-8253-181cd2f522d1,Eruption,284,Fire,Special,allAdjacentFoes,150,100,0,5,Less power as user's HP decreases. Hits foe(s).,"Power is equal to (user's current HP * 150 / user's maximum HP), rounded down, but not less than 1.",false,false,,,false,false,false,false,false,false,false,false,false,false,false,false,false,false,false,false,false,false,true
e73389b7-844d-494d-a66d-a7356177c861,Tectonic Rage,630,Ground,Physical,normal,1,-1,0,1,Power is equal to the base move's Z-Power.,Power is equal to the base move's Z-Power.,false,false,,,false,true,false,false,false,false,false,false,false,false,false,false,false,false,false,false,true,false,false
e7477dff-3aa4-49d4-8c95-3d258f5a69b6,Scale Shot,799,Dragon,Physical,normal,25,90,0,20,"Hits 2-5 times. User: -1 Def, +1 Spe after last hit.","Hits two to five times. Lowers the user's Defense by 1 stage and raises the user's Speed by 1 stage after the last hit. Has a 35% chance to hit two or three times and a 15% chance to hit four or five times. If one of the hits breaks the target's substitute, it will take damage for the remaining hits. If the user has the Skill Link Ability, this move will always hit five times. If the user is holding Loaded Dice, this move will hit 4-5 times.",false,true,5,2,false,false,false,false,false,false,false,false,false,false,false,false,false,false,false,false,false,false,true
e77c7678-3d7d-4988-a226-e950551880c0,Gigavolt Havoc,646,Electric,Physical,normal,1,-1,0,1,Power is equal to the base move's Z-Power.,Power is equal to the base move's Z-Power.,false,false,,,false,true,false,false,false,false,false,false,false,false,false,false,false,false,false,false,true,false,false
e79a64bb-3e75-4cb0-9e4b-a71aca1bd1ce,Nature's Madness,717,Fairy,Special,normal,0,90,0,10,Does damage equal to 1/2 target's current HP.,"Deals damage to the target equal to half of its current HP, rounded down, but not less than 1 HP.",false,false,,,false,false,false,false,false,false,false,false,false,false,false,false,false,false,false,false,false,false,false
e7e631ec-ba84-43bb-8b1d-f4da70264290,Stuff Cheeks,747,Normal,Status,self,0,-1,0,10,"Must hold Berry to use. User eats Berry, Def +2.","This move cannot be selected unless the user is holding a Berry. The user eats its Berry and raises its Defense by 2 stages. This effect is not prevented by the Klutz or Unnerve Abilities, or the effects of Embargo or Magic Room. Fails if the user is not holding a Berry.",false,false,,,false,false,false,false,false,false,false,false,false,false,false,false,false,false,false,false,false,false,true
e848b6cc-2413-4d7a-89ba-f0e032f5afda,Night Shade,101,Ghost,Special,normal,0,100,0,15,Does damage equal to the user's level.,Deals damage to the target equal to the user's level.,false,false,,,false,false,false,false,false,false,false,false,false,false,false,false,false,false,false,false,false,false,true
e8491f7c-f724-44c3-abe5-39c880fa1dd1,Dragon Hammer,692,Dragon,Physical,normal,90,100,0,15,No additional effect.,No additional effect.,false,false,,,false,false,false,false,false,true,false,false,false,false,false,false,false,false,false,false,false,false,true
e882b49d-c29d-4325-8abd-374c15834fc3,Sucker Punch,389,Dark,Physical,normal,70,100,1,5,Usually goes first. Fails if target is not attacking.,"Fails if the target did not select a physical attack, special attack, or Me First for use this turn, or if the target moves before the user.",false,false,,,false,false,false,false,false,true,false,false,false,false,false,false,false,false,false,false,false,false,true
e8d5b0f6-ef4e-4368-b725-1bd35bdfa02a,Syrup Bomb,903,Grass,Special,normal,60,85,0,10,Target's Speed is lowered by 1 stage for 3 turns.,"If this move is successful, it causes the target's Speed to be lowered by 1 stage at the end of each turn for 3 turns.",true,false,,,false,false,false,false,true,false,false,false,false,false,false,false,false,false,true,false,false,false,true
e8e5030f-57da-4ce8-84fa-a93e436549ac,Pain Split,220,Normal,Status,normal,0,-1,0,20,Shares HP of user and target equally.,"The user and the target's HP become the average of their current HP, rounded down, but not more than the maximum HP of either one.",false,false,,,false,false,false,false,false,false,false,false,false,false,false,false,false,false,false,false,false,false,true
e9286611-39ab-4569-9a99-4d0deb2a2e9f,Boomburst,586,Normal,Special,allAdjacent,140,100,0,10,No additional effect. Hits adjacent Pokemon.,No additional effect.,false,false,,,true,false,false,false,false,false,false,false,false,false,false,false,true,false,false,false,false,false,true
e9d12fcf-95bf-4fee-9683-be44248510a5,Guard Split,470,Psychic,Status,normal,0,-1,0,10,Averages Defense and Sp. Def stats with target.,"The user and the target have their Defense and Special Defense stats set to be equal to the average of the user and the target's Defense and Special Defense stats, respectively, rounded down. Stat stage changes are unaffected.",false,false,,,false,false,false,false,false,false,false,false,false,false,false,false,false,false,false,false,false,false,true
e9d597b3-470d-4f28-ab8c-587efac6efc5,Rock Polish,397,Rock,Status,self,0,-1,0,20,Raises the user's Speed by 2.,Raises the user's Speed by 2 stages.,false,false,,,false,false,false,false,false,false,false,false,false,false,false,false,false,false,false,false,false,false,true
ea485b94-dc30-4b1b-9faf-a6b6e3d2d9d0,Moonlight,236,Fairy,Status,self,0,-1,0,5,Heals the user by a weather-dependent amount.,"The user restores 1/2 of its maximum HP if Delta Stream or no weather conditions are in effect or if the user is holding Utility Umbrella, 2/3 of its maximum HP if the weather is Desolate Land or Sunny Day, and 1/4 of its maximum HP if the weather is Primordial Sea, Rain Dance, Sandstorm, or Snow, all rounded half down.",false,false,,,false,false,false,false,false,false,false,true,false,false,false,false,false,false,false,false,false,false,true
eaa4825c-62ef-4c4b-bf16-01e56d2dad28,Guard Swap,385,Psychic,Status,normal,0,-1,0,10,Swaps Defense and Sp. Def changes with target.,The user swaps its Defense and Special Defense stat stage changes with the target.,false,false,,,true,false,false,false,false,false,false,false,false,false,false,false,false,false,false,false,false,false,true
ead65a0a-094e-47f9-b1d8-40f2438e230c,Me First,382,Normal,Status,adjacentFoe,0,-1,0,20,Copies a foe at 1.5x power. User must be faster.,"The user uses the move the target chose for use this turn against it, if possible, with its power multiplied by 1.5. The move must be a damaging move other than Beak Blast, Belch, Blazing Torque, Combat Torque, Comeuppance, Counter, Covet, Focus Punch, Magical Torque, Me First, Metal Burst, Mirror Coat, Noxious Torque, Shell Trap, Struggle, Thief, or Wicked Torque. Fails if the target moves before the user. Ignores the target's substitute for the purpose of copying the move.",false,false,,,true,false,false,false,false,false,false,false,false,false,false,false,false,false,false,false,false,false,false
ead728f1-83bd-4114-910d-6133b48efc2e,Breaking Swipe,784,Dragon,Physical,allAdjacentFoes,60,100,0,15,100% chance to lower the foe(s) Attack by 1.,Has a 100% chance to lower the target's Attack by 1 stage.,true,false,,,false,false,false,false,false,true,false,false,false,false,false,false,false,false,true,false,false,false,true
eb2edc37-be68-4bc0-bb80-0fbbd813cbe4,Extrasensory,326,Psychic,Special,normal,80,100,0,20,10% chance to make the target flinch.,Has a 10% chance to make the target flinch.,true,false,,,false,false,false,false,false,false,false,false,false,false,false,false,false,false,true,false,false,false,true
eb524981-3c28-40b2-aeb1-fbe743b75e36,Heal Order,456,Bug,Status,self,0,-1,0,10,Heals the user by 50% of its max HP.,"The user restores 1/2 of its maximum HP, rounded half up.",false,false,,,false,false,false,false,false,false,false,true,false,false,false,false,false,false,false,false,false,false,false
eb737acf-bbc4-427a-b66d-ccd09b79537e,Night Daze,539,Dark,Special,normal,85,95,0,10,40% chance to lower the target's accuracy by 1.,Has a 40% chance to lower the target's accuracy by 1 stage.,true,false,,,false,false,false,false,false,false,false,false,false,false,false,false,false,false,true,false,false,false,true
eb7efd97-f111-467d-831a-9e272956328d,Magma Storm,463,Fire,Special,normal,100,75,0,5,Traps and damages the target for 4-5 turns.,"Prevents the target from switching for four or five turns (seven turns if the user is holding Grip Claw). Causes damage to the target equal to 1/8 of its maximum HP (1/6 if the user is holding Binding Band), rounded down, at the end of each turn during effect. The target can still switch out if it is holding Shed Shell or uses Baton Pass, Flip Turn, Parting Shot, Shed Tail, Teleport, U-turn, or Volt Switch. The effect ends if either the user or the target leaves the field, or if the target uses Mortal Spin, Rapid Spin, or Substitute successfully. This effect is not stackable or reset by using this or another binding move.",false,false,,,false,false,false,false,false,false,false,false,false,false,false,false,false,false,false,false,false,false,true
ebf081f8-82b0-4465-9add-59bea772041e,Quash,511,Dark,Status,normal,0,100,0,15,Forces the target to move last this turn.,"Causes the target to take its turn after all other Pokemon this turn, no matter the priority of its selected move. Fails if the target already moved this turn.",false,false,,,false,false,false,false,false,false,false,false,false,false,false,false,false,false,false,false,false,false,true
ec687cfd-49f0-4827-8838-53b4f1c045f6,Beat Up,251,Dark,Physical,normal,0,100,0,10,All healthy allies aid in damaging the target.,"Hits one time for the user and one time for each unfainted Pokemon without a non-volatile status condition in the user's party. The power of each hit is equal to 5+(X/10), where X is each participating Pokemon's base Attack; each hit is considered to come from the user.",false,false,,,false,false,false,false,false,false,false,false,false,false,false,false,false,false,false,false,false,false,true
ee1555c1-720e-49a5-bdc6-b3336a3f593f,Defend Order,455,Bug,Status,self,0,-1,0,10,Raises the user's Defense and Sp. Def by 1.,Raises the user's Defense and Special Defense by 1 stage.,false,false,,,false,false,false,false,false,false,false,false,false,false,false,false,false,false,false,false,false,false,true
ee178231-fa65-4133-b599-050daf8c7c4b,Perish Song,195,Normal,Status,all,0,-1,0,5,All active Pokemon will faint in 3 turns.,"Each active Pokemon receives a perish count of 4 if it doesn't already have a perish count. At the end of each turn including the turn used, the perish count of all active Pokemon lowers by 1 and Pokemon faint if the number reaches 0. The perish count is removed from Pokemon that switch out. If a Pokemon uses Baton Pass while it has a perish count, the replacement will gain the perish count and continue to count down.",false,false,,,true,false,false,false,false,false,false,false,false,false,false,false,true,false,false,false,false,false,true
ee52688e-b3a1-4657-bd16-5443a2b1d8a8,Oceanic Operetta,697,Water,Special,normal,195,-1,0,1,No additional effect.,No additional effect.,false,false,,,false,true,false,false,false,false,false,false,false,false,false,false,false,false,false,false,true,false,false
ee6ddfbb-f96d-463a-9531-1435aa0ddc86,G-Max Cuddle,1000,Normal,Physical,adjacentFoe,10,-1,0,5,Base move affects power. Foes: infatuated.,"Power is equal to the base move's Max Move power. If this move is successful, each Pokemon on the opposing side becomes infatuated, even if they have a substitute. This effect does not happen for a target if both it and the user are the same gender, if either is genderless, or if the target is already infatuated.",false,false,,,false,true,false,false,false,false,false,false,false,false,false,false,false,false,false,false,false,true,false
ee71e513-6ae9-4e13-aa0a-2881790be808,Freezy Frost,739,Ice,Special,normal,100,90,0,10,Eliminates all stat changes.,Resets the stat stages of all active Pokemon to 0.,false,false,,,false,false,false,false,false,false,false,false,false,false,false,false,false,false,false,false,false,false,false
ee88272f-9bee-4669-af7d-84acd9b4d667,Rollout,205,Rock,Physical,normal,30,90,0,20,Power doubles with each hit. Repeats for 5 turns.,"If this move is successful, the user is locked into this move and cannot make another move until it misses, 5 turns have passed, or the attack cannot be used. Power doubles with each successful hit of this move and doubles again if Defense Curl was used previously by the user. If this move is called by Sleep Talk, the move is used for one turn.",false,false,,,false,false,false,false,false,true,false,false,false,false,false,false,false,false,false,false,false,false,true
ef1c1d0d-afd3-466a-aa88-081e6b40ee0e,Steel Beam,796,Steel,Special,normal,140,95,0,5,User loses 50% max HP.,"Whether or not this move is successful and even if it would cause fainting, the user loses 1/2 of its maximum HP, rounded up, unless the user has the Magic Guard Ability.",false,false,,,false,false,false,false,false,false,false,false,false,false,false,false,false,false,false,false,false,false,true
ef45926d-de4c-498b-81b8-f05686d1ed42,Thrash,37,Normal,Physical,randomNormal,120,100,0,10,Lasts 2-3 turns. Confuses the user afterwards.,"The user spends two or three turns locked into this move and becomes confused immediately after its move on the last turn of the effect if it is not already. This move targets an opposing Pokemon at random on each turn. If the user is prevented from moving, is asleep at the beginning of a turn, or the attack is not successful against the target on the first turn of the effect or the second turn of a three-turn effect, the effect ends without causing confusion. If this move is called by Sleep Talk and the user is asleep, the move is used for one turn and does not confuse the user.",false,false,,,false,false,false,false,false,true,false,false,false,false,false,false,false,false,false,false,false,false,true
ef946ab5-33e0-4ea8-b6d8-6eed23d3d80c,Heat Crash,535,Fire,Physical,normal,0,100,0,10,More power the heavier the user than the target.,"The power of this move depends on (user's weight / target's weight), rounded down. Power is equal to 120 if the result is 5 or more, 100 if 4, 80 if 3, 60 if 2, and 40 if 1 or less. Damage doubles and no accuracy check is done if the target has used Minimize while active.",false,false,,,false,false,false,false,false,true,false,false,false,false,false,false,false,false,false,false,false,false,true
f09a5a83-2316-49a5-b40e-af97abff5297,Fiery Dance,552,Fire,Special,normal,80,100,0,10,50% chance to raise the user's Sp. Atk by 1.,Has a 50% chance to raise the user's Special Attack by 1 stage.,true,false,,,false,false,false,false,false,false,true,false,false,false,false,false,false,false,true,false,false,false,true
f0d47500-6278-4875-95c6-6a7119359905,Captivate,445,Normal,Status,allAdjacentFoes,0,100,0,20,Lowers the foe(s) Sp. Atk by 2 if opposite gender.,"Lowers the target's Special Attack by 2 stages. The target is unaffected if both the user and the target are the same gender, or if either is genderless. Pokemon with the Oblivious Ability are immune.",false,false,,,false,false,true,false,false,false,false,false,false,false,false,false,false,false,false,false,false,false,false
f111daf4-159b-42e8-ba24-ba213f95bc62,Continental Crush,632,Rock,Physical,normal,1,-1,0,1,Power is equal to the base move's Z-Power.,Power is equal to the base move's Z-Power.,false,false,,,false,true,false,false,false,false,false,false,false,false,false,false,false,false,false,false,true,false,false
f16aa6fe-aa8e-4a54-b231-24f3d87e5d16,Guillotine,12,Normal,Physical,normal,0,30,0,5,OHKOs the target. Fails if user is a lower level.,"Deals damage to the target equal to the target's maximum HP. Ignores accuracy and evasiveness modifiers. This attack's accuracy is equal to (user's level - target's level + 30)%, and fails if the target is at a higher level. Pokemon with the Sturdy Ability are immune.",false,false,,,false,false,false,false,false,true,false,false,false,false,false,false,false,false,false,true,false,false,true
f17ba060-154b-473f-83e1-b062d0bc43e7,Grass Pledge,520,Grass,Special,normal,80,100,0,10,Use with Fire or Water Pledge for added effect.,"If one of the user's allies chose to use Fire Pledge or Water Pledge this turn and has not moved yet, it takes its turn immediately after the user and the user's move does nothing. If combined with Fire Pledge, the ally uses Fire Pledge with 150 power and a sea of fire appears on the target's side for 4 turns, which causes damage to non-Fire types equal to 1/8 of their maximum HP, rounded down, at the end of each turn during effect, including the last turn. If combined with Water Pledge, the ally uses Grass Pledge with 150 power and a swamp appears on the target's side for 4 turns, which quarters the Speed of each Pokemon on that side. When used as a combined move, this move gains STAB no matter what the user's type is. This move does not consume the user's Grass Gem.",false,false,,,false,false,false,false,false,false,false,false,false,false,false,false,false,false,false,false,false,false,true
f185568f-1817-46b0-9902-be65f4c70d50,Circle Throw,509,Fighting,Physical,normal,60,90,-6,10,Forces the target to switch to a random ally.,"If both the user and the target have not fainted, the target is forced to switch out and be replaced with a random unfainted ally. This effect fails if the target is under the effect of Ingrain, has the Suction Cups Ability, or this move hit a substitute.",false,false,,,false,false,false,false,false,true,false,false,false,false,false,false,false,false,false,false,false,false,true
f1b9d047-6fdf-4c05-81aa-49a596249a1a,Shore Up,659,Ground,Status,self,0,-1,0,5,User restores 1/2 its max HP; 2/3 in Sandstorm.,"The user restores 1/2 of its maximum HP, rounded half down. If the weather is Sandstorm, the user instead restores 2/3 of its maximum HP, rounded half down.",false,false,,,false,false,false,false,false,false,false,true,false,false,false,false,false,false,false,false,false,false,true
f1e41a16-7ac4-4a19-bd52-5f99a16736cc,Bolt Strike,550,Electric,Physical,normal,130,85,0,5,20% chance to paralyze the target.,Has a 20% chance to paralyze the target.,true,false,,,false,false,false,false,false,true,false,false,false,false,false,false,false,false,true,false,false,false,true
f1f62af5-d48a-483f-96e1-9f3c0fe67646,Max Quake,771,Ground,Physical,adjacentFoe,10,-1,0,10,Base move affects power. Allies: +1 Sp. Def.,"Power is equal to the base move's Max Move power. If this move is successful, the Special Defense of each Pokemon on the user's side is raised by 1 stage, even if they have a substitute. This effect does not happen if the user is not Dynamaxed. If this move is used as a base move, it deals damage with a power of 0.",false,false,,,false,true,false,false,false,false,false,false,false,false,false,false,false,false,false,false,false,true,false
f2411a61-3a3d-4a05-9c02-cd906e188ba4,Precipice Blades,619,Ground,Physical,allAdjacentFoes,120,85,0,10,No additional effect. Hits adjacent foes.,No additional effect.,false,false,,,false,false,false,false,false,false,false,false,false,false,false,false,false,false,false,false,false,false,true
f30521b6-851e-4526-a833-ad3880bacb22,G-Max Foam Burst,1000,Water,Physical,adjacentFoe,10,-1,0,5,Base move affects power. Foes: -2 Speed.,"Power is equal to the base move's Max Move power. If this move is successful, the Speed of each Pokemon on the opposing side is lowered by 2 stages, even if they have a substitute.",false,false,,,false,true,false,false,false,false,false,false,false,false,false,false,false,false,false,false,false,true,false
f3189968-dbee-4f6e-acbe-128ab0603816,Arm Thrust,292,Fighting,Physical,normal,15,100,0,20,Hits 2-5 times in one turn.,"Hits two to five times. Has a 35% chance to hit two or three times and a 15% chance to hit four or five times. If one of the hits breaks the target's substitute, it will take damage for the remaining hits. If the user has the Skill Link Ability, this move will always hit five times. If the user is holding Loaded Dice, this move will hit 4-5 times.",false,true,5,2,false,false,false,false,false,true,false,false,false,false,false,false,false,false,false,false,false,false,true
f34e13d7-5e2e-4dd5-a90e-5efc1cc64de8,Silver Wind,318,Bug,Special,normal,60,100,0,5,10% chance to raise all stats by 1 (not acc/eva).,"Has a 10% chance to raise the user's Attack, Defense, Special Attack, Special Defense, and Speed by 1 stage.",true,false,,,false,false,false,false,false,false,false,false,false,false,false,false,false,false,true,false,false,false,false
f35d55f2-a346-47e9-85bf-861732f922ba,Hyper Drill,887,Normal,Physical,normal,100,100,0,5,Bypasses protection without breaking it.,Bypasses protection without breaking it.,false,false,,,false,true,false,false,false,true,false,false,false,false,false,false,false,false,false,false,false,false,true
f38b7938-669d-40f7-9796-67bf359bc040,Max Rockfall,770,Rock,Physical,adjacentFoe,10,-1,0,10,Base move affects power. Starts Sandstorm.,"Power is equal to the base move's Max Move power. If this move is successful, the effect of Sandstorm begins. This effect does not happen if the user is not Dynamaxed. If this move is used as a base move, it deals damage with a power of 0.",false,false,,,false,true,false,false,false,false,false,false,false,false,false,false,false,false,false,false,false,true,false
f3c7419f-6e90-4ad0-91d5-5c73fd69561e,Magic Coat,277,Psychic,Status,self,0,-1,4,15,Bounces back certain non-damaging moves.,"Until the end of the turn, the user is unaffected by certain non-damaging moves directed at it and will instead use such moves against the original user. Moves reflected in this way are unable to be reflected again by this or the Magic Bounce Ability's effect. Spikes, Stealth Rock, Sticky Web, and Toxic Spikes can only be reflected once per side, by the leftmost Pokemon under this or the Magic Bounce Ability's effect. The Lightning Rod and Storm Drain Abilities redirect their respective moves before this move takes effect.",false,false,,,false,false,false,false,false,false,false,false,false,false,false,false,false,false,false,false,false,false,false
f3cf2275-f775-466f-bb79-ff946466dd9e,Skill Swap,285,Psychic,Status,normal,0,-1,0,10,The user and the target trade Abilities.,"The user swaps its Ability with the target's Ability. Fails if either the user or the target's Ability is As One, Battle Bond, Comatose, Commander, Disguise, Embody Aspect, Hunger Switch, Ice Face, Illusion, Multitype, Neutralizing Gas, Poison Puppeteer, Power Construct, Protosynthesis, Quark Drive, RKS System, Schooling, Shields Down, Stance Change, Tera Shell, Tera Shift, Teraform Zero, Wonder Guard, Zen Mode, or Zero to Hero.",false,false,,,true,false,false,false,false,false,false,false,false,false,false,false,false,false,false,false,false,false,true
f3e20ed5-abd7-41b6-bb54-ff6e31d48aa7,Double Team,104,Normal,Status,self,0,-1,0,15,Raises the user's evasiveness by 1.,Raises the user's evasiveness by 1 stage.,false,false,,,false,false,false,false,false,false,false,false,false,false,false,false,false,false,false,false,false,false,true
f4912945-946b-4c78-80e7-102494396b59,Water Gun,55,Water,Special,normal,40,100,0,25,No additional effect.,No additional effect.,false,false,,,false,false,false,false,false,false,false,false,false,false,false,false,false,false,false,false,false,false,true
f499f9e3-c6de-4c40-804d-62c76564f8e7,Mud Sport,300,Ground,Status,all,0,-1,0,15,"For 5 turns, Electric-type attacks have 1/3 power.","For 5 turns, all Electric-type attacks used by any active Pokemon have their power multiplied by 0.33. Fails if this effect is already active.",false,false,,,false,false,false,false,false,false,false,false,false,false,false,false,false,false,false,false,false,false,false
f5144bad-6fa8-4b04-81d5-a684672b1fef,Embargo,373,Dark,Status,normal,0,100,0,15,"For 5 turns, the target's item has no effect.","For 5 turns, the target's held item has no effect. An item's effect of causing forme changes is unaffected, but any other effects from such items are negated. During the effect, Fling and Natural Gift are prevented from being used by the target. Items thrown at the target with Fling will still activate for it. If the target uses Baton Pass, the replacement will remain unable to use items.",false,false,,,false,false,true,false,false,false,false,false,false,false,false,false,false,false,false,false,false,false,false
f565d2da-8dc1-4796-a71d-ccd4baaf9261,Snowscape,883,Ice,Status,all,0,-1,0,10,"For 5 turns, snow falls. Ice: 1.5x Def.","For 5 turns, the weather becomes Snow. During the effect, the Defense of Ice-type Pokemon is multiplied by 1.5 when taking damage from a physical attack. Lasts for 8 turns if the user is holding Icy Rock. Fails if the current weather is Snow.",false,false,,,false,false,false,false,false,false,false,false,false,false,false,false,false,false,false,false,false,false,true
f5d9072d-aeae-4804-8969-19ae058e603d,Feint Attack,185,Dark,Physical,normal,60,-1,0,20,This move does not check accuracy.,This move does not check accuracy.,false,false,,,false,false,false,false,false,true,false,false,false,false,false,false,false,false,false,false,false,false,false
f68c0d3f-1012-4ec2-8a7e-0b763c175e13,Guardian of Alola,698,Fairy,Special,normal,0,-1,0,1,Does damage equal to 3/4 target's current HP.,"Deals damage to the target equal to 3/4 of its current HP, rounded down, but not less than 1 HP.",false,false,,,false,true,false,false,false,false,false,false,false,false,false,false,false,false,false,false,true,false,false
f698c17a-6055-4988-8b08-51b8a23b9546,Flame Wheel,172,Fire,Physical,normal,60,100,0,25,10% chance to burn the target. Thaws user.,Has a 10% chance to burn the target.,true,false,,,false,false,false,false,false,true,false,false,false,false,false,false,false,false,true,false,false,false,true
f6c45d32-ef51-463d-8c5e-656b93dac6dd,Corkscrew Crash,638,Steel,Physical,normal,1,-1,0,1,Power is equal to the base move's Z-Power.,Power is equal to the base move's Z-Power.,false,false,,,false,true,false,false,false,false,false,false,false,false,false,false,false,false,false,false,true,false,false
f8588e8d-6ecf-4b9a-9b75-b12f04d937cf,Fly,19,Flying,Physical,any,90,95,0,15,"Flies up on first turn, then strikes the next turn.","This attack charges on the first turn and executes on the second. On the first turn, the user avoids all attacks other than Gust, Hurricane, Sky Uppercut, Smack Down, Thousand Arrows, Thunder, and Twister, and Gust and Twister have doubled power when used against it. If the user is holding a Power Herb, the move completes in one turn.",false,false,,,false,false,false,false,false,true,false,false,false,false,false,false,false,false,false,false,false,false,true
f8804d51-cab3-4c59-a1b1-ce02fcf2dc74,Thunderclap,909,Electric,Special,normal,70,100,1,5,Usually goes first. Fails if target is not attacking.,"Fails if the target did not select a physical attack, special attack, or Me First for use this turn, or if the target moves before the user.",false,false,,,false,false,false,false,false,false,false,false,false,false,false,false,false,false,false,false,false,false,true
f8a9b7ec-12f4-4f9e-91d4-90a0a464a660,Oblivion Wing,613,Flying,Special,any,80,100,0,10,User recovers 75% of the damage dealt.,"The user recovers 3/4 the HP lost by the target, rounded half up. If Big Root is held by the user, the HP recovered is 1.3x normal, rounded half down.",false,false,,,false,false,false,false,false,false,false,true,false,false,false,false,false,false,false,false,false,false,false
f8aebeb4-b40e-4a4e-878a-e1ce04dceead,Thunder Cage,819,Electric,Special,normal,80,90,0,15,Traps and damages the target for 4-5 turns.,"Prevents the target from switching for four or five turns (seven turns if the user is holding Grip Claw). Causes damage to the target equal to 1/8 of its maximum HP (1/6 if the user is holding Binding Band), rounded down, at the end of each turn during effect. The target can still switch out if it is holding Shed Shell or uses Baton Pass, Flip Turn, Parting Shot, Shed Tail, Teleport, U-turn, or Volt Switch. The effect ends if either the user or the target leaves the field, or if the target uses Mortal Spin, Rapid Spin, or Substitute successfully. This effect is not stackable or reset by using this or another binding move.",false,false,,,false,false,false,false,false,false,false,false,false,false,false,false,false,false,false,false,false,false,true
f8f9b8a2-c5d2-4b32-af56-7c4f17996592,Cross Chop,238,Fighting,Physical,normal,100,80,0,5,High critical hit ratio.,Has a higher chance for a critical hit.,false,false,,,false,false,false,false,false,true,false,false,false,false,false,false,false,false,false,false,false,false,true
f905ce93-bdc0-4b28-8779-2fcb8531e2d3,Synchronoise,485,Psychic,Special,allAdjacent,120,100,0,10,Hits adjacent Pokemon sharing the user's type.,The target is immune if it does not share a type with the user.,false,false,,,false,false,false,false,false,false,false,false,false,false,false,false,false,false,false,false,false,false,false
f94c96a4-d46d-404d-bcfd-516760fc06b5,Dazzling Gleam,605,Fairy,Special,allAdjacentFoes,80,100,0,10,No additional effect. Hits adjacent foes.,No additional effect.,false,false,,,false,false,false,false,false,false,false,false,false,false,false,false,false,false,false,false,false,false,true
f976490c-cb07-4246-a985-251d0f912c09,Steel Roller,798,Steel,Physical,normal,130,100,0,5,Fails if there is no terrain active. Ends the terrain.,"Fails if there is no terrain active. Ends the effects of Electric Terrain, Grassy Terrain, Misty Terrain, and Psychic Terrain.",false,false,,,false,false,false,false,false,true,false,false,false,false,false,false,false,false,false,false,false,false,true
f9f14fe3-87c7-4328-ae53-1b2f81d63731,Heal Pulse,505,Psychic,Status,any,0,-1,0,10,Heals the target by 50% of its max HP.,"The target restores 1/2 of its maximum HP, rounded half up. If the user has the Mega Launcher Ability, the target instead restores 3/4 of its maximum HP, rounded half down.",false,false,,,false,false,true,false,false,false,false,true,false,true,false,false,false,false,false,false,false,false,true
fa875144-56ec-4040-aec5-b5f74182d68b,Decorate,777,Fairy,Status,normal,0,-1,0,15,Raises the target's Attack and Sp. Atk by 2.,Raises the target's Attack and Special Attack by 2 stages.,false,false,,,false,false,false,false,false,false,false,false,false,false,false,false,false,false,false,false,false,false,true
faa37e8c-06d6-4c81-ab32-179ab8de42c7,Astral Barrage,825,Ghost,Special,allAdjacentFoes,120,100,0,5,No additional effect. Hits adjacent foes.,No additional effect.,false,false,,,false,false,false,false,false,false,false,false,false,false,false,false,false,false,false,false,false,false,true
fb22abe0-e550-49d6-8528-d1534ba6fd4e,Fickle Beam,907,Dragon,Special,normal,80,100,0,5,Has a 30% chance this move's power is doubled.,Has a 30% chance this move's power is doubled.,false,false,,,false,false,false,false,false,false,false,false,false,false,false,false,false,false,false,false,false,false,true
fb26d54a-02ae-4283-9651-126940126424,Bone Club,125,Ground,Physical,normal,65,85,0,20,10% chance to make the target flinch.,Has a 10% chance to make the target flinch.,true,false,,,false,false,false,false,false,false,false,false,false,false,false,false,false,false,true,false,false,false,false
fb4127ff-0fdb-483f-935a-28770027d3b3,Power Shift,829,Normal,Status,self,0,-1,0,10,Switches user's Attack and Defense stats.,"The user swaps its Attack and Defense stats, and stat stage changes remain on their respective stats. This move can be used again to swap the stats back. If the user uses Baton Pass, the replacement will have its Attack and Defense stats swapped if the effect is active. If the user has its stats recalculated by changing forme while its stats are swapped, this effect is ignored but is still active for the purposes of Baton Pass.",false,false,,,false,false,false,false,false,false,false,false,false,false,false,false,false,false,false,false,false,false,false
fb78561a-bb96-461a-9631-cc8fc4ac1364,Strength Sap,668,Grass,Status,normal,0,100,0,10,User heals HP=target's Atk stat. Lowers Atk by 1.,"Lowers the target's Attack by 1 stage. The user restores its HP equal to the target's Attack stat calculated with its stat stage before this move was used. If Big Root is held by the user, the HP recovered is 1.3x normal, rounded half down. Fails if the target's Attack stat stage is -6.",false,false,,,false,false,true,false,false,false,false,true,false,false,false,false,false,false,false,false,false,false,true
fb9f7fc5-bb41-4337-a5fa-5dee16bd193e,Counter,68,Fighting,Physical,scripted,0,100,-5,20,"If hit by physical attack, returns double damage.","Deals damage to the last opposing Pokemon to hit the user with a physical attack this turn equal to twice the HP lost by the user from that attack. If the user did not lose HP from the attack, this move deals 1 HP of damage instead. If that opposing Pokemon's position is no longer in use and there is another opposing Pokemon on the field, the damage is done to it instead. Only the last hit of a multi-hit attack is counted. Fails if the user was not hit by an opposing Pokemon's physical attack this turn.",false,false,,,false,false,false,false,false,true,false,false,false,false,false,false,false,false,false,false,false,false,true
fc4848e8-c29b-4b8c-9390-e8d7fc153fc5,Bug Bite,450,Bug,Physical,normal,60,100,0,20,User steals and eats the target's Berry.,"If this move is successful and the user has not fainted, it steals the target's held Berry if it is holding one and eats it immediately, gaining its effects even if the user's item is being ignored. Items lost to this move cannot be regained with Recycle or the Harvest Ability.",false,false,,,false,false,false,false,false,true,false,false,false,false,false,false,false,false,false,false,false,false,true
fc5c5758-5e53-4488-9653-b8b6893aa5ef,G-Max Stonesurge,1000,Water,Physical,adjacentFoe,10,-1,0,5,Base move affects power. Foes: Stealth Rock.,"Power is equal to the base move's Max Move power. If this move is successful, it sets up a hazard on the opposing side of the field, damaging each opposing Pokemon that switches in. Foes lose 1/32, 1/16, 1/8, 1/4, or 1/2 of their maximum HP, rounded down, based on their weakness to the Rock type; 0.25x, 0.5x, neutral, 2x, or 4x, respectively. Can be removed from the opposing side if any opposing Pokemon uses Rapid Spin or Defog successfully, or is hit by Defog.",false,false,,,false,true,false,false,false,false,false,false,false,false,false,false,false,false,false,false,false,true,false
fd0161bb-b838-4528-8abb-fdb53bea166a,Catastropika,658,Electric,Physical,normal,210,-1,0,1,No additional effect.,No additional effect.,false,false,,,false,true,false,false,false,true,false,false,false,false,false,false,false,false,false,false,true,false,false
fd1de57e-e69a-4e57-ac1c-fdf27073c2fa,Aqua Cutter,895,Water,Physical,normal,70,100,0,20,High critical hit ratio.,Has a higher chance for a critical hit.,false,false,,,false,false,false,false,false,false,false,false,false,false,false,false,false,false,false,false,false,false,true
fd56e4dd-d794-40c8-9b84-9be620f4cbae,Psychic Terrain,678,Psychic,Status,all,0,-1,0,10,"5 turns. Grounded: +Psychic power, priority-safe.","For 5 turns, the terrain becomes Psychic Terrain. During the effect, the power of Psychic-type attacks made by grounded Pokemon is multiplied by 1.3 and grounded Pokemon cannot be hit by moves with priority greater than 0, unless the target is an ally. Camouflage transforms the user into a Psychic type, Nature Power becomes Psychic, and Secret Power has a 30% chance to lower the target's Speed by 1 stage. Fails if the current terrain is Psychic Terrain.",false,false,,,false,false,false,false,false,false,false,false,false,false,false,false,false,false,false,false,false,false,true
fd6b9899-925c-4b5a-bf44-9632c85185c6,Bubble Beam,61,Water,Special,normal,65,100,0,20,10% chance to lower the target's Speed by 1.,Has a 10% chance to lower the target's Speed by 1 stage.,true,false,,,false,false,false,false,false,false,false,false,false,false,false,false,false,false,true,false,false,false,true
fdc4cc2f-4c3b-498c-84f5-bfdd61ce8781,Psycho Boost,354,Psychic,Special,normal,140,90,0,5,Lowers the user's Sp. Atk by 2.,Lowers the user's Special Attack by 2 stages.,false,false,,,false,false,false,false,false,false,false,false,false,false,false,false,false,false,false,false,false,false,true
fead11e3-c866-4b0c-8130-51d3b6206201,Revelation Dance,686,Normal,Special,normal,90,100,0,15,Type varies based on the user's primary type.,"This move's type depends on the user's primary type. If the user's primary type is typeless, this move's type is the user's secondary type if it has one, otherwise the added type from Forest's Curse or Trick-or-Treat. This move is typeless if the user's type is typeless alone.",false,false,,,false,false,false,false,false,false,true,false,false,false,false,false,false,false,false,false,false,false,true
ff21b287-0802-4f8b-bcda-04928d97d1cd,Swallow,256,Normal,Status,self,0,-1,0,10,Heals the user based on uses of Stockpile.,"The user restores its HP based on its Stockpile count. Restores 1/4 of its maximum HP if it's 1, 1/2 of its maximum HP if it's 2, both rounded half down, and all of its HP if it's 3. Fails if the user's Stockpile count is 0. The user's Defense and Special Defense decrease by as many stages as Stockpile had increased them, and the user's Stockpile count resets to 0.",false,false,,,false,false,false,false,false,false,false,true,false,false,false,false,false,false,false,false,false,false,true
ff6bab97-4f56-4b90-9f37-bab9a04c9150,Barrier,112,Psychic,Status,self,0,-1,0,20,Raises the user's Defense by 2.,Raises the user's Defense by 2 stages.,false,false,,,false,false,false,false,false,false,false,false,false,false,false,false,false,false,false,false,false,false,false
ff761aae-27bc-4e81-aca7-209645fdc835,Block,335,Normal,Status,normal,0,-1,0,5,Prevents the target from switching out.,"Prevents the target from switching out. The target can still switch out if it is holding Shed Shell or uses Baton Pass, Flip Turn, Parting Shot, Teleport, U-turn, or Volt Switch. The effect ends if either the user or the target leaves the field.",false,false,,,false,false,true,false,false,false,false,false,false,false,false,false,false,false,false,false,false,false,true
ffae7466-2975-4911-8bb5-445421d60ad0,Max Starfall,767,Fairy,Physical,adjacentFoe,10,-1,0,10,Base move affects power. Starts Misty Terrain.,"Power is equal to the base move's Max Move power. If this move is successful, the effect of Misty Terrain begins. This effect does not happen if the user is not Dynamaxed. If this move is used as a base move, it deals damage with a power of 0.",false,false,,,false,true,false,false,false,false,false,false,false,false,false,false,false,false,false,false,false,true,false
ffd5dbc7-f7dd-4db9-8485-bf027823cec0,Leaf Tornado,536,Grass,Special,normal,65,90,0,10,50% chance to lower the target's accuracy by 1.,Has a 50% chance to lower the target's accuracy by 1 stage.,true,false,,,false,false,false,false,false,false,false,false,false,false,false,false,false,false,true,false,false,false,false
ffda0d43-9a2a-42ea-b753-ff6d3106426b,Bide,117,Normal,Physical,self,0,-1,1,10,Waits 2 turns; deals double the damage taken.,"The user spends two turns locked into this move and then, on the second turn after using this move, the user attacks the last Pokemon that hit it, inflicting double the damage in HP it lost to attacks during the two turns. If the last Pokemon that hit it is no longer active, the user attacks a random opposing Pokemon instead. If the user is prevented from moving during this move's use, the effect ends. This move does not check accuracy and does not ignore type immunity.",false,false,,,false,false,false,false,false,true,false,false,false,false,false,false,false,false,false,false,false,false,false