id,name,dex_num,type,is_pre_evolution,weight,gender_ratio,is_mythical,is_legendary,is_max,is_mega,mandatory_item_name,base_stats
0031bf52-7239-49fd-a748-2a312b69e3f0,Marshadow,802,"[""Fighting"",""Ghost""]",false,22.2,,true,false,false,false,,"{""hp"":90,""atk"":125,""def"":80,""spa"":90,""spd"":90,""spe"":125}"
00320ba1-442e-49c2-8b37-2626186c5f73,Zebstrika,523,"[""Electric""]",false,79.5,,false,false,false,false,,"{""hp"":75,""atk"":100,""def"":63,""spa"":80,""spd"":63,""spe"":116}"
003df10f-5372-476e-acf0-86f91e527749,Dusknoir,477,"[""Ghost""]",false,106.6,,false,false,false,false,,"{""hp"":45,""atk"":100,""def"":135,""spa"":65,""spd"":135,""spe"":45}"
007a4cc9-f8b8-4ae6-8902-511575a8085e,Orbeetle,826,"[""Bug"",""Psychic""]",false,40.8,,false,false,false,false,,"{""hp"":60,""atk"":45,""def"":110,""spa"":80,""spd"":120,""spe"":90}"
00fa5e38-b25b-4f08-b1e3-ee571c70c1ff,Taillow,276,"[""Normal"",""Flying""]",true,2.3,,false,false,false,false,,"{""hp"":40,""atk"":55,""def"":30,""spa"":30,""spd"":30,""spe"":85}"
01042f5b-3d34-4f49-9fa6-64afa3855676,Spheal,363,"[""Ice"",""Water""]",true,39.5,,false,false,false,false,,"{""hp"":70,""atk"":40,""def"":50,""spa"":55,""spd"":50,""spe"":25}"
0111a193-8e89-4366-85ec-0de481c0fa3b,Darmanitan-Galar-Zen,555,"[""Ice"",""Fire""]",false,120,,false,false,false,false,,"{""hp"":105,""atk"":160,""def"":55,""spa"":30,""spd"":55,""spe"":135}"
0157a09c-f9fa-4a03-8bf3-c833fb67a673,Excadrill,530,"[""Ground"",""Steel""]",false,40.4,,false,false,false,false,,"{""hp"":110,""atk"":135,""def"":60,""spa"":50,""spd"":65,""spe"":88}"
01750377-2f5c-4422-8f81-8cacdaa3cb35,Rotom-Heat,479,"[""Electric"",""Fire""]",false,0.3,,false,false,false,false,,"{""hp"":50,""atk"":65,""def"":107,""spa"":105,""spd"":107,""spe"":86}"
017ba37d-f44e-470b-9bfe-fe2729cbbfd9,Pecharunt,1025,"[""Poison"",""Ghost""]",false,0.3,,true,false,false,false,,"{""hp"":88,""atk"":88,""def"":160,""spa"":88,""spd"":88,""spe"":88}"
01b6da88-4096-4fb6-825c-77821e811fe1,Groudon,383,"[""Ground""]",false,950,,false,true,false,false,,"{""hp"":100,""atk"":150,""def"":140,""spa"":100,""spd"":90,""spe"":90}"
01e6d990-1a70-4f26-927c-618aaa622b5d,Forretress,205,"[""Bug"",""Steel""]",false,125.8,,false,false,false,false,,"{""hp"":75,""atk"":90,""def"":140,""spa"":60,""spd"":60,""spe"":40}"
020b4489-f5cf-468d-95fa-36f3e6210f2c,Mime Jr.,439,"[""Psychic"",""Fairy""]",true,13,,false,false,false,false,,"{""hp"":20,""atk"":25,""def"":45,""spa"":70,""spd"":90,""spe"":60}"
02220d42-0f30-49b5-804e-4d7ad81fd2b8,Cufant,878,"[""Steel""]",true,100,,false,false,false,false,,"{""hp"":72,""atk"":80,""def"":49,""spa"":40,""spd"":49,""spe"":40}"
024c33e7-494b-44b6-8196-b8786bd85f21,Loudred,294,"[""Normal""]",true,40.5,,false,false,false,false,,"{""hp"":84,""atk"":71,""def"":43,""spa"":71,""spd"":43,""spe"":48}"
025c33b2-ad84-4e3b-8eb3-7ec799abb8b3,Raticate,20,"[""Normal""]",false,18.5,,false,false,false,false,,"{""hp"":55,""atk"":81,""def"":60,""spa"":50,""spd"":70,""spe"":97}"
0272e20c-f3a7-454f-a443-94a28898170f,Cradily,346,"[""Rock"",""Grass""]",false,60.4,0.875,false,false,false,false,,"{""hp"":86,""atk"":81,""def"":97,""spa"":81,""spd"":107,""spe"":43}"
02870de0-95c2-4491-9c0d-381cd64881ab,Silvally-Dark,773,"[""Dark""]",false,100.5,,false,false,false,false,Dark Memory,"{""hp"":95,""atk"":95,""def"":95,""spa"":95,""spd"":95,""spe"":95}"
02a41b0f-619a-4145-82b0-4a946cd76e0c,Pumpkaboo-Super,710,"[""Ghost"",""Grass""]",true,15,,false,false,false,false,,"{""hp"":59,""atk"":66,""def"":70,""spa"":44,""spd"":55,""spe"":41}"
036e366a-6664-457c-b792-eb9a3844f7d7,Sinistea-Antique,854,"[""Ghost""]",true,0.2,,false,false,false,false,,"{""hp"":40,""atk"":45,""def"":45,""spa"":74,""spd"":54,""spe"":50}"
03e18125-fab6-4134-81f1-081d4e3d89b0,Cetoddle,974,"[""Ice""]",true,45,,false,false,false,false,,"{""hp"":108,""atk"":68,""def"":45,""spa"":30,""spd"":40,""spe"":43}"
03f5048a-d4a7-42ae-868e-cef5504c1e03,Genesect-Douse,649,"[""Bug"",""Steel""]",false,82.5,,false,false,false,false,Douse Drive,"{""hp"":71,""atk"":120,""def"":95,""spa"":120,""spd"":95,""spe"":99}"
040d7dde-cee8-468d-93ea-13962f1637ea,Lucario,448,"[""Fighting"",""Steel""]",false,54,0.875,false,false,false,false,,"{""hp"":70,""atk"":110,""def"":70,""spa"":115,""spd"":70,""spe"":90}"
042628ba-428f-4ef2-a16c-f3b2544f8e69,Espeon,196,"[""Psychic""]",false,26.5,0.875,false,false,false,false,,"{""hp"":65,""atk"":65,""def"":60,""spa"":130,""spd"":95,""spe"":110}"
04530155-9b2f-4fd7-8365-02942252b333,Naganadel,804,"[""Poison"",""Dragon""]",false,150,,false,false,false,false,,"{""hp"":73,""atk"":73,""def"":73,""spa"":127,""spd"":73,""spe"":121}"
04b047a5-3a46-45ac-b26f-ab6c27ad9dce,Voltorb,100,"[""Electric""]",true,10.4,,false,false,false,false,,"{""hp"":40,""atk"":30,""def"":50,""spa"":55,""spd"":55,""spe"":100}"
04e9a175-bfb7-4da7-82f8-62da5c0eda57,Togedemaru,777,"[""Electric"",""Steel""]",false,3.3,,false,false,false,false,,"{""hp"":65,""atk"":98,""def"":63,""spa"":40,""spd"":73,""spe"":96}"
04ec294a-ada5-455d-9300-355114a904f3,Gastrodon,423,"[""Water"",""Ground""]",false,29.9,,false,false,false,false,,"{""hp"":111,""atk"":83,""def"":68,""spa"":92,""spd"":82,""spe"":39}"
04ef3c1c-8474-45b9-9977-8f9234bc461a,Golduck,55,"[""Water""]",false,76.6,,false,false,false,false,,"{""hp"":80,""atk"":82,""def"":78,""spa"":95,""spd"":80,""spe"":85}"
0537ce27-c876-43c6-a4c7-6763820baef7,Flygon,330,"[""Ground"",""Dragon""]",false,82,,false,false,false,false,,"{""hp"":80,""atk"":100,""def"":80,""spa"":80,""spd"":80,""spe"":100}"
0543620f-b6ac-42b0-bb41-2c44dceae9ed,Iron Treads,990,"[""Ground"",""Steel""]",false,240,,false,false,false,false,,"{""hp"":90,""atk"":112,""def"":120,""spa"":72,""spd"":70,""spe"":106}"
05bdb0bc-5f2f-400a-b0cd-645f57f1761a,Medicham,308,"[""Fighting"",""Psychic""]",false,31.5,,false,false,false,false,,"{""hp"":60,""atk"":60,""def"":75,""spa"":60,""spd"":75,""spe"":80}"
05c08297-ccb2-48ab-9af2-f28385f86e25,Greninja-Bond,658,"[""Water"",""Dark""]",false,40,,false,false,false,false,,"{""hp"":72,""atk"":95,""def"":67,""spa"":103,""spd"":71,""spe"":122}"
05fe2766-1278-4239-8b2d-6cb2d9b337ac,Primeape,57,"[""Fighting""]",true,32,,false,false,false,false,,"{""hp"":65,""atk"":105,""def"":60,""spa"":60,""spd"":70,""spe"":95}"
064e31a0-7cbb-4026-bef2-aedd91eec130,Inteleon,818,"[""Water""]",false,45.2,0.875,false,false,false,false,,"{""hp"":70,""atk"":85,""def"":65,""spa"":125,""spd"":65,""spe"":120}"
06505950-638c-4a0c-84c6-8ab6103d0de8,Silvally-Ghost,773,"[""Ghost""]",false,100.5,,false,false,false,false,Ghost Memory,"{""hp"":95,""atk"":95,""def"":95,""spa"":95,""spd"":95,""spe"":95}"
065e359d-6d90-426b-bb06-5f9438f34c67,Croconaw,159,"[""Water""]",true,25,0.875,false,false,false,false,,"{""hp"":65,""atk"":80,""def"":80,""spa"":59,""spd"":63,""spe"":58}"
06bf55c0-c50c-4459-9a5a-adb673f03ff7,Dolliv,929,"[""Grass"",""Normal""]",true,11.9,,false,false,false,false,,"{""hp"":52,""atk"":53,""def"":60,""spa"":78,""spd"":78,""spe"":33}"
070833c8-416b-4514-81ca-423fa0aea849,Centiskorch-Gmax,851,"[""Fire"",""Bug""]",false,0,,false,false,true,false,,"{""hp"":100,""atk"":115,""def"":65,""spa"":90,""spd"":90,""spe"":65}"
0709f589-d523-4644-83f4-8349286ff757,Dartrix,723,"[""Grass"",""Flying""]",true,16,0.875,false,false,false,false,,"{""hp"":78,""atk"":75,""def"":75,""spa"":70,""spd"":70,""spe"":52}"
071407db-e7f0-43e8-b714-4d304d8012f9,Charizard-Mega-Y,6,"[""Fire"",""Flying""]",false,100.5,0.875,false,false,false,true,Charizardite Y,"{""hp"":78,""atk"":104,""def"":78,""spa"":159,""spd"":115,""spe"":100}"
072dcc72-a81e-47ff-bd96-cf2a427cbf21,Enamorus,905,"[""Fairy"",""Flying""]",false,48,,false,false,false,false,,"{""hp"":74,""atk"":115,""def"":70,""spa"":135,""spd"":80,""spe"":106}"
073b2cd8-34f0-48e5-b18c-b090e34110c3,Gardevoir-Mega,282,"[""Psychic"",""Fairy""]",false,48.4,,false,false,false,true,Gardevoirite,"{""hp"":68,""atk"":85,""def"":65,""spa"":165,""spd"":135,""spe"":100}"
073c4b04-cd22-4e40-82ca-217a9e5c36af,Snubbull,209,"[""Fairy""]",true,7.8,0.25,false,false,false,false,,"{""hp"":60,""atk"":80,""def"":50,""spa"":40,""spd"":40,""spe"":30}"
073d79c9-9cb3-464e-b852-9edbdf42686a,Zapdos,145,"[""Electric"",""Flying""]",false,52.6,,false,false,false,false,,"{""hp"":90,""atk"":90,""def"":85,""spa"":125,""spd"":90,""spe"":100}"
07bf275d-71de-4c7c-8eaa-e05461270fa0,Victreebel,71,"[""Grass"",""Poison""]",false,15.5,,false,false,false,false,,"{""hp"":80,""atk"":105,""def"":65,""spa"":100,""spd"":70,""spe"":70}"
07cda444-f0ef-49ea-9fd4-c5669529ab0a,Nidorina,30,"[""Poison""]",true,20,,false,false,false,false,,"{""hp"":70,""atk"":62,""def"":67,""spa"":55,""spd"":55,""spe"":56}"
07cf6ded-f088-4df2-9ee3-cd27006cee78,Meowscarada,908,"[""Grass"",""Dark""]",false,31.2,0.875,false,false,false,false,,"{""hp"":76,""atk"":110,""def"":70,""spa"":81,""spd"":70,""spe"":123}"
07e2ba71-d4e4-4129-bfd7-8a1925703964,Poliwag,60,"[""Water""]",true,12.4,,false,false,false,false,,"{""hp"":40,""atk"":50,""def"":40,""spa"":40,""spd"":40,""spe"":90}"
087456c5-c828-4e38-b3f3-0351a684afab,Bronzong,437,"[""Steel"",""Psychic""]",false,187,,false,false,false,false,,"{""hp"":67,""atk"":89,""def"":116,""spa"":79,""spd"":116,""spe"":33}"
08893bf4-abdc-4622-81b2-477d7c4f3e33,Bagon,371,"[""Dragon""]",true,42.1,,false,false,false,false,,"{""hp"":45,""atk"":75,""def"":60,""spa"":40,""spd"":30,""spe"":50}"
08d00a68-b474-42a0-9e00-576dc78f5ee0,Spewpa,665,"[""Bug""]",true,8.4,,false,false,false,false,,"{""hp"":45,""atk"":22,""def"":60,""spa"":27,""spd"":30,""spe"":29}"
08d82302-4c8c-445c-a5f1-1d8354442481,Morgrem,860,"[""Dark"",""Fairy""]",true,12.5,,false,false,false,false,,"{""hp"":65,""atk"":60,""def"":45,""spa"":75,""spd"":55,""spe"":70}"
08d8a4d4-bc1d-435f-b3d6-bcacf704ba26,Dialga,483,"[""Steel"",""Dragon""]",false,683,,false,true,false,false,,"{""hp"":100,""atk"":120,""def"":120,""spa"":150,""spd"":100,""spe"":90}"
08f1fda2-6e40-43cb-bd43-3e4ac9d5a37e,Mr. Mime,122,"[""Psychic"",""Fairy""]",false,54.5,,false,false,false,false,,"{""hp"":40,""atk"":45,""def"":65,""spa"":100,""spd"":120,""spe"":90}"
09131446-171c-4523-856d-e6b7f5054197,Cryogonal,615,"[""Ice""]",false,148,,false,false,false,false,,"{""hp"":80,""atk"":50,""def"":50,""spa"":95,""spd"":135,""spe"":105}"
09388db7-9958-4084-8228-691728aa006d,Teddiursa,216,"[""Normal""]",true,8.8,,false,false,false,false,,"{""hp"":60,""atk"":80,""def"":50,""spa"":50,""spd"":50,""spe"":40}"
09b2b4c6-bba4-4bb0-8d67-460f3117ed6a,Feraligatr,160,"[""Water""]",false,88.8,0.875,false,false,false,false,,"{""hp"":85,""atk"":105,""def"":100,""spa"":79,""spd"":83,""spe"":78}"
09bb4522-28fe-4cb9-bfe9-5d32ab92d356,Jellicent,593,"[""Water"",""Ghost""]",false,135,,false,false,false,false,,"{""hp"":100,""atk"":60,""def"":70,""spa"":85,""spd"":105,""spe"":60}"
09d6101b-fc9b-4419-bc2f-676c40b8f7ae,Sandile,551,"[""Ground"",""Dark""]",true,15.2,,false,false,false,false,,"{""hp"":50,""atk"":72,""def"":35,""spa"":35,""spd"":35,""spe"":65}"
0a94e40b-e1fe-4f20-96d9-1d4507d04a36,Plusle,311,"[""Electric""]",false,4.2,,false,false,false,false,,"{""hp"":60,""atk"":50,""def"":40,""spa"":85,""spd"":75,""spe"":95}"
0a96f25c-a25e-4c0a-bcf2-8736a119255c,Gorebyss,368,"[""Water""]",false,22.6,,false,false,false,false,,"{""hp"":55,""atk"":84,""def"":105,""spa"":114,""spd"":75,""spe"":52}"
0a9d5c59-d659-4f46-953b-f2488aeea775,Magmar,126,"[""Fire""]",true,44.5,0.75,false,false,false,false,,"{""hp"":65,""atk"":95,""def"":57,""spa"":100,""spd"":85,""spe"":93}"
0af157c4-cb40-4d84-b22b-23a6dbffa1b5,Kyogre,382,"[""Water""]",false,352,,false,true,false,false,,"{""hp"":100,""atk"":100,""def"":90,""spa"":150,""spd"":140,""spe"":90}"
0b312eed-ee3a-4413-9c3f-6c440afdb2e1,Thundurus,642,"[""Electric"",""Flying""]",false,61,,false,false,false,false,,"{""hp"":79,""atk"":115,""def"":70,""spa"":125,""spd"":80,""spe"":111}"
0b424f39-654f-4dcf-a9c9-a1a2469cc13b,Lairon,305,"[""Steel"",""Rock""]",true,120,,false,false,false,false,,"{""hp"":60,""atk"":90,""def"":140,""spa"":50,""spd"":50,""spe"":40}"
0b54ebc7-b442-493c-b955-718131336fe7,Aggron,306,"[""Steel"",""Rock""]",false,360,,false,false,false,false,,"{""hp"":70,""atk"":110,""def"":180,""spa"":60,""spd"":60,""spe"":50}"
0b560805-b35c-41ed-a2c5-3b31f748aa84,Hitmonchan,107,"[""Fighting""]",false,50.2,,false,false,false,false,,"{""hp"":50,""atk"":105,""def"":79,""spa"":35,""spd"":110,""spe"":76}"
0b65c79f-6840-4063-8216-b583113fdfdb,Crabominable,740,"[""Fighting"",""Ice""]",false,180,,false,false,false,false,,"{""hp"":97,""atk"":132,""def"":77,""spa"":62,""spd"":67,""spe"":43}"
0bdcc7a5-bf34-4d26-8ef0-077134886ff6,Pikachu-Sinnoh,25,"[""Electric""]",false,6,,false,false,false,false,,"{""hp"":35,""atk"":55,""def"":40,""spa"":50,""spd"":50,""spe"":90}"
0c31141a-6cb7-4608-b4de-0799d1e4dbf8,Gigalith,526,"[""Rock""]",false,260,,false,false,false,false,,"{""hp"":85,""atk"":135,""def"":130,""spa"":60,""spd"":80,""spe"":25}"
0c3ce6d6-05f3-4157-a998-cf449540b5f2,Tentacruel,73,"[""Water"",""Poison""]",false,55,,false,false,false,false,,"{""hp"":80,""atk"":70,""def"":65,""spa"":80,""spd"":120,""spe"":100}"
0c7ac845-90a9-4c9c-a864-2d573404b09a,Komala,775,"[""Normal""]",false,19.9,,false,false,false,false,,"{""hp"":65,""atk"":115,""def"":65,""spa"":75,""spd"":95,""spe"":65}"
0c98c397-ae5d-49c3-a257-abef65d34aa6,Avalugg,713,"[""Ice""]",false,505,,false,false,false,false,,"{""hp"":95,""atk"":117,""def"":184,""spa"":44,""spd"":46,""spe"":28}"
0cb30441-e241-4820-9bc8-6f33b98f6d49,Umbreon,197,"[""Dark""]",false,27,0.875,false,false,false,false,,"{""hp"":95,""atk"":65,""def"":110,""spa"":60,""spd"":130,""spe"":65}"
0ccad763-1fbc-41b8-9a41-420883e16ae9,Pawmi,921,"[""Electric""]",true,2.5,,false,false,false,false,,"{""hp"":45,""atk"":50,""def"":20,""spa"":40,""spd"":25,""spe"":60}"
0cdbeaa4-b198-42f9-b3d1-fdb2ec877cb3,Arceus-Steel,493,"[""Steel""]",false,320,,false,false,false,false,,"{""hp"":120,""atk"":120,""def"":120,""spa"":120,""spd"":120,""spe"":120}"
0d09b64a-85cc-4553-b1cb-4dd3b9b8513b,Watchog,505,"[""Normal""]",false,27,,false,false,false,false,,"{""hp"":60,""atk"":85,""def"":69,""spa"":60,""spd"":69,""spe"":77}"
0d16770c-cd21-4a35-b992-95e06e2c843b,Burmy,412,"[""Bug""]",true,3.4,,false,false,false,false,,"{""hp"":40,""atk"":29,""def"":45,""spa"":29,""spd"":45,""spe"":36}"
0d489692-7bb4-40f6-af0f-ad2bf8c16886,Kadabra,64,"[""Psychic""]",true,56.5,0.75,false,false,false,false,,"{""hp"":40,""atk"":35,""def"":30,""spa"":120,""spd"":70,""spe"":105}"
0d779c60-3c51-4dc1-9192-53bc733dc5f7,Barraskewda,847,"[""Water""]",false,30,,false,false,false,false,,"{""hp"":61,""atk"":123,""def"":60,""spa"":60,""spd"":50,""spe"":136}"
0d87a70e-f0f3-492f-8cba-05110cef824a,Swoobat,528,"[""Psychic"",""Flying""]",false,10.5,,false,false,false,false,,"{""hp"":67,""atk"":57,""def"":55,""spa"":77,""spd"":55,""spe"":114}"
0d97acb5-6929-4062-a4eb-ec5c697a9cda,Squawkabilly-White,931,"[""Normal"",""Flying""]",false,2.4,,false,false,false,false,,"{""hp"":82,""atk"":96,""def"":51,""spa"":45,""spd"":51,""spe"":92}"
0de5ebba-de98-443b-ae0c-f59f80c45c18,Silvally-Electric,773,"[""Electric""]",false,100.5,,false,false,false,false,Electric Memory,"{""hp"":95,""atk"":95,""def"":95,""spa"":95,""spd"":95,""spe"":95}"
0def0c3b-45a6-4a0d-83e0-286be285cb3c,Carracosta,565,"[""Water"",""Rock""]",false,81,0.875,false,false,false,false,,"{""hp"":74,""atk"":108,""def"":133,""spa"":83,""spd"":65,""spe"":32}"
0df21295-9b94-4c02-a357-e738384d3ba0,Annihilape,979,"[""Fighting"",""Ghost""]",false,56,,false,false,false,false,,"{""hp"":110,""atk"":115,""def"":80,""spa"":50,""spd"":90,""spe"":90}"
0e10e829-b770-4723-80af-360a339d07b7,Dondozo,977,"[""Water""]",false,220,,false,false,false,false,,"{""hp"":150,""atk"":100,""def"":115,""spa"":65,""spd"":65,""spe"":35}"
0e5d0ea0-38b4-4561-a43f-484a55820343,Cranidos,408,"[""Rock""]",true,31.5,0.875,false,false,false,false,,"{""hp"":67,""atk"":125,""def"":40,""spa"":30,""spd"":30,""spe"":58}"
0ee3c1b6-4602-4e65-89bb-7fbd37e66901,Magneton,82,"[""Electric"",""Steel""]",true,60,,false,false,false,false,,"{""hp"":50,""atk"":60,""def"":95,""spa"":120,""spd"":70,""spe"":70}"
0ee4c7e2-e418-4987-8efb-230b8dacd9f1,Eevee-Starter,133,"[""Normal""]",false,6.5,0.875,false,false,false,false,,"{""hp"":65,""atk"":75,""def"":70,""spa"":65,""spd"":85,""spe"":75}"
0f825ae1-26c0-4bc6-84ff-63dbd414f825,Zekrom,644,"[""Dragon"",""Electric""]",false,345,,false,true,false,false,,"{""hp"":100,""atk"":150,""def"":120,""spa"":120,""spd"":100,""spe"":90}"
0f850239-d78d-4e23-ae9c-9f8ec5bc8c02,Ferroseed,597,"[""Grass"",""Steel""]",true,18.8,,false,false,false,false,,"{""hp"":44,""atk"":50,""def"":91,""spa"":24,""spd"":86,""spe"":10}"
10021a45-da39-4e91-9d8f-34c5852b2eeb,Yveltal,717,"[""Dark"",""Flying""]",false,203,,false,true,false,false,,"{""hp"":126,""atk"":131,""def"":95,""spa"":131,""spd"":98,""spe"":99}"
10386c50-330b-4c95-b9de-f4848e7c6be3,Zamazenta,889,"[""Fighting""]",false,210,,false,true,false,false,,"{""hp"":92,""atk"":120,""def"":115,""spa"":80,""spd"":115,""spe"":138}"
105fd7c8-47f5-4480-af80-a599fd54f70c,Diancie-Mega,719,"[""Rock"",""Fairy""]",false,27.8,,false,false,false,true,Diancite,"{""hp"":50,""atk"":160,""def"":110,""spa"":160,""spd"":110,""spe"":110}"
107db81a-a2e8-4d27-b694-7b8fab37733f,Butterfree,12,"[""Bug"",""Flying""]",false,32,,false,false,false,false,,"{""hp"":60,""atk"":45,""def"":50,""spa"":90,""spd"":80,""spe"":70}"
1086b6c0-dc31-4d9d-afdb-3e9cb486f3c3,Wigglytuff,40,"[""Normal"",""Fairy""]",false,12,0.25,false,false,false,false,,"{""hp"":140,""atk"":70,""def"":45,""spa"":85,""spd"":50,""spe"":45}"
109223d3-1e05-46f5-b70b-4cb709506b70,Beedrill,15,"[""Bug"",""Poison""]",false,29.5,,false,false,false,false,,"{""hp"":65,""atk"":90,""def"":40,""spa"":45,""spd"":80,""spe"":75}"
1092e8fa-79f6-4853-8703-7bc6d16a1f3a,Landorus-Therian,645,"[""Ground"",""Flying""]",false,68,,false,false,false,false,,"{""hp"":89,""atk"":145,""def"":90,""spa"":105,""spd"":80,""spe"":91}"
10ae9f8e-2375-4eb5-b57c-fe848aa9c220,Cramorant-Gorging,845,"[""Flying"",""Water""]",false,18,,false,false,false,false,,"{""hp"":70,""atk"":85,""def"":55,""spa"":85,""spd"":95,""spe"":85}"
112d18fe-4ca5-45e2-830c-b4e655f85aa3,Arctozolt,881,"[""Electric"",""Ice""]",false,150,,false,false,false,false,,"{""hp"":90,""atk"":100,""def"":90,""spa"":90,""spd"":80,""spe"":55}"
116ceaa4-5afb-4f91-9021-fa044b06f3ac,Cinderace-Gmax,815,"[""Fire""]",false,0,0.875,false,false,true,false,,"{""hp"":80,""atk"":116,""def"":75,""spa"":65,""spd"":75,""spe"":119}"
116eb119-cf94-4cab-b593-7f77bd1a67ee,Elekid,239,"[""Electric""]",true,23.5,0.75,false,false,false,false,,"{""hp"":45,""atk"":63,""def"":37,""spa"":65,""spd"":55,""spe"":95}"
11a5da32-2892-4526-9c7b-2b3eea7fa136,Honedge,679,"[""Steel"",""Ghost""]",true,2,,false,false,false,false,,"{""hp"":45,""atk"":80,""def"":100,""spa"":35,""spd"":37,""spe"":28}"
11ce164f-3902-44e8-a121-29c49a62a4dd,Varoom,965,"[""Steel"",""Poison""]",true,35,,false,false,false,false,,"{""hp"":45,""atk"":70,""def"":63,""spa"":30,""spd"":45,""spe"":47}"
11f6b0a1-2cb3-4fff-a937-7eb9a1100b1a,Walrein,365,"[""Ice"",""Water""]",false,150.6,,false,false,false,false,,"{""hp"":110,""atk"":80,""def"":90,""spa"":95,""spd"":90,""spe"":65}"
127b0338-a24a-4ee9-8b56-ff1f65901a42,Koffing,109,"[""Poison""]",true,1,,false,false,false,false,,"{""hp"":40,""atk"":65,""def"":95,""spa"":60,""spd"":45,""spe"":35}"
12d18091-ce7c-4a04-8eec-aee735ebf597,Ninetales-Alola,38,"[""Ice"",""Fairy""]",false,19.9,0.25,false,false,false,false,,"{""hp"":73,""atk"":67,""def"":75,""spa"":81,""spd"":100,""spe"":109}"
13153d6d-fce4-46f7-b265-13037f1375ed,Iron Valiant,1006,"[""Fairy"",""Fighting""]",false,35,,false,false,false,false,,"{""hp"":74,""atk"":130,""def"":90,""spa"":120,""spd"":60,""spe"":116}"
136d963e-bb4c-4875-a80a-4898d1f8de2e,Mabosstiff,943,"[""Dark""]",false,61,,false,false,false,false,,"{""hp"":80,""atk"":120,""def"":90,""spa"":60,""spd"":70,""spe"":85}"
1400e236-5117-4e89-be3e-636231dfa0d2,Sinistcha,1013,"[""Grass"",""Ghost""]",false,2.2,,false,false,false,false,,"{""hp"":71,""atk"":60,""def"":106,""spa"":121,""spd"":80,""spe"":70}"
142b45fb-6476-46d5-8fb1-c2ed1ba7d6d2,Weedle,13,"[""Bug"",""Poison""]",true,3.2,,false,false,false,false,,"{""hp"":40,""atk"":35,""def"":30,""spa"":20,""spd"":20,""spe"":50}"
14917c7e-be88-4778-8dae-9073022af471,Silvally-Fighting,773,"[""Fighting""]",false,100.5,,false,false,false,false,Fighting Memory,"{""hp"":95,""atk"":95,""def"":95,""spa"":95,""spd"":95,""spe"":95}"
14b86000-accd-4148-bc26-17956cd7297a,Pikachu-Gmax,25,"[""Electric""]",false,0,,false,false,true,false,,"{""hp"":35,""atk"":55,""def"":40,""spa"":50,""spd"":50,""spe"":90}"
14c20b67-ef73-459a-9027-f72f05a1765b,Metang,375,"[""Steel"",""Psychic""]",true,202.5,,false,false,false,false,,"{""hp"":60,""atk"":75,""def"":100,""spa"":55,""spd"":80,""spe"":50}"
14d10255-6da4-41b3-ad29-2b4cf0dc02cc,Silvally-Fire,773,"[""Fire""]",false,100.5,,false,false,false,false,Fire Memory,"{""hp"":95,""atk"":95,""def"":95,""spa"":95,""spd"":95,""spe"":95}"
14db1df4-602e-454c-a6ba-a59c35517fa4,Maushold,925,"[""Normal""]",false,2.3,,false,false,false,false,,"{""hp"":74,""atk"":75,""def"":70,""spa"":65,""spd"":75,""spe"":111}"
159b95b6-0cac-42d4-b252-9f7be34f0ded,Raboot,814,"[""Fire""]",true,9,0.875,false,false,false,false,,"{""hp"":65,""atk"":86,""def"":60,""spa"":55,""spd"":60,""spe"":94}"
15a4a339-cf38-418e-8a34-50dbaeb6c3c0,Ogerpon-Cornerstone,1017,"[""Grass"",""Rock""]",false,39.8,,false,false,false,false,Cornerstone Mask,"{""hp"":80,""atk"":120,""def"":84,""spa"":60,""spd"":96,""spe"":110}"
15d3ce82-4643-4f27-a00e-6d61f2fbc56f,Scyther,123,"[""Bug"",""Flying""]",true,56,,false,false,false,false,,"{""hp"":70,""atk"":110,""def"":80,""spa"":55,""spd"":80,""spe"":105}"
160f303e-dbc7-4825-8edd-f17640b105d2,Duskull,355,"[""Ghost""]",true,15,,false,false,false,false,,"{""hp"":20,""atk"":40,""def"":90,""spa"":30,""spd"":90,""spe"":25}"
165099cb-b13e-4965-9030-d2c4bd53dda2,Minior-Meteor,774,"[""Rock"",""Flying""]",false,40,,false,false,false,false,,"{""hp"":60,""atk"":60,""def"":100,""spa"":60,""spd"":100,""spe"":60}"
1652dadf-efc2-4248-a704-636f7f475888,Ambipom,424,"[""Normal""]",false,20.3,,false,false,false,false,,"{""hp"":75,""atk"":100,""def"":66,""spa"":60,""spd"":66,""spe"":115}"
16a9bbd0-8e6b-41c6-83b1-075b3675afb8,Simisear,514,"[""Fire""]",false,28,0.875,false,false,false,false,,"{""hp"":75,""atk"":98,""def"":63,""spa"":98,""spd"":63,""spe"":101}"
16f620b0-2c2f-4963-8f49-94f851fc17c4,Mimikyu,778,"[""Ghost"",""Fairy""]",false,0.7,,false,false,false,false,,"{""hp"":55,""atk"":90,""def"":80,""spa"":50,""spd"":105,""spe"":96}"
1701c5ab-757a-43fb-96cb-3515f7c21ffa,Clamperl,366,"[""Water""]",true,52.5,,false,false,false,false,,"{""hp"":35,""atk"":64,""def"":85,""spa"":74,""spd"":55,""spe"":32}"
172d9fea-88e1-447a-8206-9b9c9da9700d,Genesect-Chill,649,"[""Bug"",""Steel""]",false,82.5,,false,false,false,false,Chill Drive,"{""hp"":71,""atk"":120,""def"":95,""spa"":120,""spd"":95,""spe"":99}"
172fa433-bec5-4507-a194-bd35f6dc62db,Skarmory,227,"[""Steel"",""Flying""]",false,50.5,,false,false,false,false,,"{""hp"":65,""atk"":80,""def"":140,""spa"":40,""spd"":70,""spe"":70}"
17c28bb1-9003-4c6f-a6a6-c61be938b5c2,Tapu Fini,788,"[""Water"",""Fairy""]",false,21.2,,false,false,false,false,,"{""hp"":70,""atk"":75,""def"":115,""spa"":95,""spd"":130,""spe"":85}"
17c2afe8-ada8-4f06-abea-3f64dbeb888c,Ninetales,38,"[""Fire""]",false,19.9,0.25,false,false,false,false,,"{""hp"":73,""atk"":76,""def"":75,""spa"":81,""spd"":100,""spe"":100}"
183be6f2-f171-4077-9156-a181464f10fe,Arceus-Flying,493,"[""Flying""]",false,320,,false,false,false,false,,"{""hp"":120,""atk"":120,""def"":120,""spa"":120,""spd"":120,""spe"":120}"
1857fb0d-025a-42af-974a-c76071f16a0e,Poliwhirl,61,"[""Water""]",true,20,,false,false,false,false,,"{""hp"":65,""atk"":65,""def"":65,""spa"":50,""spd"":50,""spe"":90}"
18c70c44-dbb0-47a7-8783-23b9c753bdc3,Roaring Moon,1005,"[""Dragon"",""Dark""]",false,380,,false,false,false,false,,"{""hp"":105,""atk"":139,""def"":71,""spa"":55,""spd"":101,""spe"":119}"
1913bfd0-1139-4d44-b75e-1a3708cd56d9,Ninjask,291,"[""Bug"",""Flying""]",false,12,,false,false,false,false,,"{""hp"":61,""atk"":90,""def"":45,""spa"":50,""spd"":50,""spe"":160}"
195beaeb-dfd2-400f-a53b-2065e3a98a25,Riolu,447,"[""Fighting""]",true,20.2,0.875,false,false,false,false,,"{""hp"":40,""atk"":70,""def"":40,""spa"":35,""spd"":40,""spe"":60}"
19694e35-e91c-4e2c-a32e-7cd57fad9361,Maschiff,942,"[""Dark""]",true,16,,false,false,false,false,,"{""hp"":60,""atk"":78,""def"":60,""spa"":40,""spd"":51,""spe"":51}"
196d644c-d117-4394-b350-05b211bd0020,Shroomish,285,"[""Grass""]",true,4.5,,false,false,false,false,,"{""hp"":60,""atk"":40,""def"":60,""spa"":40,""spd"":60,""spe"":35}"
198d5c3c-e8db-45e9-929c-4b7e8ff3d438,Banette-Mega,354,"[""Ghost""]",false,13,,false,false,false,true,Banettite,"{""hp"":64,""atk"":165,""def"":75,""spa"":93,""spd"":83,""spe"":75}"
199352ac-4e22-4bff-bc9f-43e2cec90813,Absol,359,"[""Dark""]",false,47,,false,false,false,false,,"{""hp"":65,""atk"":130,""def"":60,""spa"":75,""spd"":60,""spe"":75}"
19a9d8e7-282c-40cf-8e49-af50cfb81435,Stunky,434,"[""Poison"",""Dark""]",true,19.2,,false,false,false,false,,"{""hp"":63,""atk"":63,""def"":47,""spa"":41,""spd"":41,""spe"":74}"
19dfc0a1-5626-4fe5-a176-95b47ec3945d,Fletchling,661,"[""Normal"",""Flying""]",true,1.7,,false,false,false,false,,"{""hp"":45,""atk"":50,""def"":43,""spa"":40,""spd"":38,""spe"":62}"
1a044481-358c-4ce8-bdcb-facf7af195e7,Zweilous,634,"[""Dark"",""Dragon""]",true,50,,false,false,false,false,,"{""hp"":72,""atk"":85,""def"":70,""spa"":65,""spd"":70,""spe"":58}"
1a0558a4-c5b2-4992-9743-2d0aebfe42d3,Rhyhorn,111,"[""Ground"",""Rock""]",true,115,,false,false,false,false,,"{""hp"":80,""atk"":85,""def"":95,""spa"":30,""spd"":30,""spe"":25}"
1a577725-1741-4684-ab75-6e20de1636c4,Alomomola,594,"[""Water""]",false,31.6,,false,false,false,false,,"{""hp"":165,""atk"":75,""def"":80,""spa"":40,""spd"":45,""spe"":65}"
1a5deeed-0c42-492c-8642-98a983868038,Smeargle,235,"[""Normal""]",false,58,,false,false,false,false,,"{""hp"":55,""atk"":20,""def"":35,""spa"":20,""spd"":45,""spe"":75}"
1a74113f-14c7-42be-a4c7-a2b5b5d2f65e,Nuzleaf,274,"[""Grass"",""Dark""]",true,28,,false,false,false,false,,"{""hp"":70,""atk"":70,""def"":40,""spa"":60,""spd"":40,""spe"":60}"
1a7dbdc2-27e0-430c-9d9b-c484506deae1,Machoke,67,"[""Fighting""]",true,70.5,0.75,false,false,false,false,,"{""hp"":80,""atk"":100,""def"":70,""spa"":50,""spd"":60,""spe"":45}"
1af52b91-c12f-4bc4-a175-c70555662596,Ribombee,743,"[""Bug"",""Fairy""]",false,0.5,,false,false,false,false,,"{""hp"":60,""atk"":55,""def"":60,""spa"":95,""spd"":70,""spe"":124}"
1b7f96e6-fbec-4c73-ac88-7d6734c6e564,Grimer-Alola,88,"[""Poison"",""Dark""]",true,42,,false,false,false,false,,"{""hp"":80,""atk"":80,""def"":50,""spa"":40,""spd"":50,""spe"":25}"
1b8049fe-567b-42c3-93c5-b80c11bee9a0,Cloyster,91,"[""Water"",""Ice""]",false,132.5,,false,false,false,false,,"{""hp"":50,""atk"":95,""def"":180,""spa"":85,""spd"":45,""spe"":70}"
1bf29762-116b-4f45-9185-841143acdd0f,Samurott,503,"[""Water""]",false,94.6,0.875,false,false,false,false,,"{""hp"":95,""atk"":100,""def"":85,""spa"":108,""spd"":70,""spe"":70}"
1c5887a9-3376-4070-9789-1f7ec6a2a728,Heatmor,631,"[""Fire""]",false,58,,false,false,false,false,,"{""hp"":85,""atk"":97,""def"":66,""spa"":105,""spd"":66,""spe"":65}"
1c69a3b3-ccfa-419e-8757-ce8ba217b9e3,Pupitar,247,"[""Rock"",""Ground""]",true,152,,false,false,false,false,,"{""hp"":70,""atk"":84,""def"":70,""spa"":65,""spd"":70,""spe"":51}"
1c6da6fb-4083-4c93-8856-ef1a07aa080c,Garbodor-Gmax,569,"[""Poison""]",false,0,,false,false,true,false,,"{""hp"":80,""atk"":95,""def"":82,""spa"":60,""spd"":82,""spe"":75}"
1c6e9f4b-9684-45a1-bf88-75a792c066b0,Mareanie,747,"[""Poison"",""Water""]",true,8,,false,false,false,false,,"{""hp"":50,""atk"":53,""def"":62,""spa"":43,""spd"":52,""spe"":45}"
1c9876cb-58af-4ba7-a55d-74493a93865a,Dottler,825,"[""Bug"",""Psychic""]",true,19.5,,false,false,false,false,,"{""hp"":50,""atk"":35,""def"":80,""spa"":50,""spd"":90,""spe"":30}"
1cac18f5-d4ec-48b3-85cb-0d456ef3adf5,Ivysaur,2,"[""Grass"",""Poison""]",true,13,0.875,false,false,false,false,,"{""hp"":60,""atk"":62,""def"":63,""spa"":80,""spd"":80,""spe"":60}"
1cc954b6-64ea-4756-8903-716e8c83cd7f,Finneon,456,"[""Water""]",true,7,,false,false,false,false,,"{""hp"":49,""atk"":49,""def"":56,""spa"":49,""spd"":61,""spe"":66}"
1d305e38-682a-44aa-97a9-ea85b7c06a4d,Krokorok,552,"[""Ground"",""Dark""]",true,33.4,,false,false,false,false,,"{""hp"":60,""atk"":82,""def"":45,""spa"":45,""spd"":45,""spe"":74}"
1d68a5ff-df6d-4d5e-bcd3-6d6e583e909e,Armaldo,348,"[""Rock"",""Bug""]",false,68.2,0.875,false,false,false,false,,"{""hp"":75,""atk"":125,""def"":100,""spa"":70,""spd"":80,""spe"":45}"
1d704edc-0d78-4233-b555-b47bb7d616fe,Electrode,101,"[""Electric""]",false,66.6,,false,false,false,false,,"{""hp"":60,""atk"":50,""def"":70,""spa"":80,""spd"":80,""spe"":150}"
1d7e5859-08e9-4105-9d68-6f06ed6fc455,Leafeon,470,"[""Grass""]",false,25.5,0.875,false,false,false,false,,"{""hp"":65,""atk"":110,""def"":130,""spa"":60,""spd"":65,""spe"":95}"
1d979124-4d8c-4f2f-ba5b-b673c7831fdb,Noibat,714,"[""Flying"",""Dragon""]",true,8,,false,false,false,false,,"{""hp"":40,""atk"":30,""def"":35,""spa"":45,""spd"":40,""spe"":55}"
1dbca77f-8964-4955-a20b-54cd4eb2b183,Silvally-Fairy,773,"[""Fairy""]",false,100.5,,false,false,false,false,Fairy Memory,"{""hp"":95,""atk"":95,""def"":95,""spa"":95,""spd"":95,""spe"":95}"
1df4ec31-371d-4f0d-aef2-fa1e4f95d323,Walking Wake,1009,"[""Water"",""Dragon""]",false,280,,false,false,false,false,,"{""hp"":99,""atk"":83,""def"":91,""spa"":125,""spd"":83,""spe"":109}"
1e2c1034-ef80-427d-baf7-3c11d26d4947,Shelgon,372,"[""Dragon""]",true,110.5,,false,false,false,false,,"{""hp"":65,""atk"":95,""def"":100,""spa"":60,""spd"":50,""spe"":50}"
1e76b69a-13ce-498a-bf8c-e6d0aee65b4b,Bulbasaur,1,"[""Grass"",""Poison""]",true,6.9,0.875,false,false,false,false,,"{""hp"":45,""atk"":49,""def"":49,""spa"":65,""spd"":65,""spe"":45}"
1e89957f-1948-43af-90b4-6b88ed2b17f6,Shinx,403,"[""Electric""]",true,9.5,,false,false,false,false,,"{""hp"":45,""atk"":65,""def"":34,""spa"":40,""spd"":34,""spe"":45}"
1e8b3c65-b78a-45e8-b7d8-d4c3674fcc1a,Oricorio-Pa'u,741,"[""Psychic"",""Flying""]",false,3.4,0.25,false,false,false,false,,"{""hp"":75,""atk"":70,""def"":70,""spa"":98,""spd"":70,""spe"":93}"
1eb085f3-f7a7-45cb-8a6d-2d018b37f924,Lampent,608,"[""Ghost"",""Fire""]",true,13,,false,false,false,false,,"{""hp"":60,""atk"":40,""def"":60,""spa"":95,""spd"":60,""spe"":55}"
1edbccf5-3b9b-4da5-a4e3-19cf6b1ed770,Unfezant,521,"[""Normal"",""Flying""]",false,29,,false,false,false,false,,"{""hp"":80,""atk"":115,""def"":80,""spa"":65,""spd"":55,""spe"":93}"
1f033705-f425-44da-9a1d-01f06892d4a9,Volcanion,721,"[""Fire"",""Water""]",false,195,,true,false,false,false,,"{""hp"":80,""atk"":110,""def"":120,""spa"":130,""spd"":90,""spe"":70}"
1f6b3b83-e5f7-4ef2-8f59-c5f083f0a742,Arceus-Bug,493,"[""Bug""]",false,320,,false,false,false,false,,"{""hp"":120,""atk"":120,""def"":120,""spa"":120,""spd"":120,""spe"":120}"
1f74f27d-b579-45f7-bd10-aa7753f6b821,Bibarel,400,"[""Normal"",""Water""]",false,31.5,,false,false,false,false,,"{""hp"":79,""atk"":85,""def"":60,""spa"":55,""spd"":60,""spe"":71}"
1f77a640-1f6a-4c06-b853-596f52da8465,Pancham,674,"[""Fighting""]",true,8,,false,false,false,false,,"{""hp"":67,""atk"":82,""def"":62,""spa"":46,""spd"":48,""spe"":43}"
1f7ff70b-ca76-4933-b952-df014e6709f9,Genesect-Shock,649,"[""Bug"",""Steel""]",false,82.5,,false,false,false,false,Shock Drive,"{""hp"":71,""atk"":120,""def"":95,""spa"":120,""spd"":95,""spe"":99}"
1f9a28e4-cdf2-4e9e-b62c-123d683b5690,Whismur,293,"[""Normal""]",true,16.3,,false,false,false,false,,"{""hp"":64,""atk"":51,""def"":23,""spa"":51,""spd"":23,""spe"":28}"
1faa3107-c0c9-40bc-baa0-90e90a9410d8,Sharpedo-Mega,319,"[""Water"",""Dark""]",false,130.3,,false,false,false,true,Sharpedonite,"{""hp"":70,""atk"":140,""def"":70,""spa"":110,""spd"":65,""spe"":105}"
1fd1c0c7-5e4a-44b5-86d0-28e4b868ea2c,Tauros,128,"[""Normal""]",false,88.4,,false,false,false,false,,"{""hp"":75,""atk"":100,""def"":95,""spa"":40,""spd"":70,""spe"":110}"
1fe75aff-577a-419c-a507-d3393f4b4915,Regidrago,895,"[""Dragon""]",false,200,,false,false,false,false,,"{""hp"":200,""atk"":100,""def"":50,""spa"":100,""spd"":50,""spe"":80}"
203396d5-5c3d-4e1a-b520-ff9f0af38a33,Fletchinder,662,"[""Fire"",""Flying""]",true,16,,false,false,false,false,,"{""hp"":62,""atk"":73,""def"":55,""spa"":56,""spd"":52,""spe"":84}"
2036c560-e0a8-49cc-8362-2a9d20f2cef6,Tarountula,917,"[""Bug""]",true,4,,false,false,false,false,,"{""hp"":35,""atk"":41,""def"":45,""spa"":29,""spd"":40,""spe"":20}"
20b33834-e696-4070-a86b-305ac65d804a,Munkidori,1015,"[""Poison"",""Psychic""]",false,12.2,,false,false,false,false,,"{""hp"":88,""atk"":75,""def"":66,""spa"":130,""spd"":90,""spe"":106}"
211910f8-bbc5-4605-946b-40be390d3225,Gourgeist-Super,711,"[""Ghost"",""Grass""]",false,39,,false,false,false,false,,"{""hp"":85,""atk"":100,""def"":122,""spa"":58,""spd"":75,""spe"":54}"
216e261e-3e08-4142-b399-8432601e63fd,Kyogre-Primal,382,"[""Water""]",false,430,,false,false,false,false,Blue Orb,"{""hp"":100,""atk"":150,""def"":90,""spa"":180,""spd"":160,""spe"":90}"
2173ea0b-445d-4c7d-9f9c-afbc9e3bf319,Serperior,497,"[""Grass""]",false,63,0.875,false,false,false,false,,"{""hp"":75,""atk"":75,""def"":95,""spa"":75,""spd"":95,""spe"":113}"
223709b0-9c55-4930-9b2c-3cfab92ad1f1,Gulpin,316,"[""Poison""]",true,10.3,,false,false,false,false,,"{""hp"":70,""atk"":43,""def"":53,""spa"":43,""spd"":53,""spe"":40}"
2255bcf6-3f15-4523-b0a2-467f728a2520,Slakoth,287,"[""Normal""]",true,24,,false,false,false,false,,"{""hp"":60,""atk"":60,""def"":60,""spa"":35,""spd"":35,""spe"":30}"
2261bd7a-603c-49bc-954a-2b01e2d0b77c,Tinkatink,957,"[""Fairy"",""Steel""]",true,8.9,,false,false,false,false,,"{""hp"":50,""atk"":45,""def"":45,""spa"":35,""spd"":64,""spe"":58}"
2269b97b-473b-4405-8b22-df6f0a8ff59e,Arceus,493,"[""Normal""]",false,320,,true,false,false,false,,"{""hp"":120,""atk"":120,""def"":120,""spa"":120,""spd"":120,""spe"":120}"
22a362a3-c8f3-4b22-b385-269cbfd1251c,Remoraid,223,"[""Water""]",true,12,,false,false,false,false,,"{""hp"":35,""atk"":65,""def"":35,""spa"":65,""spd"":35,""spe"":65}"
22bf12ed-70f5-4d87-8024-a267b9172590,Kangaskhan-Mega,115,"[""Normal""]",false,100,,false,false,false,true,Kangaskhanite,"{""hp"":105,""atk"":125,""def"":100,""spa"":60,""spd"":100,""spe"":100}"
23056b01-b741-4fba-9883-92cb172188c3,Larvesta,636,"[""Bug"",""Fire""]",true,28.8,,false,false,false,false,,"{""hp"":55,""atk"":85,""def"":55,""spa"":50,""spd"":55,""spe"":60}"
23535d48-c479-4867-9e36-7709b3a09d74,Axew,610,"[""Dragon""]",true,18,,false,false,false,false,,"{""hp"":46,""atk"":87,""def"":60,""spa"":30,""spd"":40,""spe"":57}"
2383620f-a068-4147-9d88-ee4834ce00e9,Mr. Rime,866,"[""Ice"",""Psychic""]",false,58.2,,false,false,false,false,,"{""hp"":80,""atk"":85,""def"":75,""spa"":110,""spd"":100,""spe"":70}"
23fb0e99-264a-48c2-903f-e74cdaeebd6e,Jangmo-o,782,"[""Dragon""]",true,29.7,,false,false,false,false,,"{""hp"":45,""atk"":55,""def"":65,""spa"":45,""spd"":45,""spe"":45}"
2401f2d1-a9d3-4cf5-8927-7033fa051c08,Growlithe-Hisui,58,"[""Fire"",""Rock""]",true,22.7,0.75,false,false,false,false,,"{""hp"":60,""atk"":75,""def"":45,""spa"":65,""spd"":50,""spe"":55}"
24071faf-6315-4d6d-8d8d-4633662351ac,Wormadam-Trash,413,"[""Bug"",""Steel""]",false,6.5,,false,false,false,false,,"{""hp"":60,""atk"":69,""def"":95,""spa"":69,""spd"":95,""spe"":36}"
240c9a56-1702-407e-b898-4b601b5ee949,Charizard-Gmax,6,"[""Fire"",""Flying""]",false,0,0.875,false,false,true,false,,"{""hp"":78,""atk"":84,""def"":78,""spa"":109,""spd"":85,""spe"":100}"
245b3cb0-fcd1-456c-90e7-9b7264263fbb,Meowstic-F,678,"[""Psychic""]",false,8.5,,false,false,false,false,,"{""hp"":74,""atk"":48,""def"":76,""spa"":83,""spd"":81,""spe"":104}"
246309af-f48c-4c3c-b59b-110f0667f955,Hoothoot,163,"[""Normal"",""Flying""]",true,21.2,,false,false,false,false,,"{""hp"":60,""atk"":30,""def"":30,""spa"":36,""spd"":56,""spe"":50}"
24752045-ed93-4439-bda7-f899da4a4a8e,Octillery,224,"[""Water""]",false,28.5,,false,false,false,false,,"{""hp"":75,""atk"":105,""def"":75,""spa"":105,""spd"":75,""spe"":45}"
24ca0bf6-2f6b-47d3-9395-7b394b323e1c,Claydol,344,"[""Ground"",""Psychic""]",false,108,,false,false,false,false,,"{""hp"":60,""atk"":70,""def"":105,""spa"":70,""spd"":120,""spe"":75}"
250246e4-837e-4358-812b-3db34b1ed974,Flaaffy,180,"[""Electric""]",true,13.3,,false,false,false,false,,"{""hp"":70,""atk"":55,""def"":55,""spa"":80,""spd"":60,""spe"":45}"
2515dcb2-477b-4f15-9070-01aaf462fc67,Melmetal,809,"[""Steel""]",false,800,,true,false,false,false,,"{""hp"":135,""atk"":143,""def"":143,""spa"":80,""spd"":65,""spe"":34}"
252be32a-424e-4ac7-b388-83b0c55c0ac2,Quaxwell,913,"[""Water""]",true,21.5,0.875,false,false,false,false,,"{""hp"":70,""atk"":85,""def"":65,""spa"":65,""spd"":60,""spe"":65}"
25a87e49-ae89-4d7a-9975-1957d618a176,Drakloak,886,"[""Dragon"",""Ghost""]",true,11,,false,false,false,false,,"{""hp"":68,""atk"":80,""def"":50,""spa"":60,""spd"":50,""spe"":102}"
25af08e7-2f91-4477-888d-71ed6f41a324,Machamp-Gmax,68,"[""Fighting""]",false,0,0.75,false,false,true,false,,"{""hp"":90,""atk"":130,""def"":80,""spa"":65,""spd"":85,""spe"":55}"
25d8b91b-2e3a-420e-ad2f-c43603468243,Tinkatuff,958,"[""Fairy"",""Steel""]",true,59.1,,false,false,false,false,,"{""hp"":65,""atk"":55,""def"":55,""spa"":45,""spd"":82,""spe"":78}"
25fdc374-6aa9-4778-9fcb-773a1828badc,Larvitar,246,"[""Rock"",""Ground""]",true,72,,false,false,false,false,,"{""hp"":50,""atk"":64,""def"":50,""spa"":45,""spd"":50,""spe"":41}"
2619f9ad-9801-49a2-8996-7047fd61c5ad,Darumaka,554,"[""Fire""]",true,37.5,,false,false,false,false,,"{""hp"":70,""atk"":90,""def"":45,""spa"":15,""spd"":45,""spe"":50}"
2626c4d7-b513-40e3-8fd2-ae1de6a0bb21,Snover,459,"[""Grass"",""Ice""]",true,50.5,,false,false,false,false,,"{""hp"":60,""atk"":62,""def"":50,""spa"":62,""spd"":60,""spe"":40}"
263850d7-49a7-4105-96fd-43fc0a94bf1d,Magmortar,467,"[""Fire""]",false,68,0.75,false,false,false,false,,"{""hp"":75,""atk"":95,""def"":67,""spa"":125,""spd"":95,""spe"":83}"
264561b3-1d24-49b5-9b4c-c21ec3de62f2,Bombirdier,962,"[""Flying"",""Dark""]",false,42.9,,false,false,false,false,,"{""hp"":70,""atk"":103,""def"":85,""spa"":60,""spd"":85,""spe"":82}"
264bfdb7-cacd-41e2-baaa-6fa97f5b5fa4,Vikavolt,738,"[""Bug"",""Electric""]",false,45,,false,false,false,false,,"{""hp"":77,""atk"":70,""def"":90,""spa"":145,""spd"":75,""spe"":43}"
266cac6a-6fa8-40c6-b88e-d8bc82db7287,Rapidash,78,"[""Fire""]",false,95,,false,false,false,false,,"{""hp"":65,""atk"":100,""def"":70,""spa"":80,""spd"":80,""spe"":105}"
26a06166-1f1e-43f1-96c8-e5645cb697d0,Doduo,84,"[""Normal"",""Flying""]",true,39.2,,false,false,false,false,,"{""hp"":35,""atk"":85,""def"":45,""spa"":35,""spd"":35,""spe"":75}"
26b830fd-4dd1-494c-a32d-f1324aa36558,Arceus-Fighting,493,"[""Fighting""]",false,320,,false,false,false,false,,"{""hp"":120,""atk"":120,""def"":120,""spa"":120,""spd"":120,""spe"":120}"
26d36287-ef4a-4931-8b62-5d42ab910278,Rabsca,954,"[""Bug"",""Psychic""]",false,3.5,,false,false,false,false,,"{""hp"":75,""atk"":50,""def"":85,""spa"":115,""spd"":100,""spe"":45}"
2742724c-e102-4e2d-949f-4cd79129829a,Tropius,357,"[""Grass"",""Flying""]",false,100,,false,false,false,false,,"{""hp"":99,""atk"":68,""def"":83,""spa"":72,""spd"":87,""spe"":51}"
27468227-1840-4c7d-a09d-aa24dd9e9f1d,Arceus-Psychic,493,"[""Psychic""]",false,320,,false,false,false,false,,"{""hp"":120,""atk"":120,""def"":120,""spa"":120,""spd"":120,""spe"":120}"
2786ed34-5e10-45db-842f-a5f285aa91dd,Virizion,640,"[""Grass"",""Fighting""]",false,200,,false,false,false,false,,"{""hp"":91,""atk"":90,""def"":72,""spa"":90,""spd"":129,""spe"":108}"
278a1d7e-dc73-4c38-9e30-96138ca7f8bf,Rhyperior,464,"[""Ground"",""Rock""]",false,282.8,,false,false,false,false,,"{""hp"":115,""atk"":140,""def"":130,""spa"":55,""spd"":55,""spe"":40}"
279b0f12-768e-4c11-a1c5-718d11d2552a,Bellossom,182,"[""Grass""]",false,5.8,,false,false,false,false,,"{""hp"":75,""atk"":80,""def"":95,""spa"":90,""spd"":100,""spe"":50}"
28478690-b96e-408a-8776-6bda73b3b4fc,Conkeldurr,534,"[""Fighting""]",false,87,0.75,false,false,false,false,,"{""hp"":105,""atk"":140,""def"":95,""spa"":55,""spd"":65,""spe"":45}"
2887995e-3573-498b-b65b-6eae1634590e,Silvally,773,"[""Normal""]",false,100.5,,false,false,false,false,,"{""hp"":95,""atk"":95,""def"":95,""spa"":95,""spd"":95,""spe"":95}"
289678c2-2d02-4d91-8b82-c4925f44e439,Lombre,271,"[""Water"",""Grass""]",true,32.5,,false,false,false,false,,"{""hp"":60,""atk"":50,""def"":50,""spa"":60,""spd"":70,""spe"":50}"
28f17e41-b333-4d60-9bfc-28105fd27503,Spidops,918,"[""Bug""]",false,16.5,,false,false,false,false,,"{""hp"":60,""atk"":79,""def"":92,""spa"":52,""spd"":86,""spe"":35}"
29d28595-e78f-4133-8e49-c1867254c33e,Oinkologne,916,"[""Normal""]",false,120,,false,false,false,false,,"{""hp"":110,""atk"":100,""def"":75,""spa"":59,""spd"":80,""spe"":65}"
2a15bd14-9b7f-42b0-acb7-29094e36e3bd,Bonsly,438,"[""Rock""]",true,15,,false,false,false,false,,"{""hp"":50,""atk"":80,""def"":95,""spa"":10,""spd"":45,""spe"":10}"
2a28b01b-41f8-44f1-9c5d-c7991df2bfa8,Pawmot,923,"[""Electric"",""Fighting""]",false,41,,false,false,false,false,,"{""hp"":70,""atk"":115,""def"":70,""spa"":70,""spd"":60,""spe"":105}"
2a96a304-4077-49f8-857a-c773f16413f5,Meowth-Alola,52,"[""Dark""]",true,4.2,,false,false,false,false,,"{""hp"":40,""atk"":35,""def"":35,""spa"":50,""spd"":40,""spe"":90}"
2aaaf792-5ef9-4e89-addf-cdc88e1bf677,Mr. Mime-Galar,122,"[""Ice"",""Psychic""]",true,56.8,,false,false,false,false,,"{""hp"":50,""atk"":65,""def"":65,""spa"":90,""spd"":90,""spe"":100}"
2aae1087-7a58-470c-94dd-0edab90a788a,Cottonee,546,"[""Grass"",""Fairy""]",true,0.6,,false,false,false,false,,"{""hp"":40,""atk"":27,""def"":60,""spa"":37,""spd"":50,""spe"":66}"
2b55c7f2-0387-4149-881f-dad2490300ba,Uxie,480,"[""Psychic""]",false,0.3,,false,false,false,false,,"{""hp"":75,""atk"":75,""def"":130,""spa"":75,""spd"":130,""spe"":95}"
2b87df13-17d3-4a5d-b78f-5bc4d134567d,Diglett-Alola,50,"[""Ground"",""Steel""]",true,1,,false,false,false,false,,"{""hp"":10,""atk"":55,""def"":30,""spa"":35,""spd"":45,""spe"":90}"
2c12513e-d52d-4a9f-8b8b-dc0ce97ac1aa,Kangaskhan,115,"[""Normal""]",false,80,,false,false,false,false,,"{""hp"":105,""atk"":95,""def"":80,""spa"":40,""spd"":80,""spe"":90}"
2c382240-4de3-4780-a69e-0845280b49cd,Tsareena,763,"[""Grass""]",false,21.4,,false,false,false,false,,"{""hp"":72,""atk"":120,""def"":98,""spa"":50,""spd"":98,""spe"":72}"
2c6ea1ab-7fd3-4042-9c3a-c7a90da00188,Chingling,433,"[""Psychic""]",true,0.6,,false,false,false,false,,"{""hp"":45,""atk"":30,""def"":50,""spa"":65,""spd"":50,""spe"":45}"
2cb98f41-fce6-42d6-b592-580f1c524995,Golbat,42,"[""Poison"",""Flying""]",true,55,,false,false,false,false,,"{""hp"":75,""atk"":80,""def"":70,""spa"":65,""spd"":75,""spe"":90}"
2cba0ea9-e881-4e74-9946-0d22067a3f1b,Nidorino,33,"[""Poison""]",true,19.5,,false,false,false,false,,"{""hp"":61,""atk"":72,""def"":57,""spa"":55,""spd"":55,""spe"":65}"
2cc8a23f-0764-4371-84b4-efa6553dbd3d,Tynamo,602,"[""Electric""]",true,0.3,,false,false,false,false,,"{""hp"":35,""atk"":55,""def"":40,""spa"":45,""spd"":40,""spe"":60}"
2ce73fd0-887b-497d-b7bf-a250b910b31e,Elgyem,605,"[""Psychic""]",true,9,,false,false,false,false,,"{""hp"":55,""atk"":55,""def"":55,""spa"":85,""spd"":55,""spe"":30}"
2cefd6ca-f4f5-47c6-bf7d-5323dd3dcb53,Girafarig,203,"[""Normal"",""Psychic""]",true,41.5,,false,false,false,false,,"{""hp"":70,""atk"":80,""def"":65,""spa"":90,""spd"":65,""spe"":85}"
2d5ed2db-dfae-4d07-ae3a-d9ad4c27ce8b,Golem-Alola,76,"[""Rock"",""Electric""]",false,316,,false,false,false,false,,"{""hp"":80,""atk"":120,""def"":130,""spa"":55,""spd"":65,""spe"":45}"
2d873247-7761-4ed3-87fb-ffa73bd58f8c,Frogadier,657,"[""Water""]",true,10.9,0.875,false,false,false,false,,"{""hp"":54,""atk"":63,""def"":52,""spa"":83,""spd"":56,""spe"":97}"
2d95ed29-9f56-405f-8033-36fc446fdebc,Samurott-Hisui,503,"[""Water"",""Dark""]",false,58.2,0.875,false,false,false,false,,"{""hp"":90,""atk"":108,""def"":80,""spa"":100,""spd"":65,""spe"":85}"
2d98cd4e-906a-4341-9e9d-f1b4d83ba424,Milotic,350,"[""Water""]",false,162,,false,false,false,false,,"{""hp"":95,""atk"":60,""def"":79,""spa"":100,""spd"":125,""spe"":81}"
2ddb26ea-7b89-4dad-a084-58058494e2b4,Scizor,212,"[""Bug"",""Steel""]",false,118,,false,false,false,false,,"{""hp"":70,""atk"":130,""def"":100,""spa"":55,""spd"":80,""spe"":65}"
2ddec1f8-c9a9-44cf-a65f-0ede66023a81,Squawkabilly,931,"[""Normal"",""Flying""]",false,2.4,,false,false,false,false,,"{""hp"":82,""atk"":96,""def"":51,""spa"":45,""spd"":51,""spe"":92}"
2e047e2b-8070-4aaf-8914-1a36a9982d1b,Falinks,870,"[""Fighting""]",false,62,,false,false,false,false,,"{""hp"":65,""atk"":100,""def"":100,""spa"":70,""spd"":60,""spe"":75}"
2e3efab2-28ab-492f-bff8-5e97bcf65910,Simisage,512,"[""Grass""]",false,30.5,0.875,false,false,false,false,,"{""hp"":75,""atk"":98,""def"":63,""spa"":98,""spd"":63,""spe"":101}"
2e586267-f4ad-438c-a634-be80d6dac5f8,Snom,872,"[""Ice"",""Bug""]",true,3.8,,false,false,false,false,,"{""hp"":30,""atk"":25,""def"":35,""spa"":45,""spd"":30,""spe"":20}"
2ee49c5c-01b9-4587-8832-c004d9b7a4b7,Wurmple,265,"[""Bug""]",true,3.6,,false,false,false,false,,"{""hp"":45,""atk"":45,""def"":35,""spa"":20,""spd"":30,""spe"":20}"
2ef2df9c-2b20-4765-8442-23c2c34fa239,Camerupt-Mega,323,"[""Fire"",""Ground""]",false,320.5,,false,false,false,true,Cameruptite,"{""hp"":70,""atk"":120,""def"":100,""spa"":145,""spd"":105,""spe"":20}"
2f66908f-f6cf-4340-85ce-88a415268940,Exeggcute,102,"[""Grass"",""Psychic""]",true,2.5,,false,false,false,false,,"{""hp"":60,""atk"":40,""def"":80,""spa"":60,""spd"":45,""spe"":40}"
2fd14653-c9f2-4e50-b6e0-95942beb6e94,Darumaka-Galar,554,"[""Ice""]",true,40,,false,false,false,false,,"{""hp"":70,""atk"":90,""def"":45,""spa"":15,""spd"":45,""spe"":50}"
2ff346c8-d861-4aaf-8dd2-9d345dabeba7,Starmie,121,"[""Water"",""Psychic""]",false,80,,false,false,false,false,,"{""hp"":60,""atk"":75,""def"":85,""spa"":100,""spd"":85,""spe"":115}"
2ff63589-55ba-4409-98f8-c008259d83ed,Sneasel,215,"[""Dark"",""Ice""]",true,28,,false,false,false,false,,"{""hp"":55,""atk"":95,""def"":55,""spa"":35,""spd"":75,""spe"":115}"
3001d985-ec50-4fc6-91fb-c0010c062651,Granbull,210,"[""Fairy""]",false,48.7,0.25,false,false,false,false,,"{""hp"":90,""atk"":120,""def"":75,""spa"":60,""spd"":60,""spe"":45}"
301ea416-d989-4225-8bd8-f97503eea3bc,Huntail,367,"[""Water""]",false,27,,false,false,false,false,,"{""hp"":55,""atk"":104,""def"":105,""spa"":94,""spd"":75,""spe"":52}"
303b6152-9576-4590-a396-aebc90611e34,Houndoom-Mega,229,"[""Dark"",""Fire""]",false,49.5,,false,false,false,true,Houndoominite,"{""hp"":75,""atk"":90,""def"":90,""spa"":140,""spd"":90,""spe"":115}"
30fb0d30-a8d5-4e86-b2e8-eefb63d73647,Flittle,955,"[""Psychic""]",true,1.5,,false,false,false,false,,"{""hp"":30,""atk"":35,""def"":30,""spa"":55,""spd"":30,""spe"":75}"
3127b723-8bb0-4317-8418-23fdcc862536,Flareon,136,"[""Fire""]",false,25,0.875,false,false,false,false,,"{""hp"":65,""atk"":130,""def"":60,""spa"":95,""spd"":110,""spe"":65}"
317d0e88-a8c3-4baf-965c-add4b7a5cf56,Manaphy,490,"[""Water""]",false,1.4,,true,false,false,false,,"{""hp"":100,""atk"":100,""def"":100,""spa"":100,""spd"":100,""spe"":100}"
31f1a07d-66ef-47c0-9a89-0ddb9c3dcde1,Glastrier,896,"[""Ice""]",false,800,,false,false,false,false,,"{""hp"":100,""atk"":145,""def"":130,""spa"":65,""spd"":110,""spe"":30}"
32046439-35e4-419b-b70e-6234a76a5e3d,Clauncher,692,"[""Water""]",true,8.3,,false,false,false,false,,"{""hp"":50,""atk"":53,""def"":62,""spa"":58,""spd"":63,""spe"":44}"
320cdf80-3e0c-464d-860e-0af1a9c78017,Wugtrio,961,"[""Water""]",false,5.4,,false,false,false,false,,"{""hp"":35,""atk"":100,""def"":50,""spa"":50,""spd"":70,""spe"":120}"
320eab4a-c864-48b9-a554-310ca004b264,Vivillon-Fancy,666,"[""Bug"",""Flying""]",false,17,,false,false,false,false,,"{""hp"":80,""atk"":52,""def"":50,""spa"":90,""spd"":50,""spe"":89}"
32324221-a6ee-4b27-bdb3-348df06a16fe,Linoone-Galar,264,"[""Dark"",""Normal""]",true,32.5,,false,false,false,false,,"{""hp"":78,""atk"":70,""def"":61,""spa"":50,""spd"":61,""spe"":100}"
32545ecb-7a5b-427f-a565-b84476127604,Regieleki,894,"[""Electric""]",false,145,,false,false,false,false,,"{""hp"":80,""atk"":100,""def"":50,""spa"":100,""spd"":50,""spe"":200}"
326e7d44-f840-42da-8920-2caecc656f8b,Zacian-Crowned,888,"[""Fairy"",""Steel""]",false,355,,false,false,false,false,Rusted Sword,"{""hp"":92,""atk"":150,""def"":115,""spa"":80,""spd"":115,""spe"":148}"
3283f44e-0a0a-489c-bfc8-8615de88073a,Dragonite,149,"[""Dragon"",""Flying""]",false,210,,false,false,false,false,,"{""hp"":91,""atk"":134,""def"":95,""spa"":100,""spd"":100,""spe"":80}"
331ccdc3-abb3-4900-8118-7d25b09b3e3f,Roserade,407,"[""Grass"",""Poison""]",false,14.5,,false,false,false,false,,"{""hp"":60,""atk"":70,""def"":65,""spa"":125,""spd"":105,""spe"":90}"
33525b6a-a8b4-48ce-8255-58da146893dd,Deino,633,"[""Dark"",""Dragon""]",true,17.3,,false,false,false,false,,"{""hp"":52,""atk"":65,""def"":50,""spa"":45,""spd"":50,""spe"":38}"
3368390b-1a0c-4f0f-8d41-866077468cee,Stoutland,508,"[""Normal""]",false,61,,false,false,false,false,,"{""hp"":85,""atk"":110,""def"":90,""spa"":45,""spd"":90,""spe"":80}"
33da9bdd-b0f4-4dd9-b818-eae68e9760e6,Unown,201,"[""Psychic""]",false,5,,false,false,false,false,,"{""hp"":48,""atk"":72,""def"":48,""spa"":72,""spd"":48,""spe"":48}"
33fafb72-d7aa-46ee-b1d4-905cfb313ae0,Morpeko-Hangry,877,"[""Electric"",""Dark""]",false,3,,false,false,false,false,,"{""hp"":58,""atk"":95,""def"":58,""spa"":70,""spd"":58,""spe"":97}"
33fb6af9-6396-4a48-814d-60a7c09d409b,Venipede,543,"[""Bug"",""Poison""]",true,5.3,,false,false,false,false,,"{""hp"":30,""atk"":45,""def"":59,""spa"":30,""spd"":39,""spe"":57}"
3411987b-3a59-4b6d-b529-439af262dc8f,Tauros-Paldea-Aqua,128,"[""Fighting"",""Water""]",false,110,,false,false,false,false,,"{""hp"":75,""atk"":110,""def"":105,""spa"":30,""spd"":70,""spe"":100}"
342f989d-4d10-4612-8770-cd118084de5e,Manectric,310,"[""Electric""]",false,40.2,,false,false,false,false,,"{""hp"":70,""atk"":75,""def"":60,""spa"":105,""spd"":60,""spe"":105}"
345ef49e-6157-4800-8393-9818bc867644,Fomantis,753,"[""Grass""]",true,1.5,,false,false,false,false,,"{""hp"":40,""atk"":55,""def"":35,""spa"":50,""spd"":35,""spe"":35}"
346bb902-c6a8-4cb7-b5b0-ddd13907fe17,Bunnelby,659,"[""Normal""]",true,5,,false,false,false,false,,"{""hp"":38,""atk"":36,""def"":38,""spa"":32,""spd"":36,""spe"":57}"
3496a53c-0973-4eb2-8bc7-1b690be6d647,Palafin,964,"[""Water""]",false,60.2,,false,false,false,false,,"{""hp"":100,""atk"":70,""def"":72,""spa"":53,""spd"":62,""spe"":100}"
35932812-b11d-4016-9145-2846b9ad3978,Poipole,803,"[""Poison""]",true,1.8,,false,false,false,false,,"{""hp"":67,""atk"":73,""def"":67,""spa"":73,""spd"":67,""spe"":73}"
359536ef-62e3-4403-959c-c95208a5235c,Petilil,548,"[""Grass""]",true,6.6,,false,false,false,false,,"{""hp"":45,""atk"":35,""def"":50,""spa"":70,""spd"":50,""spe"":30}"
36242430-2976-4ade-9f7e-a35c6877cfe9,Whirlipede,544,"[""Bug"",""Poison""]",true,58.5,,false,false,false,false,,"{""hp"":40,""atk"":55,""def"":99,""spa"":40,""spd"":79,""spe"":47}"
366ac8d4-c3d1-4e6a-863a-c7640d4b0610,Vikavolt-Totem,738,"[""Bug"",""Electric""]",false,147.5,,false,false,false,false,,"{""hp"":77,""atk"":70,""def"":90,""spa"":145,""spd"":75,""spe"":43}"
36ba29a6-4688-452a-b2f1-b11d09c4ad13,Noctowl,164,"[""Normal"",""Flying""]",false,40.8,,false,false,false,false,,"{""hp"":100,""atk"":50,""def"":50,""spa"":86,""spd"":96,""spe"":70}"
3769947c-26f8-431c-b903-d58ba1467c3c,Lurantis-Totem,754,"[""Grass""]",false,58,,false,false,false,false,,"{""hp"":70,""atk"":105,""def"":90,""spa"":80,""spd"":90,""spe"":45}"
37a5b943-60dc-4a97-80b4-eda253f64f61,Azumarill,184,"[""Water"",""Fairy""]",false,28.5,,false,false,false,false,,"{""hp"":100,""atk"":50,""def"":80,""spa"":60,""spd"":80,""spe"":50}"
37e5697f-cf88-401f-92de-b3f271f9512e,Barboach,339,"[""Water"",""Ground""]",true,1.9,,false,false,false,false,,"{""hp"":50,""atk"":48,""def"":43,""spa"":46,""spd"":41,""spe"":60}"
3806955a-e502-4847-a00c-cd651b06b00f,Marill,183,"[""Water"",""Fairy""]",true,8.5,,false,false,false,false,,"{""hp"":70,""atk"":20,""def"":50,""spa"":20,""spd"":50,""spe"":40}"
381637bf-e879-47cc-8dd4-684ef580c054,Shedinja,292,"[""Bug"",""Ghost""]",false,1.2,,false,false,false,false,,"{""hp"":1,""atk"":90,""def"":45,""spa"":30,""spd"":30,""spe"":40}"
38311056-cb5c-4a65-96df-181f55892567,Swalot,317,"[""Poison""]",false,80,,false,false,false,false,,"{""hp"":100,""atk"":73,""def"":83,""spa"":73,""spd"":83,""spe"":55}"
3867cd97-0744-4055-b48b-9ebcc3eddc6b,Medicham-Mega,308,"[""Fighting"",""Psychic""]",false,31.5,,false,false,false,true,Medichamite,"{""hp"":60,""atk"":100,""def"":85,""spa"":80,""spd"":85,""spe"":100}"
3869d20b-fc28-4c9f-8c3b-b7dab0563a2a,Tinkaton,959,"[""Fairy"",""Steel""]",false,112.8,,false,false,false,false,,"{""hp"":85,""atk"":75,""def"":77,""spa"":70,""spd"":105,""spe"":94}"
387f63c9-4718-4ca7-93d6-a94fa5ffbd8b,Pidgeot,18,"[""Normal"",""Flying""]",false,39.5,,false,false,false,false,,"{""hp"":83,""atk"":80,""def"":75,""spa"":70,""spd"":70,""spe"":101}"
38c5c390-7908-44b1-a12c-b78308d0cd06,Basculegion,902,"[""Water"",""Ghost""]",false,110,,false,false,false,false,,"{""hp"":120,""atk"":112,""def"":65,""spa"":80,""spd"":75,""spe"":78}"
38f33f02-87ab-42fc-b355-6e28bd690262,Swinub,220,"[""Ice"",""Ground""]",true,6.5,,false,false,false,false,,"{""hp"":50,""atk"":50,""def"":40,""spa"":30,""spd"":30,""spe"":50}"
398cf3a9-fbc9-4a43-a2c9-660cf5de1bd4,Hoopa,720,"[""Psychic"",""Ghost""]",false,9,,true,false,false,false,,"{""hp"":80,""atk"":110,""def"":60,""spa"":150,""spd"":130,""spe"":70}"
39cfa656-d7ea-4f33-91c0-faa06ddcf0aa,Orthworm,968,"[""Steel""]",false,310,,false,false,false,false,,"{""hp"":70,""atk"":85,""def"":145,""spa"":60,""spd"":55,""spe"":65}"
3a2348a9-049f-4b51-8c82-154fb64d649b,Heracross,214,"[""Bug"",""Fighting""]",false,54,,false,false,false,false,,"{""hp"":80,""atk"":125,""def"":75,""spa"":40,""spd"":95,""spe"":85}"
3a4b6247-6665-420d-95f1-1a8c535bbd45,Dragalge,691,"[""Poison"",""Dragon""]",false,81.5,,false,false,false,false,,"{""hp"":65,""atk"":75,""def"":90,""spa"":97,""spd"":123,""spe"":44}"
3aa000ef-7cd7-48a6-8f01-0409602c9055,Mantyke,458,"[""Water"",""Flying""]",true,65,,false,false,false,false,,"{""hp"":45,""atk"":20,""def"":50,""spa"":60,""spd"":120,""spe"":50}"
3aa2acf6-6277-46c4-af0f-e0cbdf9cda6e,Decidueye-Hisui,724,"[""Grass"",""Fighting""]",false,37,0.875,false,false,false,false,,"{""hp"":88,""atk"":112,""def"":80,""spa"":95,""spd"":95,""spe"":60}"
3ab40c6c-0d45-4c51-8db9-2960fe89e430,Cosmog,789,"[""Psychic""]",true,0.1,,false,true,false,false,,"{""hp"":43,""atk"":29,""def"":31,""spa"":29,""spd"":31,""spe"":37}"
3afff1c1-e79b-4d39-9c09-ecac8e84919f,Torchic,255,"[""Fire""]",true,2.5,0.875,false,false,false,false,,"{""hp"":45,""atk"":60,""def"":40,""spa"":70,""spd"":50,""spe"":45}"
3b15122f-e8b5-4b03-aab0-5f0e810a064d,Exeggutor,103,"[""Grass"",""Psychic""]",false,120,,false,false,false,false,,"{""hp"":95,""atk"":95,""def"":85,""spa"":125,""spd"":75,""spe"":55}"
3b167d66-74ab-41fd-bc03-95c4423ba72a,Metapod,11,"[""Bug""]",true,9.9,,false,false,false,false,,"{""hp"":50,""atk"":20,""def"":55,""spa"":25,""spd"":25,""spe"":30}"
3bb580eb-bba9-484f-89c7-a4c226063ed0,Pangoro,675,"[""Fighting"",""Dark""]",false,136,,false,false,false,false,,"{""hp"":95,""atk"":124,""def"":78,""spa"":69,""spd"":71,""spe"":58}"
3bd85daf-6702-4318-a508-e2f2c4c7684c,Copperajah-Gmax,879,"[""Steel""]",false,0,,false,false,true,false,,"{""hp"":122,""atk"":130,""def"":69,""spa"":80,""spd"":69,""spe"":30}"
3c067c2a-5359-4afe-b020-29cac979385f,Ralts,280,"[""Psychic"",""Fairy""]",true,6.6,,false,false,false,false,,"{""hp"":28,""atk"":25,""def"":25,""spa"":45,""spd"":35,""spe"":40}"
3c179d42-bc94-451c-98f3-b0c0f4599bd7,Lucario-Mega,448,"[""Fighting"",""Steel""]",false,57.5,0.875,false,false,false,true,Lucarionite,"{""hp"":70,""atk"":145,""def"":88,""spa"":140,""spd"":70,""spe"":112}"
3c325319-9032-4aa9-9976-ab6f69fce4aa,Goldeen,118,"[""Water""]",true,15,,false,false,false,false,,"{""hp"":45,""atk"":67,""def"":60,""spa"":35,""spd"":50,""spe"":63}"
3c4f27f2-4ee0-4c63-a415-6818ff860e9b,Mewtwo-Mega-Y,150,"[""Psychic""]",false,33,,false,false,false,true,Mewtwonite Y,"{""hp"":106,""atk"":150,""def"":70,""spa"":194,""spd"":120,""spe"":140}"
3c739bdf-3f6c-43a3-ba0d-f53de2e39414,Rapidash-Galar,78,"[""Psychic"",""Fairy""]",false,80,,false,false,false,false,,"{""hp"":65,""atk"":100,""def"":70,""spa"":80,""spd"":80,""spe"":105}"
3c939aab-255d-4cd2-ac79-80fa6e06ab7c,Bastiodon,411,"[""Rock"",""Steel""]",false,149.5,0.875,false,false,false,false,,"{""hp"":60,""atk"":52,""def"":168,""spa"":47,""spd"":138,""spe"":30}"
3c9ac3f7-c2c9-4410-82a2-7ccfa547b106,Cutiefly,742,"[""Bug"",""Fairy""]",true,0.2,,false,false,false,false,,"{""hp"":40,""atk"":45,""def"":40,""spa"":55,""spd"":40,""spe"":84}"
3cc24360-d3ad-4686-ab7a-fa4427ce77a0,Marowak-Alola,105,"[""Fire"",""Ghost""]",false,34,,false,false,false,false,,"{""hp"":60,""atk"":80,""def"":110,""spa"":50,""spd"":80,""spe"":45}"
3cf021c6-ff05-477a-8da4-930fe932b2e7,Wiglett,960,"[""Water""]",true,1.8,,false,false,false,false,,"{""hp"":10,""atk"":55,""def"":25,""spa"":35,""spd"":25,""spe"":95}"
3d0a0bfb-8daf-4958-8e5f-2f8129774b62,Tangela,114,"[""Grass""]",true,35,,false,false,false,false,,"{""hp"":65,""atk"":55,""def"":115,""spa"":100,""spd"":40,""spe"":60}"
3d897c1c-0f13-4344-8ee8-1c05546568fe,Perrserker,863,"[""Steel""]",false,28,,false,false,false,false,,"{""hp"":70,""atk"":110,""def"":100,""spa"":50,""spd"":60,""spe"":50}"
3dabb065-c551-4a72-8e04-887409277ebd,Dodrio,85,"[""Normal"",""Flying""]",false,85.2,,false,false,false,false,,"{""hp"":60,""atk"":110,""def"":70,""spa"":60,""spd"":60,""spe"":110}"
3dc2dd0f-01f3-4c37-9a1a-92439d6ad779,Lumineon,457,"[""Water""]",false,24,,false,false,false,false,,"{""hp"":69,""atk"":69,""def"":76,""spa"":69,""spd"":86,""spe"":91}"
3de7638e-a7e5-4c79-9b6a-d379f188a7e2,Butterfree-Gmax,12,"[""Bug"",""Flying""]",false,0,,false,false,true,false,,"{""hp"":60,""atk"":45,""def"":50,""spa"":90,""spd"":80,""spe"":70}"
3e066376-ab98-407b-956d-d049e983d33d,Maushold-Four,925,"[""Normal""]",false,2.8,,false,false,false,false,,"{""hp"":74,""atk"":75,""def"":70,""spa"":65,""spd"":75,""spe"":111}"
3e07ae40-8cd4-462d-8150-cbe69a72949f,Camerupt,323,"[""Fire"",""Ground""]",false,220,,false,false,false,false,,"{""hp"":70,""atk"":100,""def"":70,""spa"":105,""spd"":75,""spe"":40}"
3e529913-0c38-4d3c-b403-45bcfdcce294,Sizzlipede,850,"[""Fire"",""Bug""]",true,1,,false,false,false,false,,"{""hp"":50,""atk"":65,""def"":45,""spa"":50,""spd"":50,""spe"":45}"
3e7c44eb-20b4-4c9b-bd99-89f2e53f518e,Porygon,137,"[""Normal""]",true,36.5,,false,false,false,false,,"{""hp"":65,""atk"":60,""def"":70,""spa"":85,""spd"":75,""spe"":40}"
3e9d4cbf-20cc-462b-8dbe-b1e79184f9ba,Manectric-Mega,310,"[""Electric""]",false,44,,false,false,false,true,Manectite,"{""hp"":70,""atk"":75,""def"":80,""spa"":135,""spd"":80,""spe"":135}"
3ea44cac-e5fa-4da5-9ae1-b5bdce1d8abe,Cyndaquil,155,"[""Fire""]",true,7.9,0.875,false,false,false,false,,"{""hp"":39,""atk"":52,""def"":43,""spa"":60,""spd"":50,""spe"":65}"
3eb65eaf-698b-4d97-9f9f-9e9b74b3cb61,Wingull,278,"[""Water"",""Flying""]",true,9.5,,false,false,false,false,,"{""hp"":40,""atk"":30,""def"":30,""spa"":55,""spd"":30,""spe"":85}"
3eec2c66-9c1a-4e97-9b99-051634ed7ac9,Dusclops,356,"[""Ghost""]",true,30.6,,false,false,false,false,,"{""hp"":40,""atk"":70,""def"":130,""spa"":60,""spd"":130,""spe"":25}"
3f3dd9e0-9f03-4c28-a208-67b9de93598e,Musharna,518,"[""Psychic""]",false,60.5,,false,false,false,false,,"{""hp"":116,""atk"":55,""def"":85,""spa"":107,""spd"":95,""spe"":29}"
40193c36-823d-48cf-a292-361634bce505,Xurkitree,796,"[""Electric""]",false,100,,false,false,false,false,,"{""hp"":83,""atk"":89,""def"":71,""spa"":173,""spd"":71,""spe"":83}"
402af24f-def6-4892-944d-dff8122d3754,Pinsir,127,"[""Bug""]",false,55,,false,false,false,false,,"{""hp"":65,""atk"":125,""def"":100,""spa"":55,""spd"":70,""spe"":85}"
41003ba7-7e12-422a-980e-85da8b0cb84e,Sinistcha-Masterpiece,1013,"[""Grass"",""Ghost""]",false,2.2,,false,false,false,false,,"{""hp"":71,""atk"":60,""def"":106,""spa"":121,""spd"":80,""spe"":70}"
415f8a55-da9d-4b2a-8fae-fa1b994a6840,Hatenna,856,"[""Psychic""]",true,3.4,,false,false,false,false,,"{""hp"":42,""atk"":30,""def"":45,""spa"":56,""spd"":53,""spe"":39}"
41694893-6f08-49ab-854a-799a1c5f0c6a,Sliggoo,705,"[""Dragon""]",true,17.5,,false,false,false,false,,"{""hp"":68,""atk"":75,""def"":53,""spa"":83,""spd"":113,""spe"":60}"
41fcfed4-fce7-4219-9a39-31205599df3a,Suicune,245,"[""Water""]",false,187,,false,false,false,false,,"{""hp"":100,""atk"":75,""def"":115,""spa"":90,""spd"":115,""spe"":85}"
4221c0b1-10e0-4b19-8b6d-7830befd8e37,Latios-Mega,381,"[""Dragon"",""Psychic""]",false,70,,false,false,false,true,Latiosite,"{""hp"":80,""atk"":130,""def"":100,""spa"":160,""spd"":120,""spe"":110}"
424640fa-bd5e-4ed9-867e-3f54e3ed42b8,Sunkern,191,"[""Grass""]",true,1.8,,false,false,false,false,,"{""hp"":30,""atk"":30,""def"":30,""spa"":30,""spd"":30,""spe"":30}"
42534716-ff07-4635-ae90-b28aa1e9babe,Grapploct,853,"[""Fighting""]",false,39,,false,false,false,false,,"{""hp"":80,""atk"":118,""def"":90,""spa"":70,""spd"":80,""spe"":42}"
425771f9-a921-42e5-a6cf-668f7c1311d3,Altaria,334,"[""Dragon"",""Flying""]",false,20.6,,false,false,false,false,,"{""hp"":75,""atk"":70,""def"":90,""spa"":70,""spd"":105,""spe"":80}"
427f6263-ac85-4980-a31c-45f0ee35c4db,Corviknight-Gmax,823,"[""Flying"",""Steel""]",false,0,,false,false,true,false,,"{""hp"":98,""atk"":87,""def"":105,""spa"":53,""spd"":85,""spe"":67}"
42b17749-8001-4a3c-ac1a-9f2133848402,Wartortle,8,"[""Water""]",true,22.5,0.875,false,false,false,false,,"{""hp"":59,""atk"":63,""def"":80,""spa"":65,""spd"":80,""spe"":58}"
43394827-4bbb-491c-98e2-675235863bcb,Carbink,703,"[""Rock"",""Fairy""]",false,5.7,,false,false,false,false,,"{""hp"":50,""atk"":50,""def"":150,""spa"":50,""spd"":150,""spe"":50}"
437c0ce8-a993-4b8c-9dd8-0b0cc0dd8192,Darmanitan-Galar,555,"[""Ice""]",false,120,,false,false,false,false,,"{""hp"":105,""atk"":140,""def"":55,""spa"":30,""spd"":55,""spe"":95}"
439373f3-b451-4053-b22f-f43e78d576b6,Vaporeon,134,"[""Water""]",false,29,0.875,false,false,false,false,,"{""hp"":130,""atk"":65,""def"":60,""spa"":110,""spd"":95,""spe"":65}"
43cfe05d-060c-4291-b5b7-a9ff1e334dab,Garbodor,569,"[""Poison""]",false,107.3,,false,false,false,false,,"{""hp"":80,""atk"":95,""def"":82,""spa"":60,""spd"":82,""spe"":75}"
44127eee-60d3-4292-8a40-f2baa2c6ce74,Ludicolo,272,"[""Water"",""Grass""]",false,55,,false,false,false,false,,"{""hp"":80,""atk"":70,""def"":70,""spa"":90,""spd"":100,""spe"":70}"
4433731a-fda6-4ab7-9d23-f382fe572ef0,Lechonk,915,"[""Normal""]",true,10.2,,false,false,false,false,,"{""hp"":54,""atk"":45,""def"":40,""spa"":35,""spd"":45,""spe"":35}"
445fc150-3061-4882-8a11-106a6df2fdef,Finizen,963,"[""Water""]",true,60.2,,false,false,false,false,,"{""hp"":70,""atk"":45,""def"":40,""spa"":45,""spd"":40,""spe"":75}"
4491c8e6-eb6f-4e42-9353-6f1193120f47,Golett,622,"[""Ground"",""Ghost""]",true,92,,false,false,false,false,,"{""hp"":59,""atk"":74,""def"":50,""spa"":35,""spd"":50,""spe"":35}"
44b27f15-a462-4035-81ea-5abd20456de0,Jigglypuff,39,"[""Normal"",""Fairy""]",true,5.5,0.25,false,false,false,false,,"{""hp"":115,""atk"":45,""def"":20,""spa"":45,""spd"":25,""spe"":20}"
44b8f6e3-05bd-4a59-a779-b9d394a9bc0e,Deoxys-Defense,386,"[""Psychic""]",false,60.8,,false,false,false,false,,"{""hp"":50,""atk"":70,""def"":160,""spa"":70,""spd"":160,""spe"":90}"
44ed06e6-5998-4d82-b2ab-88df5524d65e,Slowbro-Galar,80,"[""Poison"",""Psychic""]",false,70.5,,false,false,false,false,,"{""hp"":95,""atk"":100,""def"":95,""spa"":100,""spd"":70,""spe"":30}"
44ff49ec-bb83-4592-a0a2-b6d04ced8bb2,Weezing-Galar,110,"[""Poison"",""Fairy""]",false,16,,false,false,false,false,,"{""hp"":65,""atk"":90,""def"":120,""spa"":85,""spd"":70,""spe"":60}"
4520e3df-c405-43f4-8d9a-29e7972b2211,Glalie-Mega,362,"[""Ice""]",false,350.2,,false,false,false,true,Glalitite,"{""hp"":80,""atk"":120,""def"":80,""spa"":120,""spd"":80,""spe"":100}"
452751ae-d8ae-43a2-be8b-2357aab2c066,Tapu Lele,786,"[""Psychic"",""Fairy""]",false,18.6,,false,false,false,false,,"{""hp"":70,""atk"":85,""def"":75,""spa"":130,""spd"":115,""spe"":95}"
45488566-8bd6-4cd9-88aa-ab48a3e4a40d,Flamigo,973,"[""Flying"",""Fighting""]",false,37,,false,false,false,false,,"{""hp"":82,""atk"":115,""def"":74,""spa"":75,""spd"":64,""spe"":90}"
4555826e-7221-4e0a-a57f-2c89674f43e1,Luvdisc,370,"[""Water""]",false,8.7,0.25,false,false,false,false,,"{""hp"":43,""atk"":30,""def"":55,""spa"":40,""spd"":65,""spe"":97}"
455ffbeb-1aaa-4d32-8161-b3984df6741d,Drapion,452,"[""Poison"",""Dark""]",false,61.5,,false,false,false,false,,"{""hp"":70,""atk"":90,""def"":110,""spa"":60,""spd"":75,""spe"":95}"
456cc454-f54a-44be-aa19-d2a78a268b00,Blastoise,9,"[""Water""]",false,85.5,0.875,false,false,false,false,,"{""hp"":79,""atk"":83,""def"":100,""spa"":85,""spd"":105,""spe"":78}"
45c969a7-a917-4cd5-bd67-418bcb0a203f,Rayquaza,384,"[""Dragon"",""Flying""]",false,206.5,,false,true,false,false,,"{""hp"":105,""atk"":150,""def"":90,""spa"":150,""spd"":90,""spe"":95}"
45d8620e-cb1d-4206-8721-d645d92bac25,Arrokuda,846,"[""Water""]",true,1,,false,false,false,false,,"{""hp"":41,""atk"":63,""def"":40,""spa"":40,""spd"":30,""spe"":66}"
462e38ea-5f6a-42cf-a05d-b082d8fc3b91,Silvally-Psychic,773,"[""Psychic""]",false,100.5,,false,false,false,false,Psychic Memory,"{""hp"":95,""atk"":95,""def"":95,""spa"":95,""spd"":95,""spe"":95}"
462ef4f6-d512-4442-86b5-93f4e9a3f8f9,Corphish,341,"[""Water""]",true,11.5,,false,false,false,false,,"{""hp"":43,""atk"":80,""def"":65,""spa"":50,""spd"":35,""spe"":35}"
4682d7af-412b-46e8-9863-db241d46621b,Sewaddle,540,"[""Bug"",""Grass""]",true,2.5,,false,false,false,false,,"{""hp"":45,""atk"":53,""def"":70,""spa"":40,""spd"":60,""spe"":42}"
46c53b6f-0088-4afb-b5e0-8c272ac09a12,Shaymin,492,"[""Grass""]",false,2.1,,true,false,false,false,,"{""hp"":100,""atk"":100,""def"":100,""spa"":100,""spd"":100,""spe"":100}"
46cc46c7-bd7d-4f81-9082-fb46874b49f5,Solosis,577,"[""Psychic""]",true,1,,false,false,false,false,,"{""hp"":45,""atk"":30,""def"":40,""spa"":105,""spd"":50,""spe"":20}"
470a0f0f-65df-4bf7-aff9-e0c97d9ee4fc,Golurk,623,"[""Ground"",""Ghost""]",false,330,,false,false,false,false,,"{""hp"":89,""atk"":124,""def"":80,""spa"":55,""spd"":80,""spe"":55}"
4750c015-7bbb-47cd-bce2-7752fed3f779,Slaking,289,"[""Normal""]",false,130.5,,false,false,false,false,,"{""hp"":150,""atk"":160,""def"":100,""spa"":95,""spd"":65,""spe"":100}"
478d0b32-69e5-4975-b985-d74125158f00,Lickitung,108,"[""Normal""]",true,65.5,,false,false,false,false,,"{""hp"":90,""atk"":55,""def"":75,""spa"":60,""spd"":75,""spe"":30}"
47949699-5401-44c6-8a49-360ae73c5326,Tornadus-Therian,641,"[""Flying""]",false,63,,false,false,false,false,,"{""hp"":79,""atk"":100,""def"":80,""spa"":110,""spd"":90,""spe"":121}"
47b73982-99aa-453d-8240-587cd87aef07,Pikachu-World,25,"[""Electric""]",false,6,,false,false,false,false,,"{""hp"":35,""atk"":55,""def"":40,""spa"":50,""spd"":50,""spe"":90}"
47cc31f1-3bbc-471a-b895-099d4afeee0f,Vibrava,329,"[""Ground"",""Dragon""]",true,15.3,,false,false,false,false,,"{""hp"":50,""atk"":70,""def"":50,""spa"":50,""spd"":50,""spe"":70}"
47ec18a2-266a-4258-9ae0-e2f56508cb8d,Murkrow,198,"[""Dark"",""Flying""]",true,2.1,,false,false,false,false,,"{""hp"":60,""atk"":85,""def"":42,""spa"":85,""spd"":42,""spe"":91}"
47f30221-c3ab-4994-9f76-4f15aff2dcb0,Marowak-Alola-Totem,105,"[""Fire"",""Ghost""]",false,98,,false,false,false,false,,"{""hp"":60,""atk"":80,""def"":110,""spa"":50,""spd"":80,""spe"":45}"
4807215c-9984-4257-90e7-8a89ac2ddbf2,Tapu Bulu,787,"[""Grass"",""Fairy""]",false,45.5,,false,false,false,false,,"{""hp"":70,""atk"":130,""def"":115,""spa"":85,""spd"":95,""spe"":75}"
480e817a-7f12-440c-9551-7bea5c3f93ef,Magikarp,129,"[""Water""]",true,10,,false,false,false,false,,"{""hp"":20,""atk"":10,""def"":55,""spa"":15,""spd"":20,""spe"":80}"
480fb93d-4a55-48b3-8b4a-0cdd13ccb872,Nidoran-F,29,"[""Poison""]",true,7,,false,false,false,false,,"{""hp"":55,""atk"":47,""def"":52,""spa"":40,""spd"":40,""spe"":41}"
48195c4f-2338-4649-a944-3b5337dfe20d,Herdier,507,"[""Normal""]",true,14.7,,false,false,false,false,,"{""hp"":65,""atk"":80,""def"":65,""spa"":35,""spd"":65,""spe"":60}"
485b0b94-b1c1-4093-96f4-d076d4049f89,Oshawott,501,"[""Water""]",true,5.9,0.875,false,false,false,false,,"{""hp"":55,""atk"":55,""def"":45,""spa"":63,""spd"":45,""spe"":45}"
48690ad1-c8f5-4156-b694-965f7af48360,Marshtomp,259,"[""Water"",""Ground""]",true,28,0.875,false,false,false,false,,"{""hp"":70,""atk"":85,""def"":70,""spa"":60,""spd"":70,""spe"":50}"
4888c1c0-89e5-4bfe-8fcd-66e2c2396528,Polteageist,855,"[""Ghost""]",false,0.4,,false,false,false,false,,"{""hp"":60,""atk"":65,""def"":65,""spa"":134,""spd"":114,""spe"":70}"
48a6cbe1-afa7-42c1-8907-019f02b07640,Aegislash,681,"[""Steel"",""Ghost""]",false,53,,false,false,false,false,,"{""hp"":60,""atk"":50,""def"":140,""spa"":50,""spd"":140,""spe"":60}"
48bd3531-b7f9-4776-8b0c-8c419395bfb0,Vileplume,45,"[""Grass"",""Poison""]",false,18.6,,false,false,false,false,,"{""hp"":75,""atk"":80,""def"":85,""spa"":110,""spd"":90,""spe"":50}"
48e1d1d2-35b1-4e63-b3e7-b72d6992ebcd,Basculin-Blue-Striped,550,"[""Water""]",false,18,,false,false,false,false,,"{""hp"":70,""atk"":92,""def"":65,""spa"":80,""spd"":55,""spe"":98}"
48ec65cd-a3d7-40ae-9f51-e13d4a9c89be,Registeel,379,"[""Steel""]",false,205,,false,false,false,false,,"{""hp"":80,""atk"":75,""def"":150,""spa"":75,""spd"":150,""spe"":50}"
4932fa40-e01d-4648-b1d9-735327c75157,Pikachu-Pop-Star,25,"[""Electric""]",false,6,,false,false,false,false,,"{""hp"":35,""atk"":55,""def"":40,""spa"":50,""spd"":50,""spe"":90}"
4a2d0352-630c-48d9-bf75-efe9fb231ef7,Psyduck,54,"[""Water""]",true,19.6,,false,false,false,false,,"{""hp"":50,""atk"":52,""def"":48,""spa"":65,""spd"":50,""spe"":55}"
4a6a82eb-931f-48c7-9df1-cf8b7d033682,Stunfisk,618,"[""Ground"",""Electric""]",false,11,,false,false,false,false,,"{""hp"":109,""atk"":66,""def"":84,""spa"":81,""spd"":99,""spe"":32}"
4afe4ed1-81d7-4336-8721-35d4122d8cf0,Wormadam,413,"[""Bug"",""Grass""]",false,6.5,,false,false,false,false,,"{""hp"":60,""atk"":59,""def"":85,""spa"":79,""spd"":105,""spe"":36}"
4b345322-5a91-4073-8d9f-99f95b597a82,Metagross,376,"[""Steel"",""Psychic""]",false,550,,false,false,false,false,,"{""hp"":80,""atk"":135,""def"":130,""spa"":95,""spd"":90,""spe"":70}"
4b3ba691-dab5-42b1-a053-ceeae14507fc,Servine,496,"[""Grass""]",true,16,0.875,false,false,false,false,,"{""hp"":60,""atk"":60,""def"":75,""spa"":60,""spd"":75,""spe"":83}"
4b89411b-aa79-4978-81b0-70bf404f31a2,Weezing,110,"[""Poison""]",false,9.5,,false,false,false,false,,"{""hp"":65,""atk"":90,""def"":120,""spa"":85,""spd"":70,""spe"":60}"
4bc3c833-760b-4fbc-8e70-4371d6c03c0f,Croagunk,453,"[""Poison"",""Fighting""]",true,23,,false,false,false,false,,"{""hp"":48,""atk"":61,""def"":40,""spa"":61,""spd"":40,""spe"":50}"
4bcc97ff-3066-4d66-9574-07846cc5ce42,Latias-Mega,380,"[""Dragon"",""Psychic""]",false,52,,false,false,false,true,Latiasite,"{""hp"":80,""atk"":100,""def"":120,""spa"":140,""spd"":150,""spe"":110}"
4bd9caf9-cba1-4922-a5ce-f1bf35edd3ea,Espurr,677,"[""Psychic""]",true,3.5,,false,false,false,false,,"{""hp"":62,""atk"":48,""def"":54,""spa"":63,""spd"":60,""spe"":68}"
4c2c993a-1b4e-46af-bdf4-5b001b4bf090,Dracovish,882,"[""Water"",""Dragon""]",false,215,,false,false,false,false,,"{""hp"":90,""atk"":90,""def"":100,""spa"":70,""spd"":80,""spe"":75}"
4c4aae7a-66aa-4200-8074-54b3fc29544c,Houndstone,972,"[""Ghost""]",false,15,,false,false,false,false,,"{""hp"":72,""atk"":101,""def"":100,""spa"":50,""spd"":97,""spe"":68}"
4c64f3e3-4492-4e95-9289-550c57653c24,Archeops,567,"[""Rock"",""Flying""]",false,32,0.875,false,false,false,false,,"{""hp"":75,""atk"":140,""def"":65,""spa"":112,""spd"":65,""spe"":110}"
4cb9b96d-5325-47a3-a440-768f9f2b660f,Eiscue,875,"[""Ice""]",false,89,,false,false,false,false,,"{""hp"":75,""atk"":80,""def"":110,""spa"":65,""spd"":90,""spe"":50}"
4cc0e8c7-1ddf-47cb-b80c-a77da62de582,Nidoqueen,31,"[""Poison"",""Ground""]",false,60,,false,false,false,false,,"{""hp"":90,""atk"":92,""def"":87,""spa"":75,""spd"":85,""spe"":76}"
4d2642c0-c1d9-4ee0-a90f-f425ee68bb00,Palkia-Origin,484,"[""Water"",""Dragon""]",false,660,,false,false,false,false,Lustrous Globe,"{""hp"":90,""atk"":100,""def"":100,""spa"":150,""spd"":120,""spe"":120}"
4d3f4a7d-9f05-4a70-b98a-28b8c0020711,Cherubi,420,"[""Grass""]",true,3.3,,false,false,false,false,,"{""hp"":45,""atk"":35,""def"":45,""spa"":62,""spd"":53,""spe"":35}"
4d4bee92-d5f9-4109-a983-7ef9ecd684ab,Ogerpon-Wellspring,1017,"[""Grass"",""Water""]",false,39.8,,false,false,false,false,Wellspring Mask,"{""hp"":80,""atk"":120,""def"":84,""spa"":60,""spd"":96,""spe"":110}"
4d54a0c3-f4d4-402e-9e1d-fdad62ddbdb2,Gallade,475,"[""Psychic"",""Fighting""]",false,52,,false,false,false,false,,"{""hp"":68,""atk"":125,""def"":65,""spa"":65,""spd"":115,""spe"":80}"
4dac67c8-452b-401b-9425-8e420eb1677e,Terapagos-Stellar,1024,"[""Normal""]",false,77,,false,false,false,false,,"{""hp"":160,""atk"":105,""def"":110,""spa"":130,""spd"":110,""spe"":85}"
4dadbdab-5a1c-409d-94e2-1d26c6ee4c3e,Whiscash,340,"[""Water"",""Ground""]",false,23.6,,false,false,false,false,,"{""hp"":110,""atk"":78,""def"":73,""spa"":76,""spd"":71,""spe"":60}"
4db08d15-7686-4df5-8bfe-352a2ea35ce0,Shroodle,944,"[""Poison"",""Normal""]",true,0.7,,false,false,false,false,,"{""hp"":40,""atk"":65,""def"":35,""spa"":40,""spd"":35,""spe"":75}"
4dd1f101-cfce-4f15-9cbb-8a96895fec06,Surskit,283,"[""Bug"",""Water""]",true,1.7,,false,false,false,false,,"{""hp"":40,""atk"":30,""def"":32,""spa"":50,""spd"":52,""spe"":65}"
4dd63283-ca1c-4f93-a271-e6b0013de03c,Squirtle,7,"[""Water""]",true,9,0.875,false,false,false,false,,"{""hp"":44,""atk"":48,""def"":65,""spa"":50,""spd"":64,""spe"":43}"
4dece685-81ed-4ae3-a5d5-e863109785fd,Oricorio-Pom-Pom,741,"[""Electric"",""Flying""]",false,3.4,0.25,false,false,false,false,,"{""hp"":75,""atk"":70,""def"":70,""spa"":98,""spd"":70,""spe"":93}"
4dfc3dad-8535-4cf6-a99b-17844549a903,Torkoal,324,"[""Fire""]",false,80.4,,false,false,false,false,,"{""hp"":70,""atk"":85,""def"":140,""spa"":85,""spd"":70,""spe"":20}"
4dfd5e19-6552-4ea0-9ee9-4a27bf028fae,Persian,53,"[""Normal""]",false,32,,false,false,false,false,,"{""hp"":65,""atk"":70,""def"":60,""spa"":65,""spd"":65,""spe"":115}"
4e29d547-0b71-4c65-88e0-277dc1c3cb86,Hawlucha,701,"[""Fighting"",""Flying""]",false,21.5,,false,false,false,false,,"{""hp"":78,""atk"":92,""def"":75,""spa"":74,""spd"":63,""spe"":118}"
4e5afb74-fb5b-4d81-aef8-deb24c9dfbd4,Toxtricity,849,"[""Electric"",""Poison""]",false,40,,false,false,false,false,,"{""hp"":75,""atk"":98,""def"":70,""spa"":114,""spd"":70,""spe"":75}"
4e75d97b-5437-4e85-a5f8-1f850416f63d,Gengar-Mega,94,"[""Ghost"",""Poison""]",false,40.5,,false,false,false,true,Gengarite,"{""hp"":60,""atk"":65,""def"":80,""spa"":170,""spd"":95,""spe"":130}"
4e77a6c8-1b40-4d8e-bf66-071e6048fd8c,Palkia,484,"[""Water"",""Dragon""]",false,336,,false,true,false,false,,"{""hp"":90,""atk"":120,""def"":100,""spa"":150,""spd"":120,""spe"":100}"
4e787c04-8caf-4ae3-9e11-06c6bec14c2d,Cyclizar,967,"[""Dragon"",""Normal""]",false,63,,false,false,false,false,,"{""hp"":70,""atk"":95,""def"":65,""spa"":85,""spd"":65,""spe"":121}"
4ead89b5-4d1a-40f0-bbc3-c94bbb0dcba8,Fearow,22,"[""Normal"",""Flying""]",false,38,,false,false,false,false,,"{""hp"":65,""atk"":90,""def"":65,""spa"":61,""spd"":61,""spe"":100}"
4edb8160-4f86-4cd8-971f-e8b2abe1a3c0,Treecko,252,"[""Grass""]",true,5,0.875,false,false,false,false,,"{""hp"":40,""atk"":45,""def"":35,""spa"":65,""spd"":55,""spe"":70}"
4ee893a2-f323-4318-a7e8-3cc3eb4e2a61,Chikorita,152,"[""Grass""]",true,6.4,0.875,false,false,false,false,,"{""hp"":45,""atk"":49,""def"":65,""spa"":49,""spd"":65,""spe"":45}"
4f1de8d7-0e7a-4d43-a94f-fd87fd4eb1d0,Pikachu-PhD,25,"[""Electric""]",false,6,,false,false,false,false,,"{""hp"":35,""atk"":55,""def"":40,""spa"":50,""spd"":50,""spe"":90}"
4f928917-036c-44d1-b43f-de28019bf695,Steelix,208,"[""Steel"",""Ground""]",false,400,,false,false,false,false,,"{""hp"":75,""atk"":85,""def"":200,""spa"":55,""spd"":65,""spe"":30}"
4f966fd7-240a-4e61-bff6-9895b22dcfdd,Sneasel-Hisui,215,"[""Fighting"",""Poison""]",true,27,,false,false,false,false,,"{""hp"":55,""atk"":95,""def"":55,""spa"":35,""spd"":75,""spe"":115}"
4f986bfd-9d5b-443a-8486-1fb9524d547a,Scraggy,559,"[""Dark"",""Fighting""]",true,11.8,,false,false,false,false,,"{""hp"":50,""atk"":75,""def"":70,""spa"":35,""spd"":70,""spe"":48}"
500adf9d-9361-4604-af74-b8d786ba8b8a,Sirfetch’d,865,"[""Fighting""]",false,117,,false,false,false,false,,"{""hp"":62,""atk"":135,""def"":95,""spa"":68,""spd"":82,""spe"":65}"
501f4a79-4475-4c26-ab39-0b5a77fdf887,Politoed,186,"[""Water""]",false,33.9,,false,false,false,false,,"{""hp"":90,""atk"":75,""def"":75,""spa"":90,""spd"":100,""spe"":70}"
503aa84a-5a45-4d61-87e1-fce681c9907a,Urshifu-Rapid-Strike,892,"[""Fighting"",""Water""]",false,105,0.875,false,false,false,false,,"{""hp"":100,""atk"":130,""def"":100,""spa"":63,""spd"":60,""spe"":97}"
504a957b-895b-4f64-b6f4-fd172d20bd2b,Starly,396,"[""Normal"",""Flying""]",true,2,,false,false,false,false,,"{""hp"":40,""atk"":55,""def"":30,""spa"":30,""spd"":30,""spe"":60}"
504b64f4-6d4b-49ce-95e8-0e97fb6e367b,Steelix-Mega,208,"[""Steel"",""Ground""]",false,740,,false,false,false,true,Steelixite,"{""hp"":75,""atk"":125,""def"":230,""spa"":55,""spd"":95,""spe"":30}"
50867c27-d228-4ae6-97f8-3e0cf064aa54,Popplio,728,"[""Water""]",true,7.5,0.875,false,false,false,false,,"{""hp"":50,""atk"":54,""def"":54,""spa"":66,""spd"":56,""spe"":40}"
508b310c-a8ef-42f1-aab9-340e14e5dad8,Torracat,726,"[""Fire""]",true,25,0.875,false,false,false,false,,"{""hp"":65,""atk"":85,""def"":50,""spa"":80,""spd"":50,""spe"":90}"
513b6c4f-9cc6-43cc-b3da-3a17a9f0b86a,Copperajah,879,"[""Steel""]",false,650,,false,false,false,false,,"{""hp"":122,""atk"":130,""def"":69,""spa"":80,""spd"":69,""spe"":30}"
51444196-4f1f-4fff-a030-380e5dedd7d6,Kingler,99,"[""Water""]",false,60,,false,false,false,false,,"{""hp"":55,""atk"":130,""def"":115,""spa"":50,""spd"":50,""spe"":75}"
5165739b-379d-4dd4-9d00-51109229427f,Shelmet,616,"[""Bug""]",true,7.7,,false,false,false,false,,"{""hp"":50,""atk"":40,""def"":85,""spa"":40,""spd"":65,""spe"":25}"
51a8a7df-1ac8-4f47-b856-3f5b9040b92d,Nymble,919,"[""Bug""]",true,1,,false,false,false,false,,"{""hp"":33,""atk"":46,""def"":40,""spa"":21,""spd"":25,""spe"":45}"
52977040-29e0-49b0-b3e9-4f2163d8dcd2,Sandslash,28,"[""Ground""]",false,29.5,,false,false,false,false,,"{""hp"":75,""atk"":100,""def"":110,""spa"":45,""spd"":55,""spe"":65}"
5297d733-e5f7-42cc-9c6b-fd9c3a7195e8,Avalugg-Hisui,713,"[""Ice"",""Rock""]",false,262.4,,false,false,false,false,,"{""hp"":95,""atk"":127,""def"":184,""spa"":34,""spd"":36,""spe"":38}"
52b09275-1f40-4d62-a9dd-9adb6dd3a755,Gossifleur,829,"[""Grass""]",true,2.2,,false,false,false,false,,"{""hp"":40,""atk"":40,""def"":60,""spa"":40,""spd"":60,""spe"":10}"
531a2e15-c438-43db-876e-82d65e6e7076,Lurantis,754,"[""Grass""]",false,18.5,,false,false,false,false,,"{""hp"":70,""atk"":105,""def"":90,""spa"":80,""spd"":90,""spe"":45}"
535beda3-02dc-4d79-90a0-29bf4bcc9b11,Carnivine,455,"[""Grass""]",false,27,,false,false,false,false,,"{""hp"":74,""atk"":100,""def"":72,""spa"":90,""spd"":72,""spe"":46}"
536a90f5-698c-4ed7-b279-bc463727769c,Bidoof,399,"[""Normal""]",true,20,,false,false,false,false,,"{""hp"":59,""atk"":45,""def"":40,""spa"":35,""spd"":40,""spe"":31}"
539e080c-ca35-4419-9430-75a0f03e2e3e,Lapras-Gmax,131,"[""Water"",""Ice""]",false,0,,false,false,true,false,,"{""hp"":130,""atk"":85,""def"":80,""spa"":85,""spd"":95,""spe"":60}"
53a57076-03aa-43fb-a056-1c4f81b59c7d,Scizor-Mega,212,"[""Bug"",""Steel""]",false,125,,false,false,false,true,Scizorite,"{""hp"":70,""atk"":150,""def"":140,""spa"":65,""spd"":100,""spe"":75}"
53aceea9-7afb-4bf2-8c41-655dfff6553b,Dedenne,702,"[""Electric"",""Fairy""]",false,2.2,,false,false,false,false,,"{""hp"":67,""atk"":58,""def"":57,""spa"":81,""spd"":67,""spe"":101}"
53ad92f3-1193-4069-9ffc-66ec7e4e234b,Aurorus,699,"[""Rock"",""Ice""]",false,225,0.875,false,false,false,false,,"{""hp"":123,""atk"":77,""def"":72,""spa"":99,""spd"":92,""spe"":58}"
53bb13f5-91c9-4d7c-bcae-32d6e08e0ae8,Arboliva,930,"[""Grass"",""Normal""]",false,48.2,,false,false,false,false,,"{""hp"":78,""atk"":69,""def"":90,""spa"":125,""spd"":109,""spe"":39}"
53c6c443-a61b-46af-bcf6-38f318fa8fff,Gogoat,673,"[""Grass""]",false,91,,false,false,false,false,,"{""hp"":123,""atk"":100,""def"":62,""spa"":97,""spd"":81,""spe"":68}"
540e442f-1d73-46f7-af99-c40397694511,Glaceon,471,"[""Ice""]",false,25.9,0.875,false,false,false,false,,"{""hp"":65,""atk"":60,""def"":110,""spa"":130,""spd"":95,""spe"":65}"
54a83570-d1b7-438c-9c7b-edeeae715ce0,Tandemaus,924,"[""Normal""]",true,1.8,,false,false,false,false,,"{""hp"":50,""atk"":50,""def"":45,""spa"":40,""spd"":45,""spe"":75}"
54f172e1-e80c-46e1-8280-d47b2b4b3b7e,Growlithe,58,"[""Fire""]",true,19,0.75,false,false,false,false,,"{""hp"":55,""atk"":70,""def"":45,""spa"":70,""spd"":50,""spe"":60}"
54f1d938-019f-4d79-9f91-38a71e87fdb2,Phantump,708,"[""Ghost"",""Grass""]",true,7,,false,false,false,false,,"{""hp"":43,""atk"":70,""def"":48,""spa"":50,""spd"":60,""spe"":38}"
5544de8a-76d1-4346-8080-2e82a6e2a4d0,Zeraora,807,"[""Electric""]",false,44.5,,true,false,false,false,,"{""hp"":88,""atk"":112,""def"":75,""spa"":102,""spd"":80,""spe"":143}"
55480129-96fc-4f75-bfd9-634f59be1e5b,Amoonguss,591,"[""Grass"",""Poison""]",false,10.5,,false,false,false,false,,"{""hp"":114,""atk"":85,""def"":70,""spa"":85,""spd"":80,""spe"":30}"
5555dbc4-cf3d-4553-b8e6-652b45cb2641,Glimmet,969,"[""Rock"",""Poison""]",true,8,,false,false,false,false,,"{""hp"":48,""atk"":35,""def"":42,""spa"":105,""spd"":60,""spe"":60}"
557f53a1-a70f-4943-ad2c-ca79eb7003e3,Jolteon,135,"[""Electric""]",false,24.5,0.875,false,false,false,false,,"{""hp"":65,""atk"":65,""def"":60,""spa"":110,""spd"":95,""spe"":130}"
55ecdb97-a8a0-4903-afaf-49ff79538a3b,Spiritomb,442,"[""Ghost"",""Dark""]",false,108,,false,false,false,false,,"{""hp"":50,""atk"":92,""def"":108,""spa"":92,""spd"":108,""spe"":35}"
5615459f-65e2-4caa-875d-522457b6b2fd,Absol-Mega,359,"[""Dark""]",false,49,,false,false,false,true,Absolite,"{""hp"":65,""atk"":150,""def"":60,""spa"":115,""spd"":60,""spe"":115}"
5649245d-7739-4a70-9901-09d375890d72,Ogerpon,1017,"[""Grass""]",false,39.8,,false,false,false,false,,"{""hp"":80,""atk"":120,""def"":84,""spa"":60,""spd"":96,""spe"":110}"
5652a6fb-1c42-4291-9008-4112a0cc895e,Slowpoke,79,"[""Water"",""Psychic""]",true,36,,false,false,false,false,,"{""hp"":90,""atk"":65,""def"":65,""spa"":40,""spd"":40,""spe"":15}"
566b207f-a738-4982-aaf8-c58fa25968b9,Pikachu-Hoenn,25,"[""Electric""]",false,6,,false,false,false,false,,"{""hp"":35,""atk"":55,""def"":40,""spa"":50,""spd"":50,""spe"":90}"
56da38f0-6908-4348-8d04-40eac7c406df,Beartic,614,"[""Ice""]",false,260,,false,false,false,false,,"{""hp"":95,""atk"":130,""def"":80,""spa"":70,""spd"":80,""spe"":50}"
571acea2-b3ab-451e-8bb2-3fc4956c9f2d,Pumpkaboo-Small,710,"[""Ghost"",""Grass""]",true,3.5,,false,false,false,false,,"{""hp"":44,""atk"":66,""def"":70,""spa"":44,""spd"":55,""spe"":56}"
5738a2da-b3e7-47d6-bf1a-2fad7ef9bc65,Pikachu-Starter,25,"[""Electric""]",false,6,,false,false,false,false,,"{""hp"":45,""atk"":80,""def"":50,""spa"":75,""spd"":60,""spe"":120}"
575b15eb-5532-4451-8070-0eeb653ab1b5,Dubwool,832,"[""Normal""]",false,43,,false,false,false,false,,"{""hp"":72,""atk"":80,""def"":100,""spa"":60,""spd"":90,""spe"":88}"
579554f4-689d-470c-8742-630d324c35ae,Cresselia,488,"[""Psychic""]",false,85.6,,false,false,false,false,,"{""hp"":120,""atk"":70,""def"":110,""spa"":75,""spd"":120,""spe"":85}"
57adf47f-7f20-4f43-87e7-91c0acf4731d,Ferrothorn,598,"[""Grass"",""Steel""]",false,110,,false,false,false,false,,"{""hp"":74,""atk"":94,""def"":131,""spa"":54,""spd"":116,""spe"":20}"
57d70fd3-203e-401f-8697-c12d280d2634,Arbok,24,"[""Poison""]",false,65,,false,false,false,false,,"{""hp"":60,""atk"":95,""def"":69,""spa"":65,""spd"":79,""spe"":80}"
58283729-0665-4a9a-b48b-5958f4aae30d,Kricketot,401,"[""Bug""]",true,2.2,,false,false,false,false,,"{""hp"":37,""atk"":25,""def"":41,""spa"":25,""spd"":41,""spe"":25}"
587b0174-d8a5-4d69-8042-120d65acba2d,Pikachu-Belle,25,"[""Electric""]",false,6,,false,false,false,false,,"{""hp"":35,""atk"":55,""def"":40,""spa"":50,""spd"":50,""spe"":90}"
58a70230-1440-4a03-8015-912764473633,Kirlia,281,"[""Psychic"",""Fairy""]",true,20.2,,false,false,false,false,,"{""hp"":38,""atk"":35,""def"":35,""spa"":65,""spd"":55,""spe"":50}"
58c0a6ce-c507-431f-b8b8-262804ada254,Furfrou,676,"[""Normal""]",false,28,,false,false,false,false,,"{""hp"":75,""atk"":80,""def"":60,""spa"":65,""spd"":90,""spe"":102}"
58ea0828-dbdf-44db-a50b-6a94abf1441c,Quaxly,912,"[""Water""]",true,6.1,0.875,false,false,false,false,,"{""hp"":55,""atk"":65,""def"":45,""spa"":50,""spd"":45,""spe"":50}"
59177464-2a1b-4d3d-815a-fef4704c41f3,Clawitzer,693,"[""Water""]",false,35.3,,false,false,false,false,,"{""hp"":71,""atk"":73,""def"":88,""spa"":120,""spd"":89,""spe"":59}"
591d1e4c-94ff-4d54-a2dd-6dd6c7225b7b,Gardevoir,282,"[""Psychic"",""Fairy""]",false,48.4,,false,false,false,false,,"{""hp"":68,""atk"":65,""def"":65,""spa"":125,""spd"":115,""spe"":80}"
594ddaf1-48e3-496d-8826-7ae0b73262ff,Ponyta,77,"[""Fire""]",true,30,,false,false,false,false,,"{""hp"":50,""atk"":85,""def"":55,""spa"":65,""spd"":65,""spe"":90}"
59694aed-ea78-4d0a-ba88-fe62001b47d6,Beedrill-Mega,15,"[""Bug"",""Poison""]",false,40.5,,false,false,false,true,Beedrillite,"{""hp"":65,""atk"":150,""def"":40,""spa"":15,""spd"":80,""spe"":145}"
5a12a57b-c023-4b8b-b73d-94c92c90cf24,Urshifu-Rapid-Strike-Gmax,892,"[""Fighting"",""Water""]",false,0,0.875,false,false,true,false,,"{""hp"":100,""atk"":130,""def"":100,""spa"":63,""spd"":60,""spe"":97}"
5a2635fa-d44f-4da5-ba32-f6750b000aab,Blastoise-Gmax,9,"[""Water""]",false,0,0.875,false,false,true,false,,"{""hp"":79,""atk"":83,""def"":100,""spa"":85,""spd"":105,""spe"":78}"
5a4477db-a11a-4c91-b779-61d61ca98f37,Grookey,810,"[""Grass""]",true,5,0.875,false,false,false,false,,"{""hp"":50,""atk"":65,""def"":50,""spa"":40,""spd"":40,""spe"":65}"
5a8eab09-88d0-4241-be63-f180c94d30c6,Vanilluxe,584,"[""Ice""]",false,57.5,,false,false,false,false,,"{""hp"":71,""atk"":95,""def"":85,""spa"":110,""spd"":95,""spe"":79}"
5b44872b-2292-4c9a-84c4-2d4611356284,Wobbuffet,202,"[""Psychic""]",false,28.5,,false,false,false,false,,"{""hp"":190,""atk"":33,""def"":58,""spa"":33,""spd"":58,""spe"":33}"
5b9a535c-ed3f-461b-83b7-40114291850b,Toxel,848,"[""Electric"",""Poison""]",true,11,,false,false,false,false,,"{""hp"":40,""atk"":38,""def"":35,""spa"":54,""spd"":35,""spe"":40}"
5bbb8821-dca6-4f94-8d4b-bc40ee1a6adb,Delphox,655,"[""Fire"",""Psychic""]",false,39,0.875,false,false,false,false,,"{""hp"":75,""atk"":69,""def"":72,""spa"":114,""spd"":100,""spe"":104}"
5bd89db6-fcf6-4f88-a3d1-3c53317117b0,Dewpider,751,"[""Water"",""Bug""]",true,4,,false,false,false,false,,"{""hp"":38,""atk"":40,""def"":52,""spa"":40,""spd"":72,""spe"":27}"
5bfc078b-5647-4208-9d16-13e72946359e,Crustle,558,"[""Bug"",""Rock""]",false,200,,false,false,false,false,,"{""hp"":70,""atk"":105,""def"":125,""spa"":65,""spd"":75,""spe"":45}"
5c166f66-c301-4cd1-a6ff-f5c68850c0d6,Enamorus-Therian,905,"[""Fairy"",""Flying""]",false,48,,false,false,false,false,,"{""hp"":74,""atk"":115,""def"":110,""spa"":135,""spd"":100,""spe"":46}"
5c24643e-293a-40a0-a34f-2f847e232f10,Mismagius,429,"[""Ghost""]",false,4.4,,false,false,false,false,,"{""hp"":60,""atk"":60,""def"":60,""spa"":105,""spd"":105,""spe"":105}"
5c377104-c129-4620-8210-55906bb8b080,Impidimp,859,"[""Dark"",""Fairy""]",true,5.5,,false,false,false,false,,"{""hp"":45,""atk"":45,""def"":30,""spa"":55,""spd"":40,""spe"":50}"
5c53756d-3e9a-4734-ac8a-5d285564f78f,Gengar-Gmax,94,"[""Ghost"",""Poison""]",false,0,,false,false,true,false,,"{""hp"":60,""atk"":65,""def"":60,""spa"":130,""spd"":75,""spe"":110}"
5ce4977e-e2af-43ac-8511-558eec257293,Abomasnow,460,"[""Grass"",""Ice""]",false,135.5,,false,false,false,false,,"{""hp"":90,""atk"":92,""def"":75,""spa"":92,""spd"":85,""spe"":60}"
5d144236-11b5-4f51-a37a-dfbceef6809e,Gligar,207,"[""Ground"",""Flying""]",true,64.8,,false,false,false,false,,"{""hp"":65,""atk"":75,""def"":105,""spa"":35,""spd"":65,""spe"":85}"
5d8284f3-452f-465e-8d92-5362df7fb9b7,Scream Tail,985,"[""Fairy"",""Psychic""]",false,8,,false,false,false,false,,"{""hp"":115,""atk"":65,""def"":99,""spa"":65,""spd"":115,""spe"":111}"
5dbcfae6-4e28-43fd-a51f-7b496691420e,Calyrex-Ice,898,"[""Psychic"",""Ice""]",false,809.1,,false,false,false,false,,"{""hp"":100,""atk"":165,""def"":150,""spa"":85,""spd"":130,""spe"":50}"
5e11c2c0-2f97-43f9-acf3-1064e22e1049,Rillaboom-Gmax,812,"[""Grass""]",false,0,0.875,false,false,true,false,,"{""hp"":100,""atk"":125,""def"":90,""spa"":60,""spd"":70,""spe"":85}"
5e42b113-e298-4296-8bc6-f58ec0741395,Baxcalibur,998,"[""Dragon"",""Ice""]",false,210,,false,false,false,false,,"{""hp"":115,""atk"":145,""def"":92,""spa"":75,""spd"":86,""spe"":87}"
5e9ae99d-2774-4c10-a1fe-ebf986cf81d6,Swablu,333,"[""Normal"",""Flying""]",true,1.2,,false,false,false,false,,"{""hp"":45,""atk"":40,""def"":60,""spa"":40,""spd"":75,""spe"":50}"
5eb57e41-0dd6-452b-b42c-6636356ffa2f,Yamask,562,"[""Ghost""]",true,1.5,,false,false,false,false,,"{""hp"":38,""atk"":30,""def"":85,""spa"":55,""spd"":65,""spe"":30}"
5f02128e-ff46-40ae-b90e-022c8411caf4,Aegislash-Blade,681,"[""Steel"",""Ghost""]",false,53,,false,false,false,false,,"{""hp"":60,""atk"":140,""def"":50,""spa"":140,""spd"":50,""spe"":60}"
5f71f2b2-39a2-4234-bc3b-e29a63c102d6,Eldegoss,830,"[""Grass""]",false,2.5,,false,false,false,false,,"{""hp"":60,""atk"":50,""def"":90,""spa"":80,""spd"":120,""spe"":60}"
5f858baa-a977-4660-bb06-2848219940c6,Luxio,404,"[""Electric""]",true,30.5,,false,false,false,false,,"{""hp"":60,""atk"":85,""def"":49,""spa"":60,""spd"":49,""spe"":60}"
5f9691b1-cce6-47fb-865e-9699c4308964,Eternatus,890,"[""Poison"",""Dragon""]",false,950,,false,true,false,false,,"{""hp"":140,""atk"":85,""def"":95,""spa"":145,""spd"":95,""spe"":130}"
5fbe9a37-a985-41a9-9d09-d9754d0b342d,Skwovet,819,"[""Normal""]",true,2.5,,false,false,false,false,,"{""hp"":70,""atk"":55,""def"":55,""spa"":35,""spd"":35,""spe"":25}"
600b11e1-6339-4921-8bdb-5322dca68c09,Cinderace,815,"[""Fire""]",false,33,0.875,false,false,false,false,,"{""hp"":80,""atk"":116,""def"":75,""spa"":65,""spd"":75,""spe"":119}"
6066bbca-4d76-45ab-a4c3-ec233a7d502b,Rockruff-Dusk,744,"[""Rock""]",true,9.2,,false,false,false,false,,"{""hp"":45,""atk"":65,""def"":40,""spa"":30,""spd"":40,""spe"":60}"
6070113a-aebc-43dc-8062-79f523c66236,Kartana,798,"[""Grass"",""Steel""]",false,0.1,,false,false,false,false,,"{""hp"":59,""atk"":181,""def"":131,""spa"":59,""spd"":31,""spe"":109}"
609e37b1-a3c0-4e80-b2aa-ee67b98c7068,Ekans,23,"[""Poison""]",true,6.9,,false,false,false,false,,"{""hp"":35,""atk"":60,""def"":44,""spa"":40,""spd"":54,""spe"":55}"
610bb491-63d0-4f0c-81ca-fbd97de24c74,Deoxys-Speed,386,"[""Psychic""]",false,60.8,,false,false,false,false,,"{""hp"":50,""atk"":95,""def"":90,""spa"":95,""spd"":90,""spe"":180}"
61408f82-a43f-4a0e-94bc-113b2719ec55,Iron Bundle,991,"[""Ice"",""Water""]",false,11,,false,false,false,false,,"{""hp"":56,""atk"":80,""def"":114,""spa"":124,""spd"":60,""spe"":136}"
614a125f-ea65-45d2-bac8-67416c471002,Quilladin,651,"[""Grass""]",true,29,0.875,false,false,false,false,,"{""hp"":61,""atk"":78,""def"":95,""spa"":56,""spd"":58,""spe"":57}"
61a9ee12-0206-49c0-af86-3c7f5618f383,Seviper,336,"[""Poison""]",false,52.5,,false,false,false,false,,"{""hp"":73,""atk"":100,""def"":60,""spa"":100,""spd"":60,""spe"":65}"
61cc08ee-3c73-4b39-95a3-312a285443d6,Darkrai,491,"[""Dark""]",false,50.5,,true,false,false,false,,"{""hp"":70,""atk"":90,""def"":90,""spa"":135,""spd"":90,""spe"":125}"
61d37908-6e39-4796-9da2-4112d73cda98,Probopass,476,"[""Rock"",""Steel""]",false,340,,false,false,false,false,,"{""hp"":60,""atk"":55,""def"":145,""spa"":75,""spd"":150,""spe"":40}"
61d5b5c4-fc6b-43e3-bbef-fde8791edbbf,Articuno-Galar,144,"[""Psychic"",""Flying""]",false,50.9,,false,false,false,false,,"{""hp"":90,""atk"":85,""def"":85,""spa"":125,""spd"":100,""spe"":95}"
620b7a52-16c3-4aab-b308-bad7be70f8a3,Ducklett,580,"[""Water"",""Flying""]",true,5.5,,false,false,false,false,,"{""hp"":62,""atk"":44,""def"":50,""spa"":44,""spd"":50,""spe"":55}"
620eafce-bc73-4d66-9b5b-50239dd0595c,Yanmega,469,"[""Bug"",""Flying""]",false,51.5,,false,false,false,false,,"{""hp"":86,""atk"":76,""def"":86,""spa"":116,""spd"":56,""spe"":95}"
6220ed41-b1eb-4247-96c6-688e114cae13,Chespin,650,"[""Grass""]",true,9,0.875,false,false,false,false,,"{""hp"":56,""atk"":61,""def"":65,""spa"":48,""spd"":45,""spe"":38}"
6248383a-edc1-452e-b1e4-667e66843752,Brute Bonnet,986,"[""Grass"",""Dark""]",false,21,,false,false,false,false,,"{""hp"":111,""atk"":127,""def"":99,""spa"":79,""spd"":99,""spe"":55}"
62ca252b-6cd6-4cba-813c-e8b801ae58d7,Dugtrio-Alola,51,"[""Ground"",""Steel""]",false,66.6,,false,false,false,false,,"{""hp"":35,""atk"":100,""def"":60,""spa"":50,""spd"":70,""spe"":110}"
63216918-6f5b-4c81-8eb2-0cb21dc8655e,Haunter,93,"[""Ghost"",""Poison""]",true,0.1,,false,false,false,false,,"{""hp"":45,""atk"":50,""def"":45,""spa"":115,""spd"":55,""spe"":95}"
632615db-89a5-4f2e-adcd-58e8f7e2dbb4,Veluza,976,"[""Water"",""Psychic""]",false,90,,false,false,false,false,,"{""hp"":90,""atk"":102,""def"":73,""spa"":78,""spd"":65,""spe"":70}"
634ed109-dcca-42fd-b341-8a069abf3eee,Braixen,654,"[""Fire""]",true,14.5,0.875,false,false,false,false,,"{""hp"":59,""atk"":59,""def"":58,""spa"":90,""spd"":70,""spe"":73}"
6411ad6c-60aa-4213-a087-7859ab1f649b,Pikachu-Partner,25,"[""Electric""]",false,6,,false,false,false,false,,"{""hp"":35,""atk"":55,""def"":40,""spa"":50,""spd"":50,""spe"":90}"
64235306-eef0-4df5-be42-bd7b9cf4748a,Sandshrew,27,"[""Ground""]",true,12,,false,false,false,false,,"{""hp"":50,""atk"":75,""def"":85,""spa"":20,""spd"":30,""spe"":40}"
647858c9-8fc7-4839-b0d7-5f2fc6a59f31,Mareep,179,"[""Electric""]",true,7.8,,false,false,false,false,,"{""hp"":55,""atk"":40,""def"":40,""spa"":65,""spd"":45,""spe"":35}"
648c2141-f3a4-45cf-a7dd-c8317b2f3044,Dracozolt,880,"[""Electric"",""Dragon""]",false,190,,false,false,false,false,,"{""hp"":90,""atk"":100,""def"":90,""spa"":80,""spd"":70,""spe"":75}"
649f80ba-d3fb-4b7d-8e7e-0abe39bbf544,Urshifu,892,"[""Fighting"",""Dark""]",false,105,0.875,false,false,false,false,,"{""hp"":100,""atk"":130,""def"":100,""spa"":63,""spd"":60,""spe"":97}"
64e13d45-22fe-4c8e-901e-4f81b3ffb193,Ursaluna-Bloodmoon,901,"[""Ground"",""Normal""]",false,333,,false,false,false,false,,"{""hp"":113,""atk"":70,""def"":120,""spa"":135,""spd"":65,""spe"":52}"
64f2d00b-4394-4be3-b0a4-c072076a1662,Toucannon,733,"[""Normal"",""Flying""]",false,26,,false,false,false,false,,"{""hp"":80,""atk"":120,""def"":75,""spa"":75,""spd"":75,""spe"":60}"
65044554-74f5-4d2f-83e4-43fbe9bf1b96,Terapagos-Terastal,1024,"[""Normal""]",false,16,,false,false,false,false,,"{""hp"":95,""atk"":95,""def"":110,""spa"":105,""spd"":110,""spe"":85}"
6536878a-1530-49a1-9796-c0d8a7bc2684,Necrozma-Dusk-Mane,800,"[""Psychic"",""Steel""]",false,460,,false,false,false,false,,"{""hp"":97,""atk"":157,""def"":127,""spa"":113,""spd"":109,""spe"":77}"
65632584-2a49-42b4-aa10-e264fd6fb79a,Eevee,133,"[""Normal""]",true,6.5,0.875,false,false,false,false,,"{""hp"":55,""atk"":55,""def"":50,""spa"":45,""spd"":65,""spe"":55}"
657e4ffa-945f-45b7-8214-5b186909ae49,Igglybuff,174,"[""Normal"",""Fairy""]",true,1,0.25,false,false,false,false,,"{""hp"":90,""atk"":30,""def"":15,""spa"":40,""spd"":20,""spe"":15}"
65968c86-a0f5-467e-a38b-168d75e37491,Appletun,842,"[""Grass"",""Dragon""]",false,13,,false,false,false,false,,"{""hp"":110,""atk"":85,""def"":80,""spa"":100,""spd"":80,""spe"":30}"
65baaad4-314c-46d3-b042-cd15c22c379d,Archen,566,"[""Rock"",""Flying""]",true,9.5,0.875,false,false,false,false,,"{""hp"":55,""atk"":112,""def"":45,""spa"":74,""spd"":45,""spe"":70}"
65c0e98e-6f2e-4723-a997-559daba2dd8c,Rattata-Alola,19,"[""Dark"",""Normal""]",true,3.8,,false,false,false,false,,"{""hp"":30,""atk"":56,""def"":35,""spa"":25,""spd"":35,""spe"":72}"
65d80747-6feb-4e71-b8bd-e2c43d00200f,Scolipede,545,"[""Bug"",""Poison""]",false,200.5,,false,false,false,false,,"{""hp"":60,""atk"":100,""def"":89,""spa"":55,""spd"":69,""spe"":112}"
65e20994-b19f-4f8d-b4f5-f73909e2b1bf,Guzzlord,799,"[""Dark"",""Dragon""]",false,888,,false,false,false,false,,"{""hp"":223,""atk"":101,""def"":53,""spa"":97,""spd"":53,""spe"":43}"
65fa47e1-94f4-446c-bdae-16eef22e0abe,Terapagos,1024,"[""Normal""]",false,6.5,,false,true,false,false,,"{""hp"":90,""atk"":65,""def"":85,""spa"":65,""spd"":85,""spe"":60}"
6686078a-11b1-42a2-831f-192a5960dc8c,Binacle,688,"[""Rock"",""Water""]",true,31,,false,false,false,false,,"{""hp"":42,""atk"":52,""def"":67,""spa"":39,""spd"":56,""spe"":50}"
669d0ee0-f28e-44a3-90b1-ae80626e62d6,Litten,725,"[""Fire""]",true,4.3,0.875,false,false,false,false,,"{""hp"":45,""atk"":65,""def"":40,""spa"":60,""spd"":40,""spe"":70}"
66b1ad38-b4a7-4bde-9efa-55bd47990115,Froakie,656,"[""Water""]",true,7,0.875,false,false,false,false,,"{""hp"":41,""atk"":56,""def"":40,""spa"":62,""spd"":44,""spe"":71}"
66f8287c-33bd-4aba-b8f5-26047b1dcbed,Slurpuff,685,"[""Fairy""]",false,5,,false,false,false,false,,"{""hp"":82,""atk"":80,""def"":86,""spa"":85,""spd"":75,""spe"":72}"
672c415f-f6fc-4f3c-902f-09df5785a135,Hatterene-Gmax,858,"[""Psychic"",""Fairy""]",false,0,,false,false,true,false,,"{""hp"":57,""atk"":90,""def"":95,""spa"":136,""spd"":103,""spe"":29}"
67798c74-2e0e-4e5e-b127-4e39422ad2e8,Entei,244,"[""Fire""]",false,198,,false,false,false,false,,"{""hp"":115,""atk"":115,""def"":85,""spa"":90,""spd"":75,""spe"":100}"
67d6f34b-a2e4-4ade-97ee-dedd46347c7f,Sunflora,192,"[""Grass""]",false,8.5,,false,false,false,false,,"{""hp"":75,""atk"":75,""def"":55,""spa"":105,""spd"":85,""spe"":30}"
67e9e712-f828-4258-8c7b-3badd53211ed,Toxtricity-Gmax,849,"[""Electric"",""Poison""]",false,0,,false,false,true,false,,"{""hp"":75,""atk"":98,""def"":70,""spa"":114,""spd"":70,""spe"":75}"
6850c601-a750-403b-814e-7ba0df654687,Munna,517,"[""Psychic""]",true,23.3,,false,false,false,false,,"{""hp"":76,""atk"":25,""def"":45,""spa"":67,""spd"":55,""spe"":24}"
686a835e-1904-45d4-a963-a6bc5925ed61,Mawile-Mega,303,"[""Steel"",""Fairy""]",false,23.5,,false,false,false,true,Mawilite,"{""hp"":50,""atk"":105,""def"":125,""spa"":55,""spd"":95,""spe"":50}"
68996a02-bd4d-4f2c-8cf7-8228e8a48ea4,Rufflet,627,"[""Normal"",""Flying""]",true,10.5,,false,false,false,false,,"{""hp"":70,""atk"":83,""def"":50,""spa"":37,""spd"":50,""spe"":60}"
693ac88e-b1e7-4a34-8f5f-f943abd1e16e,Blipbug,824,"[""Bug""]",true,8,,false,false,false,false,,"{""hp"":25,""atk"":20,""def"":20,""spa"":25,""spd"":45,""spe"":45}"
69856c28-8ad7-4a04-9dec-94718a807b85,Farfetch’d,83,"[""Normal"",""Flying""]",false,15,,false,false,false,false,,"{""hp"":52,""atk"":90,""def"":55,""spa"":58,""spd"":62,""spe"":60}"
69bd2758-8a7a-43fb-92cc-5c9074c22bd4,Carvanha,318,"[""Water"",""Dark""]",true,20.8,,false,false,false,false,,"{""hp"":45,""atk"":90,""def"":20,""spa"":65,""spd"":20,""spe"":65}"
6a1403cc-1147-4301-a907-59cf91be4762,Stonjourner,874,"[""Rock""]",false,520,,false,false,false,false,,"{""hp"":100,""atk"":125,""def"":135,""spa"":20,""spd"":20,""spe"":70}"
6a18529f-0f90-42ab-8f58-f0ea412d333a,Palpitoad,536,"[""Water"",""Ground""]",true,17,,false,false,false,false,,"{""hp"":75,""atk"":65,""def"":55,""spa"":65,""spd"":55,""spe"":69}"
6a1b2ac6-bc55-435a-ad9d-0d04fd9c4e56,Spectrier,897,"[""Ghost""]",false,44.5,,false,false,false,false,,"{""hp"":100,""atk"":65,""def"":60,""spa"":145,""spd"":80,""spe"":130}"
6abd0313-3ddd-4650-a7a1-fe33eb261564,Ledian,166,"[""Bug"",""Flying""]",false,35.6,,false,false,false,false,,"{""hp"":55,""atk"":35,""def"":50,""spa"":55,""spd"":110,""spe"":85}"
6ad7ddcd-9dd5-4316-aed5-6ce8ad80f329,Sableye-Mega,302,"[""Dark"",""Ghost""]",false,161,,false,false,false,true,Sablenite,"{""hp"":50,""atk"":85,""def"":125,""spa"":85,""spd"":115,""spe"":20}"
6ae8fead-0503-4ce8-bd07-f48c9adb77a3,Tadbulb,938,"[""Electric""]",true,0.4,,false,false,false,false,,"{""hp"":61,""atk"":31,""def"":41,""spa"":59,""spd"":35,""spe"":45}"
6af119a4-d4d5-45ed-a13c-cb31e4f2d5b3,Meganium,154,"[""Grass""]",false,100.5,0.875,false,false,false,false,,"{""hp"":80,""atk"":82,""def"":100,""spa"":83,""spd"":100,""spe"":80}"
6b50bc73-034a-455e-b080-239be275b1ae,Yamper,835,"[""Electric""]",true,13.5,,false,false,false,false,,"{""hp"":59,""atk"":45,""def"":50,""spa"":40,""spd"":50,""spe"":26}"
6b7c17a8-f0ad-43ea-9195-86c62242a0f0,Xerneas-Neutral,716,"[""Fairy""]",false,215,,false,false,false,false,,"{""hp"":126,""atk"":131,""def"":95,""spa"":131,""spd"":98,""spe"":99}"
6bb8c451-5573-4ee9-8738-f2f17836ee9f,Swellow,277,"[""Normal"",""Flying""]",false,19.8,,false,false,false,false,,"{""hp"":60,""atk"":85,""def"":60,""spa"":75,""spd"":50,""spe"":125}"
6c4736f1-f5c3-450b-896f-747810ee9ada,Drifloon,425,"[""Ghost"",""Flying""]",true,1.2,,false,false,false,false,,"{""hp"":90,""atk"":50,""def"":34,""spa"":60,""spd"":44,""spe"":70}"
6c49b029-0583-474c-b5bc-c5bee422cb7b,Raticate-Alola,20,"[""Dark"",""Normal""]",false,25.5,,false,false,false,false,,"{""hp"":75,""atk"":71,""def"":70,""spa"":40,""spd"":80,""spe"":77}"
6c4acfb2-cc6f-4d25-8cb7-a51c868077fc,Moltres,146,"[""Fire"",""Flying""]",false,60,,false,false,false,false,,"{""hp"":90,""atk"":100,""def"":90,""spa"":125,""spd"":85,""spe"":90}"
6c601a50-4bef-4c78-8df1-ba44a990f1b6,Seadra,117,"[""Water""]",true,25,,false,false,false,false,,"{""hp"":55,""atk"":65,""def"":95,""spa"":95,""spd"":45,""spe"":85}"
6c84c4d4-ca3a-430e-9632-7563b1da7564,Sharpedo,319,"[""Water"",""Dark""]",false,88.8,,false,false,false,false,,"{""hp"":70,""atk"":120,""def"":40,""spa"":95,""spd"":40,""spe"":95}"
6c8bc9e3-149c-4bad-a8da-e778c76b2388,Turtonator,776,"[""Fire"",""Dragon""]",false,212,,false,false,false,false,,"{""hp"":60,""atk"":78,""def"":135,""spa"":91,""spd"":85,""spe"":36}"
6cd0609d-fd1d-4c49-9c7a-22baf6941670,Cascoon,268,"[""Bug""]",true,11.5,,false,false,false,false,,"{""hp"":50,""atk"":35,""def"":55,""spa"":25,""spd"":25,""spe"":15}"
6cea3286-0354-4c57-8b84-7f42c4dec001,Solgaleo,791,"[""Psychic"",""Steel""]",false,230,,false,true,false,false,,"{""hp"":137,""atk"":137,""def"":107,""spa"":113,""spd"":89,""spe"":97}"
6d06e3cb-0262-4220-9ecd-bacb3c124295,Combusken,256,"[""Fire"",""Fighting""]",true,19.5,0.875,false,false,false,false,,"{""hp"":60,""atk"":85,""def"":60,""spa"":85,""spd"":60,""spe"":55}"
6d0c105e-a71a-4178-88c2-c12c560c5176,Gourgeist-Small,711,"[""Ghost"",""Grass""]",false,9.5,,false,false,false,false,,"{""hp"":55,""atk"":85,""def"":122,""spa"":58,""spd"":75,""spe"":99}"
6d116316-d9cb-4f9d-8cfd-8eb4cf40c754,Magearna,801,"[""Steel"",""Fairy""]",false,80.5,,true,false,false,false,,"{""hp"":80,""atk"":95,""def"":115,""spa"":130,""spd"":115,""spe"":65}"
6d691f16-babd-490f-a1fb-5cefdc57d0f2,Trumbeak,732,"[""Normal"",""Flying""]",true,14.8,,false,false,false,false,,"{""hp"":55,""atk"":85,""def"":50,""spa"":40,""spd"":50,""spe"":75}"
6d6e0966-65c5-4052-ab09-637715943347,Audino,531,"[""Normal""]",false,31,,false,false,false,false,,"{""hp"":103,""atk"":60,""def"":86,""spa"":60,""spd"":86,""spe"":50}"
6d8173c3-34aa-44a8-b252-85297bff7c01,Deerling,585,"[""Normal"",""Grass""]",true,19.5,,false,false,false,false,,"{""hp"":60,""atk"":60,""def"":50,""spa"":40,""spd"":50,""spe"":75}"
6d88ef06-324b-432b-84c9-559d41530021,Wimpod,767,"[""Bug"",""Water""]",true,12,,false,false,false,false,,"{""hp"":25,""atk"":35,""def"":40,""spa"":20,""spd"":30,""spe"":80}"
6d8fd781-2a35-4209-970a-968ba68ae3c3,Heliolisk,695,"[""Electric"",""Normal""]",false,21,,false,false,false,false,,"{""hp"":62,""atk"":55,""def"":52,""spa"":109,""spd"":94,""spe"":109}"
6df3c051-3d63-445d-b508-cbdd9f701271,Rillaboom,812,"[""Grass""]",false,90,0.875,false,false,false,false,,"{""hp"":100,""atk"":125,""def"":90,""spa"":60,""spd"":70,""spe"":85}"
6e0c1e31-9157-489f-bda7-7095a94a15bf,Blissey,242,"[""Normal""]",false,46.8,,false,false,false,false,,"{""hp"":255,""atk"":10,""def"":10,""spa"":75,""spd"":135,""spe"":55}"
6ea042b0-2f10-4424-85dc-bf6199a882cc,Basculegion-F,902,"[""Water"",""Ghost""]",false,110,,false,false,false,false,,"{""hp"":120,""atk"":92,""def"":65,""spa"":100,""spd"":75,""spe"":78}"
6ed06cae-d77b-4ce4-b364-b88fa318bf30,Gurdurr,533,"[""Fighting""]",true,40,0.75,false,false,false,false,,"{""hp"":85,""atk"":105,""def"":85,""spa"":40,""spd"":50,""spe"":40}"
6ed20c5b-b8fb-439a-a009-3c9503d33090,Decidueye,724,"[""Grass"",""Ghost""]",false,36.6,0.875,false,false,false,false,,"{""hp"":78,""atk"":107,""def"":75,""spa"":100,""spd"":100,""spe"":70}"
6ed6a260-dfcf-42c5-88ba-9f3a03f61465,Cubchoo,613,"[""Ice""]",true,8.5,,false,false,false,false,,"{""hp"":55,""atk"":70,""def"":40,""spa"":60,""spd"":40,""spe"":40}"
6f19d112-2ef7-4183-b469-905dbbbd912b,Bouffalant,626,"[""Normal""]",false,94.6,,false,false,false,false,,"{""hp"":95,""atk"":110,""def"":95,""spa"":40,""spd"":95,""spe"":55}"
6f595cd5-0215-4004-9caa-d8fe5f1424e6,Iron Crown,1023,"[""Steel"",""Psychic""]",false,156,,false,false,false,false,,"{""hp"":90,""atk"":72,""def"":100,""spa"":122,""spd"":108,""spe"":98}"
6facaee0-1b37-49a1-aa83-a4b156c94973,Arceus-Ice,493,"[""Ice""]",false,320,,false,false,false,false,,"{""hp"":120,""atk"":120,""def"":120,""spa"":120,""spd"":120,""spe"":120}"
7042f4fb-dced-4949-bda6-cf930d20e4ae,Crawdaunt,342,"[""Water"",""Dark""]",false,32.8,,false,false,false,false,,"{""hp"":63,""atk"":120,""def"":85,""spa"":90,""spd"":55,""spe"":55}"
706caa1c-4863-4a8a-82fc-cf7bf0f7af05,Quaquaval,914,"[""Water"",""Fighting""]",false,61.9,0.875,false,false,false,false,,"{""hp"":85,""atk"":120,""def"":80,""spa"":85,""spd"":75,""spe"":85}"
70879d97-830d-45ca-9cce-6d7d1cc2fabd,Joltik,595,"[""Bug"",""Electric""]",true,0.6,,false,false,false,false,,"{""hp"":50,""atk"":47,""def"":50,""spa"":57,""spd"":50,""spe"":65}"
70c58ecc-93e4-467b-bef8-e3a1cf6d7588,Dragapult,887,"[""Dragon"",""Ghost""]",false,50,,false,false,false,false,,"{""hp"":88,""atk"":120,""def"":75,""spa"":100,""spd"":75,""spe"":142}"
70d43a87-ef6e-47ef-b4fc-9d30c2d61d92,Duosion,578,"[""Psychic""]",true,8,,false,false,false,false,,"{""hp"":65,""atk"":40,""def"":50,""spa"":125,""spd"":60,""spe"":30}"
70f6325d-e5bf-4956-915d-c44a35c7d1a0,Applin,840,"[""Grass"",""Dragon""]",true,0.5,,false,false,false,false,,"{""hp"":40,""atk"":40,""def"":80,""spa"":40,""spd"":40,""spe"":20}"
710190d4-0b67-46eb-9641-e8c06042242b,Arceus-Ground,493,"[""Ground""]",false,320,,false,false,false,false,,"{""hp"":120,""atk"":120,""def"":120,""spa"":120,""spd"":120,""spe"":120}"
7160738d-d38a-4279-8041-760d3e4ad006,Skeledirge,911,"[""Fire"",""Ghost""]",false,326.5,0.875,false,false,false,false,,"{""hp"":104,""atk"":75,""def"":100,""spa"":110,""spd"":75,""spe"":66}"
720d7a5f-3f18-4eef-81df-69f0a9c557a4,Piloswine,221,"[""Ice"",""Ground""]",true,55.8,,false,false,false,false,,"{""hp"":100,""atk"":100,""def"":80,""spa"":60,""spd"":60,""spe"":50}"
721786a3-03cf-4893-b638-ca6b3588e5ba,Oinkologne-F,916,"[""Normal""]",false,120,,false,false,false,false,,"{""hp"":115,""atk"":90,""def"":70,""spa"":59,""spd"":90,""spe"":65}"
722d5786-903c-44de-93ce-8bb9355a438a,Klang,600,"[""Steel""]",true,51,,false,false,false,false,,"{""hp"":60,""atk"":80,""def"":95,""spa"":70,""spd"":85,""spe"":50}"
72a70735-fb7a-47f4-8179-e3b023ab5459,Hatterene,858,"[""Psychic"",""Fairy""]",false,5.1,,false,false,false,false,,"{""hp"":57,""atk"":90,""def"":95,""spa"":136,""spd"":103,""spe"":29}"
7310af27-f763-4fd7-a6e9-58f422743060,Great Tusk,984,"[""Ground"",""Fighting""]",false,320,,false,false,false,false,,"{""hp"":115,""atk"":131,""def"":131,""spa"":53,""spd"":53,""spe"":87}"
73398639-d6bb-4c16-8792-59c62ba3de31,Tyranitar,248,"[""Rock"",""Dark""]",false,202,,false,false,false,false,,"{""hp"":100,""atk"":134,""def"":110,""spa"":95,""spd"":100,""spe"":61}"
736cb1ab-2fc4-4505-938b-e0c409d8e2e4,Cacnea,331,"[""Grass""]",true,51.3,,false,false,false,false,,"{""hp"":50,""atk"":85,""def"":40,""spa"":85,""spd"":40,""spe"":35}"
739f4289-bba2-4db0-81df-5175708225ef,Poochyena,261,"[""Dark""]",true,13.6,,false,false,false,false,,"{""hp"":35,""atk"":55,""def"":35,""spa"":30,""spd"":30,""spe"":35}"
73e53a4c-ab2e-4f85-8a9e-c88bc867e416,Pikachu-Cosplay,25,"[""Electric""]",false,6,,false,false,false,false,,"{""hp"":35,""atk"":55,""def"":40,""spa"":50,""spd"":50,""spe"":90}"
743d0c0e-b264-4ec4-88d3-ac5ebd148f3d,Dudunsparce,982,"[""Normal""]",false,39.2,,false,false,false,false,,"{""hp"":125,""atk"":100,""def"":80,""spa"":85,""spd"":75,""spe"":55}"
7455cbf2-ed76-4789-9a51-0c9b0ad9e596,Naclstack,933,"[""Rock""]",true,105,,false,false,false,false,,"{""hp"":60,""atk"":60,""def"":100,""spa"":35,""spd"":65,""spe"":35}"
74daf7b4-8c89-49e4-9020-18665f155d82,Silvally-Flying,773,"[""Flying""]",false,100.5,,false,false,false,false,Flying Memory,"{""hp"":95,""atk"":95,""def"":95,""spa"":95,""spd"":95,""spe"":95}"
750c0a39-bc03-4435-9de2-d5af4b00aef2,Rockruff,744,"[""Rock""]",true,9.2,,false,false,false,false,,"{""hp"":45,""atk"":65,""def"":40,""spa"":30,""spd"":40,""spe"":60}"
752d22a9-c933-4200-9e10-dc44d31f71ab,Farfetch’d-Galar,83,"[""Fighting""]",true,42,,false,false,false,false,,"{""hp"":52,""atk"":95,""def"":55,""spa"":58,""spd"":62,""spe"":55}"
755f4fe1-a227-4247-8d7d-e867e56f833b,Escavalier,589,"[""Bug"",""Steel""]",false,33,,false,false,false,false,,"{""hp"":70,""atk"":135,""def"":105,""spa"":60,""spd"":105,""spe"":20}"
758c2296-ad58-4aa5-a4da-2d936d99f6c0,Hoopa-Unbound,720,"[""Psychic"",""Dark""]",false,490,,false,false,false,false,,"{""hp"":80,""atk"":160,""def"":60,""spa"":170,""spd"":130,""spe"":80}"
758d0b34-c822-40fa-87f5-008355ecd2e0,Persian-Alola,53,"[""Dark""]",false,33,,false,false,false,false,,"{""hp"":65,""atk"":60,""def"":60,""spa"":75,""spd"":65,""spe"":115}"
758de14c-a357-40c2-9d05-09ece23a059b,Magby,240,"[""Fire""]",true,21.4,0.75,false,false,false,false,,"{""hp"":45,""atk"":75,""def"":37,""spa"":70,""spd"":55,""spe"":83}"
75aee446-0d4e-483c-8765-135fcace78db,Silvally-Dragon,773,"[""Dragon""]",false,100.5,,false,false,false,false,Dragon Memory,"{""hp"":95,""atk"":95,""def"":95,""spa"":95,""spd"":95,""spe"":95}"
75ce33f8-eac3-48d7-94f5-99f6395c7c5f,Wyrdeer,899,"[""Normal"",""Psychic""]",false,95.1,,false,false,false,false,,"{""hp"":103,""atk"":105,""def"":72,""spa"":105,""spd"":75,""spe"":65}"
75f1caf3-cb1e-4d68-bbd6-115c68446cfb,Emolga,587,"[""Electric"",""Flying""]",false,5,,false,false,false,false,,"{""hp"":55,""atk"":75,""def"":60,""spa"":75,""spd"":60,""spe"":103}"
7641848f-92d4-4805-b082-713d7610db1f,Arcanine,59,"[""Fire""]",false,155,0.75,false,false,false,false,,"{""hp"":90,""atk"":110,""def"":80,""spa"":100,""spd"":80,""spe"":95}"
7660964c-19d0-4240-80dd-568aa0ad1af0,Stufful,759,"[""Normal"",""Fighting""]",true,6.8,,false,false,false,false,,"{""hp"":70,""atk"":75,""def"":50,""spa"":45,""spd"":50,""spe"":50}"
76d9faea-4760-4096-9610-d63e3f1150fc,Rotom-Wash,479,"[""Electric"",""Water""]",false,0.3,,false,false,false,false,,"{""hp"":50,""atk"":65,""def"":107,""spa"":105,""spd"":107,""spe"":86}"
7797e8bb-580a-4f5d-a7cd-8789262e231d,Floragato,907,"[""Grass""]",true,12.2,0.875,false,false,false,false,,"{""hp"":61,""atk"":80,""def"":63,""spa"":60,""spd"":63,""spe"":83}"
779e672a-da84-423d-a571-57c303891eaa,Celesteela,797,"[""Steel"",""Flying""]",false,999.9,,false,false,false,false,,"{""hp"":97,""atk"":101,""def"":103,""spa"":107,""spd"":101,""spe"":61}"
77ae7696-a1e6-41ff-901e-8e3e01e09a31,Grimmsnarl,861,"[""Dark"",""Fairy""]",false,61,,false,false,false,false,,"{""hp"":95,""atk"":120,""def"":65,""spa"":95,""spd"":75,""spe"":60}"
77b1561f-4cca-455a-8e16-64549ae5dfd4,Electabuzz,125,"[""Electric""]",true,30,0.75,false,false,false,false,,"{""hp"":65,""atk"":83,""def"":57,""spa"":95,""spd"":85,""spe"":105}"
77b705eb-07a9-41e5-9b87-6bad7629ef92,Magnemite,81,"[""Electric"",""Steel""]",true,6,,false,false,false,false,,"{""hp"":25,""atk"":35,""def"":70,""spa"":95,""spd"":55,""spe"":45}"
77f6fe0e-ca0e-4fd3-97ea-d02aa17bcd3c,Exploud,295,"[""Normal""]",false,84,,false,false,false,false,,"{""hp"":104,""atk"":91,""def"":63,""spa"":91,""spd"":73,""spe"":68}"
782097dd-8c0a-46d9-94bc-9b7a1618346f,Coalossal-Gmax,839,"[""Rock"",""Fire""]",false,0,,false,false,true,false,,"{""hp"":110,""atk"":80,""def"":120,""spa"":80,""spd"":90,""spe"":30}"
784509cf-6041-4109-ae79-013d1418c5dc,Seismitoad,537,"[""Water"",""Ground""]",false,62,,false,false,false,false,,"{""hp"":105,""atk"":95,""def"":75,""spa"":85,""spd"":75,""spe"":74}"
7871fa28-5f32-4884-af67-90f6a0cc45c2,Shellos,422,"[""Water""]",true,6.3,,false,false,false,false,,"{""hp"":76,""atk"":48,""def"":48,""spa"":57,""spd"":62,""spe"":34}"
789885ac-be22-43c5-a869-ffc918ea264b,Happiny,440,"[""Normal""]",true,24.4,,false,false,false,false,,"{""hp"":100,""atk"":5,""def"":5,""spa"":15,""spd"":65,""spe"":30}"
78a80bee-4557-4fdd-8fc1-55768bc57b82,Leavanny,542,"[""Bug"",""Grass""]",false,20.5,,false,false,false,false,,"{""hp"":75,""atk"":103,""def"":80,""spa"":70,""spd"":80,""spe"":92}"
78dde045-cf84-4f03-b283-ce1d6928f959,Silvally-Rock,773,"[""Rock""]",false,100.5,,false,false,false,false,Rock Memory,"{""hp"":95,""atk"":95,""def"":95,""spa"":95,""spd"":95,""spe"":95}"
78f7d55b-6b3c-49d1-a3fa-2d6828b87ffb,Gothitelle,576,"[""Psychic""]",false,44,0.25,false,false,false,false,,"{""hp"":70,""atk"":55,""def"":95,""spa"":95,""spd"":110,""spe"":65}"
7920c3a4-4e90-4f38-8045-a4095be3aa23,Dialga-Origin,483,"[""Steel"",""Dragon""]",false,850,,false,false,false,false,Adamant Crystal,"{""hp"":100,""atk"":100,""def"":120,""spa"":150,""spd"":120,""spe"":90}"
792817a8-0c28-43c1-aeee-3dd77421ef17,Hippopotas,449,"[""Ground""]",true,49.5,,false,false,false,false,,"{""hp"":68,""atk"":72,""def"":78,""spa"":38,""spd"":42,""spe"":32}"
798917a8-62f5-42aa-b282-0b4853935526,Delcatty,301,"[""Normal""]",false,32.6,0.25,false,false,false,false,,"{""hp"":70,""atk"":65,""def"":65,""spa"":55,""spd"":55,""spe"":90}"
79a886ae-a417-4d83-9779-9280f2f3f3b8,Blaziken,257,"[""Fire"",""Fighting""]",false,52,0.875,false,false,false,false,,"{""hp"":80,""atk"":120,""def"":70,""spa"":110,""spd"":70,""spe"":80}"
79fc1ece-27fd-4805-840b-c0c5b3c5a9c5,Beldum,374,"[""Steel"",""Psychic""]",true,95.2,,false,false,false,false,,"{""hp"":40,""atk"":55,""def"":80,""spa"":35,""spd"":60,""spe"":30}"
79fc265f-2acf-4bc7-9817-58237113da12,Alcremie,869,"[""Fairy""]",false,0.5,,false,false,false,false,,"{""hp"":65,""atk"":60,""def"":75,""spa"":110,""spd"":121,""spe"":64}"
7a6429a5-0718-4f1d-899d-5aae58571ba8,Zygarde-10%,718,"[""Dragon"",""Ground""]",false,33.5,,false,false,false,false,,"{""hp"":54,""atk"":100,""def"":71,""spa"":61,""spd"":85,""spe"":115}"
7a7a5245-e555-42f8-aefc-2a130d0e2eed,Tangrowth,465,"[""Grass""]",false,128.6,,false,false,false,false,,"{""hp"":100,""atk"":100,""def"":125,""spa"":110,""spd"":50,""spe"":50}"
7aa9212f-a4d8-4c68-93f3-94e8a5b11955,Mimikyu-Totem,778,"[""Ghost"",""Fairy""]",false,2.8,,false,false,false,false,,"{""hp"":55,""atk"":90,""def"":80,""spa"":50,""spd"":105,""spe"":96}"
7ac16cca-2e02-4b1e-800c-75b5cc4bebe1,Ponyta-Galar,77,"[""Psychic""]",true,24,,false,false,false,false,,"{""hp"":50,""atk"":85,""def"":55,""spa"":65,""spd"":65,""spe"":90}"
7ae82e96-38fe-4fa0-97c7-edf581011c19,Poltchageist-Artisan,1012,"[""Grass"",""Ghost""]",true,1.1,,false,false,false,false,,"{""hp"":40,""atk"":45,""def"":45,""spa"":74,""spd"":54,""spe"":50}"
7b06e9e3-ecde-4571-afcf-a474f384d061,Tapu Koko,785,"[""Electric"",""Fairy""]",false,20.5,,false,false,false,false,,"{""hp"":70,""atk"":115,""def"":85,""spa"":95,""spd"":75,""spe"":130}"
7b581421-1345-4a56-a1e9-494eb66052fd,Overqwil,904,"[""Dark"",""Poison""]",false,60.5,,false,false,false,false,,"{""hp"":85,""atk"":115,""def"":95,""spa"":65,""spd"":65,""spe"":85}"
7b71ef78-e982-4b2e-b050-2fc2bb32db36,Drifblim,426,"[""Ghost"",""Flying""]",false,15,,false,false,false,false,,"{""hp"":150,""atk"":80,""def"":44,""spa"":90,""spd"":54,""spe"":80}"
7bf25cce-fb7e-4bb4-bc75-51c7babd161f,Inkay,686,"[""Dark"",""Psychic""]",true,3.5,,false,false,false,false,,"{""hp"":53,""atk"":54,""def"":53,""spa"":37,""spd"":46,""spe"":45}"
7c20ae67-0326-4655-b4bc-3f7d23f9bd2d,Shaymin-Sky,492,"[""Grass"",""Flying""]",false,5.2,,false,false,false,false,,"{""hp"":100,""atk"":103,""def"":75,""spa"":120,""spd"":75,""spe"":127}"
7c737ebb-f7cb-4806-b29b-981538dafe9b,Whimsicott,547,"[""Grass"",""Fairy""]",false,6.6,,false,false,false,false,,"{""hp"":60,""atk"":67,""def"":85,""spa"":77,""spd"":75,""spe"":116}"
7d20b236-24b6-441d-a945-c76d041d14e2,Latias,380,"[""Dragon"",""Psychic""]",false,40,,false,false,false,false,,"{""hp"":80,""atk"":80,""def"":90,""spa"":110,""spd"":130,""spe"":110}"
7d5e91b4-a12e-4869-b738-dc16a4f16ba1,Toxicroak,454,"[""Poison"",""Fighting""]",false,44.4,,false,false,false,false,,"{""hp"":83,""atk"":106,""def"":65,""spa"":86,""spd"":65,""spe"":85}"
7d756411-25bd-4545-b1d1-8d89abc4ae92,Armarouge,936,"[""Fire"",""Psychic""]",false,85,,false,false,false,false,,"{""hp"":85,""atk"":60,""def"":100,""spa"":125,""spd"":80,""spe"":75}"
7da36ac6-36ef-4923-91b8-ae57eca1cfe4,Gourgeist,711,"[""Ghost"",""Grass""]",false,12.5,,false,false,false,false,,"{""hp"":65,""atk"":90,""def"":122,""spa"":58,""spd"":75,""spe"":84}"
7dbd6498-7913-4b86-9478-eaaa544c3648,Sawsbuck,586,"[""Normal"",""Grass""]",false,92.5,,false,false,false,false,,"{""hp"":80,""atk"":100,""def"":70,""spa"":60,""spd"":70,""spe"":95}"
7e402d68-988c-4c38-99b3-444e3938e00c,Okidogi,1014,"[""Poison"",""Fighting""]",false,92,,false,false,false,false,,"{""hp"":88,""atk"":128,""def"":115,""spa"":58,""spd"":86,""spe"":80}"
7ea9dfe6-f86a-4e1a-99b5-47a39ee606f3,Pachirisu,417,"[""Electric""]",false,3.9,,false,false,false,false,,"{""hp"":60,""atk"":45,""def"":70,""spa"":45,""spd"":90,""spe"":95}"
7ecf1596-88d6-4c4a-a2d3-d45a51e27a03,Latios,381,"[""Dragon"",""Psychic""]",false,60,,false,false,false,false,,"{""hp"":80,""atk"":90,""def"":80,""spa"":130,""spd"":110,""spe"":110}"
7f223ab6-07e4-478d-b38e-45ffd0759009,Caterpie,10,"[""Bug""]",true,2.9,,false,false,false,false,,"{""hp"":45,""atk"":30,""def"":35,""spa"":20,""spd"":20,""spe"":45}"
7f43ea06-fcc8-40ff-839f-534457edef9e,Horsea,116,"[""Water""]",true,8,,false,false,false,false,,"{""hp"":30,""atk"":40,""def"":70,""spa"":70,""spd"":25,""spe"":60}"
7f5cc37b-7080-4f0c-a298-bf5e01f02d79,Skuntank,435,"[""Poison"",""Dark""]",false,38,,false,false,false,false,,"{""hp"":103,""atk"":93,""def"":67,""spa"":71,""spd"":61,""spe"":84}"
7f971da9-ce20-46a3-be26-9a5c1cd96a6d,Nidoran-M,32,"[""Poison""]",true,9,,false,false,false,false,,"{""hp"":46,""atk"":57,""def"":40,""spa"":40,""spd"":40,""spe"":50}"
80080994-b276-4d1a-839c-61e23053ecee,Geodude-Alola,74,"[""Rock"",""Electric""]",true,20.3,,false,false,false,false,,"{""hp"":40,""atk"":80,""def"":100,""spa"":30,""spd"":30,""spe"":20}"
80117444-a8e7-4f01-8d0a-24476829ad74,Steenee,762,"[""Grass""]",true,8.2,,false,false,false,false,,"{""hp"":52,""atk"":40,""def"":48,""spa"":40,""spd"":48,""spe"":62}"
80588ce1-da80-496f-a56e-0e7647169cb9,Regice,378,"[""Ice""]",false,175,,false,false,false,false,,"{""hp"":80,""atk"":50,""def"":100,""spa"":100,""spd"":200,""spe"":50}"
80614ac2-5592-420b-b905-968ae0752e20,Sinistea,854,"[""Ghost""]",true,0.2,,false,false,false,false,,"{""hp"":40,""atk"":45,""def"":45,""spa"":74,""spd"":54,""spe"":50}"
807378ed-3b25-4abe-b5b9-4d813a22bffd,Ho-Oh,250,"[""Fire"",""Flying""]",false,199,,false,true,false,false,,"{""hp"":106,""atk"":130,""def"":90,""spa"":110,""spd"":154,""spe"":90}"
80a5497c-7667-451f-9f8a-4daefbd6ca81,Glalie,362,"[""Ice""]",false,256.5,,false,false,false,false,,"{""hp"":80,""atk"":80,""def"":80,""spa"":80,""spd"":80,""spe"":80}"
80b10637-0b24-4084-be72-88628d454647,Spritzee,682,"[""Fairy""]",true,0.5,,false,false,false,false,,"{""hp"":78,""atk"":52,""def"":60,""spa"":63,""spd"":65,""spe"":23}"
80c0942f-cd29-4455-9029-a45c69300adc,Piplup,393,"[""Water""]",true,5.2,0.875,false,false,false,false,,"{""hp"":53,""atk"":51,""def"":53,""spa"":61,""spd"":56,""spe"":40}"
80da7fe8-470b-4996-a525-628512a12639,Gumshoos-Totem,735,"[""Normal""]",false,60,,false,false,false,false,,"{""hp"":88,""atk"":110,""def"":60,""spa"":55,""spd"":60,""spe"":45}"
8142680b-4433-493d-a9f4-c1d5987c2481,Gible,443,"[""Dragon"",""Ground""]",true,20.5,,false,false,false,false,,"{""hp"":58,""atk"":70,""def"":45,""spa"":40,""spd"":45,""spe"":42}"
814445b5-3cb4-4dcf-9b86-265f32868507,Vivillon-Pokeball,666,"[""Bug"",""Flying""]",false,17,,false,false,false,false,,"{""hp"":80,""atk"":52,""def"":50,""spa"":90,""spd"":50,""spe"":89}"
815e8cde-4827-437a-ba41-039662a3865c,Ogerpon-Wellspring-Tera,1017,"[""Grass"",""Water""]",false,39.8,,false,false,false,false,Wellspring Mask,"{""hp"":80,""atk"":120,""def"":84,""spa"":60,""spd"":96,""spe"":110}"
816ca0cc-de1d-401b-8807-baaee925a798,Oricorio-Sensu,741,"[""Ghost"",""Flying""]",false,3.4,0.25,false,false,false,false,,"{""hp"":75,""atk"":70,""def"":70,""spa"":98,""spd"":70,""spe"":93}"
818a69b5-3335-4e41-bf11-3f04f37599b9,Mienshao,620,"[""Fighting""]",false,35.5,,false,false,false,false,,"{""hp"":65,""atk"":125,""def"":60,""spa"":95,""spd"":60,""spe"":105}"
81c5df16-7e9f-4b7d-bfc7-d89c097ac012,Altaria-Mega,334,"[""Dragon"",""Fairy""]",false,20.6,,false,false,false,true,Altarianite,"{""hp"":75,""atk"":110,""def"":110,""spa"":110,""spd"":105,""spe"":80}"
822040e1-4838-4720-bb24-3188ef362749,Mesprit,481,"[""Psychic""]",false,0.3,,false,false,false,false,,"{""hp"":80,""atk"":105,""def"":105,""spa"":105,""spd"":105,""spe"":80}"
82ca7a26-1954-4cea-bfa1-d9ff96b5b6a2,Floette,670,"[""Fairy""]",true,0.9,,false,false,false,false,,"{""hp"":54,""atk"":45,""def"":47,""spa"":75,""spd"":98,""spe"":52}"
82cea658-3805-479c-85ac-898ddfc437b5,Smoochum,238,"[""Ice"",""Psychic""]",true,6,,false,false,false,false,,"{""hp"":45,""atk"":30,""def"":15,""spa"":85,""spd"":65,""spe"":65}"
82ed91be-5101-4ea2-b761-4794a6a2edad,Xatu,178,"[""Psychic"",""Flying""]",false,15,,false,false,false,false,,"{""hp"":65,""atk"":75,""def"":70,""spa"":95,""spd"":70,""spe"":95}"
82fa22e9-c573-4302-8598-cb9e697a97ea,Poltchageist,1012,"[""Grass"",""Ghost""]",true,1.1,,false,false,false,false,,"{""hp"":40,""atk"":45,""def"":45,""spa"":74,""spd"":54,""spe"":50}"
8378c4fe-aad8-456f-8e78-d7d04983f737,Pansear,513,"[""Fire""]",true,11,0.875,false,false,false,false,,"{""hp"":50,""atk"":53,""def"":48,""spa"":53,""spd"":48,""spe"":64}"
84657302-94e7-440f-aea7-5cb39c721a20,Tirtouga,564,"[""Water"",""Rock""]",true,16.5,0.875,false,false,false,false,,"{""hp"":54,""atk"":78,""def"":103,""spa"":53,""spd"":45,""spe"":22}"
847e122f-2d51-4a9e-a0bc-4929adcbb2f6,Linoone,264,"[""Normal""]",false,32.5,,false,false,false,false,,"{""hp"":78,""atk"":70,""def"":61,""spa"":50,""spd"":61,""spe"":100}"
84843940-d4c9-4c97-8d4f-6b640c3be892,Gouging Fire,1020,"[""Fire"",""Dragon""]",false,590,,false,false,false,false,,"{""hp"":105,""atk"":115,""def"":121,""spa"":65,""spd"":93,""spe"":91}"
849284c2-8f77-481c-a6aa-f4c7263a6d8b,Aron,304,"[""Steel"",""Rock""]",true,60,,false,false,false,false,,"{""hp"":50,""atk"":70,""def"":100,""spa"":40,""spd"":40,""spe"":30}"
84d140a5-ce63-4673-ac21-ae6c5cabaabb,Pineco,204,"[""Bug""]",true,7.2,,false,false,false,false,,"{""hp"":50,""atk"":65,""def"":90,""spa"":35,""spd"":35,""spe"":15}"
84dd558b-50e6-47ff-8084-a6cb4eda06ed,Pidgey,16,"[""Normal"",""Flying""]",true,1.8,,false,false,false,false,,"{""hp"":40,""atk"":45,""def"":40,""spa"":35,""spd"":35,""spe"":56}"
852bbc07-e2b1-42e4-ae50-5157936cf730,Nickit,827,"[""Dark""]",true,8.9,,false,false,false,false,,"{""hp"":40,""atk"":28,""def"":28,""spa"":47,""spd"":52,""spe"":50}"
855d154b-dfa1-4d47-b38f-33fca1833127,Greninja-Ash,658,"[""Water"",""Dark""]",false,40,,false,false,false,false,,"{""hp"":72,""atk"":145,""def"":67,""spa"":153,""spd"":71,""spe"":132}"
85629ddb-354e-4ef6-9cff-aec4bf9b14a5,Minior,774,"[""Rock"",""Flying""]",false,0.3,,false,false,false,false,,"{""hp"":60,""atk"":100,""def"":60,""spa"":100,""spd"":60,""spe"":120}"
8573debd-c65e-43f8-8c99-c2d2449e59b1,Pansage,511,"[""Grass""]",true,10.5,0.875,false,false,false,false,,"{""hp"":50,""atk"":53,""def"":48,""spa"":53,""spd"":48,""spe"":64}"
85951e5a-d7b1-46a9-87c5-9e20b7cfc0a2,Panpour,515,"[""Water""]",true,13.5,0.875,false,false,false,false,,"{""hp"":50,""atk"":53,""def"":48,""spa"":53,""spd"":48,""spe"":64}"
8601d76b-5990-412c-82b1-4833ec86b7f3,Chinchou,170,"[""Water"",""Electric""]",true,12,,false,false,false,false,,"{""hp"":75,""atk"":38,""def"":38,""spa"":56,""spd"":56,""spe"":67}"
8641e0d5-e3a0-47f8-ba4d-60d3606d62ac,Sudowoodo,185,"[""Rock""]",false,38,,false,false,false,false,,"{""hp"":70,""atk"":100,""def"":115,""spa"":30,""spd"":65,""spe"":30}"
865c8ea5-3270-4e29-a735-65d43dd742b9,Rolycoly,837,"[""Rock""]",true,12,,false,false,false,false,,"{""hp"":30,""atk"":40,""def"":50,""spa"":40,""spd"":50,""spe"":30}"
866c568c-3b0d-45ad-9709-1a26409a5ca1,Honchkrow,430,"[""Dark"",""Flying""]",false,27.3,,false,false,false,false,,"{""hp"":100,""atk"":125,""def"":52,""spa"":105,""spd"":52,""spe"":71}"
867b10d5-f7cd-4ac6-883d-64caa42a2264,Luxray,405,"[""Electric""]",false,42,,false,false,false,false,,"{""hp"":80,""atk"":120,""def"":79,""spa"":95,""spd"":79,""spe"":70}"
867cfa03-a8d6-426d-8214-c36d5248b4ef,Cubone,104,"[""Ground""]",true,6.5,,false,false,false,false,,"{""hp"":50,""atk"":50,""def"":95,""spa"":40,""spd"":50,""spe"":35}"
868400ce-5c32-4c13-8cba-491e5ed5f45c,Barbaracle,689,"[""Rock"",""Water""]",false,96,,false,false,false,false,,"{""hp"":72,""atk"":105,""def"":115,""spa"":54,""spd"":86,""spe"":68}"
868a32e7-cbf0-4ca1-9da5-7b55ce6ab1f2,Tyrantrum,697,"[""Rock"",""Dragon""]",false,270,0.875,false,false,false,false,,"{""hp"":82,""atk"":121,""def"":119,""spa"":69,""spd"":59,""spe"":71}"
86bd24ef-be75-45a3-adff-125240fc0294,Kingler-Gmax,99,"[""Water""]",false,0,,false,false,true,false,,"{""hp"":55,""atk"":130,""def"":115,""spa"":50,""spd"":50,""spe"":75}"
86c771f9-7481-4e35-9322-b5285fb5e4a2,Hoppip,187,"[""Grass"",""Flying""]",true,0.5,,false,false,false,false,,"{""hp"":35,""atk"":35,""def"":40,""spa"":35,""spd"":55,""spe"":50}"
86c94b5e-3e94-4cdb-bf39-0cc0b4cc8038,Regigigas,486,"[""Normal""]",false,420,,false,false,false,false,,"{""hp"":110,""atk"":160,""def"":110,""spa"":80,""spd"":110,""spe"":100}"
8792f8a0-4fb7-4c00-9b23-6997ec71dc3b,Slugma,218,"[""Fire""]",true,35,,false,false,false,false,,"{""hp"":40,""atk"":40,""def"":40,""spa"":70,""spd"":40,""spe"":20}"
87b96498-9e29-4209-b42e-8777c0e7cc7a,Mightyena,262,"[""Dark""]",false,37,,false,false,false,false,,"{""hp"":70,""atk"":90,""def"":70,""spa"":60,""spd"":60,""spe"":70}"
887d6cee-ae97-477f-b208-e97ba4c8a0f5,Flutter Mane,987,"[""Ghost"",""Fairy""]",false,4,,false,false,false,false,,"{""hp"":55,""atk"":55,""def"":55,""spa"":135,""spd"":135,""spe"":135}"
888b00d6-8cfc-4337-bacc-b58a04e6ec46,Hydreigon,635,"[""Dark"",""Dragon""]",false,160,,false,false,false,false,,"{""hp"":92,""atk"":105,""def"":90,""spa"":125,""spd"":90,""spe"":98}"
88ca8628-43a1-40fc-a393-db78de6697b7,Vespiquen,416,"[""Bug"",""Flying""]",false,38.5,,false,false,false,false,,"{""hp"":70,""atk"":80,""def"":102,""spa"":80,""spd"":102,""spe"":40}"
88f6e9fe-356e-4b12-a4b1-a420c53253de,Zacian,888,"[""Fairy""]",false,110,,false,true,false,false,,"{""hp"":92,""atk"":120,""def"":115,""spa"":80,""spd"":115,""spe"":138}"
891e792a-d893-4632-95d9-978e89700eb8,Arceus-Water,493,"[""Water""]",false,320,,false,false,false,false,,"{""hp"":120,""atk"":120,""def"":120,""spa"":120,""spd"":120,""spe"":120}"
89644e42-471e-4349-a3e1-577724baeffc,Empoleon,395,"[""Water"",""Steel""]",false,84.5,0.875,false,false,false,false,,"{""hp"":84,""atk"":86,""def"":88,""spa"":111,""spd"":101,""spe"":60}"
89664145-4af9-43ea-947c-3fc987492267,Phione,489,"[""Water""]",false,3.1,,true,false,false,false,,"{""hp"":80,""atk"":80,""def"":80,""spa"":80,""spd"":80,""spe"":80}"
89e9c2d3-1ebd-4492-80a6-684d2e90e6b5,Furret,162,"[""Normal""]",false,32.5,,false,false,false,false,,"{""hp"":85,""atk"":76,""def"":64,""spa"":45,""spd"":55,""spe"":90}"
8a83e136-5369-41df-90ed-8ad92faf6b8a,Braviary-Hisui,628,"[""Psychic"",""Flying""]",false,43.4,,false,false,false,false,,"{""hp"":110,""atk"":83,""def"":70,""spa"":112,""spd"":70,""spe"":65}"
8ac10b2a-ff67-48d1-91e2-0f645c4e95e2,Greedent,820,"[""Normal""]",false,6,,false,false,false,false,,"{""hp"":120,""atk"":95,""def"":95,""spa"":55,""spd"":75,""spe"":20}"
8af697fb-868b-485c-bf82-9078badc7884,Sliggoo-Hisui,705,"[""Steel"",""Dragon""]",true,68.5,,false,false,false,false,,"{""hp"":58,""atk"":75,""def"":83,""spa"":83,""spd"":113,""spe"":40}"
8b45df1c-8191-422c-906b-07a6ddc65386,Alcremie-Gmax,869,"[""Fairy""]",false,0,,false,false,true,false,,"{""hp"":65,""atk"":60,""def"":75,""spa"":110,""spd"":121,""spe"":64}"
8b9a313a-3a1f-4e59-9d53-ee2580cbbefd,Lunatone,337,"[""Rock"",""Psychic""]",false,168,,false,false,false,false,,"{""hp"":90,""atk"":55,""def"":65,""spa"":95,""spd"":85,""spe"":70}"
8bfe857a-24cc-41f0-81d5-127d3a58175e,Capsakid,951,"[""Grass""]",true,3,,false,false,false,false,,"{""hp"":50,""atk"":62,""def"":40,""spa"":62,""spd"":40,""spe"":50}"
8c3c6b55-5992-4652-8a42-6d0d07d9dc21,Beheeyem,606,"[""Psychic""]",false,34.5,,false,false,false,false,,"{""hp"":75,""atk"":75,""def"":75,""spa"":125,""spd"":95,""spe"":40}"
8c559de9-efa3-4862-8129-8ba67db081a7,Genesect-Burn,649,"[""Bug"",""Steel""]",false,82.5,,false,false,false,false,Burn Drive,"{""hp"":71,""atk"":120,""def"":95,""spa"":120,""spd"":95,""spe"":99}"
8c6f9540-03f8-4fe5-b38a-fb9b9199a9eb,Pikachu-Alola,25,"[""Electric""]",false,6,,false,false,false,false,,"{""hp"":35,""atk"":55,""def"":40,""spa"":50,""spd"":50,""spe"":90}"
8d470fa3-a54b-4fdb-8c22-6167a4a249f7,Orbeetle-Gmax,826,"[""Bug"",""Psychic""]",false,0,,false,false,true,false,,"{""hp"":60,""atk"":45,""def"":110,""spa"":80,""spd"":120,""spe"":90}"
8d7b0cef-0c89-4002-b0f6-919e7bd69ec2,Sceptile-Mega,254,"[""Grass"",""Dragon""]",false,55.2,0.875,false,false,false,true,Sceptilite,"{""hp"":70,""atk"":110,""def"":75,""spa"":145,""spd"":85,""spe"":145}"
8d9ee19a-17b2-43dc-8bce-206c8bdab2da,Magnezone,462,"[""Electric"",""Steel""]",false,180,,false,false,false,false,,"{""hp"":70,""atk"":70,""def"":115,""spa"":130,""spd"":90,""spe"":60}"
8dbc0ebd-215b-4f39-82c2-d5760986c28d,Lilligant-Hisui,549,"[""Grass"",""Fighting""]",false,19.2,,false,false,false,false,,"{""hp"":70,""atk"":105,""def"":75,""spa"":50,""spd"":75,""spe"":105}"
8dc8468c-a993-40f6-9687-05adbb3c03d9,Heatran,485,"[""Fire"",""Steel""]",false,430,,false,false,false,false,,"{""hp"":91,""atk"":90,""def"":106,""spa"":130,""spd"":106,""spe"":77}"
8e2ac9f8-b449-4a3c-8bb4-c1b24cedf23c,Garchomp,445,"[""Dragon"",""Ground""]",false,95,,false,false,false,false,,"{""hp"":108,""atk"":130,""def"":95,""spa"":80,""spd"":85,""spe"":102}"
8e3c905f-484e-4f3b-9f3e-1909b01ab3cb,Salandit,757,"[""Poison"",""Fire""]",true,4.8,0.875,false,false,false,false,,"{""hp"":48,""atk"":44,""def"":40,""spa"":71,""spd"":40,""spe"":77}"
8e8b4b49-6581-4d69-8856-07339104a336,Cherrim-Sunshine,421,"[""Grass""]",false,9.3,,false,false,false,false,,"{""hp"":70,""atk"":60,""def"":70,""spa"":87,""spd"":78,""spe"":85}"
8ea24d89-8fae-4476-b721-28c48c1e2ca9,Garchomp-Mega,445,"[""Dragon"",""Ground""]",false,95,,false,false,false,true,Garchompite,"{""hp"":108,""atk"":170,""def"":115,""spa"":120,""spd"":95,""spe"":92}"
8f109109-8fbd-48e7-a7b1-70f3292df4f2,Sobble,816,"[""Water""]",true,4,0.875,false,false,false,false,,"{""hp"":50,""atk"":40,""def"":40,""spa"":70,""spd"":40,""spe"":70}"
8f599380-14aa-4704-9c80-3800baf78294,Dustox,269,"[""Bug"",""Poison""]",false,31.6,,false,false,false,false,,"{""hp"":60,""atk"":50,""def"":70,""spa"":50,""spd"":90,""spe"":65}"
8f5ae8cd-90aa-4770-a5b1-f730d5d5758e,Lilligant,549,"[""Grass""]",false,16.3,,false,false,false,false,,"{""hp"":70,""atk"":60,""def"":75,""spa"":110,""spd"":75,""spe"":90}"
8f84a976-64f9-454e-8d56-f5893d3f592e,Vivillon,666,"[""Bug"",""Flying""]",false,17,,false,false,false,false,,"{""hp"":80,""atk"":52,""def"":50,""spa"":90,""spd"":50,""spe"":89}"
8f9f6da0-7037-4810-a4d4-0c47341e9ddc,Zubat,41,"[""Poison"",""Flying""]",true,7.5,,false,false,false,false,,"{""hp"":40,""atk"":45,""def"":35,""spa"":30,""spd"":40,""spe"":55}"
8fbff524-9f39-48db-a15e-b7b65280a7ae,Roggenrola,524,"[""Rock""]",true,18,,false,false,false,false,,"{""hp"":55,""atk"":75,""def"":85,""spa"":25,""spd"":25,""spe"":15}"
8fd94d51-1061-4d4c-9245-086bdf6fdc8e,Drednaw,834,"[""Water"",""Rock""]",false,115.5,,false,false,false,false,,"{""hp"":90,""atk"":115,""def"":90,""spa"":48,""spd"":68,""spe"":74}"
9162919c-f353-4909-99fb-ebfbac84d86b,Primarina,730,"[""Water"",""Fairy""]",false,44,0.875,false,false,false,false,,"{""hp"":80,""atk"":74,""def"":74,""spa"":126,""spd"":116,""spe"":60}"
918f9bee-eb19-43e6-8fdd-a87ee77442b7,Reshiram,643,"[""Dragon"",""Fire""]",false,330,,false,true,false,false,,"{""hp"":100,""atk"":120,""def"":100,""spa"":150,""spd"":120,""spe"":90}"
92c193bf-c024-416e-a231-9a653e7dbe15,Zoroark-Hisui,571,"[""Normal"",""Ghost""]",false,73,0.875,false,false,false,false,,"{""hp"":55,""atk"":100,""def"":60,""spa"":125,""spd"":60,""spe"":110}"
92c5525e-e373-4961-b54d-2d3effc3e203,Reuniclus,579,"[""Psychic""]",false,20.1,,false,false,false,false,,"{""hp"":110,""atk"":65,""def"":75,""spa"":125,""spd"":85,""spe"":30}"
92c8c639-3420-4022-b093-9acc749c798f,Corvisquire,822,"[""Flying""]",true,16,,false,false,false,false,,"{""hp"":68,""atk"":67,""def"":55,""spa"":43,""spd"":55,""spe"":77}"
92d88d17-ee00-4ac1-a75b-410728d56897,Sealeo,364,"[""Ice"",""Water""]",true,87.6,,false,false,false,false,,"{""hp"":90,""atk"":60,""def"":70,""spa"":75,""spd"":70,""spe"":45}"
92d94d70-b711-4b68-abc4-929ee22e95a3,Togekiss,468,"[""Fairy"",""Flying""]",false,38,0.875,false,false,false,false,,"{""hp"":85,""atk"":50,""def"":95,""spa"":120,""spd"":115,""spe"":80}"
92f63dc3-39ac-42c4-b111-f519ad9db8d4,Eternatus-Eternamax,890,"[""Poison"",""Dragon""]",false,0,,false,false,false,false,,"{""hp"":255,""atk"":115,""def"":250,""spa"":125,""spd"":250,""spe"":130}"
93007753-0e2b-4b50-987d-7427e4d5d67a,Cofagrigus,563,"[""Ghost""]",false,76.5,,false,false,false,false,,"{""hp"":58,""atk"":50,""def"":145,""spa"":95,""spd"":105,""spe"":30}"
9365e50b-c8e2-41ad-b00a-ab4258e1eb63,Rotom-Frost,479,"[""Electric"",""Ice""]",false,0.3,,false,false,false,false,,"{""hp"":50,""atk"":65,""def"":107,""spa"":105,""spd"":107,""spe"":86}"
93696b7b-9507-48ac-94ce-bd5c421b5f89,Hariyama,297,"[""Fighting""]",false,253.8,0.75,false,false,false,false,,"{""hp"":144,""atk"":120,""def"":60,""spa"":40,""spd"":60,""spe"":50}"
947b1e49-6813-4835-8d0e-2e2ed8f1c0e2,Mewtwo-Mega-X,150,"[""Psychic"",""Fighting""]",false,127,,false,false,false,true,Mewtwonite X,"{""hp"":106,""atk"":190,""def"":100,""spa"":154,""spd"":100,""spe"":130}"
9487891d-532d-4662-9acc-d779d9f0652e,Thundurus-Therian,642,"[""Electric"",""Flying""]",false,61,,false,false,false,false,,"{""hp"":79,""atk"":105,""def"":70,""spa"":145,""spd"":80,""spe"":101}"
94b1a0d9-d6a2-442e-8914-16c83499e173,Gyarados-Mega,130,"[""Water"",""Dark""]",false,305,,false,false,false,true,Gyaradosite,"{""hp"":95,""atk"":155,""def"":109,""spa"":70,""spd"":130,""spe"":81}"
951138f5-5807-43fa-bb52-e3959c526782,Dipplin,1011,"[""Grass"",""Dragon""]",true,4.4,,false,false,false,false,,"{""hp"":80,""atk"":80,""def"":110,""spa"":95,""spd"":80,""spe"":40}"
95244ef5-f1a4-4a67-aca4-8ebaa99ffad4,Gengar,94,"[""Ghost"",""Poison""]",false,40.5,,false,false,false,false,,"{""hp"":60,""atk"":65,""def"":60,""spa"":130,""spd"":75,""spe"":110}"
96359964-894a-485f-818a-479a413fe623,Charcadet,935,"[""Fire""]",true,10.5,,false,false,false,false,,"{""hp"":40,""atk"":50,""def"":40,""spa"":50,""spd"":40,""spe"":35}"
96884422-3e60-4a17-b05b-b159065db5cf,Greninja,658,"[""Water"",""Dark""]",false,40,0.875,false,false,false,false,,"{""hp"":72,""atk"":95,""def"":67,""spa"":103,""spd"":71,""spe"":122}"
9699ee6d-2957-4cb1-b904-8e3df253dc25,Buneary,427,"[""Normal""]",true,5.5,,false,false,false,false,,"{""hp"":55,""atk"":66,""def"":44,""spa"":44,""spd"":56,""spe"":85}"
96f5c3f5-10fc-44e2-982d-c232e964c2f4,Machamp,68,"[""Fighting""]",false,130,0.75,false,false,false,false,,"{""hp"":90,""atk"":130,""def"":80,""spa"":65,""spd"":85,""spe"":55}"
96fdee1a-0172-4868-a0ee-317afae966d5,Exeggutor-Alola,103,"[""Grass"",""Dragon""]",false,415.6,,false,false,false,false,,"{""hp"":95,""atk"":105,""def"":85,""spa"":125,""spd"":75,""spe"":45}"
96ff5378-8f36-4d81-9ba5-67507ea26c3e,Dunsparce,206,"[""Normal""]",true,14,,false,false,false,false,,"{""hp"":100,""atk"":70,""def"":70,""spa"":65,""spd"":65,""spe"":45}"
97248bec-5aaa-41ad-894a-e758938ba264,Tepig,498,"[""Fire""]",true,9.9,0.875,false,false,false,false,,"{""hp"":65,""atk"":63,""def"":45,""spa"":45,""spd"":45,""spe"":45}"
9724a2b0-fdbe-4a56-bf1a-d75116c84268,Ogerpon-Cornerstone-Tera,1017,"[""Grass"",""Rock""]",false,39.8,,false,false,false,false,Cornerstone Mask,"{""hp"":80,""atk"":120,""def"":84,""spa"":60,""spd"":96,""spe"":110}"
97702e2d-9728-4178-aab4-01de35376ed0,Arceus-Dark,493,"[""Dark""]",false,320,,false,false,false,false,,"{""hp"":120,""atk"":120,""def"":120,""spa"":120,""spd"":120,""spe"":120}"
97ae62e3-0f63-4f43-aa16-f984c8f53b4f,Cobalion,638,"[""Steel"",""Fighting""]",false,250,,false,false,false,false,,"{""hp"":91,""atk"":90,""def"":129,""spa"":90,""spd"":72,""spe"":108}"
97c84844-04a4-4917-b49b-61a96858d248,Cherrim,421,"[""Grass""]",false,9.3,,false,false,false,false,,"{""hp"":70,""atk"":60,""def"":70,""spa"":87,""spd"":78,""spe"":85}"
9822a9ff-2600-448c-9335-71329d66bd89,Brambleghast,947,"[""Grass"",""Ghost""]",false,6,,false,false,false,false,,"{""hp"":55,""atk"":115,""def"":70,""spa"":80,""spd"":70,""spe"":90}"
9822cc16-11a0-4929-ab8e-fc5986f38660,Greavard,971,"[""Ghost""]",true,35,,false,false,false,false,,"{""hp"":50,""atk"":61,""def"":60,""spa"":30,""spd"":55,""spe"":34}"
9869bed5-6782-4aea-8d22-70cf13e1c728,Lycanroc-Midnight,745,"[""Rock""]",false,25,,false,false,false,false,,"{""hp"":85,""atk"":115,""def"":75,""spa"":55,""spd"":75,""spe"":82}"
987cb07a-4ea9-4c6a-a8c7-57a2092789da,Simipour,516,"[""Water""]",false,29,0.875,false,false,false,false,,"{""hp"":75,""atk"":98,""def"":63,""spa"":98,""spd"":63,""spe"":101}"
987e1663-132d-48e6-8f5c-0983aa854c97,Fennekin,653,"[""Fire""]",true,9.4,0.875,false,false,false,false,,"{""hp"":40,""atk"":45,""def"":40,""spa"":62,""spd"":60,""spe"":60}"
99117092-55ef-4d1d-a687-69f64af9bf0a,Thwackey,811,"[""Grass""]",true,14,0.875,false,false,false,false,,"{""hp"":70,""atk"":85,""def"":70,""spa"":55,""spd"":60,""spe"":80}"
9927df1b-e1d8-460f-b245-0b6a357bb9a0,Eelektross,604,"[""Electric""]",false,80.5,,false,false,false,false,,"{""hp"":85,""atk"":115,""def"":80,""spa"":105,""spd"":80,""spe"":50}"
99335d4a-7b2a-4711-9936-246ab762aca9,Ledyba,165,"[""Bug"",""Flying""]",true,10.8,,false,false,false,false,,"{""hp"":40,""atk"":20,""def"":30,""spa"":40,""spd"":80,""spe"":55}"
9948c985-bff6-4db2-b64c-82e07cfd9912,Mantine,226,"[""Water"",""Flying""]",false,220,,false,false,false,false,,"{""hp"":85,""atk"":40,""def"":70,""spa"":80,""spd"":140,""spe"":70}"
9971e770-df18-40ff-a6a1-b2f524d83309,Victini,494,"[""Psychic"",""Fire""]",false,4,,true,false,false,false,,"{""hp"":100,""atk"":100,""def"":100,""spa"":100,""spd"":100,""spe"":100}"
99de0d31-439b-4270-9ad4-10f21207c092,Minun,312,"[""Electric""]",false,4.2,,false,false,false,false,,"{""hp"":60,""atk"":40,""def"":50,""spa"":75,""spd"":85,""spe"":95}"
99f9f4ca-007d-4803-b9c8-ae7bd30f02eb,Ogerpon-Hearthflame,1017,"[""Grass"",""Fire""]",false,39.8,,false,false,false,false,Hearthflame Mask,"{""hp"":80,""atk"":120,""def"":84,""spa"":60,""spd"":96,""spe"":110}"
9a272b2c-3d08-4daf-82ce-6cbce485e617,Boldore,525,"[""Rock""]",true,102,,false,false,false,false,,"{""hp"":70,""atk"":105,""def"":105,""spa"":50,""spd"":40,""spe"":20}"
9a283ea3-2b98-4453-95e8-e64ac913e0cd,Audino-Mega,531,"[""Normal"",""Fairy""]",false,32,,false,false,false,true,Audinite,"{""hp"":103,""atk"":60,""def"":126,""spa"":80,""spd"":126,""spe"":50}"
9a2ddfdf-1cf8-4922-b032-b30b1b2e7519,Sentret,161,"[""Normal""]",true,6,,false,false,false,false,,"{""hp"":35,""atk"":46,""def"":34,""spa"":35,""spd"":45,""spe"":20}"
9a385c2f-1998-4b38-8e74-5a82fc2154f2,Venusaur,3,"[""Grass"",""Poison""]",false,100,0.875,false,false,false,false,,"{""hp"":80,""atk"":82,""def"":83,""spa"":100,""spd"":100,""spe"":80}"
9a452c6d-e9b5-4ac4-8c93-450e359ff168,Pawmo,922,"[""Electric"",""Fighting""]",true,6.5,,false,false,false,false,,"{""hp"":60,""atk"":75,""def"":40,""spa"":50,""spd"":40,""spe"":85}"
9a5687a6-2ca0-4d85-863f-20f03ddf4ad3,Phanpy,231,"[""Ground""]",true,33.5,,false,false,false,false,,"{""hp"":90,""atk"":60,""def"":60,""spa"":40,""spd"":40,""spe"":40}"
9a6b8d15-54ad-485e-853d-055a5e5bac2d,Ditto,132,"[""Normal""]",false,4,,false,false,false,false,,"{""hp"":48,""atk"":48,""def"":48,""spa"":48,""spd"":48,""spe"":48}"
9aa4dc0c-6512-443b-82ff-7e331ed5a7a5,Froslass,478,"[""Ice"",""Ghost""]",false,26.6,,false,false,false,false,,"{""hp"":70,""atk"":80,""def"":70,""spa"":80,""spd"":70,""spe"":110}"
9ad5e7f7-5672-40d8-bf4b-597733cb0ba1,Meloetta-Pirouette,648,"[""Normal"",""Fighting""]",false,6.5,,false,false,false,false,,"{""hp"":100,""atk"":128,""def"":90,""spa"":77,""spd"":77,""spe"":128}"
9adb9803-13b4-46a6-b9f9-ce97099b68fc,Bewear,760,"[""Normal"",""Fighting""]",false,135,,false,false,false,false,,"{""hp"":120,""atk"":125,""def"":80,""spa"":55,""spd"":60,""spe"":60}"
9b159c4f-8a92-4e3f-9aac-a0b9ae942198,Toxtricity-Low-Key-Gmax,849,"[""Electric"",""Poison""]",false,0,,false,false,true,false,,"{""hp"":75,""atk"":98,""def"":70,""spa"":114,""spd"":70,""spe"":75}"
9b18e888-597d-44ff-aee7-b18214f70fe3,Toxapex,748,"[""Poison"",""Water""]",false,14.5,,false,false,false,false,,"{""hp"":50,""atk"":63,""def"":152,""spa"":53,""spd"":142,""spe"":35}"
9b6449df-6110-42b6-be44-8f00e2067e6d,Shellder,90,"[""Water""]",true,4,,false,false,false,false,,"{""hp"":30,""atk"":65,""def"":100,""spa"":45,""spd"":25,""spe"":40}"
9bb5363d-46fb-4197-9157-d248f4065c93,Stunfisk-Galar,618,"[""Ground"",""Steel""]",false,20.5,,false,false,false,false,,"{""hp"":109,""atk"":81,""def"":99,""spa"":66,""spd"":84,""spe"":32}"
9bc2609c-bead-4896-bce3-d2125843b192,Roselia,315,"[""Grass"",""Poison""]",true,2,,false,false,false,false,,"{""hp"":50,""atk"":60,""def"":45,""spa"":100,""spd"":80,""spe"":65}"
9bd671be-8f47-4d93-a86f-c88011382fd7,Timburr,532,"[""Fighting""]",true,12.5,0.75,false,false,false,false,,"{""hp"":75,""atk"":80,""def"":55,""spa"":25,""spd"":35,""spe"":35}"
9bf699a1-df38-4569-bd10-75495a3ccf4a,Articuno,144,"[""Ice"",""Flying""]",false,55.4,,false,false,false,false,,"{""hp"":90,""atk"":85,""def"":100,""spa"":95,""spd"":125,""spe"":85}"
9c2b0a3c-f961-4104-b830-ec765b31864d,Munchlax,446,"[""Normal""]",true,105,0.875,false,false,false,false,,"{""hp"":135,""atk"":85,""def"":40,""spa"":40,""spd"":85,""spe"":5}"
9ce3ee91-6f99-42c6-9789-4bb11333f7a7,Silvally-Water,773,"[""Water""]",false,100.5,,false,false,false,false,Water Memory,"{""hp"":95,""atk"":95,""def"":95,""spa"":95,""spd"":95,""spe"":95}"
9d3af2c8-d4d2-4a8f-b3ef-028294fe74b1,Iron Hands,992,"[""Fighting"",""Electric""]",false,380.7,,false,false,false,false,,"{""hp"":154,""atk"":140,""def"":108,""spa"":50,""spd"":68,""spe"":50}"
9d54312c-b7fd-475a-8053-25eaae12ca74,Tornadus,641,"[""Flying""]",false,63,,false,false,false,false,,"{""hp"":79,""atk"":115,""def"":70,""spa"":125,""spd"":80,""spe"":111}"
9d851b12-2dd0-4adb-b86b-2cc8c6cf842d,Qwilfish,211,"[""Water"",""Poison""]",false,3.9,,false,false,false,false,,"{""hp"":65,""atk"":95,""def"":85,""spa"":55,""spd"":55,""spe"":85}"
9d867ed8-7605-48f0-a038-e27cec468021,Litwick,607,"[""Ghost"",""Fire""]",true,3.1,,false,false,false,false,,"{""hp"":50,""atk"":30,""def"":55,""spa"":65,""spd"":55,""spe"":20}"
9d869b84-3906-42cd-bc9f-51aa743361ec,Gliscor,472,"[""Ground"",""Flying""]",false,42.5,,false,false,false,false,,"{""hp"":75,""atk"":95,""def"":125,""spa"":45,""spd"":75,""spe"":95}"
9d87c52d-c1af-4f96-a5cf-af180b8fe678,Toedscruel,949,"[""Ground"",""Grass""]",false,58,,false,false,false,false,,"{""hp"":80,""atk"":70,""def"":65,""spa"":80,""spd"":120,""spe"":100}"
9dc7221c-2394-4e9f-8b09-4b2e6480b85d,Snorlax,143,"[""Normal""]",false,460,0.875,false,false,false,false,,"{""hp"":160,""atk"":110,""def"":65,""spa"":65,""spd"":110,""spe"":30}"
9dd74d05-85c2-41c1-8e33-2c73f21a4e56,Castform-Sunny,351,"[""Fire""]",false,0.8,,false,false,false,false,,"{""hp"":70,""atk"":70,""def"":70,""spa"":70,""spd"":70,""spe"":70}"
9de29e88-c61f-4cfc-9b48-91baee9c7fb8,Silvally-Poison,773,"[""Poison""]",false,100.5,,false,false,false,false,Poison Memory,"{""hp"":95,""atk"":95,""def"":95,""spa"":95,""spd"":95,""spe"":95}"
9e16deb7-9588-440a-a365-b8316ffa2640,Trapinch,328,"[""Ground""]",true,15,,false,false,false,false,,"{""hp"":45,""atk"":100,""def"":45,""spa"":45,""spd"":45,""spe"":10}"
9e4db986-ac83-4867-8f57-18cf28dce2bb,Houndoom,229,"[""Dark"",""Fire""]",false,35,,false,false,false,false,,"{""hp"":75,""atk"":90,""def"":50,""spa"":110,""spd"":80,""spe"":95}"
9e72d12f-4bac-4daf-b682-59d974ad702f,Bramblin,946,"[""Grass"",""Ghost""]",true,0.6,,false,false,false,false,,"{""hp"":40,""atk"":65,""def"":30,""spa"":45,""spd"":35,""spe"":60}"
9e9643af-47cf-4e05-9ad7-dbdbe63b3772,Meowstic,678,"[""Psychic""]",false,8.5,,false,false,false,false,,"{""hp"":74,""atk"":48,""def"":76,""spa"":83,""spd"":81,""spe"":104}"
9ebd4553-c2c5-448b-a23c-1271e038d3d3,Kingambit,983,"[""Dark"",""Steel""]",false,120,,false,false,false,false,,"{""hp"":100,""atk"":135,""def"":120,""spa"":60,""spd"":85,""spe"":50}"
9f55e67f-6dc0-4707-8ffe-a67f5759a276,Prinplup,394,"[""Water""]",true,23,0.875,false,false,false,false,,"{""hp"":64,""atk"":66,""def"":68,""spa"":81,""spd"":76,""spe"":50}"
9f6385b7-81ef-4ac8-8795-b601394cd759,Eiscue-Noice,875,"[""Ice""]",false,89,,false,false,false,false,,"{""hp"":75,""atk"":80,""def"":70,""spa"":65,""spd"":50,""spe"":130}"
9f7e5e15-1c65-4806-a517-b3f780b83b7e,Raichu,26,"[""Electric""]",false,30,,false,false,false,false,,"{""hp"":60,""atk"":90,""def"":55,""spa"":90,""spd"":80,""spe"":110}"
9f95195a-7d5e-4587-b83f-69a5f3535714,Makuhita,296,"[""Fighting""]",true,86.4,0.75,false,false,false,false,,"{""hp"":72,""atk"":60,""def"":30,""spa"":20,""spd"":30,""spe"":25}"
9fc0c6a1-6d30-49e7-8171-b2fcd7e39377,Slither Wing,988,"[""Bug"",""Fighting""]",false,92,,false,false,false,false,,"{""hp"":85,""atk"":135,""def"":79,""spa"":85,""spd"":105,""spe"":81}"
9ff43f95-c8cf-4121-a28d-d053d559486d,Accelgor,617,"[""Bug""]",false,25.3,,false,false,false,false,,"{""hp"":80,""atk"":70,""def"":40,""spa"":100,""spd"":60,""spe"":145}"
a0421886-188f-4179-8148-f93994a06a92,Wailmer,320,"[""Water""]",true,130,,false,false,false,false,,"{""hp"":130,""atk"":70,""def"":35,""spa"":70,""spd"":35,""spe"":60}"
a0757fe6-f675-4944-b1fc-6cbebdc4f225,Relicanth,369,"[""Water"",""Rock""]",false,23.4,0.875,false,false,false,false,,"{""hp"":100,""atk"":90,""def"":130,""spa"":45,""spd"":65,""spe"":55}"
a08fd10d-660e-438b-829a-1d6704a4fc84,Snivy,495,"[""Grass""]",true,8.1,0.875,false,false,false,false,,"{""hp"":45,""atk"":45,""def"":55,""spa"":45,""spd"":55,""spe"":63}"
a0c31838-2bd7-4a3e-ab3d-eef540b55be0,Slowpoke-Galar,79,"[""Psychic""]",true,36,,false,false,false,false,,"{""hp"":90,""atk"":65,""def"":65,""spa"":40,""spd"":40,""spe"":15}"
a102a6f0-e5b7-4605-a929-7742c3f97fd2,Vanillite,582,"[""Ice""]",true,5.7,,false,false,false,false,,"{""hp"":36,""atk"":50,""def"":50,""spa"":65,""spd"":60,""spe"":44}"
a18dc7a7-d602-4a64-8690-54c24af43e9d,Graveler,75,"[""Rock"",""Ground""]",true,105,,false,false,false,false,,"{""hp"":55,""atk"":95,""def"":115,""spa"":45,""spd"":45,""spe"":35}"
a1d85d58-9aef-429e-b587-99db6d72ff7a,Bellibolt,939,"[""Electric""]",false,113,,false,false,false,false,,"{""hp"":109,""atk"":64,""def"":91,""spa"":103,""spd"":83,""spe"":45}"
a1df19e1-7578-43ca-a08e-02ae07a51128,Raging Bolt,1021,"[""Electric"",""Dragon""]",false,480,,false,false,false,false,,"{""hp"":125,""atk"":73,""def"":91,""spa"":137,""spd"":89,""spe"":75}"
a233f474-f0f0-4964-876e-9a2488f9ec11,Oddish,43,"[""Grass"",""Poison""]",true,5.4,,false,false,false,false,,"{""hp"":45,""atk"":50,""def"":55,""spa"":75,""spd"":65,""spe"":30}"
a2c42b3e-d244-4ca8-953b-9937e81d5bc2,Aipom,190,"[""Normal""]",true,11.5,,false,false,false,false,,"{""hp"":55,""atk"":70,""def"":55,""spa"":40,""spd"":55,""spe"":85}"
a2f4bfd1-6655-469d-a751-51770e0bb414,Salazzle,758,"[""Poison"",""Fire""]",false,22.2,,false,false,false,false,,"{""hp"":68,""atk"":64,""def"":60,""spa"":111,""spd"":60,""spe"":117}"
a2f7349f-8a12-4145-b186-bfe9d6889c13,Vanillish,583,"[""Ice""]",true,41,,false,false,false,false,,"{""hp"":51,""atk"":65,""def"":65,""spa"":80,""spd"":75,""spe"":59}"
a316a22d-17af-4b54-b032-2d1174bda68a,Corviknight,823,"[""Flying"",""Steel""]",false,75,,false,false,false,false,,"{""hp"":98,""atk"":87,""def"":105,""spa"":53,""spd"":85,""spe"":67}"
a33949d0-ba21-4677-9768-d33bc2bb76e1,Oranguru,765,"[""Normal"",""Psychic""]",false,76,,false,false,false,false,,"{""hp"":90,""atk"":60,""def"":80,""spa"":90,""spd"":110,""spe"":60}"
a369ef8b-441e-495f-b9af-8358e594bd71,Grotle,388,"[""Grass""]",true,97,0.875,false,false,false,false,,"{""hp"":75,""atk"":89,""def"":85,""spa"":55,""spd"":65,""spe"":36}"
a391810e-1136-416f-ac89-4afff1b2b151,Klawf,950,"[""Rock""]",false,79,,false,false,false,false,,"{""hp"":70,""atk"":100,""def"":115,""spa"":35,""spd"":55,""spe"":75}"
a3f085e9-d3d3-4ecf-95d7-5b99f335263e,Giratina-Origin,487,"[""Ghost"",""Dragon""]",false,650,,false,false,false,false,Griseous Core,"{""hp"":150,""atk"":120,""def"":100,""spa"":120,""spd"":100,""spe"":90}"
a43b2867-39d4-430c-b80d-ed9161eccc04,Xerneas,716,"[""Fairy""]",false,215,,false,true,false,false,,"{""hp"":126,""atk"":131,""def"":95,""spa"":131,""spd"":98,""spe"":99}"
a4a27053-649c-4811-a23f-e10874df6b73,Wormadam-Sandy,413,"[""Bug"",""Ground""]",false,6.5,,false,false,false,false,,"{""hp"":60,""atk"":79,""def"":105,""spa"":59,""spd"":85,""spe"":36}"
a4c0c6f6-996e-4bae-8171-2b589d30eaea,Hakamo-o,783,"[""Dragon"",""Fighting""]",true,47,,false,false,false,false,,"{""hp"":55,""atk"":75,""def"":90,""spa"":65,""spd"":70,""spe"":65}"
a543fdf4-d480-4afe-9a05-a4ee620cb6b0,Chatot,441,"[""Normal"",""Flying""]",false,1.9,,false,false,false,false,,"{""hp"":76,""atk"":65,""def"":45,""spa"":92,""spd"":42,""spe"":91}"
a55fa279-a13d-4ee4-ab36-78c655e0eda2,Pyroar,668,"[""Fire"",""Normal""]",false,81.5,0.125,false,false,false,false,,"{""hp"":86,""atk"":68,""def"":72,""spa"":109,""spd"":66,""spe"":106}"
a582c1c1-a6d7-4389-a467-65157b1f1460,Chesnaught,652,"[""Grass"",""Fighting""]",false,90,0.875,false,false,false,false,,"{""hp"":88,""atk"":107,""def"":122,""spa"":74,""spd"":75,""spe"":64}"
a61892d5-23ea-4944-aa29-9447c020a424,Kecleon,352,"[""Normal""]",false,22,,false,false,false,false,,"{""hp"":60,""atk"":90,""def"":70,""spa"":60,""spd"":120,""spe"":40}"
a631b2a6-d1a6-4315-821a-598a96cce5b0,Silvally-Bug,773,"[""Bug""]",false,100.5,,false,false,false,false,Bug Memory,"{""hp"":95,""atk"":95,""def"":95,""spa"":95,""spd"":95,""spe"":95}"
a664395d-d473-4f70-b335-390d7d069e1c,Infernape,392,"[""Fire"",""Fighting""]",false,55,0.875,false,false,false,false,,"{""hp"":76,""atk"":104,""def"":71,""spa"":104,""spd"":71,""spe"":108}"
a67a32cd-4ac3-4f09-8dcf-28a99842dd59,Palafin-Hero,964,"[""Water""]",false,97.4,,false,false,false,false,,"{""hp"":100,""atk"":160,""def"":97,""spa"":106,""spd"":87,""spe"":100}"
a68321f9-5d24-4342-b4c3-be730ebc3c06,Gumshoos,735,"[""Normal""]",false,14.2,,false,false,false,false,,"{""hp"":88,""atk"":110,""def"":60,""spa"":55,""spd"":60,""spe"":45}"
a69ac254-5f2a-4727-989c-c826cb4261a4,Talonflame,663,"[""Fire"",""Flying""]",false,24.5,,false,false,false,false,,"{""hp"":78,""atk"":81,""def"":71,""spa"":74,""spd"":69,""spe"":126}"
a6ad05e4-9630-4be5-bb67-7154a6bec70d,Bisharp,625,"[""Dark"",""Steel""]",true,70,,false,false,false,false,,"{""hp"":65,""atk"":125,""def"":100,""spa"":60,""spd"":70,""spe"":70}"
a6c92d97-fef0-43b8-b5da-6b11e46bde56,Snorunt,361,"[""Ice""]",true,16.8,,false,false,false,false,,"{""hp"":50,""atk"":50,""def"":50,""spa"":50,""spd"":50,""spe"":50}"
a71b01cb-1301-421a-9011-189f161ac910,Zarude-Dada,893,"[""Dark"",""Grass""]",false,70,,false,false,false,false,,"{""hp"":105,""atk"":120,""def"":105,""spa"":70,""spd"":95,""spe"":105}"
a725be0e-0cd9-498d-bcca-ed7fac8fe14f,Melmetal-Gmax,809,"[""Steel""]",false,0,,false,false,true,false,,"{""hp"":135,""atk"":143,""def"":143,""spa"":80,""spd"":65,""spe"":34}"
a7814f2a-72ff-4b5d-be3f-79ad5f8b41d3,Deoxys-Attack,386,"[""Psychic""]",false,60.8,,false,false,false,false,,"{""hp"":50,""atk"":180,""def"":20,""spa"":180,""spd"":20,""spe"":150}"
a7a393b5-3d00-4218-853b-2a7167b5ce85,Lotad,270,"[""Water"",""Grass""]",true,2.6,,false,false,false,false,,"{""hp"":40,""atk"":30,""def"":30,""spa"":40,""spd"":50,""spe"":30}"
a7e3eda2-e90d-4958-8a40-70313c6ce3f9,Masquerain,284,"[""Bug"",""Flying""]",false,3.6,,false,false,false,false,,"{""hp"":70,""atk"":60,""def"":62,""spa"":100,""spd"":82,""spe"":80}"
a7fbf06d-0ceb-4e44-8dc8-570d0f6e4edd,Dratini,147,"[""Dragon""]",true,3.3,,false,false,false,false,,"{""hp"":41,""atk"":64,""def"":45,""spa"":50,""spd"":50,""spe"":50}"
a803edbe-5623-4030-bc8e-70b3419cd634,Drilbur,529,"[""Ground""]",true,8.5,,false,false,false,false,,"{""hp"":60,""atk"":85,""def"":40,""spa"":30,""spd"":45,""spe"":68}"
a80b0e83-cb6e-43f7-8bce-e7971fee696f,Dudunsparce-Three-Segment,982,"[""Normal""]",false,47.4,,false,false,false,false,,"{""hp"":125,""atk"":100,""def"":80,""spa"":85,""spd"":75,""spe"":55}"
a8167940-dec2-463c-944c-91d5e55435aa,Grovyle,253,"[""Grass""]",true,21.6,0.875,false,false,false,false,,"{""hp"":50,""atk"":65,""def"":45,""spa"":85,""spd"":65,""spe"":95}"
a86e4b00-7193-4227-b81b-f817f00e68ff,Flapple-Gmax,841,"[""Grass"",""Dragon""]",false,0,,false,false,true,false,,"{""hp"":70,""atk"":110,""def"":80,""spa"":95,""spd"":60,""spe"":70}"
a87add02-f9e4-439f-9d63-7ac0e74ba9a3,Gloom,44,"[""Grass"",""Poison""]",true,8.6,,false,false,false,false,,"{""hp"":60,""atk"":65,""def"":70,""spa"":85,""spd"":75,""spe"":40}"
a8b28c37-94cd-4dee-9dae-9a06bec1baf9,Mandibuzz,630,"[""Dark"",""Flying""]",false,39.5,,false,false,false,false,,"{""hp"":110,""atk"":65,""def"":105,""spa"":55,""spd"":95,""spe"":80}"
a8e6904e-dddc-44a6-bcbb-a41d84d4c743,Drizzile,817,"[""Water""]",true,11.5,0.875,false,false,false,false,,"{""hp"":65,""atk"":60,""def"":55,""spa"":95,""spd"":55,""spe"":90}"
a94f77c1-0cad-4b90-8dc4-66323772a361,Hitmontop,237,"[""Fighting""]",false,48,,false,false,false,false,,"{""hp"":50,""atk"":95,""def"":95,""spa"":35,""spd"":110,""spe"":70}"
a96ba254-3870-4d6b-864b-6372d7a9a73e,Lapras,131,"[""Water"",""Ice""]",false,220,,false,false,false,false,,"{""hp"":130,""atk"":85,""def"":80,""spa"":85,""spd"":95,""spe"":60}"
a96eb034-1056-4e03-9c5f-ae3f6335790e,Sandaconda,844,"[""Ground""]",false,65.5,,false,false,false,false,,"{""hp"":72,""atk"":107,""def"":125,""spa"":65,""spd"":70,""spe"":71}"
a9be419d-6b23-4cc1-a22b-aa83a5fe940c,Pumpkaboo,710,"[""Ghost"",""Grass""]",true,5,,false,false,false,false,,"{""hp"":49,""atk"":66,""def"":70,""spa"":44,""spd"":55,""spe"":51}"
a9d8f780-f8b8-468b-94b3-9ebbfcb06e15,Doublade,680,"[""Steel"",""Ghost""]",true,4.5,,false,false,false,false,,"{""hp"":59,""atk"":110,""def"":150,""spa"":45,""spd"":49,""spe"":35}"
a9f5b1fc-0500-4ba7-9f66-3d45ef58dcfc,Wooloo,831,"[""Normal""]",true,6,,false,false,false,false,,"{""hp"":42,""atk"":40,""def"":55,""spa"":40,""spd"":45,""spe"":48}"
aa3f0e2f-1d15-43cd-bd29-e831280e0af3,Quilava,156,"[""Fire""]",true,19,0.875,false,false,false,false,,"{""hp"":58,""atk"":64,""def"":58,""spa"":80,""spd"":65,""spe"":80}"
aa3f1778-02da-4c99-aa8f-90e2ec1a9f90,Kyurem-Black,646,"[""Dragon"",""Ice""]",false,325,,false,false,false,false,,"{""hp"":125,""atk"":170,""def"":100,""spa"":120,""spd"":90,""spe"":95}"
aa434bfd-3b59-48c7-9da6-a5343c67a886,Kilowattrel,941,"[""Electric"",""Flying""]",false,38.6,,false,false,false,false,,"{""hp"":70,""atk"":70,""def"":60,""spa"":105,""spd"":60,""spe"":125}"
aa648b9e-5453-4213-84ff-69d5583b0c69,Raikou,243,"[""Electric""]",false,178,,false,false,false,false,,"{""hp"":90,""atk"":85,""def"":75,""spa"":115,""spd"":100,""spe"":115}"
aa7e0a40-ca3b-4309-afa0-84add3dca456,Drowzee,96,"[""Psychic""]",true,32.4,,false,false,false,false,,"{""hp"":60,""atk"":48,""def"":45,""spa"":43,""spd"":90,""spe"":42}"
aaad60bf-220e-42a9-ab58-f50f3adae944,Torterra,389,"[""Grass"",""Ground""]",false,310,0.875,false,false,false,false,,"{""hp"":95,""atk"":109,""def"":105,""spa"":75,""spd"":85,""spe"":56}"
aac6332f-9500-4de8-9446-afd5a15958c5,Araquanid-Totem,752,"[""Water"",""Bug""]",false,217.5,,false,false,false,false,,"{""hp"":68,""atk"":70,""def"":92,""spa"":50,""spd"":132,""spe"":42}"
aace1101-b961-467f-90b5-64386ecc34fe,Indeedee,876,"[""Psychic"",""Normal""]",false,28,,false,false,false,false,,"{""hp"":60,""atk"":65,""def"":55,""spa"":105,""spd"":95,""spe"":95}"
aad7b82a-979c-4d7d-ac37-6b28facbc575,Landorus,645,"[""Ground"",""Flying""]",false,68,,false,false,false,false,,"{""hp"":89,""atk"":125,""def"":90,""spa"":115,""spd"":80,""spe"":101}"
ab13ba71-5805-4b11-b7d2-e3c4ea8f7f5b,Wooper-Paldea,194,"[""Poison"",""Ground""]",true,11,,false,false,false,false,,"{""hp"":55,""atk"":45,""def"":45,""spa"":25,""spd"":25,""spe"":15}"
ab319239-7d00-44f7-8af2-f3f944f138dd,Electrike,309,"[""Electric""]",true,15.2,,false,false,false,false,,"{""hp"":40,""atk"":45,""def"":40,""spa"":65,""spd"":40,""spe"":65}"
ab3c79c0-2366-4882-8e31-011881732a7b,Skrelp,690,"[""Poison"",""Water""]",true,7.3,,false,false,false,false,,"{""hp"":50,""atk"":60,""def"":60,""spa"":60,""spd"":60,""spe"":30}"
ab7761b6-e735-4a01-908c-0399c58f29d9,Fidough,926,"[""Fairy""]",true,10.9,,false,false,false,false,,"{""hp"":37,""atk"":55,""def"":70,""spa"":30,""spd"":55,""spe"":65}"
ab91ef37-f35d-48f8-b83a-586e431a91fc,Pidove,519,"[""Normal"",""Flying""]",true,2.1,,false,false,false,false,,"{""hp"":50,""atk"":55,""def"":50,""spa"":36,""spd"":30,""spe"":43}"
abb6d220-86f9-4926-83d8-5fd5a998be44,Tyranitar-Mega,248,"[""Rock"",""Dark""]",false,255,,false,false,false,true,Tyranitarite,"{""hp"":100,""atk"":164,""def"":150,""spa"":95,""spd"":120,""spe"":71}"
abdae44b-45d5-4b9b-8f6d-1227410d9713,Silicobra,843,"[""Ground""]",true,7.6,,false,false,false,false,,"{""hp"":52,""atk"":57,""def"":75,""spa"":35,""spd"":50,""spe"":46}"
abdeec5f-5e47-4dd2-91d7-3e8433fcac2a,Bounsweet,761,"[""Grass""]",true,3.2,,false,false,false,false,,"{""hp"":42,""atk"":30,""def"":38,""spa"":30,""spd"":38,""spe"":32}"
ac50a857-944d-4015-9e89-dd392df0e121,Meowth-Gmax,52,"[""Normal""]",false,0,,false,false,true,false,,"{""hp"":40,""atk"":45,""def"":35,""spa"":40,""spd"":40,""spe"":90}"
ac5101ef-4368-4043-946a-a75e7b401753,Ursaring,217,"[""Normal""]",true,125.8,,false,false,false,false,,"{""hp"":90,""atk"":130,""def"":75,""spa"":75,""spd"":75,""spe"":55}"
ac5247bd-9487-4102-a6f4-d38fa23292f2,Haxorus,612,"[""Dragon""]",false,105.5,,false,false,false,false,,"{""hp"":76,""atk"":147,""def"":90,""spa"":60,""spd"":70,""spe"":97}"
ad2293eb-2d18-45de-b9f4-a2e6ac2b7a29,Grumpig,326,"[""Psychic""]",false,71.5,,false,false,false,false,,"{""hp"":80,""atk"":45,""def"":65,""spa"":90,""spd"":110,""spe"":80}"
ad2992d0-f724-45d0-96dd-13369ff0eec3,Weavile,461,"[""Dark"",""Ice""]",false,34,,false,false,false,false,,"{""hp"":70,""atk"":120,""def"":65,""spa"":45,""spd"":85,""spe"":125}"
ad66eade-2361-4294-92d2-1eb840a9578b,Charizard-Mega-X,6,"[""Fire"",""Dragon""]",false,110.5,0.875,false,false,false,true,Charizardite X,"{""hp"":78,""atk"":130,""def"":111,""spa"":130,""spd"":85,""spe"":100}"
ad7a7b81-1e8a-4f3e-93c7-650c458fa9c6,Appletun-Gmax,842,"[""Grass"",""Dragon""]",false,0,,false,false,true,false,,"{""hp"":110,""atk"":85,""def"":80,""spa"":100,""spd"":80,""spe"":30}"
adc2244e-a98c-4c40-b10d-00445011a5c6,Tentacool,72,"[""Water"",""Poison""]",true,45.5,,false,false,false,false,,"{""hp"":40,""atk"":40,""def"":35,""spa"":50,""spd"":100,""spe"":70}"
ae0cb2db-340c-4a37-b1c4-2018f3d3ecba,Volbeat,313,"[""Bug""]",false,17.7,,false,false,false,false,,"{""hp"":65,""atk"":73,""def"":75,""spa"":47,""spd"":85,""spe"":85}"
ae326cb8-33cc-4481-80b6-3de89e392e87,Iron Leaves,1010,"[""Grass"",""Psychic""]",false,125,,false,false,false,false,,"{""hp"":90,""atk"":130,""def"":88,""spa"":70,""spd"":108,""spe"":104}"
ae796e7c-5c61-492a-a3f0-a8995fcbcfe4,Seedot,273,"[""Grass""]",true,4,,false,false,false,false,,"{""hp"":40,""atk"":40,""def"":50,""spa"":30,""spd"":30,""spe"":30}"
ae8977cb-5ee3-4695-821b-a4613fd29cf8,Electrode-Hisui,101,"[""Electric"",""Grass""]",false,71,,false,false,false,false,,"{""hp"":60,""atk"":50,""def"":70,""spa"":80,""spd"":80,""spe"":150}"
aea802dc-e095-4a12-91c8-058625ca5383,Foongus,590,"[""Grass"",""Poison""]",true,1,,false,false,false,false,,"{""hp"":69,""atk"":55,""def"":45,""spa"":55,""spd"":55,""spe"":15}"
aebb781e-5b95-4ef7-8875-316d0a228035,Numel,322,"[""Fire"",""Ground""]",true,24,,false,false,false,false,,"{""hp"":60,""atk"":60,""def"":40,""spa"":65,""spd"":45,""spe"":35}"
aef8ca84-05a0-4c78-ad8c-17f29141bacc,Thievul,828,"[""Dark""]",false,19.9,,false,false,false,false,,"{""hp"":70,""atk"":58,""def"":58,""spa"":87,""spd"":92,""spe"":90}"
af6c736b-8018-483f-b7db-605a2d819961,Celebi,251,"[""Psychic"",""Grass""]",false,5,,true,false,false,false,,"{""hp"":100,""atk"":100,""def"":100,""spa"":100,""spd"":100,""spe"":100}"
af77ac3f-5a07-450a-a3b1-bd2926cf8d80,Zigzagoon,263,"[""Normal""]",true,17.5,,false,false,false,false,,"{""hp"":38,""atk"":30,""def"":41,""spa"":30,""spd"":41,""spe"":60}"
aff3a797-696f-4731-ab14-4538d9ef2f89,Kabutops,141,"[""Rock"",""Water""]",false,40.5,0.875,false,false,false,false,,"{""hp"":60,""atk"":115,""def"":105,""spa"":65,""spd"":70,""spe"":80}"
aff8b61f-e500-4f71-bf2b-e19821d61908,Dewgong,87,"[""Water"",""Ice""]",false,120,,false,false,false,false,,"{""hp"":90,""atk"":70,""def"":80,""spa"":70,""spd"":95,""spe"":70}"
b016ebe2-c2b3-42ae-9ecd-35d72d616d85,Arceus-Electric,493,"[""Electric""]",false,320,,false,false,false,false,,"{""hp"":120,""atk"":120,""def"":120,""spa"":120,""spd"":120,""spe"":120}"
b09a7478-0293-4925-8cbb-7d3f4fc0f0d5,Klinklang,601,"[""Steel""]",false,81,,false,false,false,false,,"{""hp"":60,""atk"":100,""def"":115,""spa"":70,""spd"":85,""spe"":90}"
b0b41040-9d33-44c3-9b89-d8fb29214cdc,Mew,151,"[""Psychic""]",false,4,,true,false,false,false,,"{""hp"":100,""atk"":100,""def"":100,""spa"":100,""spd"":100,""spe"":100}"
b0b6c99b-2c3b-4958-af05-3fde973e2c77,Drednaw-Gmax,834,"[""Water"",""Rock""]",false,0,,false,false,true,false,,"{""hp"":90,""atk"":115,""def"":90,""spa"":48,""spd"":68,""spe"":74}"
b0d6fc33-803a-4323-a658-0b3623a66f9b,Salamence-Mega,373,"[""Dragon"",""Flying""]",false,112.6,,false,false,false,true,Salamencite,"{""hp"":95,""atk"":145,""def"":130,""spa"":120,""spd"":90,""spe"":120}"
b144da64-411c-4ab0-99e8-f4705ffa59be,Castform-Snowy,351,"[""Ice""]",false,0.8,,false,false,false,false,,"{""hp"":70,""atk"":70,""def"":70,""spa"":70,""spd"":70,""spe"":70}"
b16c271c-2861-40ed-84fc-6bf29909dc44,Pikachu-Rock-Star,25,"[""Electric""]",false,6,,false,false,false,false,,"{""hp"":35,""atk"":55,""def"":40,""spa"":50,""spd"":50,""spe"":90}"
b171017e-8f36-4395-8f66-0a04cacb43db,Porygon-Z,474,"[""Normal""]",false,34,,false,false,false,false,,"{""hp"":85,""atk"":80,""def"":70,""spa"":135,""spd"":75,""spe"":90}"
b1d7ee5f-721f-48ab-a9b7-5e2f801e2d31,Breloom,286,"[""Grass"",""Fighting""]",false,39.2,,false,false,false,false,,"{""hp"":60,""atk"":130,""def"":80,""spa"":60,""spd"":60,""spe"":70}"
b1d85705-97ca-4237-80ea-f1cd498d10d2,Corsola,222,"[""Water"",""Rock""]",false,5,0.25,false,false,false,false,,"{""hp"":65,""atk"":55,""def"":95,""spa"":65,""spd"":95,""spe"":35}"
b1f23d26-9a25-4593-8436-d6c7d4831345,Keldeo-Resolute,647,"[""Water"",""Fighting""]",false,48.5,,false,false,false,false,,"{""hp"":91,""atk"":72,""def"":90,""spa"":129,""spd"":90,""spe"":108}"
b1f77dc8-0a40-4a78-8af9-dc9bf4cf5751,Amaura,698,"[""Rock"",""Ice""]",true,25.2,0.875,false,false,false,false,,"{""hp"":77,""atk"":59,""def"":50,""spa"":67,""spd"":63,""spe"":46}"
b2125289-da17-4035-bce4-a317a53bbb33,Blitzle,522,"[""Electric""]",true,29.8,,false,false,false,false,,"{""hp"":45,""atk"":60,""def"":32,""spa"":50,""spd"":32,""spe"":76}"
b2612efe-00c0-458f-a8dd-4f48392c6d6a,Diggersby,660,"[""Normal"",""Ground""]",false,42.4,,false,false,false,false,,"{""hp"":85,""atk"":56,""def"":77,""spa"":50,""spd"":77,""spe"":78}"
b2b81873-0fc7-44ac-82ff-e756dbb33544,Budew,406,"[""Grass"",""Poison""]",true,1.2,,false,false,false,false,,"{""hp"":40,""atk"":30,""def"":35,""spa"":50,""spd"":70,""spe"":55}"
b2dc816f-8714-4277-8ee5-ad9b0bb99f40,Tyrogue,236,"[""Fighting""]",true,21,,false,false,false,false,,"{""hp"":35,""atk"":35,""def"":35,""spa"":35,""spd"":35,""spe"":35}"
b2f53586-53ea-4f61-a874-4aa5d42fa71f,Pyukumuku,771,"[""Water""]",false,1.2,,false,false,false,false,,"{""hp"":55,""atk"":60,""def"":130,""spa"":30,""spd"":130,""spe"":5}"
b2f6feb6-2792-416f-9212-395dd975e357,Muk,89,"[""Poison""]",false,30,,false,false,false,false,,"{""hp"":105,""atk"":105,""def"":75,""spa"":65,""spd"":100,""spe"":50}"
b3129b52-85bf-48c7-8d45-7b12644db62d,Mudbray,749,"[""Ground""]",true,110,,false,false,false,false,,"{""hp"":70,""atk"":100,""def"":70,""spa"":45,""spd"":55,""spe"":45}"
b33a0739-176d-421f-a418-9caec7234410,Gholdengo,1000,"[""Steel"",""Ghost""]",false,30,,false,false,false,false,,"{""hp"":87,""atk"":60,""def"":95,""spa"":133,""spd"":91,""spe"":84}"
b34a3467-4fdd-42a1-a5f2-120d008a2e83,Sandslash-Alola,28,"[""Ice"",""Steel""]",false,55,,false,false,false,false,,"{""hp"":75,""atk"":100,""def"":120,""spa"":25,""spd"":65,""spe"":65}"
b37b70a2-c20e-455d-a7fe-450ba10c4b75,Silvally-Ground,773,"[""Ground""]",false,100.5,,false,false,false,false,Ground Memory,"{""hp"":95,""atk"":95,""def"":95,""spa"":95,""spd"":95,""spe"":95}"
b3a9575a-19df-4a31-b3b4-d1c0e8373acd,Tyrunt,696,"[""Rock"",""Dragon""]",true,26,0.875,false,false,false,false,,"{""hp"":58,""atk"":89,""def"":77,""spa"":45,""spd"":45,""spe"":48}"
b3aadd5b-4eac-45d7-b7b3-32f1cb31179c,Floatzel,419,"[""Water""]",false,33.5,,false,false,false,false,,"{""hp"":85,""atk"":105,""def"":55,""spa"":85,""spd"":50,""spe"":115}"
b3f1d0a1-1d43-43e3-beb3-630d2da38efa,Chimecho,358,"[""Psychic""]",false,1,,false,false,false,false,,"{""hp"":75,""atk"":50,""def"":80,""spa"":95,""spd"":90,""spe"":65}"
b4180b8c-1627-4006-944d-5410db1fc4b5,Centiskorch,851,"[""Fire"",""Bug""]",false,120,,false,false,false,false,,"{""hp"":100,""atk"":115,""def"":65,""spa"":90,""spd"":90,""spe"":65}"
b45ad06d-24cf-4a0d-ae76-33bcccd46a2c,Chansey,113,"[""Normal""]",true,34.6,,false,false,false,false,,"{""hp"":250,""atk"":5,""def"":5,""spa"":35,""spd"":105,""spe"":50}"
b481d7a3-8d54-4371-9dc0-7b641312ff47,Mudkip,258,"[""Water""]",true,7.6,0.875,false,false,false,false,,"{""hp"":50,""atk"":70,""def"":50,""spa"":50,""spd"":50,""spe"":40}"
b53386af-2bea-4899-af2c-d6f96f4a6af3,Magearna-Original,801,"[""Steel"",""Fairy""]",false,80.5,,false,false,false,false,,"{""hp"":80,""atk"":95,""def"":115,""spa"":130,""spd"":115,""spe"":65}"
b576788f-628d-49e8-8411-e53e30d2eb53,Sawk,539,"[""Fighting""]",false,51,,false,false,false,false,,"{""hp"":75,""atk"":125,""def"":75,""spa"":30,""spd"":75,""spe"":85}"
b5e6f5a8-ae60-4f22-9239-6c78c044eaf5,Chimchar,390,"[""Fire""]",true,6.2,0.875,false,false,false,false,,"{""hp"":44,""atk"":58,""def"":44,""spa"":58,""spd"":44,""spe"":61}"
b6088904-2a9c-460c-bba3-675df16974a5,Arceus-Fairy,493,"[""Fairy""]",false,320,,false,false,false,false,,"{""hp"":120,""atk"":120,""def"":120,""spa"":120,""spd"":120,""spe"":120}"
b62c7633-33bf-4e2b-9540-1c6ff95ab019,Deoxys,386,"[""Psychic""]",false,60.8,,true,false,false,false,,"{""hp"":50,""atk"":150,""def"":50,""spa"":150,""spd"":50,""spe"":150}"
b6784fc3-caee-4205-90b4-fe07861f0017,Shuppet,353,"[""Ghost""]",true,2.3,,false,false,false,false,,"{""hp"":44,""atk"":75,""def"":35,""spa"":63,""spd"":33,""spe"":45}"
b681eb09-c4ea-4496-afce-273e1ef30149,Wo-Chien,1001,"[""Dark"",""Grass""]",false,74.2,,false,false,false,false,,"{""hp"":85,""atk"":85,""def"":100,""spa"":95,""spd"":135,""spe"":70}"
b6b7a270-e713-4139-bc8a-e44d1a178f96,Regirock,377,"[""Rock""]",false,230,,false,false,false,false,,"{""hp"":80,""atk"":100,""def"":200,""spa"":50,""spd"":100,""spe"":50}"
b6bb5bbe-54a7-46d2-960f-a149668c8d42,Chandelure,609,"[""Ghost"",""Fire""]",false,34.3,,false,false,false,false,,"{""hp"":60,""atk"":55,""def"":90,""spa"":145,""spd"":90,""spe"":80}"
b6cf1264-8215-4f1c-95d1-9d8535ff6056,Electivire,466,"[""Electric""]",false,138.6,0.75,false,false,false,false,,"{""hp"":75,""atk"":123,""def"":67,""spa"":95,""spd"":85,""spe"":95}"
b6e97f60-5436-4a97-a527-eefa7cae4e85,Lileep,345,"[""Rock"",""Grass""]",true,23.8,0.875,false,false,false,false,,"{""hp"":66,""atk"":41,""def"":77,""spa"":61,""spd"":87,""spe"":23}"
b704aae4-22b1-4d64-a358-39596f5c059f,Anorith,347,"[""Rock"",""Bug""]",true,12.5,0.875,false,false,false,false,,"{""hp"":45,""atk"":95,""def"":50,""spa"":40,""spd"":50,""spe"":75}"
b70fdb0c-03b5-4818-8edb-f8aa7247ff38,Sneasler,903,"[""Fighting"",""Poison""]",false,43,,false,false,false,false,,"{""hp"":80,""atk"":130,""def"":60,""spa"":40,""spd"":80,""spe"":120}"
b7771066-0c4b-4eed-909e-b957e74e5975,Swanna,581,"[""Water"",""Flying""]",false,24.2,,false,false,false,false,,"{""hp"":75,""atk"":87,""def"":63,""spa"":87,""spd"":63,""spe"":98}"
b7b63fd8-d096-45f3-89a5-182701031df8,Nincada,290,"[""Bug"",""Ground""]",true,5.5,,false,false,false,false,,"{""hp"":31,""atk"":45,""def"":90,""spa"":30,""spd"":30,""spe"":40}"
b7bfb9f8-b100-4012-9a54-0802ae43814b,Charmeleon,5,"[""Fire""]",true,19,0.875,false,false,false,false,,"{""hp"":58,""atk"":64,""def"":58,""spa"":80,""spd"":65,""spe"":80}"
b7dd32ea-b2c4-4740-8f56-9661785c064f,Machop,66,"[""Fighting""]",true,19.5,0.75,false,false,false,false,,"{""hp"":70,""atk"":80,""def"":50,""spa"":35,""spd"":35,""spe"":35}"
b816d44e-4879-4656-b446-897ff7e24798,Raichu-Alola,26,"[""Electric"",""Psychic""]",false,21,,false,false,false,false,,"{""hp"":60,""atk"":85,""def"":50,""spa"":95,""spd"":85,""spe"":110}"
b853f338-a206-445f-aee3-fe789dbb5e72,Miraidon,1008,"[""Electric"",""Dragon""]",false,240,,false,true,false,false,,"{""hp"":100,""atk"":85,""def"":100,""spa"":135,""spd"":115,""spe"":135}"
b884ae5e-f049-40fe-ac99-0dbba72c8d01,Shiftry,275,"[""Grass"",""Dark""]",false,59.6,,false,false,false,false,,"{""hp"":90,""atk"":100,""def"":60,""spa"":90,""spd"":60,""spe"":80}"
b884c18a-96ba-4ee2-8025-52ec9a8d4faa,Lycanroc-Dusk,745,"[""Rock""]",false,25,,false,false,false,false,,"{""hp"":75,""atk"":117,""def"":65,""spa"":55,""spd"":65,""spe"":110}"
b897928f-7fa7-41c2-842b-308c6945cea3,Toedscool,948,"[""Ground"",""Grass""]",true,33,,false,false,false,false,,"{""hp"":40,""atk"":40,""def"":35,""spa"":50,""spd"":100,""spe"":70}"
b8d21898-46da-4cbb-aa96-a6a3e05f0070,Ampharos,181,"[""Electric""]",false,61.5,,false,false,false,false,,"{""hp"":90,""atk"":75,""def"":85,""spa"":115,""spd"":90,""spe"":55}"
b92d8e3c-3611-423e-a13a-148b9adf1b71,Togetic,176,"[""Fairy"",""Flying""]",true,3.2,0.875,false,false,false,false,,"{""hp"":55,""atk"":40,""def"":85,""spa"":80,""spd"":105,""spe"":40}"
b931caae-29ec-48ed-b689-32dda394dbef,Gimmighoul-Roaming,999,"[""Ghost""]",true,0.1,,false,false,false,false,,"{""hp"":45,""atk"":30,""def"":25,""spa"":75,""spd"":45,""spe"":80}"
b94cb0ed-f38b-48cf-9647-c509f9db77dc,Cacturne,332,"[""Grass"",""Dark""]",false,77.4,,false,false,false,false,,"{""hp"":70,""atk"":115,""def"":60,""spa"":115,""spd"":60,""spe"":55}"
b953edd9-1659-409d-952f-8da3c61acefc,Zamazenta-Crowned,889,"[""Fighting"",""Steel""]",false,785,,false,false,false,false,Rusted Shield,"{""hp"":92,""atk"":120,""def"":140,""spa"":80,""spd"":140,""spe"":128}"
b966913b-3802-4842-8a19-b409e0f52372,Skiddo,672,"[""Grass""]",true,31,,false,false,false,false,,"{""hp"":66,""atk"":65,""def"":48,""spa"":62,""spd"":57,""spe"":52}"
b9a4f134-aa55-4451-bd34-1751906b4322,Sprigatito,906,"[""Grass""]",true,4.1,0.875,false,false,false,false,,"{""hp"":40,""atk"":61,""def"":54,""spa"":45,""spd"":45,""spe"":65}"
b9fe1ee8-7f27-4fdb-9fcf-348f3af0286a,Bruxish,779,"[""Water"",""Psychic""]",false,19,,false,false,false,false,,"{""hp"":68,""atk"":105,""def"":70,""spa"":70,""spd"":70,""spe"":92}"
ba03b06a-7513-48a2-b645-103bcd66acd3,Ogerpon-Hearthflame-Tera,1017,"[""Grass"",""Fire""]",false,39.8,,false,false,false,false,Hearthflame Mask,"{""hp"":80,""atk"":120,""def"":84,""spa"":60,""spd"":96,""spe"":110}"
ba0c8346-5f98-4212-8768-1a2edca061ae,Grafaiai,945,"[""Poison"",""Normal""]",false,27.2,,false,false,false,false,,"{""hp"":63,""atk"":95,""def"":65,""spa"":80,""spd"":72,""spe"":110}"
ba36b7fe-915e-4231-b1c1-a4fa34332c29,Arceus-Ghost,493,"[""Ghost""]",false,320,,false,false,false,false,,"{""hp"":120,""atk"":120,""def"":120,""spa"":120,""spd"":120,""spe"":120}"
baa2076b-d12d-491e-8fe1-50db5f8624b1,Gallade-Mega,475,"[""Psychic"",""Fighting""]",false,56.4,,false,false,false,true,Galladite,"{""hp"":68,""atk"":165,""def"":95,""spa"":65,""spd"":115,""spe"":110}"
bacf6ed1-624e-4dad-bba0-26f00b4245f9,Crabrawler,739,"[""Fighting""]",true,7,,false,false,false,false,,"{""hp"":47,""atk"":82,""def"":57,""spa"":42,""spd"":47,""spe"":63}"
bb484ed7-d375-4a7c-9952-8209be6bc038,Sylveon,700,"[""Fairy""]",false,23.5,0.875,false,false,false,false,,"{""hp"":95,""atk"":65,""def"":65,""spa"":110,""spd"":130,""spe"":60}"
bb4a693d-639f-449a-9d0a-58d539e09c40,Terrakion,639,"[""Rock"",""Fighting""]",false,260,,false,false,false,false,,"{""hp"":91,""atk"":129,""def"":90,""spa"":72,""spd"":90,""spe"":108}"
bb75056f-7402-4e69-96fa-12ed01490cf5,Braviary,628,"[""Normal"",""Flying""]",false,41,,false,false,false,false,,"{""hp"":100,""atk"":123,""def"":75,""spa"":57,""spd"":75,""spe"":80}"
bbaf71ae-2e91-4c9b-814d-6c64c1cceaad,Klink,599,"[""Steel""]",true,21,,false,false,false,false,,"{""hp"":40,""atk"":55,""def"":70,""spa"":45,""spd"":60,""spe"":30}"
bbdb38f3-c39b-4f72-aa73-a7711727ee14,Dwebble,557,"[""Bug"",""Rock""]",true,14.5,,false,false,false,false,,"{""hp"":50,""atk"":65,""def"":85,""spa"":35,""spd"":35,""spe"":55}"
bc0d07e5-0d76-4bb6-b302-52b4f8569ee3,Zangoose,335,"[""Normal""]",false,40.3,,false,false,false,false,,"{""hp"":73,""atk"":115,""def"":60,""spa"":60,""spd"":60,""spe"":90}"
bc16b390-1677-47ca-9bb7-1353e2ecd939,Omanyte,138,"[""Rock"",""Water""]",true,7.5,0.875,false,false,false,false,,"{""hp"":35,""atk"":40,""def"":100,""spa"":90,""spd"":55,""spe"":35}"
bc291654-a7f5-4890-962d-9b7ae46d6844,Maractus,556,"[""Grass""]",false,28,,false,false,false,false,,"{""hp"":75,""atk"":86,""def"":67,""spa"":106,""spd"":67,""spe"":60}"
bc394df4-f823-4160-bb13-4719d1c8834a,Inteleon-Gmax,818,"[""Water""]",false,0,0.875,false,false,true,false,,"{""hp"":70,""atk"":85,""def"":65,""spa"":125,""spd"":65,""spe"":120}"
bc50f823-b386-4e84-8c42-7203a0480862,Arctovish,883,"[""Water"",""Ice""]",false,175,,false,false,false,false,,"{""hp"":90,""atk"":90,""def"":100,""spa"":80,""spd"":90,""spe"":55}"
bd1c6a9d-351f-4616-bb44-393688cab675,Rhydon,112,"[""Ground"",""Rock""]",true,120,,false,false,false,false,,"{""hp"":105,""atk"":130,""def"":120,""spa"":45,""spd"":45,""spe"":40}"
bd1e67b5-3ed3-45b3-9752-dfda28fb3835,Liepard,510,"[""Dark""]",false,37.5,,false,false,false,false,,"{""hp"":64,""atk"":88,""def"":50,""spa"":88,""spd"":50,""spe"":106}"
bd574690-7b80-4c47-b4c8-b214de26f6b8,Duraludon,884,"[""Steel"",""Dragon""]",true,40,,false,false,false,false,,"{""hp"":70,""atk"":95,""def"":115,""spa"":120,""spd"":50,""spe"":85}"
bd81cb91-1189-43b0-88b8-7d881212819a,Skiploom,188,"[""Grass"",""Flying""]",true,1,,false,false,false,false,,"{""hp"":55,""atk"":45,""def"":50,""spa"":45,""spd"":65,""spe"":80}"
bddc0a9c-0e35-42b6-8a8a-1b0e7af43d44,Wailord,321,"[""Water""]",false,398,,false,false,false,false,,"{""hp"":170,""atk"":90,""def"":45,""spa"":90,""spd"":45,""spe"":60}"
bde896d2-0d9b-49d9-afb5-13742618cdff,Drampa,780,"[""Normal"",""Dragon""]",false,185,,false,false,false,false,,"{""hp"":78,""atk"":60,""def"":85,""spa"":135,""spd"":91,""spe"":36}"
be124ac8-6468-4a25-a06a-f2b8f459c65c,Araquanid,752,"[""Water"",""Bug""]",false,82,,false,false,false,false,,"{""hp"":68,""atk"":70,""def"":92,""spa"":50,""spd"":132,""spe"":42}"
bf045957-ddc6-4e86-a0db-55708de57356,Arceus-Rock,493,"[""Rock""]",false,320,,false,false,false,false,,"{""hp"":120,""atk"":120,""def"":120,""spa"":120,""spd"":120,""spe"":120}"
bf0881f7-3135-46d3-bfd6-0698e827159a,Litleo,667,"[""Fire"",""Normal""]",true,13.5,0.125,false,false,false,false,,"{""hp"":62,""atk"":50,""def"":58,""spa"":73,""spd"":54,""spe"":72}"
bfcb9ebd-cb15-489a-81b3-60d18a60453e,Golem,76,"[""Rock"",""Ground""]",false,300,,false,false,false,false,,"{""hp"":80,""atk"":120,""def"":130,""spa"":55,""spd"":65,""spe"":45}"
bfd05007-fa2c-4d74-9b37-86eab4cdc2f3,Chien-Pao,1002,"[""Dark"",""Ice""]",false,152.2,,false,false,false,false,,"{""hp"":80,""atk"":120,""def"":80,""spa"":90,""spd"":65,""spe"":135}"
bfdd4cbe-412a-4482-8158-d665145456c8,Calyrex-Shadow,898,"[""Psychic"",""Ghost""]",false,53.6,,false,false,false,false,,"{""hp"":100,""atk"":85,""def"":80,""spa"":165,""spd"":100,""spe"":150}"
bfeb046d-c756-4fef-8d57-b74d2c9e3b3c,Purugly,432,"[""Normal""]",false,43.8,0.25,false,false,false,false,,"{""hp"":71,""atk"":82,""def"":64,""spa"":64,""spd"":59,""spe"":112}"
bfedb96b-fb27-4d9b-80f0-afb42af2e240,Pelipper,279,"[""Water"",""Flying""]",false,28,,false,false,false,false,,"{""hp"":60,""atk"":50,""def"":100,""spa"":95,""spd"":70,""spe"":65}"
bff630f6-19a9-4649-826d-aac05bb8c7e5,Nacli,932,"[""Rock""]",true,16,,false,false,false,false,,"{""hp"":55,""atk"":55,""def"":75,""spa"":35,""spd"":35,""spe"":25}"
c006c66e-8e93-492d-919d-84932b71a63b,Metagross-Mega,376,"[""Steel"",""Psychic""]",false,942.9,,false,false,false,true,Metagrossite,"{""hp"":80,""atk"":145,""def"":150,""spa"":105,""spd"":110,""spe"":110}"
c026082b-c5ad-4c73-9622-8230af796114,Ceruledge,937,"[""Fire"",""Ghost""]",false,62,,false,false,false,false,,"{""hp"":75,""atk"":125,""def"":80,""spa"":60,""spd"":100,""spe"":85}"
c02c5868-e5e5-4f80-a14d-2ca7bbc7a1e7,Slowbro,80,"[""Water"",""Psychic""]",false,78.5,,false,false,false,false,,"{""hp"":95,""atk"":75,""def"":110,""spa"":100,""spd"":80,""spe"":30}"
c0522c3f-0227-4bda-9dfc-1bea8e886e2a,Silvally-Ice,773,"[""Ice""]",false,100.5,,false,false,false,false,Ice Memory,"{""hp"":95,""atk"":95,""def"":95,""spa"":95,""spd"":95,""spe"":95}"
c0b9651d-5f44-4d1f-88bb-e6ea830244a4,Lillipup,506,"[""Normal""]",true,4.1,,false,false,false,false,,"{""hp"":45,""atk"":60,""def"":45,""spa"":25,""spd"":45,""spe"":55}"
c0c3f5b8-bf11-414b-802c-0a9b5c571da2,Yamask-Galar,562,"[""Ground"",""Ghost""]",true,1.5,,false,false,false,false,,"{""hp"":38,""atk"":55,""def"":85,""spa"":30,""spd"":65,""spe"":30}"
c0dc7376-ef20-4d47-a1fd-3d1ff2cb848c,Emboar,500,"[""Fire"",""Fighting""]",false,150,0.875,false,false,false,false,,"{""hp"":110,""atk"":123,""def"":65,""spa"":100,""spd"":65,""spe"":65}"
c0e4ca48-747e-4ba7-a782-ecc2f03cbc4b,Marowak,105,"[""Ground""]",false,45,,false,false,false,false,,"{""hp"":60,""atk"":80,""def"":110,""spa"":50,""spd"":80,""spe"":45}"
c1d2c876-c03e-47ac-88bc-83ed7a76d9aa,Gastly,92,"[""Ghost"",""Poison""]",true,0.1,,false,false,false,false,,"{""hp"":30,""atk"":35,""def"":30,""spa"":100,""spd"":35,""spe"":80}"
c1e91ee7-8932-4f7b-b500-8c328e754a51,Aerodactyl,142,"[""Rock"",""Flying""]",false,59,0.875,false,false,false,false,,"{""hp"":80,""atk"":105,""def"":65,""spa"":60,""spd"":75,""spe"":130}"
c21a27d2-be79-49eb-88b7-a05b5fb47d2f,Blacephalon,806,"[""Fire"",""Ghost""]",false,13,,false,false,false,false,,"{""hp"":53,""atk"":127,""def"":53,""spa"":151,""spd"":79,""spe"":107}"
c2248e67-e9fe-405f-afcc-50e223831ce7,Swampert,260,"[""Water"",""Ground""]",false,81.9,0.875,false,false,false,false,,"{""hp"":100,""atk"":110,""def"":90,""spa"":85,""spd"":90,""spe"":60}"
c2c0b6b5-386c-4b89-9205-7c54a39e7349,Buizel,418,"[""Water""]",true,29.5,,false,false,false,false,,"{""hp"":55,""atk"":65,""def"":35,""spa"":60,""spd"":30,""spe"":85}"
c302cecd-62a4-437b-aac8-7a384a9ec5b2,Sigilyph,561,"[""Psychic"",""Flying""]",false,14,,false,false,false,false,,"{""hp"":72,""atk"":58,""def"":80,""spa"":103,""spd"":80,""spe"":97}"
c30505d6-f72e-4d6d-9fbd-07b6f8ae0b4a,Skorupi,451,"[""Poison"",""Bug""]",true,12,,false,false,false,false,,"{""hp"":40,""atk"":50,""def"":90,""spa"":30,""spd"":55,""spe"":65}"
c3367ded-de29-4013-aac6-bf05d1cd6b69,Pikachu-Unova,25,"[""Electric""]",false,6,,false,false,false,false,,"{""hp"":35,""atk"":55,""def"":40,""spa"":50,""spd"":50,""spe"":90}"
c3a1f079-fdfc-473d-8e57-d158b9db233d,Shuckle,213,"[""Bug"",""Rock""]",false,20.5,,false,false,false,false,,"{""hp"":20,""atk"":10,""def"":230,""spa"":10,""spd"":230,""spe"":5}"
c3c29895-cfad-42b0-89d1-dad3b9439585,Gyarados,130,"[""Water"",""Flying""]",false,235,,false,false,false,false,,"{""hp"":95,""atk"":125,""def"":79,""spa"":60,""spd"":100,""spe"":81}"
c3faf269-d366-4071-b113-c6a1c3c1dad6,Togedemaru-Totem,777,"[""Electric"",""Steel""]",false,13,,false,false,false,false,,"{""hp"":65,""atk"":98,""def"":63,""spa"":40,""spd"":73,""spe"":96}"
c43a8ef5-2a64-4bf0-9b51-98402356cddd,Miltank,241,"[""Normal""]",false,75.5,,false,false,false,false,,"{""hp"":95,""atk"":80,""def"":105,""spa"":40,""spd"":70,""spe"":100}"
c4f49ba1-5440-4c6a-a895-1fb82aa034d3,Rayquaza-Mega,384,"[""Dragon"",""Flying""]",false,392,,false,false,false,true,,"{""hp"":105,""atk"":180,""def"":100,""spa"":180,""spd"":100,""spe"":115}"
c523803b-65e1-4200-80a9-2ead1988d729,Azurill,298,"[""Normal"",""Fairy""]",true,2,0.25,false,false,false,false,,"{""hp"":50,""atk"":20,""def"":40,""spa"":20,""spd"":40,""spe"":20}"
c5505970-7a57-4b0c-ba47-12838321960e,Chi-Yu,1004,"[""Dark"",""Fire""]",false,4.9,,false,false,false,false,,"{""hp"":55,""atk"":80,""def"":80,""spa"":135,""spd"":120,""spe"":100}"
c55106e3-bdd8-4ab9-97f7-00fc51f3a98f,Venusaur-Gmax,3,"[""Grass"",""Poison""]",false,0,0.875,false,false,true,false,,"{""hp"":80,""atk"":82,""def"":83,""spa"":100,""spd"":100,""spe"":80}"
c5c02ccb-66b8-4b57-bc28-7f05456ed45c,Pidgeot-Mega,18,"[""Normal"",""Flying""]",false,50.5,,false,false,false,true,Pidgeotite,"{""hp"":83,""atk"":80,""def"":80,""spa"":135,""spd"":80,""spe"":121}"
c5ef3a9c-c596-442a-b311-019cfd16c901,Ursaluna,901,"[""Ground"",""Normal""]",false,290,,false,false,false,false,,"{""hp"":130,""atk"":140,""def"":105,""spa"":45,""spd"":80,""spe"":50}"
c60e7f67-c2cc-4a37-8884-cb32da98b28e,Zorua-Hisui,570,"[""Normal"",""Ghost""]",true,12.5,0.875,false,false,false,false,,"{""hp"":35,""atk"":60,""def"":40,""spa"":85,""spd"":40,""spe"":70}"
c6108afc-ab96-487e-a877-c3528df39464,Aerodactyl-Mega,142,"[""Rock"",""Flying""]",false,79,0.875,false,false,false,true,Aerodactylite,"{""hp"":80,""atk"":135,""def"":85,""spa"":70,""spd"":95,""spe"":150}"
c61ade80-2ee6-4950-ada8-0c22147ebfec,Gothita,574,"[""Psychic""]",true,5.8,0.25,false,false,false,false,,"{""hp"":45,""atk"":30,""def"":50,""spa"":55,""spd"":65,""spe"":45}"
c62acae4-7df6-40cb-ab58-f4e832bc9681,Lanturn,171,"[""Water"",""Electric""]",false,22.5,,false,false,false,false,,"{""hp"":125,""atk"":58,""def"":58,""spa"":76,""spd"":76,""spe"":67}"
c62d2f48-8b2a-4476-b341-568ab7653035,Squawkabilly-Yellow,931,"[""Normal"",""Flying""]",false,2.4,,false,false,false,false,,"{""hp"":82,""atk"":96,""def"":51,""spa"":45,""spd"":51,""spe"":92}"
c633bbae-c98a-465e-b25e-59fe4b5fa415,Aromatisse,683,"[""Fairy""]",false,15.5,,false,false,false,false,,"{""hp"":101,""atk"":72,""def"":72,""spa"":99,""spd"":89,""spe"":29}"
c65f4a83-f9ed-4028-a490-242668ae149e,Onix,95,"[""Rock"",""Ground""]",true,210,,false,false,false,false,,"{""hp"":35,""atk"":45,""def"":160,""spa"":30,""spd"":45,""spe"":70}"
c6a4207d-ab5d-4264-8dfc-920d74973753,Rookidee,821,"[""Flying""]",true,1.8,,false,false,false,false,,"{""hp"":38,""atk"":47,""def"":35,""spa"":33,""spd"":35,""spe"":57}"
c6ab3a55-5a73-41bb-8eff-f037a321aa27,Fraxure,611,"[""Dragon""]",true,36,,false,false,false,false,,"{""hp"":66,""atk"":117,""def"":70,""spa"":40,""spd"":50,""spe"":67}"
c6b3c0fc-4a38-4a60-a6de-6b60d0f17842,Houndour,228,"[""Dark"",""Fire""]",true,10.8,,false,false,false,false,,"{""hp"":45,""atk"":60,""def"":30,""spa"":80,""spd"":50,""spe"":65}"
c7b70cda-016e-4fac-955f-f8caced899af,Gourgeist-Large,711,"[""Ghost"",""Grass""]",false,14,,false,false,false,false,,"{""hp"":75,""atk"":95,""def"":122,""spa"":58,""spd"":75,""spe"":69}"
c7b9e058-ed38-4ba8-afbb-7f77573023a1,Salazzle-Totem,758,"[""Poison"",""Fire""]",false,81,,false,false,false,false,,"{""hp"":68,""atk"":64,""def"":60,""spa"":111,""spd"":60,""spe"":117}"
c7f8cd02-f7cc-4507-b6b3-da110e530d5e,Pheromosa,795,"[""Bug"",""Fighting""]",false,25,,false,false,false,false,,"{""hp"":71,""atk"":137,""def"":37,""spa"":137,""spd"":37,""spe"":151}"
c83fb218-05f7-413f-a541-fca3c2fa9931,Meltan,808,"[""Steel""]",false,8,,true,false,false,false,,"{""hp"":46,""atk"":65,""def"":65,""spa"":55,""spd"":35,""spe"":34}"
c8a908b1-27fe-4bfc-9e12-294d69b5c089,Glameow,431,"[""Normal""]",true,3.9,0.25,false,false,false,false,,"{""hp"":49,""atk"":55,""def"":42,""spa"":42,""spd"":37,""spe"":85}"
c8bb8911-5e86-494d-9954-390619d413b0,Iron Boulder,1022,"[""Rock"",""Psychic""]",false,162.5,,false,false,false,false,,"{""hp"":90,""atk"":120,""def"":80,""spa"":68,""spd"":108,""spe"":124}"
c8c87f17-feac-487f-9450-f745d0c7009a,Jirachi,385,"[""Steel"",""Psychic""]",false,1.1,,true,false,false,false,,"{""hp"":100,""atk"":100,""def"":100,""spa"":100,""spd"":100,""spe"":100}"
c941f8a8-b2a5-4a41-988b-3105e42e8f99,Lugia,249,"[""Psychic"",""Flying""]",false,216,,false,true,false,false,,"{""hp"":106,""atk"":90,""def"":130,""spa"":90,""spd"":154,""spe"":110}"
c9641c5c-00cf-482a-bd63-a90c67f635dc,Meditite,307,"[""Fighting"",""Psychic""]",true,11.2,,false,false,false,false,,"{""hp"":30,""atk"":40,""def"":55,""spa"":40,""spd"":55,""spe"":60}"
ca7cba1a-5dae-469e-a686-e8fa2e523870,Porygon2,233,"[""Normal""]",true,32.5,,false,false,false,false,,"{""hp"":85,""atk"":80,""def"":90,""spa"":105,""spd"":95,""spe"":60}"
caab3ddc-32de-4c45-a605-6731b2b1fd15,Zygarde-Complete,718,"[""Dragon"",""Ground""]",false,610,,false,false,false,false,,"{""hp"":216,""atk"":100,""def"":121,""spa"":91,""spd"":95,""spe"":85}"
cb522219-bb72-431f-9ce9-15a4fb23ad7b,Togepi,175,"[""Fairy""]",true,1.5,0.875,false,false,false,false,,"{""hp"":35,""atk"":20,""def"":65,""spa"":40,""spd"":65,""spe"":20}"
cb78bdd0-bcde-4137-b7e6-a52d842434d9,Vigoroth,288,"[""Normal""]",true,46.5,,false,false,false,false,,"{""hp"":80,""atk"":80,""def"":80,""spa"":55,""spd"":55,""spe"":90}"
cb7c6632-cebe-488f-8f92-1e11aea9f8d1,Silcoon,266,"[""Bug""]",true,10,,false,false,false,false,,"{""hp"":50,""atk"":35,""def"":55,""spa"":25,""spd"":25,""spe"":15}"
cb7d5e87-0154-4ec4-8c0e-8c8a2946d858,Cinccino,573,"[""Normal""]",false,7.5,0.25,false,false,false,false,,"{""hp"":75,""atk"":95,""def"":60,""spa"":65,""spd"":60,""spe"":115}"
cb80dd5a-9209-44f6-874a-cd620191d984,Nidoking,34,"[""Poison"",""Ground""]",false,62,,false,false,false,false,,"{""hp"":81,""atk"":102,""def"":77,""spa"":85,""spd"":75,""spe"":85}"
cb833f3a-8b90-4b29-a762-29c863a066cb,Solrock,338,"[""Rock"",""Psychic""]",false,154,,false,false,false,false,,"{""hp"":90,""atk"":95,""def"":85,""spa"":55,""spd"":65,""spe"":70}"
cb9cbebb-3c8f-4228-bf22-843436ee4ae3,Shiinotic,756,"[""Grass"",""Fairy""]",false,11.5,,false,false,false,false,,"{""hp"":60,""atk"":45,""def"":80,""spa"":90,""spd"":100,""spe"":30}"
cbd9a987-e977-4790-a893-93bc6262ac96,Malamar,687,"[""Dark"",""Psychic""]",false,47,,false,false,false,false,,"{""hp"":86,""atk"":92,""def"":88,""spa"":68,""spd"":75,""spe"":73}"
cbe69fff-0220-4277-9f48-297ac8732d6d,Abomasnow-Mega,460,"[""Grass"",""Ice""]",false,185,,false,false,false,true,Abomasite,"{""hp"":90,""atk"":132,""def"":105,""spa"":132,""spd"":105,""spe"":30}"
cc364b0a-eea0-47cf-8fb5-60a4fa939d71,Necrozma-Ultra,800,"[""Psychic"",""Dragon""]",false,230,,false,false,false,false,Ultranecrozium Z,"{""hp"":97,""atk"":167,""def"":97,""spa"":167,""spd"":97,""spe"":129}"
cc7ece83-3df8-4b06-a57f-9da50cf9e8dc,Giratina,487,"[""Ghost"",""Dragon""]",false,750,,false,true,false,false,,"{""hp"":150,""atk"":100,""def"":120,""spa"":100,""spd"":120,""spe"":90}"
ccb3294a-5ba4-45a3-8881-b7e1108d68da,Frosmoth,873,"[""Ice"",""Bug""]",false,42,,false,false,false,false,,"{""hp"":70,""atk"":65,""def"":60,""spa"":125,""spd"":90,""spe"":65}"
ccc58566-2bec-4f91-b52c-10f3a4faa8ed,Zorua,570,"[""Dark""]",true,12.5,0.875,false,false,false,false,,"{""hp"":40,""atk"":65,""def"":40,""spa"":80,""spd"":40,""spe"":65}"
ccc99237-385d-499d-8122-e1229862c949,Baltoy,343,"[""Ground"",""Psychic""]",true,21.5,,false,false,false,false,,"{""hp"":40,""atk"":40,""def"":55,""spa"":40,""spd"":70,""spe"":55}"
ccd550f6-1d8b-42fb-82af-7739ec7e78cf,Mimikyu-Busted-Totem,778,"[""Ghost"",""Fairy""]",false,2.8,,false,false,false,false,,"{""hp"":55,""atk"":90,""def"":80,""spa"":50,""spd"":105,""spe"":96}"
cd0be3f4-8b39-4c2a-b691-503816337e6e,Spinarak,167,"[""Bug"",""Poison""]",true,8.5,,false,false,false,false,,"{""hp"":40,""atk"":60,""def"":40,""spa"":40,""spd"":40,""spe"":30}"
cd1b1a99-e774-4e28-93f9-3b80855f2e8a,Basculin-White-Striped,550,"[""Water""]",true,18,,false,false,false,false,,"{""hp"":70,""atk"":92,""def"":65,""spa"":80,""spd"":55,""spe"":98}"
cd4018da-3db7-4770-86dc-06968da477a7,Golisopod,768,"[""Bug"",""Water""]",false,108,,false,false,false,false,,"{""hp"":75,""atk"":125,""def"":140,""spa"":60,""spd"":90,""spe"":40}"
cda98631-ce50-451d-b9ff-275d94e9e96e,Monferno,391,"[""Fire"",""Fighting""]",true,22,0.875,false,false,false,false,,"{""hp"":64,""atk"":78,""def"":52,""spa"":78,""spd"":52,""spe"":81}"
cde46389-d34d-4267-90c5-84aab1b7a60e,Krookodile,553,"[""Ground"",""Dark""]",false,96.3,,false,false,false,false,,"{""hp"":95,""atk"":117,""def"":80,""spa"":65,""spd"":70,""spe"":92}"
ce801868-8024-4c79-a231-eb6ec40d9b8c,Keldeo,647,"[""Water"",""Fighting""]",false,48.5,,true,false,false,false,,"{""hp"":91,""atk"":72,""def"":90,""spa"":129,""spd"":90,""spe"":108}"
cea33b70-c480-42f2-864a-cd4a04e44f0a,Slowking-Galar,199,"[""Poison"",""Psychic""]",false,79.5,,false,false,false,false,,"{""hp"":95,""atk"":65,""def"":80,""spa"":110,""spd"":110,""spe"":30}"
cec4d184-0f4e-4fe0-8d36-5ec7f29f69dd,Swampert-Mega,260,"[""Water"",""Ground""]",false,102,0.875,false,false,false,true,Swampertite,"{""hp"":100,""atk"":150,""def"":110,""spa"":95,""spd"":110,""spe"":70}"
cec7fd6c-ed78-446d-b1da-b11da4af2cda,Pikachu-Libre,25,"[""Electric""]",false,6,,false,false,false,false,,"{""hp"":35,""atk"":55,""def"":40,""spa"":50,""spd"":50,""spe"":90}"
cedcaa75-d837-4d4e-b1e1-ef99e169f073,Mienfoo,619,"[""Fighting""]",true,20,,false,false,false,false,,"{""hp"":45,""atk"":85,""def"":50,""spa"":55,""spd"":50,""spe"":65}"
cfc297e8-1bc6-419e-b129-e01a80c7ad26,Ribombee-Totem,743,"[""Bug"",""Fairy""]",false,2,,false,false,false,false,,"{""hp"":60,""atk"":55,""def"":60,""spa"":95,""spd"":70,""spe"":124}"
cff13182-8f23-4e4c-856a-d0139fcfdcc2,Jynx,124,"[""Ice"",""Psychic""]",false,40.6,,false,false,false,false,,"{""hp"":65,""atk"":50,""def"":35,""spa"":115,""spd"":95,""spe"":95}"
d06e6d17-abc0-40ea-92a4-053821daf9e4,Patrat,504,"[""Normal""]",true,11.6,,false,false,false,false,,"{""hp"":45,""atk"":55,""def"":39,""spa"":35,""spd"":39,""spe"":42}"
d082be90-1e24-4df0-9319-a8a04a4dc216,Dugtrio,51,"[""Ground""]",false,33.3,,false,false,false,false,,"{""hp"":35,""atk"":100,""def"":50,""spa"":50,""spd"":70,""spe"":120}"
d0876bf7-3206-4166-81cf-4c0ae5fac348,Clodsire,980,"[""Poison"",""Ground""]",false,223,,false,false,false,false,,"{""hp"":130,""atk"":75,""def"":60,""spa"":45,""spd"":100,""spe"":20}"
d0e512c4-139f-4114-a8cb-9aa66f1d83c0,Florges,671,"[""Fairy""]",false,10,,false,false,false,false,,"{""hp"":78,""atk"":65,""def"":68,""spa"":112,""spd"":154,""spe"":75}"
d1062963-b187-4784-8a0a-338201823991,Iron Thorns,995,"[""Rock"",""Electric""]",false,303,,false,false,false,false,,"{""hp"":100,""atk"":134,""def"":110,""spa"":70,""spd"":84,""spe"":72}"
d135b7ce-8a50-499a-8d90-730de8aec079,Darmanitan,555,"[""Fire""]",false,92.9,,false,false,false,false,,"{""hp"":105,""atk"":140,""def"":55,""spa"":30,""spd"":55,""spe"":95}"
d18d3f8d-4a51-4d60-a9a5-b954c2015ea4,Raticate-Alola-Totem,20,"[""Dark"",""Normal""]",false,105,,false,false,false,false,,"{""hp"":75,""atk"":71,""def"":70,""spa"":40,""spd"":80,""spe"":77}"
d1a79e0f-e5fc-4a45-8adf-f600339ddfe1,Clobbopus,852,"[""Fighting""]",true,4,,false,false,false,false,,"{""hp"":50,""atk"":68,""def"":60,""spa"":50,""spd"":50,""spe"":32}"
d1dffe94-5635-43ff-9bde-33981832c6ad,Seel,86,"[""Water""]",true,90,,false,false,false,false,,"{""hp"":65,""atk"":45,""def"":55,""spa"":45,""spd"":70,""spe"":45}"
d22e31e7-f8d2-44d1-b69c-801eb9505370,Rampardos,409,"[""Rock""]",false,102.5,0.875,false,false,false,false,,"{""hp"":97,""atk"":165,""def"":60,""spa"":65,""spd"":50,""spe"":58}"
d2aa8aaa-4901-4a0b-9493-a4635d299bb4,Bergmite,712,"[""Ice""]",true,99.5,,false,false,false,false,,"{""hp"":55,""atk"":69,""def"":85,""spa"":32,""spd"":35,""spe"":28}"
d3204434-db98-4615-a56a-bcd1431ec476,Passimian,766,"[""Fighting""]",false,82.8,,false,false,false,false,,"{""hp"":100,""atk"":120,""def"":90,""spa"":40,""spd"":60,""spe"":80}"
d349dae6-f761-4c9b-9e25-bb283f63d6e1,Spearow,21,"[""Normal"",""Flying""]",true,2,,false,false,false,false,,"{""hp"":40,""atk"":60,""def"":30,""spa"":31,""spd"":31,""spe"":70}"
d363e708-fe0d-4f95-b392-4c2ba1315a2c,Typhlosion,157,"[""Fire""]",false,79.5,0.875,false,false,false,false,,"{""hp"":78,""atk"":84,""def"":78,""spa"":109,""spd"":85,""spe"":100}"
d3b80e0e-91e0-48e8-bf54-a6fa6d6d12f2,Hydrapple,1019,"[""Grass"",""Dragon""]",false,93,,false,false,false,false,,"{""hp"":106,""atk"":80,""def"":110,""spa"":120,""spd"":80,""spe"":44}"
d3bd0ee0-8281-4d62-8705-a71b86043cf7,Morelull,755,"[""Grass"",""Fairy""]",true,1.5,,false,false,false,false,,"{""hp"":40,""atk"":35,""def"":55,""spa"":65,""spd"":75,""spe"":15}"
d3cda1cb-91e8-4e5a-a61a-3260789381d2,Wishiwashi-School,746,"[""Water""]",false,78.6,,false,false,false,false,,"{""hp"":45,""atk"":140,""def"":130,""spa"":140,""spd"":135,""spe"":30}"
d3d3785b-6d80-4887-868b-896d10891b29,Scatterbug,664,"[""Bug""]",true,2.5,,false,false,false,false,,"{""hp"":38,""atk"":35,""def"":40,""spa"":27,""spd"":25,""spe"":35}"
d3d5d4ee-9103-494a-a6a4-fa2fd1e8925c,Rattata,19,"[""Normal""]",true,3.5,,false,false,false,false,,"{""hp"":30,""atk"":56,""def"":35,""spa"":25,""spd"":35,""spe"":72}"
d3d83b40-88ed-4605-8e18-5a4e9b9adcdc,Crobat,169,"[""Poison"",""Flying""]",false,75,,false,false,false,false,,"{""hp"":85,""atk"":90,""def"":80,""spa"":70,""spd"":80,""spe"":130}"
d40ae9fc-52fd-44c9-8b66-6ee65e9bbca9,Cetitan,975,"[""Ice""]",false,700,,false,false,false,false,,"{""hp"":170,""atk"":113,""def"":65,""spa"":45,""spd"":55,""spe"":73}"
d41548d7-4e6b-41c1-80da-c968d80c49f0,Grimer,88,"[""Poison""]",true,30,,false,false,false,false,,"{""hp"":80,""atk"":80,""def"":50,""spa"":40,""spd"":50,""spe"":25}"
d435676b-1269-4991-a2f1-8b417db038a3,Floette-Eternal,670,"[""Fairy""]",false,0.9,,false,false,false,false,,"{""hp"":74,""atk"":65,""def"":67,""spa"":125,""spd"":128,""spe"":92}"
d48c88d2-6f70-4d9f-93cd-c452bc82473e,Pinsir-Mega,127,"[""Bug"",""Flying""]",false,59,,false,false,false,true,Pinsirite,"{""hp"":65,""atk"":155,""def"":120,""spa"":65,""spd"":90,""spe"":105}"
d4a37b2f-309f-436a-93ff-b92ed9afacd2,Wishiwashi,746,"[""Water""]",false,0.3,,false,false,false,false,,"{""hp"":45,""atk"":20,""def"":20,""spa"":25,""spd"":25,""spe"":40}"
d4ca37b2-73d0-410c-8824-b56734955f38,Crocalor,910,"[""Fire""]",true,30.7,0.875,false,false,false,false,,"{""hp"":81,""atk"":55,""def"":78,""spa"":90,""spd"":58,""spe"":49}"
d4ff894f-7242-4def-9ba5-36e84d559bda,Woobat,527,"[""Psychic"",""Flying""]",true,2.1,,false,false,false,false,,"{""hp"":65,""atk"":45,""def"":43,""spa"":55,""spd"":43,""spe"":72}"
d51409dc-b8eb-48b2-af12-3b96618120fc,Urshifu-Gmax,892,"[""Fighting"",""Dark""]",false,0,0.875,false,false,true,false,,"{""hp"":100,""atk"":130,""def"":100,""spa"":63,""spd"":60,""spe"":97}"
d530215e-570e-47bb-90ef-db48ab705a75,Hippowdon,450,"[""Ground""]",false,300,,false,false,false,false,,"{""hp"":108,""atk"":112,""def"":118,""spa"":68,""spd"":72,""spe"":47}"
d57181ec-199b-41cd-8b03-69ded93fefd2,Poliwrath,62,"[""Water"",""Fighting""]",false,54,,false,false,false,false,,"{""hp"":90,""atk"":95,""def"":95,""spa"":70,""spd"":90,""spe"":70}"
d59213b1-107f-4ee1-8d1b-4e598de3e533,Chewtle,833,"[""Water""]",true,8.5,,false,false,false,false,,"{""hp"":50,""atk"":64,""def"":50,""spa"":38,""spd"":38,""spe"":44}"
d5930c40-cb15-4afa-ad76-d9b53366e639,Skitty,300,"[""Normal""]",true,11,0.25,false,false,false,false,,"{""hp"":50,""atk"":45,""def"":45,""spa"":35,""spd"":35,""spe"":50}"
d5da4817-15cb-4bd9-8213-0baff365a1fd,Pikachu-Kalos,25,"[""Electric""]",false,6,,false,false,false,false,,"{""hp"":35,""atk"":55,""def"":40,""spa"":50,""spd"":50,""spe"":90}"
d63f3a56-0dc0-4c69-ad97-d83633713375,Donphan,232,"[""Ground""]",false,120,,false,false,false,false,,"{""hp"":90,""atk"":120,""def"":120,""spa"":60,""spd"":60,""spe"":50}"
d6533a78-2360-4a6c-83c1-6e7bd7abeb08,Arceus-Dragon,493,"[""Dragon""]",false,320,,false,false,false,false,,"{""hp"":120,""atk"":120,""def"":120,""spa"":120,""spd"":120,""spe"":120}"
d66c5818-0c3d-49e7-ba82-74de550bb897,Groudon-Primal,383,"[""Ground"",""Fire""]",false,999.7,,false,false,false,false,Red Orb,"{""hp"":100,""atk"":180,""def"":160,""spa"":150,""spd"":90,""spe"":90}"
d6725c2f-de1d-4f66-8748-ae61a92ee2af,Lunala,792,"[""Psychic"",""Ghost""]",false,120,,false,true,false,false,,"{""hp"":137,""atk"":113,""def"":89,""spa"":137,""spd"":107,""spe"":97}"
d672c260-cbfd-4231-b5e1-0783136c6a75,Spinda,327,"[""Normal""]",false,5,,false,false,false,false,,"{""hp"":60,""atk"":60,""def"":60,""spa"":60,""spd"":60,""spe"":60}"
d681191d-409e-407b-b91d-3f0ef503e284,Meloetta,648,"[""Normal"",""Psychic""]",false,6.5,,true,false,false,false,,"{""hp"":100,""atk"":77,""def"":77,""spa"":128,""spd"":128,""spe"":90}"
d6c856e0-1fb5-4a85-944a-73811d7188a6,Voltorb-Hisui,100,"[""Electric"",""Grass""]",true,13,,false,false,false,false,,"{""hp"":40,""atk"":30,""def"":50,""spa"":55,""spd"":55,""spe"":100}"
d6d49364-4b1f-44af-b32e-b35eaef6b445,Fezandipiti,1016,"[""Poison"",""Fairy""]",false,30.1,,false,false,false,false,,"{""hp"":88,""atk"":91,""def"":82,""spa"":70,""spd"":125,""spe"":99}"
d78f3839-06ef-4dd2-a25a-9ca86a3b1460,Clefable,36,"[""Fairy""]",false,40,0.25,false,false,false,false,,"{""hp"":95,""atk"":70,""def"":73,""spa"":95,""spd"":90,""spe"":60}"
d7c000c4-71db-4b19-81d1-cf6e509932cc,Calyrex,898,"[""Psychic"",""Grass""]",false,7.7,,false,true,false,false,,"{""hp"":100,""atk"":80,""def"":80,""spa"":80,""spd"":80,""spe"":80}"
d7e113c2-81c1-4aa7-adaa-08730d59a5c0,Dewott,502,"[""Water""]",true,24.5,0.875,false,false,false,false,,"{""hp"":75,""atk"":75,""def"":60,""spa"":83,""spd"":60,""spe"":60}"
d7eaa1b7-c579-46fb-8310-ae894ace56b5,Kubfu,891,"[""Fighting""]",true,12,0.875,false,false,false,false,,"{""hp"":60,""atk"":90,""def"":60,""spa"":53,""spd"":50,""spe"":72}"
d8653ce4-24a3-4e6c-8c1e-3829d2b72b9d,Mamoswine,473,"[""Ice"",""Ground""]",false,291,,false,false,false,false,,"{""hp"":110,""atk"":130,""def"":80,""spa"":70,""spd"":60,""spe"":80}"
d8b5ce83-645b-4ac9-899a-b2975656a54b,Purrloin,509,"[""Dark""]",true,10.1,,false,false,false,false,,"{""hp"":41,""atk"":50,""def"":37,""spa"":50,""spd"":37,""spe"":66}"
d8da2a77-b99d-4003-825f-dd8cf5bd4e29,Pichu-Spiky-eared,172,"[""Electric""]",false,2,,false,false,false,false,,"{""hp"":20,""atk"":40,""def"":15,""spa"":35,""spd"":35,""spe"":60}"
d930edeb-a6b8-4705-8739-1e587d13c354,Darmanitan-Zen,555,"[""Fire"",""Psychic""]",false,92.9,,false,false,false,false,,"{""hp"":105,""atk"":30,""def"":105,""spa"":140,""spd"":105,""spe"":55}"
d9311c78-efa7-4d94-a51b-90237cfe1d95,Eelektrik,603,"[""Electric""]",true,22,,false,false,false,false,,"{""hp"":65,""atk"":85,""def"":70,""spa"":75,""spd"":70,""spe"":40}"
d9bf1d96-069f-4421-a54d-2df019c33866,Tauros-Paldea-Combat,128,"[""Fighting""]",false,115,,false,false,false,false,,"{""hp"":75,""atk"":110,""def"":105,""spa"":30,""spd"":70,""spe"":100}"
da91782b-5454-426d-adab-f9b468cbda77,Brionne,729,"[""Water""]",true,17.5,0.875,false,false,false,false,,"{""hp"":60,""atk"":69,""def"":69,""spa"":91,""spd"":81,""spe"":50}"
da9869d0-480b-4bce-aa3d-5a30b3f323cb,Cursola,864,"[""Ghost""]",false,0.4,0.25,false,false,false,false,,"{""hp"":60,""atk"":95,""def"":50,""spa"":145,""spd"":130,""spe"":30}"
db030adc-f15c-4ca5-b884-c65c0cfe718f,Cleffa,173,"[""Fairy""]",true,3,0.25,false,false,false,false,,"{""hp"":50,""atk"":25,""def"":28,""spa"":45,""spd"":55,""spe"":15}"
db1bc47a-7038-4c3f-a85c-300045379f2e,Bronzor,436,"[""Steel"",""Psychic""]",true,60.5,,false,false,false,false,,"{""hp"":57,""atk"":24,""def"":86,""spa"":24,""spd"":86,""spe"":23}"
db5f0021-4d16-420d-914d-18c1c7c19b67,Staryu,120,"[""Water""]",true,34.5,,false,false,false,false,,"{""hp"":30,""atk"":45,""def"":55,""spa"":70,""spd"":55,""spe"":85}"
db6fc940-4a15-4105-a199-7038787bd3fe,Pumpkaboo-Large,710,"[""Ghost"",""Grass""]",true,7.5,,false,false,false,false,,"{""hp"":54,""atk"":66,""def"":70,""spa"":44,""spd"":55,""spe"":46}"
dbc7b2b7-6f10-4255-ac24-94aec027c4cf,Trubbish,568,"[""Poison""]",true,31,,false,false,false,false,,"{""hp"":50,""atk"":50,""def"":62,""spa"":40,""spd"":62,""spe"":65}"
dc0145b1-005d-4f9f-b12e-f848e82875d3,Lycanroc,745,"[""Rock""]",false,25,,false,false,false,false,,"{""hp"":75,""atk"":115,""def"":65,""spa"":55,""spd"":65,""spe"":112}"
dc2ef632-9412-4b79-8a59-124e6b109762,Aggron-Mega,306,"[""Steel""]",false,395,,false,false,false,true,Aggronite,"{""hp"":70,""atk"":140,""def"":230,""spa"":60,""spd"":80,""spe"":50}"
dca110ae-86d7-4ec9-a498-0e7557cff968,Spoink,325,"[""Psychic""]",true,30.6,,false,false,false,false,,"{""hp"":60,""atk"":25,""def"":35,""spa"":70,""spd"":80,""spe"":60}"
dcabdc8d-337d-46ff-b02a-43cc7622999b,Rowlet,722,"[""Grass"",""Flying""]",true,1.5,0.875,false,false,false,false,,"{""hp"":68,""atk"":55,""def"":55,""spa"":50,""spd"":50,""spe"":42}"
dcd8026f-ac32-4257-bf0e-bce0d2b57013,Vulpix-Alola,37,"[""Ice""]",true,9.9,0.25,false,false,false,false,,"{""hp"":38,""atk"":41,""def"":40,""spa"":50,""spd"":65,""spe"":65}"
dceac186-d955-4c78-92e3-f73029125bc5,Krabby,98,"[""Water""]",true,6.5,,false,false,false,false,,"{""hp"":30,""atk"":105,""def"":90,""spa"":25,""spd"":25,""spe"":50}"
dd1a833e-3d87-4ac6-a0d6-a9df8c64ad46,Eevee-Gmax,133,"[""Normal""]",false,0,0.875,false,false,true,false,,"{""hp"":55,""atk"":55,""def"":50,""spa"":45,""spd"":65,""spe"":55}"
dd29628d-9d3a-455a-842c-81f6e0c7fa04,Dhelmise,781,"[""Ghost"",""Grass""]",false,210,,false,false,false,false,,"{""hp"":70,""atk"":131,""def"":100,""spa"":86,""spd"":90,""spe"":40}"
dd4acec5-a080-44c6-accf-d058820dfe4d,Nihilego,793,"[""Rock"",""Poison""]",false,55.5,,false,false,false,false,,"{""hp"":109,""atk"":53,""def"":47,""spa"":127,""spd"":131,""spe"":103}"
dd9cd06e-1931-4384-babe-470143c084ab,Goodra,706,"[""Dragon""]",false,150.5,,false,false,false,false,,"{""hp"":90,""atk"":100,""def"":70,""spa"":110,""spd"":150,""spe"":80}"
dda15063-4d15-4bcc-b7d7-9ebc205f838c,Hattrem,857,"[""Psychic""]",true,4.8,,false,false,false,false,,"{""hp"":57,""atk"":40,""def"":65,""spa"":86,""spd"":73,""spe"":49}"
de20c2a0-0879-4aba-a700-94916abf36d4,Buzzwole,794,"[""Bug"",""Fighting""]",false,333.6,,false,false,false,false,,"{""hp"":107,""atk"":139,""def"":139,""spa"":53,""spd"":53,""spe"":79}"
de57110a-8432-4a03-a5ec-cc3723fa8faa,Ogerpon-Teal-Tera,1017,"[""Grass""]",false,39.8,,false,false,false,false,,"{""hp"":80,""atk"":120,""def"":84,""spa"":60,""spd"":96,""spe"":110}"
de5d2a53-6502-4e96-a632-293bec267034,Meowth-Galar,52,"[""Steel""]",true,7.5,,false,false,false,false,,"{""hp"":50,""atk"":65,""def"":55,""spa"":40,""spd"":40,""spe"":40}"
de9d7681-9da4-4483-8fae-2b8aa2b10e07,Fuecoco,909,"[""Fire""]",true,9.8,0.875,false,false,false,false,,"{""hp"":67,""atk"":45,""def"":59,""spa"":63,""spd"":40,""spe"":36}"
dec81759-ace4-4ad2-b315-554f184650a5,Castform,351,"[""Normal""]",false,0.8,,false,false,false,false,,"{""hp"":70,""atk"":70,""def"":70,""spa"":70,""spd"":70,""spe"":70}"
defb63aa-f987-4d5d-b63e-a3a4ae8866af,Tympole,535,"[""Water""]",true,4.5,,false,false,false,false,,"{""hp"":50,""atk"":50,""def"":40,""spa"":50,""spd"":40,""spe"":64}"
df273359-30e8-4735-96e3-7fdd88dc5c90,Yanma,193,"[""Bug"",""Flying""]",true,38,,false,false,false,false,,"{""hp"":65,""atk"":65,""def"":45,""spa"":75,""spd"":45,""spe"":95}"
df2c91c9-a9e8-41a1-984b-6b04288b9ced,Hypno,97,"[""Psychic""]",false,75.6,,false,false,false,false,,"{""hp"":85,""atk"":73,""def"":70,""spa"":73,""spd"":115,""spe"":67}"
df46405c-d0b6-44d6-bb23-34e23536d08f,Dreepy,885,"[""Dragon"",""Ghost""]",true,2,,false,false,false,false,,"{""hp"":28,""atk"":60,""def"":30,""spa"":40,""spd"":30,""spe"":82}"
dfa70d52-51f2-43c6-a24d-b72f5a9f6d2f,Zarude,893,"[""Dark"",""Grass""]",false,70,,true,false,false,false,,"{""hp"":105,""atk"":120,""def"":105,""spa"":70,""spd"":95,""spe"":105}"
dfbb9f6b-99da-4b88-aa39-af51c182bf59,Polteageist-Antique,855,"[""Ghost""]",false,0.4,,false,false,false,false,,"{""hp"":60,""atk"":65,""def"":65,""spa"":134,""spd"":114,""spe"":70}"
dfd2779f-085e-4f73-8f1a-1a48028c4a7f,Farigiraf,981,"[""Normal"",""Psychic""]",false,160,,false,false,false,false,,"{""hp"":120,""atk"":90,""def"":70,""spa"":110,""spd"":70,""spe"":60}"
dfd62c81-245e-485b-9a67-b0ba17e7717d,Arceus-Fire,493,"[""Fire""]",false,320,,false,false,false,false,,"{""hp"":120,""atk"":120,""def"":120,""spa"":120,""spd"":120,""spe"":120}"
e0211f66-d37c-4519-a749-9dc462774f44,Delibird,225,"[""Ice"",""Flying""]",false,16,,false,false,false,false,,"{""hp"":45,""atk"":55,""def"":45,""spa"":65,""spd"":45,""spe"":75}"
e0a583fc-0632-4a02-a356-bf7f05b6bce5,Type: Null,772,"[""Normal""]",true,120.5,,false,false,false,false,,"{""hp"":95,""atk"":95,""def"":95,""spa"":95,""spd"":95,""spe"":59}"
e0a8319d-9e8d-4be5-a5ae-c2bf39d42cfe,Beautifly,267,"[""Bug"",""Flying""]",false,28.4,,false,false,false,false,,"{""hp"":60,""atk"":70,""def"":50,""spa"":100,""spd"":50,""spe"":65}"
e0cfe940-6fcf-4c24-880d-c0af7d076546,Morpeko,877,"[""Electric"",""Dark""]",false,3,,false,false,false,false,,"{""hp"":58,""atk"":95,""def"":58,""spa"":70,""spd"":58,""spe"":97}"
e0ddbcf8-a5f1-4db0-8bac-30ab2d5658b2,Meowth,52,"[""Normal""]",true,4.2,,false,false,false,false,,"{""hp"":40,""atk"":45,""def"":35,""spa"":40,""spd"":40,""spe"":90}"
e0e29793-93a9-4298-b029-5ca5c419c77d,Parasect,47,"[""Bug"",""Grass""]",false,29.5,,false,false,false,false,,"{""hp"":60,""atk"":95,""def"":80,""spa"":60,""spd"":80,""spe"":30}"
e1414f06-41cc-4bc1-8060-bb646422260c,Pawniard,624,"[""Dark"",""Steel""]",true,10.2,,false,false,false,false,,"{""hp"":45,""atk"":85,""def"":70,""spa"":40,""spd"":40,""spe"":60}"
e1782c4e-7401-4ccd-8190-f1cf038f05b9,Blaziken-Mega,257,"[""Fire"",""Fighting""]",false,52,0.875,false,false,false,true,Blazikenite,"{""hp"":80,""atk"":160,""def"":80,""spa"":130,""spd"":80,""spe"":100}"
e1c4314d-fb67-4603-8157-e4461fd9576c,Toxtricity-Low-Key,849,"[""Electric"",""Poison""]",false,40,,false,false,false,false,,"{""hp"":75,""atk"":98,""def"":70,""spa"":114,""spd"":70,""spe"":75}"
e1e2f546-cc6d-496e-8d7b-e8dcb18f1f19,Diglett,50,"[""Ground""]",true,0.8,,false,false,false,false,,"{""hp"":10,""atk"":55,""def"":25,""spa"":35,""spd"":45,""spe"":95}"
e1e35354-4fd9-45b1-8fb0-60ff10fa0fe9,Pignite,499,"[""Fire"",""Fighting""]",true,55.5,0.875,false,false,false,false,,"{""hp"":90,""atk"":93,""def"":55,""spa"":70,""spd"":55,""spe"":55}"
e22546e1-7dae-4d89-a23e-17b01a530bb4,Charmander,4,"[""Fire""]",true,8.5,0.875,false,false,false,false,,"{""hp"":39,""atk"":52,""def"":43,""spa"":60,""spd"":50,""spe"":65}"
e276249d-9d2d-4bfc-bd79-e543b5365e5b,Mawile,303,"[""Steel"",""Fairy""]",false,11.5,,false,false,false,false,,"{""hp"":50,""atk"":85,""def"":85,""spa"":55,""spd"":55,""spe"":50}"
e2b04e0f-243c-4ab6-9e38-1b23f41c8ce9,Lickilicky,463,"[""Normal""]",false,140,,false,false,false,false,,"{""hp"":110,""atk"":85,""def"":95,""spa"":80,""spd"":95,""spe"":50}"
e2e110b1-c5fc-4e3c-9e3c-c428956bb872,Zapdos-Galar,145,"[""Fighting"",""Flying""]",false,58.2,,false,false,false,false,,"{""hp"":90,""atk"":125,""def"":90,""spa"":85,""spd"":90,""spe"":100}"
e30a3790-289b-4176-b7c6-bb98ad7832f6,Trevenant,709,"[""Ghost"",""Grass""]",false,71,,false,false,false,false,,"{""hp"":85,""atk"":110,""def"":76,""spa"":65,""spd"":82,""spe"":56}"
e335f7bd-805f-431d-94d7-710b9a3f41f5,Duraludon-Gmax,884,"[""Steel"",""Dragon""]",false,0,,false,false,true,false,,"{""hp"":70,""atk"":95,""def"":115,""spa"":120,""spd"":50,""spe"":85}"
e3477b44-81e8-4df7-a277-167c0d6e0e5a,Scorbunny,813,"[""Fire""]",true,4.5,0.875,false,false,false,false,,"{""hp"":50,""atk"":71,""def"":40,""spa"":40,""spd"":40,""spe"":69}"
e37b927b-7a2c-4883-8f30-e03f5235a24d,Bellsprout,69,"[""Grass"",""Poison""]",true,4,,false,false,false,false,,"{""hp"":50,""atk"":75,""def"":35,""spa"":70,""spd"":30,""spe"":40}"
e398a5bf-daeb-4a16-82c5-0e97ec2204f9,Boltund,836,"[""Electric""]",false,34,,false,false,false,false,,"{""hp"":69,""atk"":90,""def"":60,""spa"":90,""spd"":60,""spe"":121}"
e3cc8e29-bd52-4f1f-bf0c-97a596487415,Cramorant,845,"[""Flying"",""Water""]",false,18,,false,false,false,false,,"{""hp"":70,""atk"":85,""def"":55,""spa"":85,""spd"":95,""spe"":85}"
e3e6ad2a-0621-4b05-9e10-7cbcdf83057e,Basculin,550,"[""Water""]",false,18,,false,false,false,false,,"{""hp"":70,""atk"":92,""def"":65,""spa"":80,""spd"":55,""spe"":98}"
e3fbbeb5-767e-4b7a-bee5-3bbc7f2a6c8b,Clefairy,35,"[""Fairy""]",true,7.5,0.25,false,false,false,false,,"{""hp"":70,""atk"":45,""def"":48,""spa"":60,""spd"":65,""spe"":35}"
e4085c9c-2f2f-45ca-bb8c-f947865d0be2,Mothim,414,"[""Bug"",""Flying""]",false,23.3,,false,false,false,false,,"{""hp"":70,""atk"":94,""def"":50,""spa"":94,""spd"":50,""spe"":66}"
e4314f13-ec93-4785-a6dc-4a2c217e3abc,Garganacl,934,"[""Rock""]",false,240,,false,false,false,false,,"{""hp"":100,""atk"":100,""def"":130,""spa"":45,""spd"":90,""spe"":35}"
e43a3e34-0968-4d5f-95c8-2b6c899284f8,Natu,177,"[""Psychic"",""Flying""]",true,2,,false,false,false,false,,"{""hp"":40,""atk"":50,""def"":45,""spa"":70,""spd"":45,""spe"":70}"
e4e4f4d0-87e0-4f16-8d90-f56346f91f26,Feebas,349,"[""Water""]",true,7.4,,false,false,false,false,,"{""hp"":20,""atk"":15,""def"":20,""spa"":10,""spd"":55,""spe"":80}"
e4ee7da2-549e-48c3-8a29-786031b799de,Castform-Rainy,351,"[""Water""]",false,0.8,,false,false,false,false,,"{""hp"":70,""atk"":70,""def"":70,""spa"":70,""spd"":70,""spe"":70}"
e4f270f8-4a4c-433e-bff2-b7a21c0adc60,Seaking,119,"[""Water""]",false,39,,false,false,false,false,,"{""hp"":80,""atk"":92,""def"":65,""spa"":65,""spd"":80,""spe"":68}"
e543f65f-d4f2-42e1-b867-7936851699eb,Pichu,172,"[""Electric""]",true,2,,false,false,false,false,,"{""hp"":20,""atk"":40,""def"":15,""spa"":35,""spd"":35,""spe"":60}"
e55da769-05b5-4bf7-974b-380932d1d97b,Qwilfish-Hisui,211,"[""Dark"",""Poison""]",true,3.9,,false,false,false,false,,"{""hp"":65,""atk"":95,""def"":85,""spa"":55,""spd"":55,""spe"":85}"
e59a9df1-efa5-430c-9796-f4aa3c0a2cd3,Alakazam-Mega,65,"[""Psychic""]",false,48,0.75,false,false,false,true,Alakazite,"{""hp"":55,""atk"":50,""def"":65,""spa"":175,""spd"":105,""spe"":150}"
e59dbdfc-27f8-487e-8034-30f96a3cfffa,Koraidon,1007,"[""Fighting"",""Dragon""]",false,303,,false,true,false,false,,"{""hp"":100,""atk"":135,""def"":115,""spa"":85,""spd"":100,""spe"":135}"
e59f27a0-414a-46b4-85eb-eb2586b0864d,Grimmsnarl-Gmax,861,"[""Dark"",""Fairy""]",false,0,,false,false,true,false,,"{""hp"":95,""atk"":120,""def"":65,""spa"":95,""spd"":75,""spe"":60}"
e5e06e8d-c47c-416f-8294-8bc7d22d16c7,Abra,63,"[""Psychic""]",true,19.5,0.75,false,false,false,false,,"{""hp"":25,""atk"":20,""def"":15,""spa"":105,""spd"":55,""spe"":90}"
e5f2d06d-aff3-4e17-aac0-ebbd4eceb2f3,Frillish,592,"[""Water"",""Ghost""]",true,33,,false,false,false,false,,"{""hp"":55,""atk"":40,""def"":50,""spa"":65,""spd"":85,""spe"":40}"
e63bdd8c-0aa8-4f28-83a1-b9e039210e20,Helioptile,694,"[""Electric"",""Normal""]",true,6,,false,false,false,false,,"{""hp"":44,""atk"":38,""def"":33,""spa"":61,""spd"":43,""spe"":70}"
e667304e-231c-48d7-a338-03d01af54a53,Nosepass,299,"[""Rock""]",true,97,,false,false,false,false,,"{""hp"":30,""atk"":45,""def"":135,""spa"":45,""spd"":90,""spe"":30}"
e6a73fd5-9480-430a-93dc-23610fb9add6,Karrablast,588,"[""Bug""]",true,5.9,,false,false,false,false,,"{""hp"":50,""atk"":75,""def"":45,""spa"":40,""spd"":45,""spe"":60}"
e6ad3b94-9d65-4bda-9ef1-3a0277f44270,Slowbro-Mega,80,"[""Water"",""Psychic""]",false,120,,false,false,false,true,Slowbronite,"{""hp"":95,""atk"":75,""def"":180,""spa"":130,""spd"":80,""spe"":30}"
e6b04e49-7131-4ada-aaa2-af53563d2f63,Pikachu-Original,25,"[""Electric""]",false,6,,false,false,false,false,,"{""hp"":35,""atk"":55,""def"":40,""spa"":50,""spd"":50,""spe"":90}"
e6b16301-c35c-4a2c-8797-6869e9e4b0b8,Wynaut,360,"[""Psychic""]",true,14,,false,false,false,false,,"{""hp"":95,""atk"":23,""def"":48,""spa"":23,""spd"":48,""spe"":23}"
e6ec8872-84f2-4169-acba-c632b7c28530,Obstagoon,862,"[""Dark"",""Normal""]",false,46,,false,false,false,false,,"{""hp"":93,""atk"":90,""def"":101,""spa"":60,""spd"":81,""spe"":95}"
e70b40be-6de7-4cc6-a054-5a4503f85250,Arceus-Poison,493,"[""Poison""]",false,320,,false,false,false,false,,"{""hp"":120,""atk"":120,""def"":120,""spa"":120,""spd"":120,""spe"":120}"
e713d6bc-52d4-4dd2-b538-083932803e9f,Silvally-Steel,773,"[""Steel""]",false,100.5,,false,false,false,false,Steel Memory,"{""hp"":95,""atk"":95,""def"":95,""spa"":95,""spd"":95,""spe"":95}"
e72ed7e2-40f3-4ac4-9023-e2b5fbbf470b,Graveler-Alola,75,"[""Rock"",""Electric""]",true,110,,false,false,false,false,,"{""hp"":55,""atk"":95,""def"":115,""spa"":45,""spd"":45,""spe"":35}"
e73372ee-4b80-4e7c-8f0c-205f0eaec670,Rotom-Fan,479,"[""Electric"",""Flying""]",false,0.3,,false,false,false,false,,"{""hp"":50,""atk"":65,""def"":107,""spa"":105,""spd"":107,""spe"":86}"
e7569472-1d45-48ab-9995-6eb8bdb0306f,Mankey,56,"[""Fighting""]",true,28,,false,false,false,false,,"{""hp"":40,""atk"":80,""def"":35,""spa"":35,""spd"":45,""spe"":70}"
e76dc00e-35c9-4f7e-8df5-903084aa2b24,Zigzagoon-Galar,263,"[""Dark"",""Normal""]",true,17.5,,false,false,false,false,,"{""hp"":38,""atk"":30,""def"":41,""spa"":30,""spd"":41,""spe"":60}"
e78f3717-20b5-4564-824d-ce6dbb3a10ac,Pikachu,25,"[""Electric""]",true,6,,false,false,false,false,,"{""hp"":35,""atk"":55,""def"":40,""spa"":50,""spd"":50,""spe"":90}"
e7fa5cbc-9b8a-4454-bba3-7df7da349ff4,Oricorio,741,"[""Fire"",""Flying""]",false,3.4,0.25,false,false,false,false,,"{""hp"":75,""atk"":70,""def"":70,""spa"":98,""spd"":70,""spe"":93}"
e8b30f2b-d5de-4948-9212-ec0999e3528c,Archaludon,1018,"[""Steel"",""Dragon""]",false,60,,false,false,false,false,,"{""hp"":90,""atk"":105,""def"":130,""spa"":125,""spd"":65,""spe"":85}"
e9035ded-200d-46b5-a9d1-97bf61d9203b,Kyurem-White,646,"[""Dragon"",""Ice""]",false,325,,false,false,false,false,,"{""hp"":125,""atk"":120,""def"":90,""spa"":170,""spd"":100,""spe"":95}"
e9086654-a2fb-4921-9337-ae191de33a3c,Magcargo,219,"[""Fire"",""Rock""]",false,55,,false,false,false,false,,"{""hp"":60,""atk"":50,""def"":120,""spa"":90,""spd"":80,""spe"":30}"
e916b749-993e-441d-b24a-0a55eaeecddf,Wattrel,940,"[""Electric"",""Flying""]",true,3.6,,false,false,false,false,,"{""hp"":40,""atk"":40,""def"":35,""spa"":55,""spd"":40,""spe"":70}"
e91891f8-cd54-492e-b210-38e0a3a89b44,Misdreavus,200,"[""Ghost""]",true,1,,false,false,false,false,,"{""hp"":60,""atk"":60,""def"":60,""spa"":85,""spd"":85,""spe"":85}"
e9628994-ac2e-47a1-ae95-88362e0c1ede,Alakazam,65,"[""Psychic""]",false,48,0.75,false,false,false,false,,"{""hp"":55,""atk"":50,""def"":45,""spa"":135,""spd"":95,""spe"":120}"
e9e791f7-b128-4ce5-abf3-034f73f0d2fa,Corsola-Galar,222,"[""Ghost""]",true,0.5,0.25,false,false,false,false,,"{""hp"":60,""atk"":55,""def"":100,""spa"":65,""spd"":100,""spe"":30}"
ea4c1c28-4560-4ddb-b21b-4ade07e35769,Quagsire,195,"[""Water"",""Ground""]",false,75,,false,false,false,false,,"{""hp"":95,""atk"":85,""def"":85,""spa"":65,""spd"":65,""spe"":35}"
ea858842-d556-41f3-b9e3-7a52e3ab7a05,Cosmoem,790,"[""Psychic""]",true,999.9,,false,true,false,false,,"{""hp"":43,""atk"":29,""def"":131,""spa"":29,""spd"":131,""spe"":37}"
ea87961c-c835-4aa0-8af9-08f78f918786,Hitmonlee,106,"[""Fighting""]",false,49.8,,false,false,false,false,,"{""hp"":50,""atk"":120,""def"":53,""spa"":35,""spd"":110,""spe"":87}"
ea98f307-9b24-42e7-a936-d933cef054e8,Iron Moth,994,"[""Fire"",""Poison""]",false,36,,false,false,false,false,,"{""hp"":80,""atk"":70,""def"":60,""spa"":140,""spd"":110,""spe"":110}"
eaa46ab2-592c-43f3-9514-070ee9fe3faf,Charizard,6,"[""Fire"",""Flying""]",false,90.5,0.875,false,false,false,false,,"{""hp"":78,""atk"":84,""def"":78,""spa"":109,""spd"":85,""spe"":100}"
ead4102d-dab8-40c0-a619-eee15694809e,Kyurem,646,"[""Dragon"",""Ice""]",false,325,,false,true,false,false,,"{""hp"":125,""atk"":130,""def"":90,""spa"":130,""spd"":90,""spe"":95}"
ebd933cc-21ad-4bd1-8547-5f6f152586a9,Diancie,719,"[""Rock"",""Fairy""]",false,8.8,,true,false,false,false,,"{""hp"":50,""atk"":100,""def"":150,""spa"":100,""spd"":150,""spe"":50}"
ebf8efdb-69b2-4415-aec8-6b22d378b2f6,Kabuto,140,"[""Rock"",""Water""]",true,11.5,0.875,false,false,false,false,,"{""hp"":30,""atk"":80,""def"":90,""spa"":55,""spd"":45,""spe"":55}"
ec38335b-1f4f-4503-a72b-045ac0e4888e,Stakataka,805,"[""Rock"",""Steel""]",false,820,,false,false,false,false,,"{""hp"":61,""atk"":131,""def"":211,""spa"":53,""spd"":101,""spe"":13}"
ec57587e-1bb1-40c3-92f7-817b17f1bbbe,Stantler,234,"[""Normal""]",true,71.2,,false,false,false,false,,"{""hp"":73,""atk"":95,""def"":62,""spa"":85,""spd"":65,""spe"":85}"
ec963e0d-00cc-41dd-9d8d-682239d748e9,Smoliv,928,"[""Grass"",""Normal""]",true,6.5,,false,false,false,false,,"{""hp"":41,""atk"":35,""def"":45,""spa"":58,""spd"":51,""spe"":30}"
eccbe909-1273-4523-8f39-33aa71682f3b,Arctibax,997,"[""Dragon"",""Ice""]",true,30,,false,false,false,false,,"{""hp"":90,""atk"":95,""def"":66,""spa"":45,""spd"":65,""spe"":62}"
ecdd6bef-c47a-4e86-868b-eb3be38bf9f7,Mimikyu-Busted,778,"[""Ghost"",""Fairy""]",false,0.7,,false,false,false,false,,"{""hp"":55,""atk"":90,""def"":80,""spa"":50,""spd"":105,""spe"":96}"
ece60aa3-9550-4ab1-8fb0-10dddff5703e,Pikipek,731,"[""Normal"",""Flying""]",true,1.2,,false,false,false,false,,"{""hp"":35,""atk"":75,""def"":30,""spa"":30,""spd"":30,""spe"":65}"
ed40006d-23a0-49fd-8485-92e65df15006,Omastar,139,"[""Rock"",""Water""]",false,35,0.875,false,false,false,false,,"{""hp"":70,""atk"":60,""def"":125,""spa"":115,""spd"":70,""spe"":55}"
edb73123-79b9-4166-b2ea-958497b76e93,Pincurchin,871,"[""Electric""]",false,1,,false,false,false,false,,"{""hp"":48,""atk"":101,""def"":95,""spa"":91,""spd"":85,""spe"":15}"
edeab14d-b6c0-4790-a625-6494b5526b7d,Tauros-Paldea-Blaze,128,"[""Fighting"",""Fire""]",false,85,,false,false,false,false,,"{""hp"":75,""atk"":110,""def"":105,""spa"":30,""spd"":70,""spe"":100}"
ee027302-243b-457a-ba1e-1833c8181fbf,Totodile,158,"[""Water""]",true,9.5,0.875,false,false,false,false,,"{""hp"":50,""atk"":65,""def"":64,""spa"":44,""spd"":48,""spe"":43}"
ee3b3f52-5890-4868-9347-c06ad5373f0f,Silvally-Grass,773,"[""Grass""]",false,100.5,,false,false,false,false,Grass Memory,"{""hp"":95,""atk"":95,""def"":95,""spa"":95,""spd"":95,""spe"":95}"
ee67d977-c268-4a31-b57a-f931b5938337,Iron Jugulis,993,"[""Dark"",""Flying""]",false,111,,false,false,false,false,,"{""hp"":94,""atk"":80,""def"":86,""spa"":122,""spd"":80,""spe"":108}"
ee85b97d-4f5e-4115-a1f2-e8ccf01f820a,Lopunny,428,"[""Normal""]",false,33.3,,false,false,false,false,,"{""hp"":65,""atk"":76,""def"":84,""spa"":54,""spd"":96,""spe"":105}"
ee8b4f73-4f84-43ce-9713-572c510931b6,Galvantula,596,"[""Bug"",""Electric""]",false,14.3,,false,false,false,false,,"{""hp"":70,""atk"":77,""def"":60,""spa"":97,""spd"":60,""spe"":108}"
eec2beab-b45d-473e-a186-45b9845e3d97,Weepinbell,70,"[""Grass"",""Poison""]",true,6.4,,false,false,false,false,,"{""hp"":65,""atk"":90,""def"":50,""spa"":85,""spd"":45,""spe"":55}"
eede483a-a1d0-44cd-be36-907a4228e978,Snorlax-Gmax,143,"[""Normal""]",false,0,0.875,false,false,true,false,,"{""hp"":160,""atk"":110,""def"":65,""spa"":65,""spd"":110,""spe"":30}"
ef006de5-4878-4b81-b0fe-d78b093a35d4,Volcarona,637,"[""Bug"",""Fire""]",false,46,,false,false,false,false,,"{""hp"":85,""atk"":60,""def"":65,""spa"":135,""spd"":105,""spe"":100}"
ef0256b1-2d5c-4d97-9187-63bf9e6c69df,Salamence,373,"[""Dragon"",""Flying""]",false,102.6,,false,false,false,false,,"{""hp"":95,""atk"":135,""def"":80,""spa"":110,""spd"":80,""spe"":100}"
ef7c8f29-c4b6-48fe-94fd-492a76ec0e58,Mewtwo,150,"[""Psychic""]",false,122,,false,true,false,false,,"{""hp"":106,""atk"":110,""def"":90,""spa"":154,""spd"":90,""spe"":130}"
ef8df29e-2138-404a-b3ec-3a2eca332c71,Ariados,168,"[""Bug"",""Poison""]",false,33.5,,false,false,false,false,,"{""hp"":70,""atk"":90,""def"":70,""spa"":60,""spd"":70,""spe"":40}"
efe94737-5743-4690-bdb0-e65541369b12,Throh,538,"[""Fighting""]",false,55.5,,false,false,false,false,,"{""hp"":120,""atk"":100,""def"":85,""spa"":30,""spd"":85,""spe"":45}"
f098ca0b-7f51-4c10-8789-8e932fe365fc,Tatsugiri,978,"[""Dragon"",""Water""]",false,8,,false,false,false,false,,"{""hp"":68,""atk"":50,""def"":60,""spa"":120,""spd"":95,""spe"":82}"
f09d89e9-6623-4a32-9e91-f1b76f51ef4c,Banette,354,"[""Ghost""]",false,12.5,,false,false,false,false,,"{""hp"":64,""atk"":115,""def"":65,""spa"":83,""spd"":63,""spe"":65}"
f16791e4-2214-4184-89ed-45e98acfe363,Zygarde,718,"[""Dragon"",""Ground""]",false,305,,false,true,false,false,,"{""hp"":108,""atk"":100,""def"":121,""spa"":81,""spd"":95,""spe"":95}"
f188e5b3-499b-4ae8-80d0-d5b467a805d5,Staravia,397,"[""Normal"",""Flying""]",true,15.5,,false,false,false,false,,"{""hp"":55,""atk"":75,""def"":50,""spa"":40,""spd"":40,""spe"":80}"
f1d6900c-5ec4-4bb8-91ee-e96f58af766d,Mudsdale,750,"[""Ground""]",false,920,,false,false,false,false,,"{""hp"":100,""atk"":125,""def"":100,""spa"":55,""spd"":85,""spe"":35}"
f2006ad1-7bb8-4014-a287-0320c8644278,Tranquill,520,"[""Normal"",""Flying""]",true,15,,false,false,false,false,,"{""hp"":62,""atk"":77,""def"":62,""spa"":50,""spd"":42,""spe"":65}"
f20f5aab-8d35-4031-b0a6-a7b0c8dd8770,Illumise,314,"[""Bug""]",false,17.7,,false,false,false,false,,"{""hp"":65,""atk"":47,""def"":75,""spa"":73,""spd"":85,""spe"":85}"
f234a2b1-5c94-4104-84ff-633de9a68172,Palossand,770,"[""Ghost"",""Ground""]",false,250,,false,false,false,false,,"{""hp"":85,""atk"":75,""def"":110,""spa"":100,""spd"":75,""spe"":35}"
f26a878a-5f2e-438c-9b6b-1b654116505c,Zoroark,571,"[""Dark""]",false,81.1,0.875,false,false,false,false,,"{""hp"":60,""atk"":105,""def"":60,""spa"":120,""spd"":60,""spe"":105}"
f297afb8-e65b-4e4e-b5d8-a9f0bd5c7de3,Kommo-o,784,"[""Dragon"",""Fighting""]",false,78.2,,false,false,false,false,,"{""hp"":75,""atk"":110,""def"":125,""spa"":100,""spd"":105,""spe"":85}"
f2da5040-5d4f-425c-9488-9a14c0540560,Lokix,920,"[""Bug"",""Dark""]",false,17.5,,false,false,false,false,,"{""hp"":71,""atk"":102,""def"":78,""spa"":52,""spd"":55,""spe"":92}"
f2e0b859-88bb-4e0f-81bd-851f7abfa68e,Klefki,707,"[""Steel"",""Fairy""]",false,3,,false,false,false,false,,"{""hp"":57,""atk"":80,""def"":91,""spa"":80,""spd"":87,""spe"":75}"
f329d4ef-1e4b-43a8-96ff-fbf92d64fe04,Genesect,649,"[""Bug"",""Steel""]",false,82.5,,true,false,false,false,,"{""hp"":71,""atk"":120,""def"":95,""spa"":120,""spd"":95,""spe"":99}"
f32c4250-7e58-4b54-bbc2-f4e4a0ab8bf9,Paras,46,"[""Bug"",""Grass""]",true,5.4,,false,false,false,false,,"{""hp"":35,""atk"":70,""def"":55,""spa"":45,""spd"":55,""spe"":25}"
f32c646e-e623-4c4b-8fe4-d3f3297805c0,Frigibax,996,"[""Dragon"",""Ice""]",true,17,,false,false,false,false,,"{""hp"":65,""atk"":75,""def"":45,""spa"":35,""spd"":45,""spe"":55}"
f38231ad-aea5-4f06-9fb9-babef1bdfd9d,Gothorita,575,"[""Psychic""]",true,18,0.25,false,false,false,false,,"{""hp"":60,""atk"":45,""def"":70,""spa"":75,""spd"":85,""spe"":55}"
f39e0968-e05d-4f81-afee-bc0705689636,Vullaby,629,"[""Dark"",""Flying""]",true,9,,false,false,false,false,,"{""hp"":70,""atk"":55,""def"":75,""spa"":45,""spd"":65,""spe"":60}"
f3fd141d-8be1-4f2f-9e08-8a41c89a0d7b,Revavroom,966,"[""Steel"",""Poison""]",false,120,,false,false,false,false,,"{""hp"":80,""atk"":119,""def"":90,""spa"":54,""spd"":67,""spe"":90}"
f4403721-e77f-42d3-bd2f-b8dbe30e62e2,Jumpluff,189,"[""Grass"",""Flying""]",false,3,,false,false,false,false,,"{""hp"":75,""atk"":55,""def"":70,""spa"":55,""spd"":95,""spe"":110}"
f49e3905-bbe7-4bfb-8537-5dfd86dd70be,Charjabug,737,"[""Bug"",""Electric""]",true,10.5,,false,false,false,false,,"{""hp"":57,""atk"":82,""def"":95,""spa"":55,""spd"":75,""spe"":36}"
f4df880e-42ed-4944-aca2-1c7e00706244,Combee,415,"[""Bug"",""Flying""]",true,5.5,0.875,false,false,false,false,,"{""hp"":30,""atk"":30,""def"":42,""spa"":30,""spd"":42,""spe"":70}"
f530a28c-7678-4355-899a-2f0889230d81,Noivern,715,"[""Flying"",""Dragon""]",false,85,,false,false,false,false,,"{""hp"":85,""atk"":70,""def"":80,""spa"":97,""spd"":80,""spe"":123}"
f5449e24-e87c-424b-8bb6-61a1f00eb84f,Shieldon,410,"[""Rock"",""Steel""]",true,57,0.875,false,false,false,false,,"{""hp"":30,""atk"":42,""def"":118,""spa"":42,""spd"":88,""spe"":30}"
f5905515-39c5-410e-9592-97cc379bb032,Gabite,444,"[""Dragon"",""Ground""]",true,56,,false,false,false,false,,"{""hp"":68,""atk"":90,""def"":65,""spa"":50,""spd"":55,""spe"":82}"
f60ada20-3aa7-40fa-8509-a160c71e2e0f,Flabébé,669,"[""Fairy""]",true,0.1,,false,false,false,false,,"{""hp"":44,""atk"":38,""def"":39,""spa"":61,""spd"":79,""spe"":42}"
f63b7a72-6a05-4f62-9beb-cee4e9c6e26a,Sandygast,769,"[""Ghost"",""Ground""]",true,70,,false,false,false,false,,"{""hp"":55,""atk"":55,""def"":80,""spa"":70,""spd"":45,""spe"":15}"
f6466a45-5ac7-4969-99bb-61b2bedfe90c,Vulpix,37,"[""Fire""]",true,9.9,0.25,false,false,false,false,,"{""hp"":38,""atk"":41,""def"":40,""spa"":50,""spd"":65,""spe"":65}"
f656f9cc-d44a-4ab8-9bf7-64f70dab4d6d,Sandshrew-Alola,27,"[""Ice"",""Steel""]",true,40,,false,false,false,false,,"{""hp"":50,""atk"":75,""def"":90,""spa"":10,""spd"":35,""spe"":40}"
f65e9933-40a1-416e-bbb1-d99cd3acf876,Bayleef,153,"[""Grass""]",true,15.8,0.875,false,false,false,false,,"{""hp"":60,""atk"":62,""def"":80,""spa"":63,""spd"":80,""spe"":60}"
f67be044-280c-4579-a49b-73e822f9aea6,Necrozma-Dawn-Wings,800,"[""Psychic"",""Ghost""]",false,350,,false,false,false,false,,"{""hp"":97,""atk"":113,""def"":109,""spa"":157,""spd"":127,""spe"":77}"
f6932bfd-855f-467c-b681-dcb9afa3981f,Runerigus,867,"[""Ground"",""Ghost""]",false,66.6,,false,false,false,false,,"{""hp"":58,""atk"":95,""def"":145,""spa"":50,""spd"":105,""spe"":30}"
f6b2a344-f09e-46bc-8782-9e5d571d8039,Arceus-Grass,493,"[""Grass""]",false,320,,false,false,false,false,,"{""hp"":120,""atk"":120,""def"":120,""spa"":120,""spd"":120,""spe"":120}"
f702e068-5454-40ed-9a47-90b18e528bb1,Necrozma,800,"[""Psychic""]",false,230,,false,true,false,false,,"{""hp"":97,""atk"":107,""def"":101,""spa"":127,""spd"":89,""spe"":79}"
f740d1fa-13a5-433d-beb9-08cc2ded6de7,Comfey,764,"[""Fairy""]",false,0.3,0.25,false,false,false,false,,"{""hp"":51,""atk"":52,""def"":90,""spa"":82,""spd"":110,""spe"":100}"
f78878d4-2fe1-4ec2-92ce-ec947f133035,Cramorant-Gulping,845,"[""Flying"",""Water""]",false,18,,false,false,false,false,,"{""hp"":70,""atk"":85,""def"":55,""spa"":85,""spd"":95,""spe"":85}"
f7b38a10-5913-4758-937a-b48170c42202,Kakuna,14,"[""Bug"",""Poison""]",true,10,,false,false,false,false,,"{""hp"":45,""atk"":25,""def"":50,""spa"":25,""spd"":25,""spe"":35}"
f7b93f46-80ef-450b-92a2-71fdf785ba91,Wooper,194,"[""Water"",""Ground""]",true,8.5,,false,false,false,false,,"{""hp"":55,""atk"":45,""def"":45,""spa"":25,""spd"":25,""spe"":15}"
f7c894bd-1b1a-440e-859f-e17cd87b76f2,Rotom,479,"[""Electric"",""Ghost""]",false,0.3,,false,false,false,false,,"{""hp"":50,""atk"":50,""def"":77,""spa"":95,""spd"":77,""spe"":91}"
f7e03ba0-1efd-440b-b7e2-08af86cc659b,Ting-Lu,1003,"[""Dark"",""Ground""]",false,699.7,,false,false,false,false,,"{""hp"":155,""atk"":110,""def"":125,""spa"":55,""spd"":80,""spe"":45}"
f7fb5a47-cd68-42a4-93a8-938fa946db0c,Staraptor,398,"[""Normal"",""Flying""]",false,24.9,,false,false,false,false,,"{""hp"":85,""atk"":120,""def"":70,""spa"":50,""spd"":60,""spe"":100}"
f80c8fe1-c6c2-4c4f-86e6-d36e84d9bbfa,Typhlosion-Hisui,157,"[""Fire"",""Ghost""]",false,69.8,0.875,false,false,false,false,,"{""hp"":73,""atk"":84,""def"":78,""spa"":119,""spd"":85,""spe"":95}"
f85a37ce-f257-4064-b37b-e624d0959f6d,Arcanine-Hisui,59,"[""Fire"",""Rock""]",false,168,0.75,false,false,false,false,,"{""hp"":95,""atk"":115,""def"":80,""spa"":95,""spd"":80,""spe"":90}"
f8727892-2a2c-40ff-a6a5-5d8a998230ce,Heracross-Mega,214,"[""Bug"",""Fighting""]",false,62.5,,false,false,false,true,Heracronite,"{""hp"":80,""atk"":185,""def"":115,""spa"":40,""spd"":105,""spe"":75}"
f89e5872-8145-4be2-b1d9-0eff4e25ee84,Glimmora,970,"[""Rock"",""Poison""]",false,45,,false,false,false,false,,"{""hp"":83,""atk"":55,""def"":90,""spa"":130,""spd"":81,""spe"":86}"
f91ea40d-932a-47d3-95d8-bdf21bffce57,Geodude,74,"[""Rock"",""Ground""]",true,20,,false,false,false,false,,"{""hp"":40,""atk"":80,""def"":100,""spa"":30,""spd"":30,""spe"":20}"
f93b42b2-6656-47f0-b843-81f576bfe172,Flapple,841,"[""Grass"",""Dragon""]",false,1,,false,false,false,false,,"{""hp"":70,""atk"":110,""def"":80,""spa"":95,""spd"":60,""spe"":70}"
f95ade5f-00fa-4f0a-aacb-686c79706f66,Rotom-Mow,479,"[""Electric"",""Grass""]",false,0.3,,false,false,false,false,,"{""hp"":50,""atk"":65,""def"":107,""spa"":105,""spd"":107,""spe"":86}"
f9b738de-94e4-4fb5-91ad-038c7db90627,Carkol,838,"[""Rock"",""Fire""]",true,78,,false,false,false,false,,"{""hp"":80,""atk"":60,""def"":90,""spa"":60,""spd"":70,""spe"":50}"
f9c7b9cf-6abd-47e2-a805-2802ae1ea447,Sandy Shocks,989,"[""Electric"",""Ground""]",false,60,,false,false,false,false,,"{""hp"":85,""atk"":81,""def"":97,""spa"":121,""spd"":85,""spe"":101}"
f9d3a48c-ce34-4a04-956c-41b400f735f2,Azelf,482,"[""Psychic""]",false,0.3,,false,false,false,false,,"{""hp"":75,""atk"":125,""def"":70,""spa"":125,""spd"":70,""spe"":115}"
f9fb52ff-2d0b-412d-9f3e-d5e6df516216,Sandaconda-Gmax,844,"[""Ground""]",false,0,,false,false,true,false,,"{""hp"":72,""atk"":107,""def"":125,""spa"":65,""spd"":70,""spe"":71}"
fa0204c6-36b1-4db2-8a95-8e677383ee1c,Dachsbun,927,"[""Fairy""]",false,14.9,,false,false,false,false,,"{""hp"":57,""atk"":80,""def"":115,""spa"":50,""spd"":80,""spe"":95}"
fa12c8b7-5356-4152-bff7-fa1a5af62c63,Goomy,704,"[""Dragon""]",true,2.8,,false,false,false,false,,"{""hp"":45,""atk"":50,""def"":35,""spa"":55,""spd"":75,""spe"":40}"
fa1d0f6d-c321-4d0b-89ef-0cdb34a45014,Venonat,48,"[""Bug"",""Poison""]",true,30,,false,false,false,false,,"{""hp"":60,""atk"":55,""def"":50,""spa"":40,""spd"":55,""spe"":45}"
faa01441-0511-4233-b81a-93eaded50119,Slowking,199,"[""Water"",""Psychic""]",false,79.5,,false,false,false,false,,"{""hp"":95,""atk"":75,""def"":80,""spa"":100,""spd"":110,""spe"":30}"
faa3e031-e6ec-47d4-bdf5-158a66edb3c0,Scovillain,952,"[""Grass"",""Fire""]",false,15,,false,false,false,false,,"{""hp"":65,""atk"":108,""def"":65,""spa"":108,""spd"":65,""spe"":75}"
fabab46b-a6d1-4b22-8610-6aee53b01516,Scrafty,560,"[""Dark"",""Fighting""]",false,30,,false,false,false,false,,"{""hp"":65,""atk"":90,""def"":115,""spa"":45,""spd"":115,""spe"":58}"
facb6283-dac4-40b5-8b75-61be88a4b9a7,Minccino,572,"[""Normal""]",true,5.8,0.25,false,false,false,false,,"{""hp"":55,""atk"":50,""def"":40,""spa"":40,""spd"":40,""spe"":75}"
fba90748-f8d4-4bf7-8238-8a73e8e13409,Ampharos-Mega,181,"[""Electric"",""Dragon""]",false,61.5,,false,false,false,true,Ampharosite,"{""hp"":90,""atk"":95,""def"":105,""spa"":165,""spd"":110,""spe"":45}"
fba97134-d06f-4be6-9fc8-98d7dfec4a37,Swirlix,684,"[""Fairy""]",true,3.5,,false,false,false,false,,"{""hp"":62,""atk"":48,""def"":66,""spa"":59,""spd"":57,""spe"":49}"
fbb65e6e-490d-46b3-857c-c56d4ed0841b,Durant,632,"[""Bug"",""Steel""]",false,33,,false,false,false,false,,"{""hp"":58,""atk"":109,""def"":112,""spa"":48,""spd"":48,""spe"":109}"
fbba2f37-c7c9-4852-8c8c-915c24d2b749,Pidgeotto,17,"[""Normal"",""Flying""]",true,30,,false,false,false,false,,"{""hp"":63,""atk"":60,""def"":55,""spa"":50,""spd"":50,""spe"":71}"
fbd0b722-316e-4c88-b5cd-f91a9d51ba51,Venomoth,49,"[""Bug"",""Poison""]",false,12.5,,false,false,false,false,,"{""hp"":70,""atk"":65,""def"":60,""spa"":90,""spd"":75,""spe"":90}"
fbe5d295-eff7-4c61-9e8a-2e5e6b503b39,Turtwig,387,"[""Grass""]",true,10.2,0.875,false,false,false,false,,"{""hp"":55,""atk"":68,""def"":64,""spa"":45,""spd"":55,""spe"":31}"
fc1d28e1-eecf-4587-ba71-e396c8d8c0e7,Espathra,956,"[""Psychic""]",false,90,,false,false,false,false,,"{""hp"":95,""atk"":60,""def"":60,""spa"":101,""spd"":60,""spe"":105}"
fc49b2f9-30ad-455d-bdaa-f5667b114012,Kingdra,230,"[""Water"",""Dragon""]",false,152,,false,false,false,false,,"{""hp"":75,""atk"":95,""def"":95,""spa"":95,""spd"":95,""spe"":85}"
fc501f9a-fe04-4042-b8e0-b6d119cc32ea,Muk-Alola,89,"[""Poison"",""Dark""]",false,52,,false,false,false,false,,"{""hp"":105,""atk"":105,""def"":75,""spa"":65,""spd"":100,""spe"":50}"
fc9b2521-f165-4dd7-b951-39b0526a892c,Squawkabilly-Blue,931,"[""Normal"",""Flying""]",false,2.4,,false,false,false,false,,"{""hp"":82,""atk"":96,""def"":51,""spa"":45,""spd"":51,""spe"":92}"
fc9b8cf0-104a-40e7-a841-4eec6ba2cf9b,Gimmighoul,999,"[""Ghost""]",true,5,,false,false,false,false,,"{""hp"":45,""atk"":30,""def"":70,""spa"":75,""spd"":70,""spe"":10}"
fccc3df1-efad-4176-8f51-97edcd0289d1,Venusaur-Mega,3,"[""Grass"",""Poison""]",false,155.5,0.875,false,false,false,true,Venusaurite,"{""hp"":80,""atk"":100,""def"":123,""spa"":122,""spd"":120,""spe"":80}"
fd1433bf-bec8-45a7-8422-d202e6930922,Grubbin,736,"[""Bug""]",true,4.4,,false,false,false,false,,"{""hp"":47,""atk"":62,""def"":45,""spa"":55,""spd"":45,""spe"":46}"
fd1e8d17-194a-4199-b46e-c89358716258,Rellor,953,"[""Bug""]",true,1,,false,false,false,false,,"{""hp"":41,""atk"":50,""def"":60,""spa"":31,""spd"":58,""spe"":30}"
fd3f1607-a0ad-4c62-b750-261994ead116,Yungoos,734,"[""Normal""]",true,6,,false,false,false,false,,"{""hp"":48,""atk"":70,""def"":30,""spa"":30,""spd"":30,""spe"":45}"
fd480124-63d4-40b6-9518-37b7bfa0474b,Druddigon,621,"[""Dragon""]",false,139,,false,false,false,false,,"{""hp"":77,""atk"":120,""def"":90,""spa"":60,""spd"":90,""spe"":48}"
fda71711-bcdd-482d-8b63-5b01dbb0b0c0,Lopunny-Mega,428,"[""Normal"",""Fighting""]",false,28.3,,false,false,false,true,Lopunnite,"{""hp"":65,""atk"":136,""def"":94,""spa"":54,""spd"":96,""spe"":135}"
fdbef2a4-3f2a-4a4c-8e7f-90fe23a7f504,Kleavor,900,"[""Bug"",""Rock""]",false,89,,false,false,false,false,,"{""hp"":70,""atk"":135,""def"":95,""spa"":45,""spd"":70,""spe"":85}"
fe8b9fc6-34f3-499f-ab5d-ce66b39fe3a9,Dragonair,148,"[""Dragon""]",true,16.5,,false,false,false,false,,"{""hp"":61,""atk"":84,""def"":65,""spa"":70,""spd"":70,""spe"":70}"
fe9133c0-69bf-4487-8a1e-4bfa1df11027,Blastoise-Mega,9,"[""Water""]",false,101.1,0.875,false,false,false,true,Blastoisinite,"{""hp"":79,""atk"":103,""def"":120,""spa"":135,""spd"":115,""spe"":78}"
fe922fd7-3495-4270-b9f7-60036963a3d7,Milcery,868,"[""Fairy""]",true,0.3,,false,false,false,false,,"{""hp"":45,""atk"":40,""def"":40,""spa"":50,""spd"":61,""spe"":34}"
fe9a9e91-6b47-4758-aa49-3d91c62a01e5,Swadloon,541,"[""Bug"",""Grass""]",true,7.3,,false,false,false,false,,"{""hp"":55,""atk"":63,""def"":90,""spa"":50,""spd"":80,""spe"":42}"
fe9ef295-682a-42ff-a101-8f031afed9f9,Coalossal,839,"[""Rock"",""Fire""]",false,310.5,,false,false,false,false,,"{""hp"":110,""atk"":80,""def"":120,""spa"":80,""spd"":90,""spe"":30}"
feaa66bc-d84d-4826-955a-9d8c90646d4c,Moltres-Galar,146,"[""Dark"",""Flying""]",false,66,,false,false,false,false,,"{""hp"":90,""atk"":85,""def"":90,""spa"":100,""spd"":125,""spe"":90}"
fee0b28a-4fc6-4e69-a08c-dbb7ae8abe11,Kricketune,402,"[""Bug""]",false,25.5,,false,false,false,false,,"{""hp"":77,""atk"":85,""def"":51,""spa"":55,""spd"":51,""spe"":65}"
ff0235a5-73ea-43ee-a7a8-dfc8b2014408,Goodra-Hisui,706,"[""Steel"",""Dragon""]",false,334.1,,false,false,false,false,,"{""hp"":80,""atk"":100,""def"":100,""spa"":110,""spd"":150,""spe"":60}"
ff164d04-b087-49df-bbd3-f130fe7943fd,Sableye,302,"[""Dark"",""Ghost""]",false,11,,false,false,false,false,,"{""hp"":50,""atk"":75,""def"":75,""spa"":65,""spd"":65,""spe"":50}"
ff47eb7a-77cb-49ce-83f8-ebb94a19b523,Indeedee-F,876,"[""Psychic"",""Normal""]",false,28,,false,false,false,false,,"{""hp"":70,""atk"":55,""def"":65,""spa"":95,""spd"":105,""spe"":85}"
ff512abb-bf8a-47ad-b956-12eb18ced5b1,Incineroar,727,"[""Fire"",""Dark""]",false,83,0.875,false,false,false,false,,"{""hp"":95,""atk"":115,""def"":90,""spa"":80,""spd"":90,""spe"":60}"
ff794c7c-bf1d-4e68-adc2-833d072623aa,Sceptile,254,"[""Grass""]",false,52.2,0.875,false,false,false,false,,"{""hp"":70,""atk"":85,""def"":65,""spa"":105,""spd"":85,""spe"":120}"
ffcba237-f10e-462b-883f-790652f20c8d,Kommo-o-Totem,784,"[""Dragon"",""Fighting""]",false,207.5,,false,false,false,false,,"{""hp"":75,""atk"":110,""def"":125,""spa"":100,""spd"":105,""spe"":85}"