name,type,dex_num,category,target,power,accuracy,priority,pp,short_description,long_description,has_secondary_effect,is_multi_hit,multi_hit_high,multi_hit_low,ignores_substitute,ignores_protect,bounceable,bite,bullet,contact,dance,heal,powder,pulse,punch,slice,sound,wind,boosted_by_sheer_force,ohko,is_z_move,is_max_move,is_legal
"10,000,000 Volt Thunderbolt","""Electric""",719,Special,normal,195,-1,0,1,Very high critical hit ratio.,Has a very high chance for a critical hit.,0,0,,,0,1,0,0,0,0,0,0,0,0,0,0,0,0,0,0,1,0,0
Absorb,"""Grass""",71,Special,normal,20,100,0,25,User recovers 50% of the damage dealt.,"The user recovers 1/2 the HP lost by the target, rounded half up. If Big Root is held by the user, the HP recovered is 1.3x normal, rounded half down.",0,0,,,0,0,0,0,0,0,0,1,0,0,0,0,0,0,0,0,0,0,1
Accelerock,"""Rock""",709,Physical,normal,40,100,1,20,Usually goes first.,No additional effect.,0,0,,,0,0,0,0,0,1,0,0,0,0,0,0,0,0,0,0,0,0,1
Acid,"""Poison""",51,Special,allAdjacentFoes,40,100,0,30,10% chance to lower the foe(s) Sp. Def by 1.,Has a 10% chance to lower the target's Special Defense by 1 stage.,1,0,,,0,0,0,0,0,0,0,0,0,0,0,0,0,0,1,0,0,0,1
Acid Armor,"""Poison""",151,Status,self,0,-1,0,20,Raises the user's Defense by 2.,Raises the user's Defense by 2 stages.,0,0,,,0,0,0,0,0,0,0,0,0,0,0,0,0,0,0,0,0,0,1
Acid Downpour,"""Poison""",628,Physical,normal,1,-1,0,1,Power is equal to the base move's Z-Power.,Power is equal to the base move's Z-Power.,0,0,,,0,1,0,0,0,0,0,0,0,0,0,0,0,0,0,0,1,0,0
Acid Spray,"""Poison""",491,Special,normal,40,100,0,20,100% chance to lower the target's Sp. Def by 2.,Has a 100% chance to lower the target's Special Defense by 2 stages.,1,0,,,0,0,0,0,1,0,0,0,0,0,0,0,0,0,1,0,0,0,1
Acrobatics,"""Flying""",512,Physical,any,55,100,0,15,Power doubles if the user has no held item.,Power doubles if the user has no held item.,0,0,,,0,0,0,0,0,1,0,0,0,0,0,0,0,0,0,0,0,0,1
Acupressure,"""Normal""",367,Status,adjacentAllyOrSelf,0,-1,0,30,Raises a random stat of the user or an ally by 2.,Raises a random stat by 2 stages as long as the stat is not already at stage 6. The user can choose to use this move on itself or an adjacent ally. Fails if no stat stage can be raised or if used on an ally with a substitute.,0,0,,,0,0,0,0,0,0,0,0,0,0,0,0,0,0,0,0,0,0,1
Aerial Ace,"""Flying""",332,Physical,any,60,-1,0,20,This move does not check accuracy.,This move does not check accuracy.,0,0,,,0,0,0,0,0,1,0,0,0,0,0,0,0,0,0,0,0,0,1
Aeroblast,"""Flying""",177,Special,any,100,95,0,5,High critical hit ratio.,Has a higher chance for a critical hit.,0,0,,,0,0,0,0,0,0,0,0,0,0,0,0,0,1,0,0,0,0,1
After You,"""Normal""",495,Status,normal,0,-1,0,15,The target makes its move right after the user.,"The target makes its move immediately after the user this turn, no matter the priority of its selected move. Fails if the target would have moved next anyway, or if the target already moved this turn.",0,0,,,1,0,0,0,0,0,0,0,0,0,0,0,0,0,0,0,0,0,1
Agility,"""Psychic""",97,Status,self,0,-1,0,30,Raises the user's Speed by 2.,Raises the user's Speed by 2 stages.,0,0,,,0,0,0,0,0,0,0,0,0,0,0,0,0,0,0,0,0,0,1
Air Cutter,"""Flying""",314,Special,allAdjacentFoes,60,95,0,25,High critical hit ratio. Hits adjacent foes.,Has a higher chance for a critical hit.,0,0,,,0,0,0,0,0,0,0,0,0,0,0,0,0,1,0,0,0,0,1
Air Slash,"""Flying""",403,Special,any,75,95,0,15,30% chance to make the target flinch.,Has a 30% chance to make the target flinch.,1,0,,,0,0,0,0,0,0,0,0,0,0,0,0,0,0,1,0,0,0,1
All-Out Pummeling,"""Fighting""",624,Physical,normal,1,-1,0,1,Power is equal to the base move's Z-Power.,Power is equal to the base move's Z-Power.,0,0,,,0,1,0,0,0,0,0,0,0,0,0,0,0,0,0,0,1,0,0
Alluring Voice,"""Fairy""",914,Special,normal,80,100,0,10,100% confuse target that had a stat rise this turn.,Has a 100% chance to confuse the target if it had a stat stage raised this turn.,1,0,,,1,0,0,0,0,0,0,0,0,0,0,0,1,0,1,0,0,0,1
Ally Switch,"""Psychic""",502,Status,self,0,-1,2,15,User and ally swap positions; using again can fail.,"The user swaps positions with its ally. Fails if the user is the only Pokemon on its side. This move has a 1/X chance of being successful, where X starts at 1 and triples each time this move is successfully used. X resets to 1 if this move fails or if the user's last move used is not Ally Switch.",0,0,,,0,0,0,0,0,0,0,0,0,0,0,0,0,0,0,0,0,0,1
Amnesia,"""Psychic""",133,Status,self,0,-1,0,20,Raises the user's Sp. Def by 2.,Raises the user's Special Defense by 2 stages.,0,0,,,0,0,0,0,0,0,0,0,0,0,0,0,0,0,0,0,0,0,1
Anchor Shot,"""Steel""",677,Physical,normal,80,100,0,20,Prevents the target from switching out.,"Prevents the target from switching out. The target can still switch out if it is holding Shed Shell or uses Baton Pass, Flip Turn, Parting Shot, Teleport, U-turn, or Volt Switch. The effect ends if either the user or the target leaves the field.",1,0,,,0,0,0,0,0,1,0,0,0,0,0,0,0,0,1,0,0,0,0
Ancient Power,"""Rock""",246,Special,normal,60,100,0,5,10% chance to raise all stats by 1 (not acc/eva).,"Has a 10% chance to raise the user's Attack, Defense, Special Attack, Special Defense, and Speed by 1 stage.",1,0,,,0,0,0,0,0,0,0,0,0,0,0,0,0,0,1,0,0,0,1
Apple Acid,"""Grass""",787,Special,normal,80,100,0,10,100% chance to lower the target's Sp. Def by 1.,Has a 100% chance to lower the target's Special Defense by 1 stage.,1,0,,,0,0,0,0,0,0,0,0,0,0,0,0,0,0,1,0,0,0,1
Aqua Cutter,"""Water""",895,Physical,normal,70,100,0,20,High critical hit ratio.,Has a higher chance for a critical hit.,0,0,,,0,0,0,0,0,0,0,0,0,0,0,0,0,0,0,0,0,0,1
Aqua Jet,"""Water""",453,Physical,normal,40,100,1,20,Usually goes first.,No additional effect.,0,0,,,0,0,0,0,0,1,0,0,0,0,0,0,0,0,0,0,0,0,1
Aqua Ring,"""Water""",392,Status,self,0,-1,0,20,User recovers 1/16 max HP per turn.,"The user has 1/16 of its maximum HP, rounded down, restored at the end of each turn while it remains active. If Big Root is held by the user, the HP recovered is 1.3x normal, rounded half down. If the user uses Baton Pass, the replacement will receive the healing effect.",0,0,,,0,0,0,0,0,0,0,0,0,0,0,0,0,0,0,0,0,0,1
Aqua Step,"""Water""",872,Physical,normal,80,100,0,10,100% chance to raise the user's Speed by 1.,Has a 100% chance to raise the user's Speed by 1 stage.,1,0,,,0,0,0,0,0,1,1,0,0,0,0,0,0,0,1,0,0,0,1
Aqua Tail,"""Water""",401,Physical,normal,90,90,0,10,No additional effect.,No additional effect.,0,0,,,0,0,0,0,0,1,0,0,0,0,0,0,0,0,0,0,0,0,1
Armor Cannon,"""Fire""",890,Special,normal,120,100,0,5,Lowers the user's Defense and Sp. Def by 1.,Lowers the user's Defense and Special Defense by 1 stage.,0,0,,,0,0,0,0,0,0,0,0,0,0,0,0,0,0,0,0,0,0,1
Arm Thrust,"""Fighting""",292,Physical,normal,15,100,0,20,Hits 2-5 times in one turn.,"Hits two to five times. Has a 35% chance to hit two or three times and a 15% chance to hit four or five times. If one of the hits breaks the target's substitute, it will take damage for the remaining hits. If the user has the Skill Link Ability, this move will always hit five times. If the user is holding Loaded Dice, this move will hit 4-5 times.",0,1,5,2,0,0,0,0,0,1,0,0,0,0,0,0,0,0,0,0,0,0,1
Aromatherapy,"""Grass""",312,Status,allyTeam,0,-1,0,5,Cures the user's party of all status conditions.,"Every Pokemon in the user's party is cured of its non-volatile status condition. Active Pokemon with the Sap Sipper Ability are not cured, unless they are the user.",0,0,,,0,0,0,0,0,0,0,0,0,0,0,0,0,0,0,0,0,0,0
Aromatic Mist,"""Fairy""",597,Status,adjacentAlly,0,-1,0,20,Raises an ally's Sp. Def by 1.,Raises the target's Special Defense by 1 stage. Fails if there is no ally adjacent to the user.,0,0,,,1,0,0,0,0,0,0,0,0,0,0,0,0,0,0,0,0,0,1
Assist,"""Normal""",274,Status,self,0,-1,0,20,Uses a random move known by a team member.,"A random move among those known by the user's party members is selected for use. Does not select Assist, Baneful Bunker, Beak Blast, Belch, Bestow, Blazing Torque, Bounce, Celebrate, Chatter, Circle Throw, Combat Torque, Copycat, Counter, Covet, Destiny Bond, Detect, Dig, Dive, Dragon Tail, Endure, Feint, Fly, Focus Punch, Follow Me, Helping Hand, Hold Hands, King's Shield, Magical Torque, Mat Block, Me First, Metronome, Mimic, Mirror Coat, Mirror Move, Nature Power, Noxious Torque, Phantom Force, Protect, Rage Powder, Roar, Shadow Force, Shell Trap, Sketch, Sky Drop, Sleep Talk, Snatch, Spiky Shield, Spotlight, Struggle, Switcheroo, Tera Starstorm, Thief, Transform, Trick, Whirlwind, or Wicked Torque.",0,0,,,0,0,0,0,0,0,0,0,0,0,0,0,0,0,0,0,0,0,0
Assurance,"""Dark""",372,Physical,normal,60,100,0,10,Power doubles if target was damaged this turn.,"Power doubles if the target has already taken damage this turn, other than direct damage from Belly Drum, confusion, Curse, or Pain Split.",0,0,,,0,0,0,0,0,1,0,0,0,0,0,0,0,0,0,0,0,0,1
Astonish,"""Ghost""",310,Physical,normal,30,100,0,15,30% chance to make the target flinch.,Has a 30% chance to make the target flinch.,1,0,,,0,0,0,0,0,1,0,0,0,0,0,0,0,0,1,0,0,0,1
Astral Barrage,"""Ghost""",825,Special,allAdjacentFoes,120,100,0,5,No additional effect. Hits adjacent foes.,No additional effect.,0,0,,,0,0,0,0,0,0,0,0,0,0,0,0,0,0,0,0,0,0,1
Attack Order,"""Bug""",454,Physical,normal,90,100,0,15,High critical hit ratio.,Has a higher chance for a critical hit.,0,0,,,0,0,0,0,0,0,0,0,0,0,0,0,0,0,0,0,0,0,1
Attract,"""Normal""",213,Status,normal,0,100,0,15,A target of the opposite gender gets infatuated.,"Causes the target to become infatuated, making it unable to attack 50% of the time. Fails if both the user and the target are the same gender, if either is genderless, or if the target is already infatuated. The effect ends when either the user or the target is no longer active. Pokemon with the Oblivious Ability or protected by the Aroma Veil Ability are immune.",0,0,,,1,0,1,0,0,0,0,0,0,0,0,0,0,0,0,0,0,0,1
Aura Sphere,"""Fighting""",396,Special,any,80,-1,0,20,This move does not check accuracy.,This move does not check accuracy.,0,0,,,0,0,0,0,1,0,0,0,0,1,0,0,0,0,0,0,0,0,1
Aura Wheel,"""Electric""",783,Physical,normal,110,100,0,10,Morpeko: Electric; Hangry: Dark; 100% +1 Spe.,"Has a 100% chance to raise the user's Speed by 1 stage. If the user is a Morpeko in Full Belly Mode, this move is Electric type. If the user is a Morpeko in Hangry Mode, this move is Dark type. This move cannot be used successfully unless the user's current form, while considering Transform, is Full Belly or Hangry Mode Morpeko.",1,0,,,0,0,0,0,0,0,0,0,0,0,0,0,0,0,1,0,0,0,1
Aurora Beam,"""Ice""",62,Special,normal,65,100,0,20,10% chance to lower the target's Attack by 1.,Has a 10% chance to lower the target's Attack by 1 stage.,1,0,,,0,0,0,0,0,0,0,0,0,0,0,0,0,0,1,0,0,0,1
Aurora Veil,"""Ice""",694,Status,allySide,0,-1,0,20,"For 5 turns, damage to allies halved. Snow only.","For 5 turns, the user and its party members take 0.5x damage from physical and special attacks, or 0.66x damage if in a Double Battle; does not reduce damage further with Reflect or Light Screen. Critical hits ignore this protection. It is removed from the user's side if the user or an ally is successfully hit by Brick Break, Psychic Fangs, or Defog. Brick Break and Psychic Fangs remove the effect before damage is calculated. Lasts for 8 turns if the user is holding Light Clay. Fails unless the weather is Snow.",0,0,,,0,0,0,0,0,0,0,0,0,0,0,0,0,0,0,0,0,0,1
Autotomize,"""Steel""",475,Status,self,0,-1,0,15,Raises the user's Speed by 2; user loses 100 kg.,"Raises the user's Speed by 2 stages. If the user's Speed was changed, the user's weight is reduced by 100 kg as long as it remains active. This effect is stackable but cannot reduce the user's weight to less than 0.1 kg.",0,0,,,0,0,0,0,0,0,0,0,0,0,0,0,0,0,0,0,0,0,0
Avalanche,"""Ice""",419,Physical,normal,60,100,-4,10,Power doubles if user is damaged by the target.,Power doubles if the user was hit by the target this turn.,0,0,,,0,0,0,0,0,1,0,0,0,0,0,0,0,0,0,0,0,0,1
Axe Kick,"""Fighting""",853,Physical,normal,120,90,0,10,30% confusion. User loses 50% max HP if miss.,"Has a 30% chance to confuse the target. If this attack is not successful, the user loses half of its maximum HP, rounded down, as crash damage. Pokemon with the Magic Guard Ability are unaffected by crash damage.",1,0,,,0,0,0,0,0,1,0,0,0,0,0,0,0,0,1,0,0,0,1
Baby-Doll Eyes,"""Fairy""",608,Status,normal,0,100,1,30,Lowers the target's Attack by 1.,Lowers the target's Attack by 1 stage.,0,0,,,0,0,1,0,0,0,0,0,0,0,0,0,0,0,0,0,0,0,1
Baddy Bad,"""Dark""",737,Special,normal,80,95,0,15,Summons Reflect.,This move summons Reflect for 5 turns upon use.,0,0,,,0,0,0,0,0,0,0,0,0,0,0,0,0,0,0,0,0,0,0
Baneful Bunker,"""Poison""",661,Status,self,0,-1,4,10,Protects from moves. Contact: poison.,"The user is protected from most attacks made by other Pokemon during this turn, and Pokemon making contact with the user become poisoned. This move has a 1/X chance of being successful, where X starts at 1 and triples each time this move is successfully used. X resets to 1 if this move fails, if the user's last move used is not Baneful Bunker, Burning Bulwark, Detect, Endure, King's Shield, Max Guard, Obstruct, Protect, Quick Guard, Silk Trap, Spiky Shield, or Wide Guard, or if it was one of those moves and the user's protection was broken. Fails if the user moves last this turn.",0,0,,,0,0,0,0,0,0,0,0,0,0,0,0,0,0,0,0,0,0,1
Barb Barrage,"""Poison""",839,Physical,normal,60,100,0,10,50% psn. 2x power if target already poisoned.,Has a 50% chance to poison the target. Power doubles if the target is already poisoned.,1,0,,,0,0,0,0,0,0,0,0,0,0,0,0,0,0,1,0,0,0,1
Barrage,"""Normal""",140,Physical,normal,15,85,0,20,Hits 2-5 times in one turn.,"Hits two to five times. Has a 35% chance to hit two or three times and a 15% chance to hit four or five times. If one of the hits breaks the target's substitute, it will take damage for the remaining hits. If the user has the Skill Link Ability, this move will always hit five times.",0,1,5,2,0,0,0,0,1,0,0,0,0,0,0,0,0,0,0,0,0,0,0
Barrier,"""Psychic""",112,Status,self,0,-1,0,20,Raises the user's Defense by 2.,Raises the user's Defense by 2 stages.,0,0,,,0,0,0,0,0,0,0,0,0,0,0,0,0,0,0,0,0,0,0
Baton Pass,"""Normal""",226,Status,self,0,-1,0,40,"User switches, passing stat changes and more.","The user is replaced with another Pokemon in its party. The selected Pokemon has the user's stat stage changes transferred to it, as well as the effects of confusion, Aqua Ring, Curse, Dragon Cheer, Embargo, Focus Energy, Gastro Acid, Heal Block, Ingrain, Leech Seed, Lock-On (Mind Reader), Magnet Rise, Perish Song, Power Trick, Telekinesis, and a substitute with its remaining HP. The effect of Gastro Acid is not transferred if the recipient has an Ability that cannot be affected.",0,0,,,0,0,0,0,0,0,0,0,0,0,0,0,0,0,0,0,0,0,1
Beak Blast,"""Flying""",690,Physical,normal,100,100,-3,15,Burns on contact with the user before it moves.,"If the user is hit by a contact move this turn before it can execute this move, the attacker is burned.",0,0,,,0,0,0,0,1,0,0,0,0,0,0,0,0,0,0,0,0,0,1
Beat Up,"""Dark""",251,Physical,normal,0,100,0,10,All healthy allies aid in damaging the target.,"Hits one time for the user and one time for each unfainted Pokemon without a non-volatile status condition in the user's party. The power of each hit is equal to 5+(X/10), where X is each participating Pokemon's base Attack; each hit is considered to come from the user.",0,0,,,0,0,0,0,0,0,0,0,0,0,0,0,0,0,0,0,0,0,1
Behemoth Bash,"""Steel""",782,Physical,normal,100,100,0,5,No additional effect.,No additional effect.,0,0,,,0,0,0,0,0,1,0,0,0,0,0,0,0,0,0,0,0,0,1
Behemoth Blade,"""Steel""",781,Physical,normal,100,100,0,5,No additional effect.,No additional effect.,0,0,,,0,0,0,0,0,1,0,0,0,0,0,0,0,0,0,0,0,0,1
Belch,"""Poison""",562,Special,normal,120,90,0,10,Cannot be selected until the user eats a Berry.,"This move cannot be selected until the user eats a Berry, either by eating one that was held, stealing and eating one off another Pokemon with Bug Bite or Pluck, or eating one that was thrown at it with Fling. Once the condition is met, this move can be selected and used for the rest of the battle even if the user gains or uses another item or switches out. Consuming a Berry with Natural Gift does not count for the purposes of eating one.",0,0,,,0,0,0,0,0,0,0,0,0,0,0,0,0,0,0,0,0,0,1
Belly Drum,"""Normal""",187,Status,self,0,-1,0,10,User loses 50% max HP. Maximizes Attack.,"Raises the user's Attack by 12 stages in exchange for the user losing 1/2 of its maximum HP, rounded down. Fails if the user would faint or if its Attack stat stage is 6.",0,0,,,0,0,0,0,0,0,0,0,0,0,0,0,0,0,0,0,0,0,1
Bestow,"""Normal""",516,Status,normal,0,-1,0,15,User passes its held item to the target.,"The target receives the user's held item. Fails if the user has no item or is holding a Mail or Z-Crystal, if the target is already holding an item, if the user is a Kyogre holding a Blue Orb, a Groudon holding a Red Orb, a Giratina holding a Griseous Orb, an Arceus holding a Plate, a Genesect holding a Drive, a Silvally holding a Memory, a Pokemon that can Mega Evolve holding the Mega Stone for its species, or if the target is one of those Pokemon and the user is holding the respective item.",0,0,,,1,0,0,0,0,0,0,0,0,0,0,0,0,0,0,0,0,0,0
Bide,"""Normal""",117,Physical,self,0,-1,1,10,Waits 2 turns; deals double the damage taken.,"The user spends two turns locked into this move and then, on the second turn after using this move, the user attacks the last Pokemon that hit it, inflicting double the damage in HP it lost to attacks during the two turns. If the last Pokemon that hit it is no longer active, the user attacks a random opposing Pokemon instead. If the user is prevented from moving during this move's use, the effect ends. This move does not check accuracy and does not ignore type immunity.",0,0,,,0,0,0,0,0,1,0,0,0,0,0,0,0,0,0,0,0,0,0
Bind,"""Normal""",20,Physical,normal,15,85,0,20,Traps and damages the target for 4-5 turns.,"Prevents the target from switching for four or five turns (seven turns if the user is holding Grip Claw). Causes damage to the target equal to 1/8 of its maximum HP (1/6 if the user is holding Binding Band), rounded down, at the end of each turn during effect. The target can still switch out if it is holding Shed Shell or uses Baton Pass, Flip Turn, Parting Shot, Shed Tail, Teleport, U-turn, or Volt Switch. The effect ends if either the user or the target leaves the field, or if the target uses Mortal Spin, Rapid Spin, or Substitute successfully. This effect is not stackable or reset by using this or another binding move.",0,0,,,0,0,0,0,0,1,0,0,0,0,0,0,0,0,0,0,0,0,1
Bite,"""Dark""",44,Physical,normal,60,100,0,25,30% chance to make the target flinch.,Has a 30% chance to make the target flinch.,1,0,,,0,0,0,1,0,1,0,0,0,0,0,0,0,0,1,0,0,0,1
Bitter Blade,"""Fire""",891,Physical,normal,90,100,0,10,User recovers 50% of the damage dealt.,"The user recovers 1/2 the HP lost by the target, rounded half up. If Big Root is held by the user, the HP recovered is 1.3x normal, rounded half down.",0,0,,,0,0,0,0,0,1,0,1,0,0,0,0,0,0,0,0,0,0,1
Bitter Malice,"""Ghost""",841,Special,normal,75,100,0,10,100% chance to lower the target's Attack by 1.,Has a 100% chance to lower the target's Attack by 1 stage.,1,0,,,0,0,0,0,0,0,0,0,0,0,0,0,0,0,1,0,0,0,1
Black Hole Eclipse,"""Dark""",654,Physical,normal,1,-1,0,1,Power is equal to the base move's Z-Power.,Power is equal to the base move's Z-Power.,0,0,,,0,1,0,0,0,0,0,0,0,0,0,0,0,0,0,0,1,0,0
Blast Burn,"""Fire""",307,Special,normal,150,90,0,5,User cannot move next turn.,"If this move is successful, the user must recharge on the following turn and cannot select a move.",0,0,,,0,0,0,0,0,0,0,0,0,0,0,0,0,0,0,0,0,0,1
Blaze Kick,"""Fire""",299,Physical,normal,85,90,0,10,High critical hit ratio. 10% chance to burn.,Has a 10% chance to burn the target and a higher chance for a critical hit.,1,0,,,0,0,0,0,0,1,0,0,0,0,0,0,0,0,1,0,0,0,1
Blazing Torque,"""Fire""",896,Physical,normal,80,100,0,10,30% chance to burn the target.,Has a 30% chance to burn the target.,1,0,,,0,0,0,0,0,0,0,0,0,0,0,0,0,0,1,0,0,0,0
Bleakwind Storm,"""Flying""",846,Special,allAdjacentFoes,100,80,0,10,30% to lower foe(s) Speed by 1. Rain: can't miss.,"Has a 30% chance to lower the target's Speed by 1 stage. If the weather is Primordial Sea or Rain Dance, this move does not check accuracy. If this move is used against a Pokemon holding Utility Umbrella, this move's accuracy remains at 80%.",1,0,,,0,0,0,0,0,0,0,0,0,0,0,0,0,1,1,0,0,0,1
Blizzard,"""Ice""",59,Special,allAdjacentFoes,110,70,0,5,10% chance to freeze foe(s). Can't miss in Snow.,"Has a 10% chance to freeze the target. If the weather is Snow, this move does not check accuracy.",1,0,,,0,0,0,0,0,0,0,0,0,0,0,0,0,1,1,0,0,0,1
Block,"""Normal""",335,Status,normal,0,-1,0,5,Prevents the target from switching out.,"Prevents the target from switching out. The target can still switch out if it is holding Shed Shell or uses Baton Pass, Flip Turn, Parting Shot, Teleport, U-turn, or Volt Switch. The effect ends if either the user or the target leaves the field.",0,0,,,0,0,1,0,0,0,0,0,0,0,0,0,0,0,0,0,0,0,1
Blood Moon,"""Normal""",901,Special,normal,140,100,0,5,Cannot be selected the turn after it's used.,Cannot be selected the turn after it's used.,0,0,,,0,0,0,0,0,0,0,0,0,0,0,0,0,0,0,0,0,0,1
Bloom Doom,"""Grass""",644,Physical,normal,1,-1,0,1,Power is equal to the base move's Z-Power.,Power is equal to the base move's Z-Power.,0,0,,,0,1,0,0,0,0,0,0,0,0,0,0,0,0,0,0,1,0,0
Blue Flare,"""Fire""",551,Special,normal,130,85,0,5,20% chance to burn the target.,Has a 20% chance to burn the target.,1,0,,,0,0,0,0,0,0,0,0,0,0,0,0,0,0,1,0,0,0,1
Body Press,"""Fighting""",776,Physical,normal,80,100,0,10,Uses user's Def stat as Atk in damage calculation.,"Damage is calculated using the user's Defense stat as its Attack, including stat stage changes. Other effects that modify the Attack stat are used as normal.",0,0,,,0,0,0,0,0,1,0,0,0,0,0,0,0,0,0,0,0,0,1
Body Slam,"""Normal""",34,Physical,normal,85,100,0,15,30% chance to paralyze the target.,Has a 30% chance to paralyze the target. Damage doubles and no accuracy check is done if the target has used Minimize while active.,1,0,,,0,0,0,0,0,1,0,0,0,0,0,0,0,0,1,0,0,0,1
Bolt Beak,"""Electric""",754,Physical,normal,85,100,0,10,Power doubles if user moves before the target.,Power doubles if the user moves before the target.,0,0,,,0,0,0,0,0,1,0,0,0,0,0,0,0,0,0,0,0,0,0
Bolt Strike,"""Electric""",550,Physical,normal,130,85,0,5,20% chance to paralyze the target.,Has a 20% chance to paralyze the target.,1,0,,,0,0,0,0,0,1,0,0,0,0,0,0,0,0,1,0,0,0,1
Bone Club,"""Ground""",125,Physical,normal,65,85,0,20,10% chance to make the target flinch.,Has a 10% chance to make the target flinch.,1,0,,,0,0,0,0,0,0,0,0,0,0,0,0,0,0,1,0,0,0,0
Bonemerang,"""Ground""",155,Physical,normal,50,90,0,10,Hits 2 times in one turn.,"Hits twice. If the first hit breaks the target's substitute, it will take damage for the second hit.",0,1,,,0,0,0,0,0,0,0,0,0,0,0,0,0,0,0,0,0,0,0
Bone Rush,"""Ground""",198,Physical,normal,25,90,0,10,Hits 2-5 times in one turn.,"Hits two to five times. Has a 35% chance to hit two or three times and a 15% chance to hit four or five times. If one of the hits breaks the target's substitute, it will take damage for the remaining hits. If the user has the Skill Link Ability, this move will always hit five times. If the user is holding Loaded Dice, this move will hit 4-5 times.",0,1,5,2,0,0,0,0,0,0,0,0,0,0,0,0,0,0,0,0,0,0,1
Boomburst,"""Normal""",586,Special,allAdjacent,140,100,0,10,No additional effect. Hits adjacent Pokemon.,No additional effect.,0,0,,,1,0,0,0,0,0,0,0,0,0,0,0,1,0,0,0,0,0,1
Bounce,"""Flying""",340,Physical,any,85,85,0,5,Bounces turn 1. Hits turn 2. 30% paralyze.,"Has a 30% chance to paralyze the target. This attack charges on the first turn and executes on the second. On the first turn, the user avoids all attacks other than Gust, Hurricane, Sky Uppercut, Smack Down, Thousand Arrows, Thunder, and Twister, and Gust and Twister have doubled power when used against it. If the user is holding a Power Herb, the move completes in one turn.",1,0,,,0,0,0,0,0,1,0,0,0,0,0,0,0,0,1,0,0,0,1
Bouncy Bubble,"""Water""",733,Special,normal,60,100,0,20,User recovers 50% of the damage dealt.,"The user recovers 1/2 the HP lost by the target, rounded half up. If Big Root is held by the user, the HP recovered is 1.3x normal, rounded half down.",0,0,,,0,0,0,0,0,0,0,1,0,0,0,0,0,0,0,0,0,0,0
Branch Poke,"""Grass""",785,Physical,normal,40,100,0,40,No additional effect.,No additional effect.,0,0,,,0,0,0,0,0,1,0,0,0,0,0,0,0,0,0,0,0,0,1
Brave Bird,"""Flying""",413,Physical,any,120,100,0,15,Has 33% recoil.,"If the target lost HP, the user takes recoil damage equal to 33% the HP lost by the target, rounded half up, but not less than 1 HP.",0,0,,,0,0,0,0,0,1,0,0,0,0,0,0,0,0,0,0,0,0,1
Breaking Swipe,"""Dragon""",784,Physical,allAdjacentFoes,60,100,0,15,100% chance to lower the foe(s) Attack by 1.,Has a 100% chance to lower the target's Attack by 1 stage.,1,0,,,0,0,0,0,0,1,0,0,0,0,0,0,0,0,1,0,0,0,1
Breakneck Blitz,"""Normal""",622,Physical,normal,1,-1,0,1,Power is equal to the base move's Z-Power.,Power is equal to the base move's Z-Power.,0,0,,,0,1,0,0,0,0,0,0,0,0,0,0,0,0,0,0,1,0,0
Brick Break,"""Fighting""",280,Physical,normal,75,100,0,15,"Destroys screens, unless the target is immune.","If this attack does not miss, the effects of Reflect, Light Screen, and Aurora Veil end for the target's side of the field before damage is calculated.",0,0,,,0,0,0,0,0,1,0,0,0,0,0,0,0,0,0,0,0,0,1
Brine,"""Water""",362,Special,normal,65,100,0,10,Power doubles if the target's HP is 50% or less.,Power doubles if the target has less than or equal to half of its maximum HP remaining.,0,0,,,0,0,0,0,0,0,0,0,0,0,0,0,0,0,0,0,0,0,1
Brutal Swing,"""Dark""",693,Physical,allAdjacent,60,100,0,20,No additional effect. Hits adjacent Pokemon.,No additional effect.,0,0,,,0,0,0,0,0,1,0,0,0,0,0,0,0,0,0,0,0,0,1
Bubble,"""Water""",145,Special,allAdjacentFoes,40,100,0,30,10% chance to lower the foe(s) Speed by 1.,Has a 10% chance to lower the target's Speed by 1 stage.,1,0,,,0,0,0,0,0,0,0,0,0,0,0,0,0,0,1,0,0,0,0
Bubble Beam,"""Water""",61,Special,normal,65,100,0,20,10% chance to lower the target's Speed by 1.,Has a 10% chance to lower the target's Speed by 1 stage.,1,0,,,0,0,0,0,0,0,0,0,0,0,0,0,0,0,1,0,0,0,1
Bug Bite,"""Bug""",450,Physical,normal,60,100,0,20,User steals and eats the target's Berry.,"If this move is successful and the user has not fainted, it steals the target's held Berry if it is holding one and eats it immediately, gaining its effects even if the user's item is being ignored. Items lost to this move cannot be regained with Recycle or the Harvest Ability.",0,0,,,0,0,0,0,0,1,0,0,0,0,0,0,0,0,0,0,0,0,1
Bug Buzz,"""Bug""",405,Special,normal,90,100,0,10,10% chance to lower the target's Sp. Def by 1.,Has a 10% chance to lower the target's Special Defense by 1 stage.,1,0,,,1,0,0,0,0,0,0,0,0,0,0,0,1,0,1,0,0,0,1
Bulk Up,"""Fighting""",339,Status,self,0,-1,0,20,Raises the user's Attack and Defense by 1.,Raises the user's Attack and Defense by 1 stage.,0,0,,,0,0,0,0,0,0,0,0,0,0,0,0,0,0,0,0,0,0,1
Bulldoze,"""Ground""",523,Physical,allAdjacent,60,100,0,20,100% chance lower adjacent Pkmn Speed by 1.,Has a 100% chance to lower the target's Speed by 1 stage.,1,0,,,0,0,0,0,0,0,0,0,0,0,0,0,0,0,1,0,0,0,1
Bullet Punch,"""Steel""",418,Physical,normal,40,100,1,30,Usually goes first.,No additional effect.,0,0,,,0,0,0,0,0,1,0,0,0,0,1,0,0,0,0,0,0,0,1
Bullet Seed,"""Grass""",331,Physical,normal,25,100,0,30,Hits 2-5 times in one turn.,"Hits two to five times. Has a 35% chance to hit two or three times and a 15% chance to hit four or five times. If one of the hits breaks the target's substitute, it will take damage for the remaining hits. If the user has the Skill Link Ability, this move will always hit five times. If the user is holding Loaded Dice, this move will hit 4-5 times.",0,1,5,2,0,0,0,0,1,0,0,0,0,0,0,0,0,0,0,0,0,0,1
Burning Bulwark,"""Fire""",908,Status,self,0,-1,4,10,Protects from damaging attacks. Contact: burn.,"The user is protected from most attacks made by other Pokemon during this turn, and Pokemon trying to make contact with the user become burned. Non-damaging moves go through this protection. This move has a 1/X chance of being successful, where X starts at 1 and triples each time this move is successfully used. X resets to 1 if this move fails, if the user's last move used is not Baneful Bunker, Burning Bulwark, Detect, Endure, King's Shield, Max Guard, Obstruct, Protect, Quick Guard, Silk Trap, Spiky Shield, or Wide Guard, or if it was one of those moves and the user's protection was broken. Fails if the user moves last this turn.",0,0,,,0,0,0,0,0,0,0,0,0,0,0,0,0,0,0,0,0,0,1
Burning Jealousy,"""Fire""",807,Special,allAdjacentFoes,70,100,0,5,100% burns a target that had a stat rise this turn.,Has a 100% chance to burn the target if it had a stat stage raised this turn.,1,0,,,0,0,0,0,0,0,0,0,0,0,0,0,0,0,1,0,0,0,1
Burn Up,"""Fire""",682,Special,normal,130,100,0,5,User's Fire type becomes typeless; must be Fire.,"Fails unless the user is a Fire type. If this move is successful and the user is not Terastallized, the user's Fire type becomes typeless as long as it remains active.",0,0,,,0,0,0,0,0,0,0,0,0,0,0,0,0,0,0,0,0,0,0
Buzzy Buzz,"""Electric""",734,Special,normal,60,100,0,20,100% chance to paralyze the foe.,Has a 100% chance to paralyze the foe.,1,0,,,0,0,0,0,0,0,0,0,0,0,0,0,0,0,1,0,0,0,0
Calm Mind,"""Psychic""",347,Status,self,0,-1,0,20,Raises the user's Sp. Atk and Sp. Def by 1.,Raises the user's Special Attack and Special Defense by 1 stage.,0,0,,,0,0,0,0,0,0,0,0,0,0,0,0,0,0,0,0,0,0,1
Camouflage,"""Normal""",293,Status,self,0,-1,0,20,Changes user's type by terrain (default Normal).,"The user's type changes based on the battle terrain. Normal type on the regular Wi-Fi terrain, Electric type during Electric Terrain, Fairy type during Misty Terrain, Grass type during Grassy Terrain, and Psychic type during Psychic Terrain. Fails if the user's type cannot be changed or if the user is already purely that type.",0,0,,,0,0,0,0,0,0,0,0,0,0,0,0,0,0,0,0,0,0,0
Captivate,"""Normal""",445,Status,allAdjacentFoes,0,100,0,20,Lowers the foe(s) Sp. Atk by 2 if opposite gender.,"Lowers the target's Special Attack by 2 stages. The target is unaffected if both the user and the target are the same gender, or if either is genderless. Pokemon with the Oblivious Ability are immune.",0,0,,,0,0,1,0,0,0,0,0,0,0,0,0,0,0,0,0,0,0,0
Catastropika,"""Electric""",658,Physical,normal,210,-1,0,1,No additional effect.,No additional effect.,0,0,,,0,1,0,0,0,1,0,0,0,0,0,0,0,0,0,0,1,0,0
Ceaseless Edge,"""Dark""",845,Physical,normal,65,90,0,15,Sets a layer of Spikes on the opposing side.,"If this move is successful, it sets up a hazard on the opposing side of the field, damaging each opposing Pokemon that switches in, unless it is a Flying-type Pokemon or has the Levitate Ability. A maximum of three layers may be set, and opponents lose 1/8 of their maximum HP with one layer, 1/6 of their maximum HP with two layers, and 1/4 of their maximum HP with three layers, all rounded down. Can be removed from the opposing side if any Pokemon uses Tidy Up, or if any opposing Pokemon uses Mortal Spin, Rapid Spin, or Defog successfully, or is hit by Defog.",0,0,,,0,0,0,0,0,1,0,0,0,0,0,0,0,0,0,0,0,0,1
Celebrate,"""Normal""",606,Status,self,0,-1,0,40,No competitive use.,No competitive use.,0,0,,,0,0,0,0,0,0,0,0,0,0,0,0,0,0,0,0,0,0,1
Charge,"""Electric""",268,Status,self,0,-1,0,20,"+1 SpD, user's next Electric move 2x power.","Raises the user's Special Defense by 1 stage. The user's next Electric-type attack will have its power doubled; the effect ends when the user is no longer active, or after the user attempts to use any Electric-type move besides Charge, even if it is not successful.",0,0,,,0,0,0,0,0,0,0,0,0,0,0,0,0,0,0,0,0,0,1
Charge Beam,"""Electric""",451,Special,normal,50,90,0,10,70% chance to raise the user's Sp. Atk by 1.,Has a 70% chance to raise the user's Special Attack by 1 stage.,1,0,,,0,0,0,0,0,0,0,0,0,0,0,0,0,0,1,0,0,0,1
Charm,"""Fairy""",204,Status,normal,0,100,0,20,Lowers the target's Attack by 2.,Lowers the target's Attack by 2 stages.,0,0,,,0,0,1,0,0,0,0,0,0,0,0,0,0,0,0,0,0,0,1
Chatter,"""Flying""",448,Special,any,65,100,0,20,100% chance to confuse the target.,Has a 100% chance to confuse the target.,1,0,,,1,0,0,0,0,0,0,0,0,0,0,0,1,0,1,0,0,0,0
Chilling Water,"""Water""",886,Special,normal,50,100,0,20,100% chance to lower the target's Attack by 1.,Has a 100% chance to lower the target's Attack by 1 stage.,1,0,,,0,0,0,0,0,0,0,0,0,0,0,0,0,0,1,0,0,0,1
Chilly Reception,"""Ice""",881,Status,all,0,-1,0,10,Starts Snow. User switches out.,"For 5 turns, the weather becomes Snow. The user switches out even if it is trapped and is replaced immediately by a selected party member. The user does not switch out if there are no unfainted party members.",0,0,,,0,0,0,0,0,0,0,0,0,0,0,0,0,0,0,0,0,0,1
Chip Away,"""Normal""",498,Physical,normal,70,100,0,20,Ignores the target's stat stage changes.,"Ignores the target's stat stage changes, including evasiveness.",0,0,,,0,0,0,0,0,1,0,0,0,0,0,0,0,0,0,0,0,0,0
Chloroblast,"""Grass""",835,Special,normal,150,95,0,5,User loses 50% max HP.,"If this move is successful, the user loses 1/2 of its maximum HP, rounded up, unless the user has the Magic Guard or Rock Head Abilities.",0,0,,,0,0,0,0,0,0,0,0,0,0,0,0,0,0,0,0,0,0,1
Circle Throw,"""Fighting""",509,Physical,normal,60,90,-6,10,Forces the target to switch to a random ally.,"If both the user and the target have not fainted, the target is forced to switch out and be replaced with a random unfainted ally. This effect fails if the target is under the effect of Ingrain, has the Suction Cups Ability, or this move hit a substitute.",0,0,,,0,0,0,0,0,1,0,0,0,0,0,0,0,0,0,0,0,0,1
Clamp,"""Water""",128,Physical,normal,35,85,0,15,Traps and damages the target for 4-5 turns.,"Prevents the target from switching for four or five turns (seven turns if the user is holding Grip Claw). Causes damage to the target equal to 1/8 of its maximum HP (1/6 if the user is holding Binding Band), rounded down, at the end of each turn during effect. The target can still switch out if it is holding Shed Shell or uses Baton Pass, Flip Turn, Parting Shot, Shed Tail, Teleport, U-turn, or Volt Switch. The effect ends if either the user or the target leaves the field, or if the target uses Mortal Spin, Rapid Spin, or Substitute successfully. This effect is not stackable or reset by using this or another binding move.",0,0,,,0,0,0,0,0,1,0,0,0,0,0,0,0,0,0,0,0,0,0
Clanging Scales,"""Dragon""",691,Special,allAdjacentFoes,110,100,0,5,Lowers the user's Defense by 1.,Lowers the user's Defense by 1 stage.,0,0,,,1,0,0,0,0,0,0,0,0,0,0,0,1,0,0,0,0,0,1
Clangorous Soul,"""Dragon""",775,Status,self,0,100,0,5,User loses 33% of its max HP. +1 to all stats.,"Raises the user's Attack, Defense, Special Attack, Special Defense, and Speed by 1 stage in exchange for the user losing 33% of its maximum HP, rounded down. Fails if the user would faint or if its Attack, Defense, Special Attack, Special Defense, and Speed stat stages would not change.",0,0,,,0,0,0,0,0,0,1,0,0,0,0,0,1,0,0,0,0,0,1
Clangorous Soulblaze,"""Dragon""",728,Special,allAdjacentFoes,185,-1,0,1,Raises the user's Atk/Def/SpAtk/SpDef/Spe by 1.,"Raises the user's Attack, Defense, Special Attack, Special Defense, and Speed by 1 stage.",0,0,,,1,1,0,0,0,0,0,0,0,0,0,0,1,0,0,0,1,0,0
Clear Smog,"""Poison""",499,Special,normal,50,-1,0,15,Resets all of the target's stat stages to 0.,Resets all of the target's stat stages to 0.,0,0,,,0,0,0,0,0,0,0,0,0,0,0,0,0,0,0,0,0,0,1
Close Combat,"""Fighting""",370,Physical,normal,120,100,0,5,Lowers the user's Defense and Sp. Def by 1.,Lowers the user's Defense and Special Defense by 1 stage.,0,0,,,0,0,0,0,0,1,0,0,0,0,0,0,0,0,0,0,0,0,1
Coaching,"""Fighting""",811,Status,adjacentAlly,0,-1,0,10,Raises an ally's Attack and Defense by 1.,Raises the target's Attack and Defense by 1 stage. Fails if there is no ally adjacent to the user.,0,0,,,1,0,0,0,0,0,0,0,0,0,0,0,0,0,0,0,0,0,1
Coil,"""Poison""",489,Status,self,0,-1,0,20,"Raises user's Attack, Defense, accuracy by 1.","Raises the user's Attack, Defense, and accuracy by 1 stage.",0,0,,,0,0,0,0,0,0,0,0,0,0,0,0,0,0,0,0,0,0,1
Collision Course,"""Fighting""",878,Physical,normal,100,100,0,5,Deals 1.3333x damage with supereffective hits.,Damage is multiplied by 1.3333 if this move is super effective against the target.,0,0,,,0,0,0,0,0,1,0,0,0,0,0,0,0,0,0,0,0,0,1
Combat Torque,"""Fighting""",899,Physical,normal,100,100,0,10,30% chance to paralyze the target.,Has a 30% chance to paralyze the target.,1,0,,,0,0,0,0,0,0,0,0,0,0,0,0,0,0,1,0,0,0,0
Comet Punch,"""Normal""",4,Physical,normal,18,85,0,15,Hits 2-5 times in one turn.,"Hits two to five times. Has a 35% chance to hit two or three times and a 15% chance to hit four or five times. If one of the hits breaks the target's substitute, it will take damage for the remaining hits. If the user has the Skill Link Ability, this move will always hit five times.",0,1,5,2,0,0,0,0,0,1,0,0,0,0,1,0,0,0,0,0,0,0,0
Comeuppance,"""Dark""",894,Physical,scripted,0,100,0,10,"If hit by an attack, returns 1.5x damage.","Deals damage to the last opposing Pokemon to hit the user with a physical or special attack this turn equal to 1.5 times the HP lost by the user from that attack, rounded down. If the user did not lose HP from that attack, this move deals 1 HP of damage instead. If that opposing Pokemon's position is no longer in use and there is another opposing Pokemon on the field, the damage is done to it instead. Only the last hit of a multi-hit attack is counted. Fails if the user was not hit by an opposing Pokemon's physical or special attack this turn.",0,0,,,0,0,0,0,0,1,0,0,0,0,0,0,0,0,0,0,0,0,1
Confide,"""Normal""",590,Status,normal,0,-1,0,20,Lowers the target's Sp. Atk by 1.,Lowers the target's Special Attack by 1 stage.,0,0,,,1,0,1,0,0,0,0,0,0,0,0,0,1,0,0,0,0,0,1
Confuse Ray,"""Ghost""",109,Status,normal,0,100,0,10,Confuses the target.,Causes the target to become confused.,0,0,,,0,0,1,0,0,0,0,0,0,0,0,0,0,0,0,0,0,0,1
Confusion,"""Psychic""",93,Special,normal,50,100,0,25,10% chance to confuse the target.,Has a 10% chance to confuse the target.,1,0,,,0,0,0,0,0,0,0,0,0,0,0,0,0,0,1,0,0,0,1
Constrict,"""Normal""",132,Physical,normal,10,100,0,35,10% chance to lower the target's Speed by 1.,Has a 10% chance to lower the target's Speed by 1 stage.,1,0,,,0,0,0,0,0,1,0,0,0,0,0,0,0,0,1,0,0,0,0
Continental Crush,"""Rock""",632,Physical,normal,1,-1,0,1,Power is equal to the base move's Z-Power.,Power is equal to the base move's Z-Power.,0,0,,,0,1,0,0,0,0,0,0,0,0,0,0,0,0,0,0,1,0,0
Conversion,"""Normal""",160,Status,self,0,-1,0,30,Changes user's type to match its first move.,"The user's type changes to match the original type of the move in its first move slot. Fails if the user cannot change its type, or if the type is one of the user's current types.",0,0,,,0,0,0,0,0,0,0,0,0,0,0,0,0,0,0,0,0,0,1
Conversion 2,"""Normal""",176,Status,normal,0,-1,0,30,Changes user's type to resist target's last move.,"The user's type changes to match a type that resists or is immune to the type of the last move used by the target, but not either of its current types. The determined type of the move is used rather than the original type. Fails if the target has not made a move, if the user cannot change its type, or if this move would only be able to select one of the user's current types.",0,0,,,1,0,0,0,0,0,0,0,0,0,0,0,0,0,0,0,0,0,1
Copycat,"""Normal""",383,Status,self,0,-1,0,20,Uses the last move used in the battle.,"The user uses the last move used by any Pokemon, including itself. Fails if no move has been used, or if the last move used was Assist, Baneful Bunker, Beak Blast, Behemoth Bash, Behemoth Blade, Belch, Bestow, Blazing Torque, Celebrate, Chatter, Circle Throw, Combat Torque, Copycat, Counter, Covet, Destiny Bond, Detect, Dragon Tail, Dynamax Cannon, Endure, Feint, Focus Punch, Follow Me, Helping Hand, Hold Hands, King's Shield, Magical Torque, Mat Block, Me First, Metronome, Mimic, Mirror Move, Nature Power, Noxious Torque, Protect, Rage Powder, Roar, Shell Trap, Sketch, Sleep Talk, Snatch, Spiky Shield, Spotlight, Struggle, Switcheroo, Tera Starstorm, Thief, Transform, Trick, Whirlwind, or Wicked Torque.",0,0,,,0,0,0,0,0,0,0,0,0,0,0,0,0,0,0,0,0,0,1
Core Enforcer,"""Dragon""",687,Special,allAdjacentFoes,100,100,0,10,Nullifies the foe(s) Ability if the foe(s) move first.,"If the user moves after the target, the target's Ability is rendered ineffective as long as it remains active. If the target uses Baton Pass, the replacement will remain under this effect. If the target's Ability is As One, Battle Bond, Comatose, Disguise, Gulp Missile, Ice Face, Multitype, Power Construct, RKS System, Schooling, Shields Down, Stance Change, Tera Shift, Zen Mode, or Zero to Hero, this effect does not happen, and receiving the effect through Baton Pass ends the effect immediately.",0,0,,,0,0,0,0,0,0,0,0,0,0,0,0,0,0,0,0,0,0,0
Corkscrew Crash,"""Steel""",638,Physical,normal,1,-1,0,1,Power is equal to the base move's Z-Power.,Power is equal to the base move's Z-Power.,0,0,,,0,1,0,0,0,0,0,0,0,0,0,0,0,0,0,0,1,0,0
Corrosive Gas,"""Poison""",810,Status,allAdjacent,0,100,0,40,Removes adjacent Pokemon's held items.,"The target loses its held item. This move cannot cause Pokemon with the Sticky Hold Ability to lose their held item or cause a Kyogre, a Groudon, a Giratina, an Arceus, a Genesect, a Silvally, a Zacian, or a Zamazenta to lose their Blue Orb, Red Orb, Griseous Orb, Plate, Drive, Memory, Rusted Sword, or Rusted Shield respectively. Items lost to this move cannot be regained with Recycle or the Harvest Ability.",0,0,,,0,0,1,0,0,0,0,0,0,0,0,0,0,0,0,0,0,0,0
Cosmic Power,"""Psychic""",322,Status,self,0,-1,0,20,Raises the user's Defense and Sp. Def by 1.,Raises the user's Defense and Special Defense by 1 stage.,0,0,,,0,0,0,0,0,0,0,0,0,0,0,0,0,0,0,0,0,0,1
Cotton Guard,"""Grass""",538,Status,self,0,-1,0,10,Raises the user's Defense by 3.,Raises the user's Defense by 3 stages.,0,0,,,0,0,0,0,0,0,0,0,0,0,0,0,0,0,0,0,0,0,1
Cotton Spore,"""Grass""",178,Status,allAdjacentFoes,0,100,0,40,Lowers the target's Speed by 2.,Lowers the target's Speed by 2 stages.,0,0,,,0,0,1,0,0,0,0,0,1,0,0,0,0,0,0,0,0,0,1
Counter,"""Fighting""",68,Physical,scripted,0,100,-5,20,"If hit by physical attack, returns double damage.","Deals damage to the last opposing Pokemon to hit the user with a physical attack this turn equal to twice the HP lost by the user from that attack. If the user did not lose HP from the attack, this move deals 1 HP of damage instead. If that opposing Pokemon's position is no longer in use and there is another opposing Pokemon on the field, the damage is done to it instead. Only the last hit of a multi-hit attack is counted. Fails if the user was not hit by an opposing Pokemon's physical attack this turn.",0,0,,,0,0,0,0,0,1,0,0,0,0,0,0,0,0,0,0,0,0,1
Court Change,"""Normal""",756,Status,all,0,100,0,10,Swaps user's field effects with the opposing side.,"Switches the Mist, Light Screen, Reflect, Spikes, Safeguard, Tailwind, Toxic Spikes, Stealth Rock, Water Pledge, Fire Pledge, Grass Pledge, Sticky Web, Aurora Veil, G-Max Steelsurge, G-Max Cannonade, G-Max Vine Lash, and G-Max Wildfire effects from the user's side to the opposing side and vice versa.",0,0,,,0,0,0,0,0,0,0,0,0,0,0,0,0,0,0,0,0,0,1
Covet,"""Normal""",343,Physical,normal,60,100,0,25,"If the user has no item, it steals the target's.","If this attack was successful and the user has not fainted, it steals the target's held item if the user is not holding one. The target's item is not stolen if it is a Mail or Z-Crystal, or if the target is a Kyogre holding a Blue Orb, a Groudon holding a Red Orb, a Giratina holding a Griseous Orb, an Arceus holding a Plate, a Genesect holding a Drive, a Silvally holding a Memory, or a Pokemon that can Mega Evolve holding the Mega Stone for its species. Items lost to this move cannot be regained with Recycle or the Harvest Ability.",0,0,,,0,0,0,0,0,1,0,0,0,0,0,0,0,0,0,0,0,0,1
Crabhammer,"""Water""",152,Physical,normal,100,90,0,10,High critical hit ratio.,Has a higher chance for a critical hit.,0,0,,,0,0,0,0,0,1,0,0,0,0,0,0,0,0,0,0,0,0,1
Crafty Shield,"""Fairy""",578,Status,allySide,0,-1,3,10,Protects allies from Status moves this turn.,"The user and its party members are protected from non-damaging attacks made by other Pokemon, including allies, during this turn. Fails if the user moves last this turn or if this move is already in effect for the user's side.",0,0,,,0,0,0,0,0,0,0,0,0,0,0,0,0,0,0,0,0,0,0
Cross Chop,"""Fighting""",238,Physical,normal,100,80,0,5,High critical hit ratio.,Has a higher chance for a critical hit.,0,0,,,0,0,0,0,0,1,0,0,0,0,0,0,0,0,0,0,0,0,1
Cross Poison,"""Poison""",440,Physical,normal,70,100,0,20,High critical hit ratio. 10% chance to poison.,Has a 10% chance to poison the target and a higher chance for a critical hit.,1,0,,,0,0,0,0,0,1,0,0,0,0,0,0,0,0,1,0,0,0,1
Crunch,"""Dark""",242,Physical,normal,80,100,0,15,20% chance to lower the target's Defense by 1.,Has a 20% chance to lower the target's Defense by 1 stage.,1,0,,,0,0,0,1,0,1,0,0,0,0,0,0,0,0,1,0,0,0,1
Crush Claw,"""Normal""",306,Physical,normal,75,95,0,10,50% chance to lower the target's Defense by 1.,Has a 50% chance to lower the target's Defense by 1 stage.,1,0,,,0,0,0,0,0,1,0,0,0,0,0,0,0,0,1,0,0,0,1
Crush Grip,"""Normal""",462,Physical,normal,0,100,0,5,More power the more HP the target has left.,"Power is equal to 120 * (target's current HP / target's maximum HP), rounded half down, but not less than 1.",0,0,,,0,0,0,0,0,1,0,0,0,0,0,0,0,0,0,0,0,0,1
Curse,"""Ghost""",174,Status,normal,0,-1,0,10,"Curses if Ghost, else -1 Spe, +1 Atk, +1 Def.","If the user is not a Ghost type, lowers the user's Speed by 1 stage and raises the user's Attack and Defense by 1 stage. If the user is a Ghost type, the user loses 1/2 of its maximum HP, rounded down and even if it would cause fainting, in exchange for the target losing 1/4 of its maximum HP, rounded down, at the end of each turn while it is active. If the target uses Baton Pass, the replacement will continue to be affected. Fails if there is no target or if the target is already affected.",0,0,,,1,0,0,0,0,0,0,0,0,0,0,0,0,0,0,0,0,0,1
Cut,"""Normal""",15,Physical,normal,50,95,0,30,No additional effect.,No additional effect.,0,0,,,0,0,0,0,0,1,0,0,0,0,0,0,0,0,0,0,0,0,0
Darkest Lariat,"""Dark""",663,Physical,normal,85,100,0,10,Ignores the target's stat stage changes.,"Ignores the target's stat stage changes, including evasiveness.",0,0,,,0,0,0,0,0,1,0,0,0,0,0,0,0,0,0,0,0,0,1
Dark Pulse,"""Dark""",399,Special,any,80,100,0,15,20% chance to make the target flinch.,Has a 20% chance to make the target flinch.,1,0,,,0,0,0,0,0,0,0,0,0,1,0,0,0,0,1,0,0,0,1
Dark Void,"""Dark""",464,Status,allAdjacentFoes,0,50,0,10,Darkrai: Causes the foe(s) to fall asleep.,"Causes the target to fall asleep. This move cannot be used successfully unless the user's current form, while considering Transform, is Darkrai.",0,0,,,0,0,1,0,0,0,0,0,0,0,0,0,0,0,0,0,0,0,1
Dazzling Gleam,"""Fairy""",605,Special,allAdjacentFoes,80,100,0,10,No additional effect. Hits adjacent foes.,No additional effect.,0,0,,,0,0,0,0,0,0,0,0,0,0,0,0,0,0,0,0,0,0,1
Decorate,"""Fairy""",777,Status,normal,0,-1,0,15,Raises the target's Attack and Sp. Atk by 2.,Raises the target's Attack and Special Attack by 2 stages.,0,0,,,0,0,0,0,0,0,0,0,0,0,0,0,0,0,0,0,0,0,1
Defend Order,"""Bug""",455,Status,self,0,-1,0,10,Raises the user's Defense and Sp. Def by 1.,Raises the user's Defense and Special Defense by 1 stage.,0,0,,,0,0,0,0,0,0,0,0,0,0,0,0,0,0,0,0,0,0,1
Defense Curl,"""Normal""",111,Status,self,0,-1,0,40,Raises the user's Defense by 1.,"Raises the user's Defense by 1 stage. As long as the user remains active, the power of the user's Ice Ball and Rollout will be doubled (this effect is not stackable).",0,0,,,0,0,0,0,0,0,0,0,0,0,0,0,0,0,0,0,0,0,1
Defog,"""Flying""",432,Status,normal,0,-1,0,15,-1 evasion; ends user and target hazards/terrain.,"Lowers the target's evasiveness by 1 stage. If this move is successful and whether or not the target's evasiveness was affected, the effects of Reflect, Light Screen, Aurora Veil, Safeguard, Mist, Spikes, Toxic Spikes, Stealth Rock, and Sticky Web end for the target's side, and the effects of Spikes, Toxic Spikes, Stealth Rock, and Sticky Web end for the user's side. Ignores a target's substitute, although a substitute will still block the lowering of evasiveness. If there is a terrain active and this move is successful, the terrain will be cleared.",0,0,,,1,0,1,0,0,0,0,0,0,0,0,0,0,0,0,0,0,0,1
Destiny Bond,"""Ghost""",194,Status,self,0,-1,0,5,"If an opponent knocks out the user, it also faints.","Until the user's next move, if an opposing Pokemon's attack knocks the user out, that Pokemon faints as well, unless the attack was Doom Desire or Future Sight. Fails if the user used this move successfully as its last move, disregarding moves used through the Dancer Ability.",0,0,,,1,0,0,0,0,0,0,0,0,0,0,0,0,0,0,0,0,0,1
Detect,"""Fighting""",197,Status,self,0,-1,4,5,Prevents moves from affecting the user this turn.,"The user is protected from most attacks made by other Pokemon during this turn. This move has a 1/X chance of being successful, where X starts at 1 and triples each time this move is successfully used. X resets to 1 if this move fails, if the user's last move used is not Baneful Bunker, Burning Bulwark, Detect, Endure, King's Shield, Max Guard, Obstruct, Protect, Quick Guard, Silk Trap, Spiky Shield, or Wide Guard, or if it was one of those moves and the user's protection was broken. Fails if the user moves last this turn.",0,0,,,0,0,0,0,0,0,0,0,0,0,0,0,0,0,0,0,0,0,1
Devastating Drake,"""Dragon""",652,Physical,normal,1,-1,0,1,Power is equal to the base move's Z-Power.,Power is equal to the base move's Z-Power.,0,0,,,0,1,0,0,0,0,0,0,0,0,0,0,0,0,0,0,1,0,0
Diamond Storm,"""Rock""",591,Physical,allAdjacentFoes,100,95,0,5,50% chance to raise user's Defense by 2.,Has a 50% chance to raise the user's Defense by 2 stages.,0,0,,,0,0,0,0,0,0,0,0,0,0,0,0,0,0,0,0,0,0,1
Dig,"""Ground""",91,Physical,normal,80,100,0,10,"Digs underground turn 1, strikes turn 2.","This attack charges on the first turn and executes on the second. On the first turn, the user avoids all attacks other than Earthquake and Magnitude but takes double damage from them, and is also unaffected by weather. If the user is holding a Power Herb, the move completes in one turn.",0,0,,,0,0,0,0,0,1,0,0,0,0,0,0,0,0,0,0,0,0,1
Disable,"""Normal""",50,Status,normal,0,100,0,20,"For 4 turns, disables the target's last move used.","For 4 turns, the target's last move used becomes disabled. Fails if one of the target's moves is already disabled, if the target has not made a move, if the target no longer knows the move, or if the move was a Max or G-Max Move.",0,0,,,1,0,1,0,0,0,0,0,0,0,0,0,0,0,0,0,0,0,1
Disarming Voice,"""Fairy""",574,Special,allAdjacentFoes,40,-1,0,15,This move does not check accuracy. Hits foes.,This move does not check accuracy.,0,0,,,1,0,0,0,0,0,0,0,0,0,0,0,1,0,0,0,0,0,1
Discharge,"""Electric""",435,Special,allAdjacent,80,100,0,15,30% chance to paralyze adjacent Pokemon.,Has a 30% chance to paralyze the target.,1,0,,,0,0,0,0,0,0,0,0,0,0,0,0,0,0,1,0,0,0,1
Dire Claw,"""Poison""",827,Physical,normal,80,100,0,15,"50% chance to sleep, poison, or paralyze target.","Has a 50% chance to cause the target to either fall asleep, become poisoned, or become paralyzed.",1,0,,,0,0,0,0,0,1,0,0,0,0,0,0,0,0,1,0,0,0,1
Dive,"""Water""",291,Physical,normal,80,100,0,10,"Dives underwater turn 1, strikes turn 2.","This attack charges on the first turn and executes on the second. On the first turn, the user avoids all attacks other than Surf and Whirlpool but takes double damage from them, and is also unaffected by weather. If the user is holding a Power Herb, the move completes in one turn.",0,0,,,0,0,0,0,0,1,0,0,0,0,0,0,0,0,0,0,0,0,1
Dizzy Punch,"""Normal""",146,Physical,normal,70,100,0,10,20% chance to confuse the target.,Has a 20% chance to confuse the target.,1,0,,,0,0,0,0,0,1,0,0,0,0,1,0,0,0,1,0,0,0,0
Doodle,"""Normal""",867,Status,adjacentFoe,0,100,0,10,User and ally's Abilities become target's Ability.,"The user and its ally's Abilities change to match the target's Ability. Does not change Ability if the user's or its ally's is As One, Battle Bond, Comatose, Disguise, Gulp Missile, Ice Face, Multitype, Power Construct, RKS System, Schooling, Shields Down, Stance Change, Tera Shift, Zen Mode, Zero to Hero, or already matches the target. Fails if both the user and its ally's Ability already matches the target, or if the target's Ability is As One, Battle Bond, Comatose, Commander, Disguise, Embody Aspect, Flower Gift, Forecast, Hunger Switch, Ice Face, Illusion, Imposter, Multitype, Neutralizing Gas, Poison Puppeteer, Power Construct, Power of Alchemy, Protosynthesis, Quark Drive, Receiver, RKS System, Schooling, Shields Down, Stance Change, Tera Shell, Tera Shift, Teraform Zero, Trace, Wonder Guard, Zen Mode, or Zero to Hero.",0,0,,,0,0,0,0,0,0,0,0,0,0,0,0,0,0,0,0,0,0,1
Doom Desire,"""Steel""",353,Special,normal,140,100,0,5,Hits two turns after being used.,"Deals damage two turns after this move is used. At the end of that turn, the damage is calculated at that time and dealt to the Pokemon at the position the target had when the move was used. If the user is no longer active at the time, damage is calculated based on the user's natural Special Attack stat, types, and level, with no boosts from its held item or Ability. Fails if this move or Future Sight is already in effect for the target's position.",0,0,,,0,1,0,0,0,0,0,0,0,0,0,0,0,0,0,0,0,0,1
Double-Edge,"""Normal""",38,Physical,normal,120,100,0,15,Has 33% recoil.,"If the target lost HP, the user takes recoil damage equal to 33% the HP lost by the target, rounded half up, but not less than 1 HP.",0,0,,,0,0,0,0,0,1,0,0,0,0,0,0,0,0,0,0,0,0,1
Double Hit,"""Normal""",458,Physical,normal,35,90,0,10,Hits 2 times in one turn.,"Hits twice. If the first hit breaks the target's substitute, it will take damage for the second hit.",0,1,,,0,0,0,0,0,1,0,0,0,0,0,0,0,0,0,0,0,0,1
Double Iron Bash,"""Steel""",742,Physical,normal,60,100,0,5,Hits twice. 30% chance to make the target flinch.,"Hits twice. If the first hit breaks the target's substitute, it will take damage for the second hit. Has a 30% chance to make the target flinch.",1,1,,,0,0,0,0,0,1,0,0,0,0,1,0,0,0,1,0,0,0,0
Double Kick,"""Fighting""",24,Physical,normal,30,100,0,30,Hits 2 times in one turn.,"Hits twice. If the first hit breaks the target's substitute, it will take damage for the second hit.",0,1,,,0,0,0,0,0,1,0,0,0,0,0,0,0,0,0,0,0,0,1
Double Shock,"""Electric""",892,Physical,normal,120,100,0,5,User's Electric type: typeless; must be Electric.,"Fails unless the user is an Electric type. If this move is successful and the user is not Terastallized, the user's Electric type becomes typeless as long as it remains active.",0,0,,,0,0,0,0,0,1,0,0,0,0,0,0,0,0,0,0,0,0,1
Double Slap,"""Normal""",3,Physical,normal,15,85,0,10,Hits 2-5 times in one turn.,"Hits two to five times. Has a 35% chance to hit two or three times and a 15% chance to hit four or five times. If one of the hits breaks the target's substitute, it will take damage for the remaining hits. If the user has the Skill Link Ability, this move will always hit five times.",0,1,5,2,0,0,0,0,0,1,0,0,0,0,0,0,0,0,0,0,0,0,0
Double Team,"""Normal""",104,Status,self,0,-1,0,15,Raises the user's evasiveness by 1.,Raises the user's evasiveness by 1 stage.,0,0,,,0,0,0,0,0,0,0,0,0,0,0,0,0,0,0,0,0,0,1
Draco Meteor,"""Dragon""",434,Special,normal,130,90,0,5,Lowers the user's Sp. Atk by 2.,Lowers the user's Special Attack by 2 stages.,0,0,,,0,0,0,0,0,0,0,0,0,0,0,0,0,0,0,0,0,0,1
Dragon Ascent,"""Flying""",620,Physical,any,120,100,0,5,Lowers the user's Defense and Sp. Def by 1.,Lowers the user's Defense and Special Defense by 1 stage.,0,0,,,0,0,0,0,0,1,0,0,0,0,0,0,0,0,0,0,0,0,1
Dragon Breath,"""Dragon""",225,Special,normal,60,100,0,20,30% chance to paralyze the target.,Has a 30% chance to paralyze the target.,1,0,,,0,0,0,0,0,0,0,0,0,0,0,0,0,0,1,0,0,0,1
Dragon Cheer,"""Dragon""",913,Status,adjacentAlly,0,-1,0,15,"Ally: Crit ratio +1, or +2 if ally is Dragon type.","Raises the target's chance for a critical hit by 1 stage, or by 2 stages if the target is Dragon type. Fails if there is no ally adjacent to the user, or if the target already has this effect or the Focus Energy effect. Baton Pass can be used to transfer this effect to an ally.",0,0,,,1,0,0,0,0,0,0,0,0,0,0,0,0,0,0,0,0,0,1
Dragon Claw,"""Dragon""",337,Physical,normal,80,100,0,15,No additional effect.,No additional effect.,0,0,,,0,0,0,0,0,1,0,0,0,0,0,0,0,0,0,0,0,0,1
Dragon Dance,"""Dragon""",349,Status,self,0,-1,0,20,Raises the user's Attack and Speed by 1.,Raises the user's Attack and Speed by 1 stage.,0,0,,,0,0,0,0,0,0,1,0,0,0,0,0,0,0,0,0,0,0,1
Dragon Darts,"""Dragon""",751,Physical,normal,50,100,0,10,Hits twice. Doubles: Tries to hit each foe once.,"Hits twice. If the first hit breaks the target's substitute, it will take damage for the second hit. In Double Battles, this move attempts to hit the targeted Pokemon and its ally once each. If hitting one of these Pokemon would be prevented by immunity, protection, semi-invulnerability, an Ability, or accuracy, it attempts to hit the other Pokemon twice instead. If this move is redirected, it hits that target twice.",0,1,,,0,0,0,0,0,0,0,0,0,0,0,0,0,0,0,0,0,0,1
Dragon Energy,"""Dragon""",820,Special,allAdjacentFoes,150,100,0,5,Less power as user's HP decreases. Hits foe(s).,"Power is equal to (user's current HP * 150 / user's maximum HP), rounded down, but not less than 1.",0,0,,,0,0,0,0,0,0,0,0,0,0,0,0,0,0,0,0,0,0,1
Dragon Hammer,"""Dragon""",692,Physical,normal,90,100,0,15,No additional effect.,No additional effect.,0,0,,,0,0,0,0,0,1,0,0,0,0,0,0,0,0,0,0,0,0,1
Dragon Pulse,"""Dragon""",406,Special,any,85,100,0,10,No additional effect.,No additional effect.,0,0,,,0,0,0,0,0,0,0,0,0,1,0,0,0,0,0,0,0,0,1
Dragon Rage,"""Dragon""",82,Special,normal,0,100,0,10,Deals 40 HP of damage to the target.,Deals 40 HP of damage to the target.,0,0,,,0,0,0,0,0,0,0,0,0,0,0,0,0,0,0,0,0,0,0
Dragon Rush,"""Dragon""",407,Physical,normal,100,75,0,10,20% chance to make the target flinch.,Has a 20% chance to make the target flinch. Damage doubles and no accuracy check is done if the target has used Minimize while active.,1,0,,,0,0,0,0,0,1,0,0,0,0,0,0,0,0,1,0,0,0,1
Dragon Tail,"""Dragon""",525,Physical,normal,60,90,-6,10,Forces the target to switch to a random ally.,"If both the user and the target have not fainted, the target is forced to switch out and be replaced with a random unfainted ally. This effect fails if the target used Ingrain previously, has the Suction Cups Ability, or this move hit a substitute.",0,0,,,0,0,0,0,0,1,0,0,0,0,0,0,0,0,0,0,0,0,1
Draining Kiss,"""Fairy""",577,Special,normal,50,100,0,10,User recovers 75% of the damage dealt.,"The user recovers 3/4 the HP lost by the target, rounded half up. If Big Root is held by the user, the HP recovered is 1.3x normal, rounded half down.",0,0,,,0,0,0,0,0,1,0,1,0,0,0,0,0,0,0,0,0,0,1
Drain Punch,"""Fighting""",409,Physical,normal,75,100,0,10,User recovers 50% of the damage dealt.,"The user recovers 1/2 the HP lost by the target, rounded half up. If Big Root is held by the user, the HP recovered is 1.3x normal, rounded half down.",0,0,,,0,0,0,0,0,1,0,1,0,0,1,0,0,0,0,0,0,0,1
Dream Eater,"""Psychic""",138,Special,normal,100,100,0,15,User gains 1/2 HP inflicted. Sleeping target only.,"The target is unaffected by this move unless it is asleep. The user recovers 1/2 the HP lost by the target, rounded half up. If Big Root is held by the user, the HP recovered is 1.3x normal, rounded half down.",0,0,,,0,0,0,0,0,0,0,1,0,0,0,0,0,0,0,0,0,0,1
Drill Peck,"""Flying""",65,Physical,any,80,100,0,20,No additional effect.,No additional effect.,0,0,,,0,0,0,0,0,1,0,0,0,0,0,0,0,0,0,0,0,0,1
Drill Run,"""Ground""",529,Physical,normal,80,95,0,10,High critical hit ratio.,Has a higher chance for a critical hit.,0,0,,,0,0,0,0,0,1,0,0,0,0,0,0,0,0,0,0,0,0,1
Drum Beating,"""Grass""",778,Physical,normal,80,100,0,10,100% chance to lower the target's Speed by 1.,Has a 100% chance to lower the target's Speed by 1 stage.,1,0,,,0,0,0,0,0,0,0,0,0,0,0,0,0,0,1,0,0,0,1
Dual Chop,"""Dragon""",530,Physical,normal,40,90,0,15,Hits 2 times in one turn.,"Hits twice. If the first hit breaks the target's substitute, it will take damage for the second hit.",0,1,,,0,0,0,0,0,1,0,0,0,0,0,0,0,0,0,0,0,0,0
Dual Wingbeat,"""Flying""",814,Physical,normal,40,90,0,10,Hits 2 times in one turn.,"Hits twice. If the first hit breaks the target's substitute, it will take damage for the second hit.",0,1,,,0,0,0,0,0,1,0,0,0,0,0,0,0,0,0,0,0,0,1
Dynamax Cannon,"""Dragon""",744,Special,normal,100,100,0,5,No additional effect.,No additional effect.,0,0,,,0,0,0,0,0,0,0,0,0,0,0,0,0,0,0,0,0,0,1
Dynamic Punch,"""Fighting""",223,Physical,normal,100,50,0,5,100% chance to confuse the target.,Has a 100% chance to confuse the target.,1,0,,,0,0,0,0,0,1,0,0,0,0,1,0,0,0,1,0,0,0,1
Earth Power,"""Ground""",414,Special,normal,90,100,0,10,10% chance to lower the target's Sp. Def by 1.,Has a 10% chance to lower the target's Special Defense by 1 stage.,1,0,,,0,0,0,0,0,0,0,0,0,0,0,0,0,0,1,0,0,0,1
Earthquake,"""Ground""",89,Physical,allAdjacent,100,100,0,10,Hits adjacent Pokemon. Double damage on Dig.,Damage doubles if the target is using Dig.,0,0,,,0,0,0,0,0,0,0,0,0,0,0,0,0,0,0,0,0,0,1
Echoed Voice,"""Normal""",497,Special,normal,40,100,0,15,Power increases when used on consecutive turns.,"For every consecutive turn that this move is used by at least one Pokemon, this move's power is multiplied by the number of turns to pass, but not more than 5.",0,0,,,1,0,0,0,0,0,0,0,0,0,0,0,1,0,0,0,0,0,1
Eerie Impulse,"""Electric""",598,Status,normal,0,100,0,15,Lowers the target's Sp. Atk by 2.,Lowers the target's Special Attack by 2 stages.,0,0,,,0,0,1,0,0,0,0,0,0,0,0,0,0,0,0,0,0,0,1
Eerie Spell,"""Psychic""",826,Special,normal,80,100,0,5,Removes 3 PP from the target's last move.,"If this move is successful and the user has not fainted, the target loses 3 PP from its last move.",1,0,,,1,0,0,0,0,0,0,0,0,0,0,0,1,0,1,0,0,0,1
Egg Bomb,"""Normal""",121,Physical,normal,100,75,0,10,No additional effect.,No additional effect.,0,0,,,0,0,0,0,1,0,0,0,0,0,0,0,0,0,0,0,0,0,0
Electric Terrain,"""Electric""",604,Status,all,0,-1,0,10,"5 turns. Grounded: +Electric power, can't sleep.","For 5 turns, the terrain becomes Electric Terrain. During the effect, the power of Electric-type attacks made by grounded Pokemon is multiplied by 1.3 and grounded Pokemon cannot fall asleep; Pokemon already asleep do not wake up. Grounded Pokemon cannot become affected by Yawn or fall asleep from its effect. Camouflage transforms the user into an Electric type, Nature Power becomes Thunderbolt, and Secret Power has a 30% chance to cause paralysis. Fails if the current terrain is Electric Terrain.",0,0,,,0,0,0,0,0,0,0,0,0,0,0,0,0,0,0,0,0,0,1
Electrify,"""Electric""",582,Status,normal,0,-1,0,20,Changes the target's move to Electric this turn.,"Causes the target's move to become Electric type this turn. Among effects that can change a move's type, this effect happens last. Fails if the target already moved this turn.",0,0,,,0,0,0,0,0,0,0,0,0,0,0,0,0,0,0,0,0,0,0
Electro Ball,"""Electric""",486,Special,normal,0,100,0,10,More power the faster the user is than the target.,"The power of this move depends on (user's current Speed / target's current Speed), rounded down. Power is equal to 150 if the result is 4 or more, 120 if 3, 80 if 2, 60 if 1, 40 if less than 1. If the target's current Speed is 0, this move's power is 40.",0,0,,,0,0,0,0,1,0,0,0,0,0,0,0,0,0,0,0,0,0,1
Electro Drift,"""Electric""",879,Special,normal,100,100,0,5,Deals 1.3333x damage with supereffective hits.,Damage is multiplied by 1.3333 if this move is super effective against the target.,0,0,,,0,0,0,0,0,1,0,0,0,0,0,0,0,0,0,0,0,0,1
Electro Shot,"""Electric""",905,Special,normal,130,100,0,10,"Raises Sp. Atk by 1, hits turn 2. Rain: no charge.","This attack charges on the first turn and executes on the second. Raises the user's Special Attack by 1 stage on the first turn. If the user is holding a Power Herb or the weather is Primordial Sea or Rain Dance, the move completes in one turn. If the user is holding Utility Umbrella and the weather is Primordial Sea or Rain Dance, the move still requires a turn to charge.",0,0,,,0,0,0,0,0,0,0,0,0,0,0,0,0,0,1,0,0,0,1
Electroweb,"""Electric""",527,Special,allAdjacentFoes,55,95,0,15,100% chance to lower the foe(s) Speed by 1.,Has a 100% chance to lower the target's Speed by 1 stage.,1,0,,,0,0,0,0,0,0,0,0,0,0,0,0,0,0,1,0,0,0,1
Embargo,"""Dark""",373,Status,normal,0,100,0,15,"For 5 turns, the target's item has no effect.","For 5 turns, the target's held item has no effect. An item's effect of causing forme changes is unaffected, but any other effects from such items are negated. During the effect, Fling and Natural Gift are prevented from being used by the target. Items thrown at the target with Fling will still activate for it. If the target uses Baton Pass, the replacement will remain unable to use items.",0,0,,,0,0,1,0,0,0,0,0,0,0,0,0,0,0,0,0,0,0,0
Ember,"""Fire""",52,Special,normal,40,100,0,25,10% chance to burn the target.,Has a 10% chance to burn the target.,1,0,,,0,0,0,0,0,0,0,0,0,0,0,0,0,0,1,0,0,0,1
Encore,"""Normal""",227,Status,normal,0,100,0,5,Target repeats its last move for its next 3 turns.,"For its next 3 turns, the target is forced to repeat its last move used. If the affected move runs out of PP, the effect ends. Fails if the target is already under this effect, if it has not made a move, if the move has 0 PP, or if the move is Assist, Blazing Torque, Combat Torque, Copycat, Dynamax Cannon, Encore, Magical Torque, Me First, Metronome, Mimic, Mirror Move, Nature Power, Noxious Torque, Sketch, Sleep Talk, Struggle, Transform, or Wicked Torque.",0,0,,,1,0,1,0,0,0,0,0,0,0,0,0,0,0,0,0,0,0,1
Endeavor,"""Normal""",283,Physical,normal,0,100,0,5,Lowers the target's HP to the user's HP.,Deals damage to the target equal to (target's current HP - user's current HP). The target is unaffected if its current HP is less than or equal to the user's current HP.,0,0,,,0,0,0,0,0,1,0,0,0,0,0,0,0,0,0,0,0,0,1
Endure,"""Normal""",203,Status,self,0,-1,4,10,User survives attacks this turn with at least 1 HP.,"The user will survive attacks made by other Pokemon during this turn with at least 1 HP. This move has a 1/X chance of being successful, where X starts at 1 and triples each time this move is successfully used. X resets to 1 if this move fails, if the user's last move used is not Baneful Bunker, Burning Bulwark, Detect, Endure, King's Shield, Max Guard, Obstruct, Protect, Quick Guard, Silk Trap, Spiky Shield, or Wide Guard, or if it was one of those moves and the user's protection was broken. Fails if the user moves last this turn.",0,0,,,0,0,0,0,0,0,0,0,0,0,0,0,0,0,0,0,0,0,1
Energy Ball,"""Grass""",412,Special,normal,90,100,0,10,10% chance to lower the target's Sp. Def by 1.,Has a 10% chance to lower the target's Special Defense by 1 stage.,1,0,,,0,0,0,0,1,0,0,0,0,0,0,0,0,0,1,0,0,0,1
Entrainment,"""Normal""",494,Status,normal,0,100,0,15,The target's Ability changes to match the user's.,"Causes the target's Ability to become the same as the user's. Fails if the target's Ability is As One, Battle Bond, Comatose, Disguise, Gulp Missile, Ice Face, Multitype, Power Construct, RKS System, Schooling, Shields Down, Stance Change, Tera Shift, Truant, Zen Mode, or Zero to Hero, or the same Ability as the user, or if the user's Ability is As One, Battle Bond, Comatose, Commander, Disguise, Embody Aspect, Flower Gift, Forecast, Hunger Switch, Ice Face, Illusion, Imposter, Multitype, Neutralizing Gas, Poison Puppeteer, Power Construct, Power of Alchemy, Protosynthesis, Quark Drive, Receiver, RKS System, Schooling, Shields Down, Stance Change, Tera Shell, Tera Shift, Teraform Zero, Trace, Wonder Guard, Zen Mode, or Zero to Hero.",0,0,,,0,0,1,0,0,0,0,0,0,0,0,0,0,0,0,0,0,0,1
Eruption,"""Fire""",284,Special,allAdjacentFoes,150,100,0,5,Less power as user's HP decreases. Hits foe(s).,"Power is equal to (user's current HP * 150 / user's maximum HP), rounded down, but not less than 1.",0,0,,,0,0,0,0,0,0,0,0,0,0,0,0,0,0,0,0,0,0,1
Esper Wing,"""Psychic""",840,Special,normal,80,100,0,10,100% chance to raise user Speed by 1. High crit.,Has a 100% chance to raise the user's Speed by 1 stage and a higher chance for a critical hit.,1,0,,,0,0,0,0,0,0,0,0,0,0,0,0,0,0,1,0,0,0,1
Eternabeam,"""Dragon""",795,Special,normal,160,90,0,5,User cannot move next turn.,"If this move is successful, the user must recharge on the following turn and cannot select a move.",0,0,,,0,0,0,0,0,0,0,0,0,0,0,0,0,0,0,0,0,0,0
Expanding Force,"""Psychic""",797,Special,normal,80,100,0,10,"User on Psychic Terrain: 1.5x power, hits foes.","If the current terrain is Psychic Terrain and the user is grounded, this move hits all opposing Pokemon and has its power multiplied by 1.5.",0,0,,,0,0,0,0,0,0,0,0,0,0,0,0,0,0,0,0,0,0,1
Explosion,"""Normal""",153,Physical,allAdjacent,250,100,0,5,Hits adjacent Pokemon. The user faints.,"The user faints after using this move, even if this move fails for having no target. This move is prevented from executing if any active Pokemon has the Damp Ability.",0,0,,,0,0,0,0,0,0,0,0,0,0,0,0,0,0,0,0,0,0,1
Extrasensory,"""Psychic""",326,Special,normal,80,100,0,20,10% chance to make the target flinch.,Has a 10% chance to make the target flinch.,1,0,,,0,0,0,0,0,0,0,0,0,0,0,0,0,0,1,0,0,0,1
Extreme Evoboost,"""Normal""",702,Status,self,0,-1,0,1,"Raises user's Atk, Def, SpA, SpD, and Spe by 2.","Raises the user's Attack, Defense, Special Attack, Special Defense, and Speed by 2 stages.",0,0,,,0,0,0,0,0,0,0,0,0,0,0,0,0,0,0,0,1,0,0
Extreme Speed,"""Normal""",245,Physical,normal,80,100,2,5,Nearly always goes first.,No additional effect.,0,0,,,0,0,0,0,0,1,0,0,0,0,0,0,0,0,0,0,0,0,1
Facade,"""Normal""",263,Physical,normal,70,100,0,20,Power doubles if user is burn/poison/paralyzed.,"Power doubles if the user is burned, paralyzed, or poisoned. The physical damage halving effect from the user's burn is ignored.",0,0,,,0,0,0,0,0,1,0,0,0,0,0,0,0,0,0,0,0,0,1
Fairy Lock,"""Fairy""",587,Status,all,0,-1,0,10,Prevents all Pokemon from switching next turn.,"Prevents all active Pokemon from switching next turn. A Pokemon can still switch out if it is holding Shed Shell or uses Baton Pass, Flip Turn, Parting Shot, Teleport, U-turn, or Volt Switch. Fails if the effect is already active.",0,0,,,1,0,0,0,0,0,0,0,0,0,0,0,0,0,0,0,0,0,1
Fairy Wind,"""Fairy""",584,Special,normal,40,100,0,30,No additional effect.,No additional effect.,0,0,,,0,0,0,0,0,0,0,0,0,0,0,0,0,1,0,0,0,0,1
Fake Out,"""Normal""",252,Physical,normal,40,100,3,10,Hits first. First turn out only. 100% flinch chance.,Has a 100% chance to make the target flinch. Fails unless it is the user's first turn on the field.,1,0,,,0,0,0,0,0,1,0,0,0,0,0,0,0,0,1,0,0,0,1
Fake Tears,"""Dark""",313,Status,normal,0,100,0,20,Lowers the target's Sp. Def by 2.,Lowers the target's Special Defense by 2 stages.,0,0,,,0,0,1,0,0,0,0,0,0,0,0,0,0,0,0,0,0,0,1
False Surrender,"""Dark""",793,Physical,normal,80,-1,0,10,This move does not check accuracy.,This move does not check accuracy.,0,0,,,0,0,0,0,0,1,0,0,0,0,0,0,0,0,0,0,0,0,1
False Swipe,"""Normal""",206,Physical,normal,40,100,0,40,Always leaves the target with at least 1 HP.,Leaves the target with at least 1 HP.,0,0,,,0,0,0,0,0,1,0,0,0,0,0,0,0,0,0,0,0,0,1
Feather Dance,"""Flying""",297,Status,normal,0,100,0,15,Lowers the target's Attack by 2.,Lowers the target's Attack by 2 stages.,0,0,,,0,0,1,0,0,0,1,0,0,0,0,0,0,0,0,0,0,0,1
Feint,"""Normal""",364,Physical,normal,30,100,2,10,"Nullifies Detect, Protect, and Quick/Wide Guard.","If this move is successful, it breaks through the target's Baneful Bunker, Detect, King's Shield, Protect, or Spiky Shield for this turn, allowing other Pokemon to attack the target normally. If the target's side is protected by Crafty Shield, Mat Block, Quick Guard, or Wide Guard, that protection is also broken for this turn and other Pokemon may attack the target's side normally.",0,0,,,0,1,0,0,0,0,0,0,0,0,0,0,0,0,0,0,0,0,1
Feint Attack,"""Dark""",185,Physical,normal,60,-1,0,20,This move does not check accuracy.,This move does not check accuracy.,0,0,,,0,0,0,0,0,1,0,0,0,0,0,0,0,0,0,0,0,0,0
Fell Stinger,"""Bug""",565,Physical,normal,50,100,0,25,Raises user's Attack by 3 if this KOes the target.,Raises the user's Attack by 3 stages if this move knocks out the target.,0,0,,,0,0,0,0,0,1,0,0,0,0,0,0,0,0,0,0,0,0,1
Fickle Beam,"""Dragon""",907,Special,normal,80,100,0,5,Has a 30% chance this move's power is doubled.,Has a 30% chance this move's power is doubled.,0,0,,,0,0,0,0,0,0,0,0,0,0,0,0,0,0,0,0,0,0,1
Fiery Dance,"""Fire""",552,Special,normal,80,100,0,10,50% chance to raise the user's Sp. Atk by 1.,Has a 50% chance to raise the user's Special Attack by 1 stage.,1,0,,,0,0,0,0,0,0,1,0,0,0,0,0,0,0,1,0,0,0,1
Fiery Wrath,"""Dark""",822,Special,allAdjacentFoes,90,100,0,10,20% chance to make the foe(s) flinch.,Has a 20% chance to make the target flinch.,1,0,,,0,0,0,0,0,0,0,0,0,0,0,0,0,0,1,0,0,0,1
Fillet Away,"""Normal""",868,Status,self,0,-1,0,10,"+2 Attack, Sp. Atk, Speed for 1/2 user's max HP.","Raises the user's Attack, Special Attack, and Speed by 2 stages in exchange for the user losing 1/2 of its maximum HP, rounded down. Fails if the user would faint or if its Attack, Special Attack, and Speed stat stages would not change.",0,0,,,0,0,0,0,0,0,0,0,0,0,0,0,0,0,0,0,0,0,1
Final Gambit,"""Fighting""",515,Special,normal,0,100,0,5,Does damage equal to the user's HP. User faints.,"Deals damage to the target equal to the user's current HP. If this move is successful, the user faints.",0,0,,,0,0,0,0,0,0,0,0,0,0,0,0,0,0,0,0,0,0,1
Fire Blast,"""Fire""",126,Special,normal,110,85,0,5,10% chance to burn the target.,Has a 10% chance to burn the target.,1,0,,,0,0,0,0,0,0,0,0,0,0,0,0,0,0,1,0,0,0,1
Fire Fang,"""Fire""",424,Physical,normal,65,95,0,15,10% chance to burn. 10% chance to flinch.,Has a 10% chance to burn the target and a 10% chance to make it flinch.,0,0,,,0,0,0,1,0,1,0,0,0,0,0,0,0,0,0,0,0,0,1
Fire Lash,"""Fire""",680,Physical,normal,80,100,0,15,100% chance to lower the target's Defense by 1.,Has a 100% chance to lower the target's Defense by 1 stage.,1,0,,,0,0,0,0,0,1,0,0,0,0,0,0,0,0,1,0,0,0,1
Fire Pledge,"""Fire""",519,Special,normal,80,100,0,10,Use with Grass or Water Pledge for added effect.,"If one of the user's allies chose to use Grass Pledge or Water Pledge this turn and has not moved yet, it takes its turn immediately after the user and the user's move does nothing. If combined with Grass Pledge, the ally uses Fire Pledge with 150 power and a sea of fire appears on the target's side for 4 turns, which causes damage to non-Fire types equal to 1/8 of their maximum HP, rounded down, at the end of each turn during effect, including the last turn. If combined with Water Pledge, the ally uses Water Pledge with 150 power and a rainbow appears on the user's side for 4 turns, which doubles secondary effect chances and stacks with the Serene Grace Ability, except effects that cause flinching can only have their chance doubled once. When used as a combined move, this move gains STAB no matter what the user's type is. This move does not consume the user's Fire Gem.",0,0,,,0,0,0,0,0,0,0,0,0,0,0,0,0,0,0,0,0,0,1
Fire Punch,"""Fire""",7,Physical,normal,75,100,0,15,10% chance to burn the target.,Has a 10% chance to burn the target.,1,0,,,0,0,0,0,0,1,0,0,0,0,1,0,0,0,1,0,0,0,1
Fire Spin,"""Fire""",83,Special,normal,35,85,0,15,Traps and damages the target for 4-5 turns.,"Prevents the target from switching for four or five turns (seven turns if the user is holding Grip Claw). Causes damage to the target equal to 1/8 of its maximum HP (1/6 if the user is holding Binding Band), rounded down, at the end of each turn during effect. The target can still switch out if it is holding Shed Shell or uses Baton Pass, Flip Turn, Parting Shot, Shed Tail, Teleport, U-turn, or Volt Switch. The effect ends if either the user or the target leaves the field, or if the target uses Mortal Spin, Rapid Spin, or Substitute successfully. This effect is not stackable or reset by using this or another binding move.",0,0,,,0,0,0,0,0,0,0,0,0,0,0,0,0,0,0,0,0,0,1
First Impression,"""Bug""",660,Physical,normal,90,100,2,10,Nearly always goes first. First turn out only.,Fails unless it is the user's first turn on the field.,0,0,,,0,0,0,0,0,1,0,0,0,0,0,0,0,0,0,0,0,0,1
Fishious Rend,"""Water""",755,Physical,normal,85,100,0,10,Power doubles if user moves before the target.,Power doubles if the user moves before the target.,0,0,,,0,0,0,1,0,1,0,0,0,0,0,0,0,0,0,0,0,0,0
Fissure,"""Ground""",90,Physical,normal,0,30,0,5,OHKOs the target. Fails if user is a lower level.,"Deals damage to the target equal to the target's maximum HP. Ignores accuracy and evasiveness modifiers. This attack's accuracy is equal to (user's level - target's level + 30)%, and fails if the target is at a higher level. Pokemon with the Sturdy Ability are immune.",0,0,,,0,0,0,0,0,0,0,0,0,0,0,0,0,0,0,1,0,0,1
Flail,"""Normal""",175,Physical,normal,0,100,0,15,More power the less HP the user has left.,"The power of this move is 20 if X is 33 to 48, 40 if X is 17 to 32, 80 if X is 10 to 16, 100 if X is 5 to 9, 150 if X is 2 to 4, and 200 if X is 0 or 1, where X is equal to (user's current HP * 48 / user's maximum HP), rounded down.",0,0,,,0,0,0,0,0,1,0,0,0,0,0,0,0,0,0,0,0,0,1
Flame Burst,"""Fire""",481,Special,normal,70,100,0,15,Damages Pokemon next to the target as well.,"If this move is successful, the target's ally loses 1/16 of its maximum HP, rounded down, unless it has the Magic Guard Ability.",0,0,,,0,0,0,0,0,0,0,0,0,0,0,0,0,0,0,0,0,0,0
Flame Charge,"""Fire""",488,Physical,normal,50,100,0,20,100% chance to raise the user's Speed by 1.,Has a 100% chance to raise the user's Speed by 1 stage.,1,0,,,0,0,0,0,0,1,0,0,0,0,0,0,0,0,1,0,0,0,1
Flame Wheel,"""Fire""",172,Physical,normal,60,100,0,25,10% chance to burn the target. Thaws user.,Has a 10% chance to burn the target.,1,0,,,0,0,0,0,0,1,0,0,0,0,0,0,0,0,1,0,0,0,1
Flamethrower,"""Fire""",53,Special,normal,90,100,0,15,10% chance to burn the target.,Has a 10% chance to burn the target.,1,0,,,0,0,0,0,0,0,0,0,0,0,0,0,0,0,1,0,0,0,1
Flare Blitz,"""Fire""",394,Physical,normal,120,100,0,15,Has 33% recoil. 10% chance to burn. Thaws user.,"Has a 10% chance to burn the target. If the target lost HP, the user takes recoil damage equal to 33% the HP lost by the target, rounded half up, but not less than 1 HP.",1,0,,,0,0,0,0,0,1,0,0,0,0,0,0,0,0,1,0,0,0,1
Flash,"""Normal""",148,Status,normal,0,100,0,20,Lowers the target's accuracy by 1.,Lowers the target's accuracy by 1 stage.,0,0,,,0,0,1,0,0,0,0,0,0,0,0,0,0,0,0,0,0,0,0
Flash Cannon,"""Steel""",430,Special,normal,80,100,0,10,10% chance to lower the target's Sp. Def by 1.,Has a 10% chance to lower the target's Special Defense by 1 stage.,1,0,,,0,0,0,0,0,0,0,0,0,0,0,0,0,0,1,0,0,0,1
Flatter,"""Dark""",260,Status,normal,0,100,0,15,Raises the target's Sp. Atk by 1 and confuses it.,Raises the target's Special Attack by 1 stage and confuses it.,0,0,,,0,0,1,0,0,0,0,0,0,0,0,0,0,0,0,0,0,0,1
Fleur Cannon,"""Fairy""",705,Special,normal,130,90,0,5,Lowers the user's Sp. Atk by 2.,Lowers the user's Special Attack by 2 stages.,0,0,,,0,0,0,0,0,0,0,0,0,0,0,0,0,0,0,0,0,0,1
Fling,"""Dark""",374,Physical,normal,0,100,0,10,Flings the user's item at the target. Power varies.,"The power of this move is based on the user's held item. The held item is lost and it activates for the target if applicable. If there is no target or the target avoids this move by protecting itself, the user's held item is still lost. The user can regain a thrown item with Recycle or the Harvest Ability. Fails if the user has no held item, if the held item cannot be thrown, if the user is under the effect of Embargo or Magic Room, or if the user has the Klutz Ability.",0,0,,,0,0,0,0,0,0,0,0,0,0,0,0,0,0,0,0,0,0,1
Flip Turn,"""Water""",812,Physical,normal,60,100,0,20,User switches out after damaging the target.,"If this move is successful and the user has not fainted, the user switches out even if it is trapped and is replaced immediately by a selected party member. The user does not switch out if there are no unfainted party members, or if the target switched out using an Eject Button or through the effect of the Emergency Exit or Wimp Out Abilities.",0,0,,,0,0,0,0,0,1,0,0,0,0,0,0,0,0,0,0,0,0,1
Floaty Fall,"""Flying""",731,Physical,normal,90,95,0,15,30% chance to make the target flinch.,Has a 30% chance to make the target flinch.,1,0,,,0,0,0,0,0,1,0,0,0,0,0,0,0,0,1,0,0,0,0
Floral Healing,"""Fairy""",666,Status,normal,0,-1,0,10,Heals the target by 50% of its max HP.,"The target restores 1/2 of its maximum HP, rounded half up. If the terrain is Grassy Terrain, the target instead restores 2/3 of its maximum HP, rounded half down.",0,0,,,0,0,1,0,0,0,0,1,0,0,0,0,0,0,0,0,0,0,1
Flower Shield,"""Fairy""",579,Status,all,0,-1,0,10,Raises Defense by 1 of all active Grass types.,Raises the Defense of all active Grass-type Pokemon by 1 stage. Fails if there are no active Grass-type Pokemon.,0,0,,,0,0,0,0,0,0,0,0,0,0,0,0,0,0,0,0,0,0,0
Flower Trick,"""Grass""",870,Physical,normal,70,-1,0,10,Always results in a critical hit; no accuracy check.,This move is always a critical hit unless the target is under the effect of Lucky Chant or has the Battle Armor or Shell Armor Abilities. This move does not check accuracy.,0,0,,,0,0,0,0,0,0,0,0,0,0,0,0,0,0,0,0,0,0,1
Fly,"""Flying""",19,Physical,any,90,95,0,15,"Flies up on first turn, then strikes the next turn.","This attack charges on the first turn and executes on the second. On the first turn, the user avoids all attacks other than Gust, Hurricane, Sky Uppercut, Smack Down, Thousand Arrows, Thunder, and Twister, and Gust and Twister have doubled power when used against it. If the user is holding a Power Herb, the move completes in one turn.",0,0,,,0,0,0,0,0,1,0,0,0,0,0,0,0,0,0,0,0,0,1
Flying Press,"""Fighting""",560,Physical,any,100,95,0,10,Combines Flying in its type effectiveness.,This move combines Flying in its type effectiveness against the target. Damage doubles and no accuracy check is done if the target has used Minimize while active.,0,0,,,0,0,0,0,0,1,0,0,0,0,0,0,0,0,0,0,0,0,1
Focus Blast,"""Fighting""",411,Special,normal,120,70,0,5,10% chance to lower the target's Sp. Def by 1.,Has a 10% chance to lower the target's Special Defense by 1 stage.,1,0,,,0,0,0,0,1,0,0,0,0,0,0,0,0,0,1,0,0,0,1
Focus Energy,"""Normal""",116,Status,self,0,-1,0,30,Raises the user's critical hit ratio by 2.,Raises the user's chance for a critical hit by 2 stages. Fails if the user already has the effect. Baton Pass can be used to transfer this effect to an ally.,0,0,,,0,0,0,0,0,0,0,0,0,0,0,0,0,0,0,0,0,0,1
Focus Punch,"""Fighting""",264,Physical,normal,150,100,-3,20,Fails if the user takes damage before it hits.,The user loses its focus and does nothing if it is hit by a damaging attack this turn before it can execute the move.,0,0,,,0,0,0,0,0,1,0,0,0,0,1,0,0,0,0,0,0,0,1
Follow Me,"""Normal""",266,Status,self,0,-1,2,20,The foes' moves target the user on the turn used.,"Until the end of the turn, all single-target attacks from the opposing side are redirected to the user. Such attacks are redirected to the user before they can be reflected by Magic Coat or the Magic Bounce Ability, or drawn in by the Lightning Rod or Storm Drain Abilities. Fails if it is not a Double Battle or Battle Royal. This effect is ignored while the user is under the effect of Sky Drop.",0,0,,,0,0,0,0,0,0,0,0,0,0,0,0,0,0,0,0,0,0,1
Force Palm,"""Fighting""",395,Physical,normal,60,100,0,10,30% chance to paralyze the target.,Has a 30% chance to paralyze the target.,1,0,,,0,0,0,0,0,1,0,0,0,0,0,0,0,0,1,0,0,0,1
Foresight,"""Normal""",193,Status,normal,0,-1,0,40,"Fighting, Normal hit Ghost. Evasiveness ignored.","As long as the target remains active, its evasiveness stat stage is ignored during accuracy checks against it if it is greater than 0, and Normal- and Fighting-type attacks can hit the target if it is a Ghost type. Fails if the target is already affected, or affected by Miracle Eye or Odor Sleuth.",0,0,,,1,0,1,0,0,0,0,0,0,0,0,0,0,0,0,0,0,0,0
Forest's Curse,"""Grass""",571,Status,normal,0,100,0,20,Adds Grass to the target's type(s).,"Causes the Grass type to be added to the target, effectively making it have two or three types. Fails if the target is already a Grass type. If Trick-or-Treat adds a type to the target, it replaces the type added by this move and vice versa.",0,0,,,0,0,1,0,0,0,0,0,0,0,0,0,0,0,0,0,0,0,1
Foul Play,"""Dark""",492,Physical,normal,95,100,0,15,Uses target's Attack stat in damage calculation.,"Damage is calculated using the target's Attack stat, including stat stage changes. The user's Ability, item, and burn are used as normal.",0,0,,,0,0,0,0,0,1,0,0,0,0,0,0,0,0,0,0,0,0,1
Freeze-Dry,"""Ice""",573,Special,normal,70,100,0,20,10% chance to freeze. Super effective on Water.,Has a 10% chance to freeze the target. This move's type effectiveness against Water is changed to be super effective no matter what this move's type is.,1,0,,,0,0,0,0,0,0,0,0,0,0,0,0,0,0,1,0,0,0,1
Freeze Shock,"""Ice""",553,Physical,normal,140,90,0,5,Charges turn 1. Hits turn 2. 30% paralyze.,"Has a 30% chance to paralyze the target. This attack charges on the first turn and executes on the second. If the user is holding a Power Herb, the move completes in one turn.",1,0,,,0,0,0,0,0,0,0,0,0,0,0,0,0,0,1,0,0,0,1
Freezing Glare,"""Psychic""",821,Special,normal,90,100,0,10,10% chance to freeze the target.,Has a 10% chance to freeze the target.,1,0,,,0,0,0,0,0,0,0,0,0,0,0,0,0,0,1,0,0,0,1
Freezy Frost,"""Ice""",739,Special,normal,100,90,0,10,Eliminates all stat changes.,Resets the stat stages of all active Pokemon to 0.,0,0,,,0,0,0,0,0,0,0,0,0,0,0,0,0,0,0,0,0,0,0
Frenzy Plant,"""Grass""",338,Special,normal,150,90,0,5,User cannot move next turn.,"If this move is successful, the user must recharge on the following turn and cannot select a move.",0,0,,,0,0,0,0,0,0,0,0,0,0,0,0,0,0,0,0,0,0,1
Frost Breath,"""Ice""",524,Special,normal,60,90,0,10,Always results in a critical hit.,This move is always a critical hit unless the target is under the effect of Lucky Chant or has the Battle Armor or Shell Armor Abilities.,0,0,,,0,0,0,0,0,0,0,0,0,0,0,0,0,0,0,0,0,0,1
Frustration,"""Normal""",218,Physical,normal,0,100,0,20,Max 102 power at minimum Happiness.,"Power is equal to the greater of ((255 - user's Happiness) * 2/5), rounded down, or 1.",0,0,,,0,0,0,0,0,1,0,0,0,0,0,0,0,0,0,0,0,0,0
Fury Attack,"""Normal""",31,Physical,normal,15,85,0,20,Hits 2-5 times in one turn.,"Hits two to five times. Has a 35% chance to hit two or three times and a 15% chance to hit four or five times. If one of the hits breaks the target's substitute, it will take damage for the remaining hits. If the user has the Skill Link Ability, this move will always hit five times. If the user is holding Loaded Dice, this move will hit 4-5 times.",0,1,5,2,0,0,0,0,0,1,0,0,0,0,0,0,0,0,0,0,0,0,1
Fury Cutter,"""Bug""",210,Physical,normal,40,95,0,20,"Power doubles with each hit, up to 160.","Power doubles with each successful hit, up to a maximum of 160 power. The power is reset if this move misses or another move is used.",0,0,,,0,0,0,0,0,1,0,0,0,0,0,0,0,0,0,0,0,0,1
Fury Swipes,"""Normal""",154,Physical,normal,18,80,0,15,Hits 2-5 times in one turn.,"Hits two to five times. Has a 35% chance to hit two or three times and a 15% chance to hit four or five times. If one of the hits breaks the target's substitute, it will take damage for the remaining hits. If the user has the Skill Link Ability, this move will always hit five times. If the user is holding Loaded Dice, this move will hit 4-5 times.",0,1,5,2,0,0,0,0,0,1,0,0,0,0,0,0,0,0,0,0,0,0,1
Fusion Bolt,"""Electric""",559,Physical,normal,100,100,0,5,Power doubles if used after Fusion Flare this turn.,Power doubles if the last move used by any Pokemon this turn was Fusion Flare.,0,0,,,0,0,0,0,0,0,0,0,0,0,0,0,0,0,0,0,0,0,1
Fusion Flare,"""Fire""",558,Special,normal,100,100,0,5,Power doubles if used after Fusion Bolt this turn.,Power doubles if the last move used by any Pokemon this turn was Fusion Bolt.,0,0,,,0,0,0,0,0,0,0,0,0,0,0,0,0,0,0,0,0,0,1
Future Sight,"""Psychic""",248,Special,normal,120,100,0,10,Hits two turns after being used.,"Deals damage two turns after this move is used. At the end of that turn, the damage is calculated at that time and dealt to the Pokemon at the position the target had when the move was used. If the user is no longer active at the time, damage is calculated based on the user's natural Special Attack stat, types, and level, with no boosts from its held item or Ability. Fails if this move or Doom Desire is already in effect for the target's position.",0,0,,,0,1,0,0,0,0,0,0,0,0,0,0,0,0,0,0,0,0,1
Gastro Acid,"""Poison""",380,Status,normal,0,100,0,10,Nullifies the target's Ability.,"Causes the target's Ability to be rendered ineffective as long as it remains active. If the target uses Baton Pass, the replacement will remain under this effect. If the target's Ability is As One, Battle Bond, Comatose, Disguise, Gulp Missile, Ice Face, Multitype, Power Construct, RKS System, Schooling, Shields Down, Stance Change, Tera Shift, Zen Mode, or Zero to Hero, this move fails, and receiving the effect through Baton Pass ends the effect immediately.",0,0,,,0,0,1,0,0,0,0,0,0,0,0,0,0,0,0,0,0,0,1
Gear Grind,"""Steel""",544,Physical,normal,50,85,0,15,Hits 2 times in one turn.,"Hits twice. If the first hit breaks the target's substitute, it will take damage for the second hit.",0,1,,,0,0,0,0,0,1,0,0,0,0,0,0,0,0,0,0,0,0,0
Gear Up,"""Steel""",674,Status,allySide,0,-1,0,20,"Raises Atk, Sp. Atk of allies with Plus/Minus by 1.",Raises the Attack and Special Attack of Pokemon on the user's side with the Plus or Minus Abilities by 1 stage.,0,0,,,1,0,0,0,0,0,0,0,0,0,0,0,0,0,0,0,0,0,0
Genesis Supernova,"""Psychic""",703,Special,normal,185,-1,0,1,Summons Psychic Terrain.,"If this move is successful, the terrain becomes Psychic Terrain.",1,0,,,0,1,0,0,0,0,0,0,0,0,0,0,0,0,1,0,1,0,0
Geomancy,"""Fairy""",601,Status,self,0,-1,0,10,"Charges, then raises SpA, SpD, Spe by 2 turn 2.","Raises the user's Special Attack, Special Defense, and Speed by 2 stages. This attack charges on the first turn and executes on the second. If the user is holding a Power Herb, the move completes in one turn.",0,0,,,0,0,0,0,0,0,0,0,0,0,0,0,0,0,0,0,0,0,0
Giga Drain,"""Grass""",202,Special,normal,75,100,0,10,User recovers 50% of the damage dealt.,"The user recovers 1/2 the HP lost by the target, rounded half up. If Big Root is held by the user, the HP recovered is 1.3x normal, rounded half down.",0,0,,,0,0,0,0,0,0,0,1,0,0,0,0,0,0,0,0,0,0,1
Giga Impact,"""Normal""",416,Physical,normal,150,90,0,5,User cannot move next turn.,"If this move is successful, the user must recharge on the following turn and cannot select a move.",0,0,,,0,0,0,0,0,1,0,0,0,0,0,0,0,0,0,0,0,0,1
Gigaton Hammer,"""Steel""",893,Physical,normal,160,100,0,5,Cannot be selected the turn after it's used.,Cannot be selected the turn after it's used.,0,0,,,0,0,0,0,0,0,0,0,0,0,0,0,0,0,0,0,0,0,1
Gigavolt Havoc,"""Electric""",646,Physical,normal,1,-1,0,1,Power is equal to the base move's Z-Power.,Power is equal to the base move's Z-Power.,0,0,,,0,1,0,0,0,0,0,0,0,0,0,0,0,0,0,0,1,0,0
Glacial Lance,"""Ice""",824,Physical,allAdjacentFoes,120,100,0,5,No additional effect. Hits adjacent foes.,No additional effect.,0,0,,,0,0,0,0,0,0,0,0,0,0,0,0,0,0,0,0,0,0,1
Glaciate,"""Ice""",549,Special,allAdjacentFoes,65,95,0,10,100% chance to lower the foe(s) Speed by 1.,Has a 100% chance to lower the target's Speed by 1 stage.,1,0,,,0,0,0,0,0,0,0,0,0,0,0,0,0,0,1,0,0,0,1
Glaive Rush,"""Dragon""",862,Physical,normal,120,100,0,5,User takes sure-hit 2x damage until its next turn.,"If this move is successful, moves targeted at the user deal double damage and do not check accuracy until the user's next turn.",0,0,,,0,0,0,0,0,1,0,0,0,0,0,0,0,0,0,0,0,0,1
Glare,"""Normal""",137,Status,normal,0,100,0,30,Paralyzes the target.,Paralyzes the target.,0,0,,,0,0,1,0,0,0,0,0,0,0,0,0,0,0,0,0,0,0,1
Glitzy Glow,"""Psychic""",736,Special,normal,80,95,0,15,Summons Light Screen.,This move summons Light Screen for 5 turns upon use.,0,0,,,0,0,0,0,0,0,0,0,0,0,0,0,0,0,0,0,0,0,0
G-Max Befuddle,"""Bug""",1000,Physical,adjacentFoe,10,-1,0,5,Base move affects power. Foes: slp or psn or par.,"Power is equal to the base move's Max Move power. If this move is successful, each Pokemon on the opposing side either falls asleep, becomes poisoned, or becomes paralyzed, even if they have a substitute.",0,0,,,0,1,0,0,0,0,0,0,0,0,0,0,0,0,0,0,0,1,0
G-Max Cannonade,"""Water""",1000,Physical,adjacentFoe,10,-1,0,10,"Base move affects power. Foes: -1/6 HP, 4 turns.","Power is equal to the base move's Max Move power. If this move is successful, for 4 turns each non-Water-type Pokemon on the opposing side takes damage equal to 1/6 of its maximum HP, rounded down, at the end of each turn during effect, including the last turn.",0,0,,,0,1,0,0,0,0,0,0,0,0,0,0,0,0,0,0,0,1,0
G-Max Centiferno,"""Fire""",1000,Physical,adjacentFoe,10,-1,0,5,Base move affects power. Foes: bound 4-5 turns.,"Power is equal to the base move's Max Move power. If this move is successful, each Pokemon on the opposing side is prevented from switching for four or five turns (seven turns if the user is holding Grip Claw), even if they have a substitute. Causes damage equal to 1/8 of their maximum HP (1/6 if the user is holding Binding Band), rounded down, at the end of each turn during effect. They can still switch out if they are holding Shed Shell or use Baton Pass, Flip Turn, Parting Shot, Teleport, U-turn, or Volt Switch. The effect ends for a target if it leaves the field, or if it uses Rapid Spin or Substitute successfully. This effect is not stackable or reset by using this or another binding move.",0,0,,,0,1,0,0,0,0,0,0,0,0,0,0,0,0,0,0,0,1,0
G-Max Chi Strike,"""Fighting""",1000,Physical,adjacentFoe,10,-1,0,5,Base move affects power. Allies: Crit Ratio +1.,"Power is equal to the base move's Max Move power. If this move is successful, each Pokemon on the user's side has their critical hit ratio raised by 1 stage, even if they have a substitute.",0,0,,,0,1,0,0,0,0,0,0,0,0,0,0,0,0,0,0,0,1,0
G-Max Cuddle,"""Normal""",1000,Physical,adjacentFoe,10,-1,0,5,Base move affects power. Foes: infatuated.,"Power is equal to the base move's Max Move power. If this move is successful, each Pokemon on the opposing side becomes infatuated, even if they have a substitute. This effect does not happen for a target if both it and the user are the same gender, if either is genderless, or if the target is already infatuated.",0,0,,,0,1,0,0,0,0,0,0,0,0,0,0,0,0,0,0,0,1,0
G-Max Depletion,"""Dragon""",1000,Physical,adjacentFoe,10,-1,0,5,Base move affects power. Foes: last move -2 PP.,"Power is equal to the base move's Max Move power. If this move is successful, each Pokemon on the opposing side loses 2 PP from its last move used, even if they have a substitute.",0,0,,,0,1,0,0,0,0,0,0,0,0,0,0,0,0,0,0,0,1,0
G-Max Drum Solo,"""Grass""",1000,Physical,adjacentFoe,160,-1,0,5,Always 160 power. Ignores Abilities.,Power is 160 regardless of the base move's Max Move power. This move and its effects ignore the Abilities of other Pokemon.,0,0,,,0,1,0,0,0,0,0,0,0,0,0,0,0,0,0,0,0,1,0
G-Max Finale,"""Fairy""",1000,Physical,adjacentFoe,10,-1,0,5,Base move affects power. Allies: +1/6 max HP.,"Power is equal to the base move's Max Move power. If this move is successful, each Pokemon on the user's side restores 1/6 of its current maximum HP, even if they have a substitute.",0,0,,,0,1,0,0,0,0,0,0,0,0,0,0,0,0,0,0,0,1,0
G-Max Fireball,"""Fire""",1000,Physical,adjacentFoe,160,-1,0,5,Always 160 power. Ignores Abilities.,Power is 160 regardless of the base move's Max Move power. This move and its effects ignore the Abilities of other Pokemon.,0,0,,,0,1,0,0,0,0,0,0,0,0,0,0,0,0,0,0,0,1,0
G-Max Foam Burst,"""Water""",1000,Physical,adjacentFoe,10,-1,0,5,Base move affects power. Foes: -2 Speed.,"Power is equal to the base move's Max Move power. If this move is successful, the Speed of each Pokemon on the opposing side is lowered by 2 stages, even if they have a substitute.",0,0,,,0,1,0,0,0,0,0,0,0,0,0,0,0,0,0,0,0,1,0
G-Max Gold Rush,"""Normal""",1000,Physical,adjacentFoe,10,-1,0,5,Base move affects power. Foes: confused.,"Power is equal to the base move's Max Move power. If this move is successful, each Pokemon on the opposing side becomes confused, even if they have a substitute.",0,0,,,0,1,0,0,0,0,0,0,0,0,0,0,0,0,0,0,0,1,0
G-Max Gravitas,"""Psychic""",1000,Physical,adjacentFoe,10,-1,0,5,Base move affects power. Starts Gravity.,"Power is equal to the base move's Max Move power. If this move is successful, the effect of Gravity begins.",0,0,,,0,1,0,0,0,0,0,0,0,0,0,0,0,0,0,0,0,1,0
G-Max Hydrosnipe,"""Water""",1000,Physical,adjacentFoe,160,-1,0,5,Always 160 power. Ignores Abilities.,Power is 160 regardless of the base move's Max Move power. This move and its effects ignore the Abilities of other Pokemon.,0,0,,,0,1,0,0,0,0,0,0,0,0,0,0,0,0,0,0,0,1,0
G-Max Malodor,"""Poison""",1000,Physical,adjacentFoe,10,-1,0,5,Base move affects power. Foes: poisoned.,"Power is equal to the base move's Max Move power. If this move is successful, each Pokemon on the opposing side becomes poisoned, even if they have a substitute.",0,0,,,0,1,0,0,0,0,0,0,0,0,0,0,0,0,0,0,0,1,0
G-Max Meltdown,"""Steel""",1000,Physical,adjacentFoe,10,-1,0,5,Base move affects power. Foes: Tormented.,"Power is equal to the base move's Max Move power. If this move is successful, the effect of Torment begins for each Pokemon on the opposing side, even if they have a substitute.",0,0,,,0,1,0,0,0,0,0,0,0,0,0,0,0,0,0,0,0,1,0
G-Max One Blow,"""Dark""",1000,Physical,adjacentFoe,10,-1,0,5,Base move affects power. Bypasses Max Guard.,"Power is equal to the base move's Max Move power. This move bypasses all protection effects, including Max Guard.",0,0,,,0,1,0,0,0,0,0,0,0,0,0,0,0,0,0,0,0,1,0
G-Max Rapid Flow,"""Water""",1000,Physical,adjacentFoe,10,-1,0,5,Base move affects power. Bypasses Max Guard.,"Power is equal to the base move's Max Move power. This move bypasses all protection effects, including Max Guard.",0,0,,,0,1,0,0,0,0,0,0,0,0,0,0,0,0,0,0,0,1,0
G-Max Replenish,"""Normal""",1000,Physical,adjacentFoe,10,-1,0,5,Base move affects power. 50% restores Berries.,"Power is equal to the base move's Max Move power. If this move is successful, there is a 50% chance every Pokemon on the user's side has its Berry restored, even if they have a substitute.",0,0,,,0,1,0,0,0,0,0,0,0,0,0,0,0,0,0,0,0,1,0
G-Max Resonance,"""Ice""",1000,Physical,adjacentFoe,10,-1,0,5,Base move affects power. Allies: Aurora Veil.,"Power is equal to the base move's Max Move power. If this move is successful, the effect of Aurora Veil begins on the user's side.",0,0,,,0,1,0,0,0,0,0,0,0,0,0,0,0,0,0,0,0,1,0
G-Max Sandblast,"""Ground""",1000,Physical,adjacentFoe,10,-1,0,5,Base move affects power. Foes: bound 4-5 turns.,"Power is equal to the base move's Max Move power. If this move is successful, each Pokemon on the opposing side is prevented from switching for four or five turns (seven turns if the user is holding Grip Claw), even if they have a substitute. Causes damage equal to 1/8 of their maximum HP (1/6 if the user is holding Binding Band), rounded down, at the end of each turn during effect. They can still switch out if they are holding Shed Shell or use Baton Pass, Flip Turn, Parting Shot, Teleport, U-turn, or Volt Switch. The effect ends for a target if it leaves the field, or if it uses Rapid Spin or Substitute successfully. This effect is not stackable or reset by using this or another binding move.",0,0,,,0,1,0,0,0,0,0,0,0,0,0,0,0,0,0,0,0,1,0
G-Max Smite,"""Fairy""",1000,Physical,adjacentFoe,10,-1,0,5,Base move affects power. Foes: confused.,"Power is equal to the base move's Max Move power. If this move is successful, each Pokemon on the opposing side becomes confused, even if they have a substitute.",0,0,,,0,1,0,0,0,0,0,0,0,0,0,0,0,0,0,0,0,1,0
G-Max Snooze,"""Dark""",1000,Physical,adjacentFoe,10,-1,0,5,Base move affects power. Target: 50% Yawn.,"Power is equal to the base move's Max Move power. If this move is successful, there is a 50% chance the effect of Yawn begins on the target, even if it has a substitute.",0,0,,,0,1,0,0,0,0,0,0,0,0,0,0,0,0,0,0,0,1,0
G-Max Steelsurge,"""Steel""",1000,Physical,adjacentFoe,10,-1,0,5,Base move affects power. Foes: Steel hazard.,"Power is equal to the base move's Max Move power. If this move is successful, it sets up a hazard on the opposing side of the field, damaging each opposing Pokemon that switches in. Foes lose 1/32, 1/16, 1/8, 1/4, or 1/2 of their maximum HP, rounded down, based on their weakness to the Steel type; 0.25x, 0.5x, neutral, 2x, or 4x, respectively. Can be removed from the opposing side if any opposing Pokemon uses Rapid Spin or Defog successfully, or is hit by Defog.",0,0,,,0,1,0,0,0,0,0,0,0,0,0,0,0,0,0,0,0,1,0
G-Max Stonesurge,"""Water""",1000,Physical,adjacentFoe,10,-1,0,5,Base move affects power. Foes: Stealth Rock.,"Power is equal to the base move's Max Move power. If this move is successful, it sets up a hazard on the opposing side of the field, damaging each opposing Pokemon that switches in. Foes lose 1/32, 1/16, 1/8, 1/4, or 1/2 of their maximum HP, rounded down, based on their weakness to the Rock type; 0.25x, 0.5x, neutral, 2x, or 4x, respectively. Can be removed from the opposing side if any opposing Pokemon uses Rapid Spin or Defog successfully, or is hit by Defog.",0,0,,,0,1,0,0,0,0,0,0,0,0,0,0,0,0,0,0,0,1,0
G-Max Stun Shock,"""Electric""",1000,Physical,adjacentFoe,10,-1,0,10,Base move affects power. Foes: psn or par.,"Power is equal to the base move's Max Move power. If this move is successful, each Pokemon on the opposing side either becomes poisoned or paralyzed, even if they have a substitute.",0,0,,,0,1,0,0,0,0,0,0,0,0,0,0,0,0,0,0,0,1,0
G-Max Sweetness,"""Grass""",1000,Physical,adjacentFoe,10,-1,0,10,Base move affects power. Allies: status cured.,"Power is equal to the base move's Max Move power. If this move is successful, each Pokemon on the user's side has its status condition cured, even if they have a substitute.",0,0,,,0,1,0,0,0,0,0,0,0,0,0,0,0,0,0,0,0,1,0
G-Max Tartness,"""Grass""",1000,Physical,adjacentFoe,10,-1,0,10,Base move affects power. Foes: -1 evasiveness.,"Power is equal to the base move's Max Move power. If this move is successful, the evasiveness of each Pokemon on the opposing side is lowered by 1 stage, even if they have a substitute.",0,0,,,0,1,0,0,0,0,0,0,0,0,0,0,0,0,0,0,0,1,0
G-Max Terror,"""Ghost""",1000,Physical,adjacentFoe,10,-1,0,10,Base move affects power. Foes: trapped.,"Power is equal to the base move's Max Move power. If this move is successful, each Pokemon on the opposing side is prevented from switching out, even if they have a substitute. They can still switch out if they are holding Shed Shell or use Baton Pass, Flip Turn, Parting Shot, Teleport, U-turn, or Volt Switch. The effect ends if either the user or the target leaves the field.",0,0,,,0,1,0,0,0,0,0,0,0,0,0,0,0,0,0,0,0,1,0
G-Max Vine Lash,"""Grass""",1000,Physical,adjacentFoe,10,-1,0,10,"Base move affects power. Foes: -1/6 HP, 4 turns.","Power is equal to the base move's Max Move power. If this move is successful, for 4 turns each non-Grass-type Pokemon on the opposing side takes damage equal to 1/6 of its maximum HP, rounded down, at the end of each turn during effect, including the last turn.",0,0,,,0,1,0,0,0,0,0,0,0,0,0,0,0,0,0,0,0,1,0
G-Max Volcalith,"""Rock""",1000,Physical,adjacentFoe,10,-1,0,10,"Base move affects power. Foes: -1/6 HP, 4 turns.","Power is equal to the base move's Max Move power. If this move is successful, for 4 turns each non-Rock-type Pokemon on the opposing side takes damage equal to 1/6 of its maximum HP, rounded down, at the end of each turn during effect, including the last turn.",0,0,,,0,1,0,0,0,0,0,0,0,0,0,0,0,0,0,0,0,1,0
G-Max Volt Crash,"""Electric""",1000,Physical,adjacentFoe,10,-1,0,10,Base move affects power. Foes: paralyzed.,"Power is equal to the base move's Max Move power. If this move is successful, each Pokemon on the opposing side becomes paralyzed, even if they have a substitute.",0,0,,,0,1,0,0,0,0,0,0,0,0,0,0,0,0,0,0,0,1,0
G-Max Wildfire,"""Fire""",1000,Physical,adjacentFoe,10,-1,0,10,"Base move affects power. Foes: -1/6 HP, 4 turns.","Power is equal to the base move's Max Move power. If this move is successful, for 4 turns each non-Fire-type Pokemon on the opposing side takes damage equal to 1/6 of its maximum HP, rounded down, at the end of each turn during effect, including the last turn.",0,0,,,0,1,0,0,0,0,0,0,0,0,0,0,0,0,0,0,0,1,0
G-Max Wind Rage,"""Flying""",1000,Physical,adjacentFoe,10,-1,0,10,"Base move affects power. Ends Terrain, hazards.","Power is equal to the base move's Max Move power. If this move is successful, the effects of Electric Terrain, Grassy Terrain, Misty Terrain, and Psychic Terrain end, the effects of Reflect, Light Screen, Aurora Veil, Safeguard, Mist, G-Max Steelsurge, Spikes, Toxic Spikes, Stealth Rock, and Sticky Web end for the target's side, and the effects of G-Max Steelsurge, Spikes, Toxic Spikes, Stealth Rock, and Sticky Web end for the user's side.",0,0,,,0,1,0,0,0,0,0,0,0,0,0,0,0,0,0,0,0,1,0
Grass Knot,"""Grass""",447,Special,normal,0,100,0,20,More power the heavier the target.,"This move's power is 20 if the target weighs less than 10 kg, 40 if less than 25 kg, 60 if less than 50 kg, 80 if less than 100 kg, 100 if less than 200 kg, and 120 if greater than or equal to 200 kg.",0,0,,,0,0,0,0,0,1,0,0,0,0,0,0,0,0,0,0,0,0,1
Grass Pledge,"""Grass""",520,Special,normal,80,100,0,10,Use with Fire or Water Pledge for added effect.,"If one of the user's allies chose to use Fire Pledge or Water Pledge this turn and has not moved yet, it takes its turn immediately after the user and the user's move does nothing. If combined with Fire Pledge, the ally uses Fire Pledge with 150 power and a sea of fire appears on the target's side for 4 turns, which causes damage to non-Fire types equal to 1/8 of their maximum HP, rounded down, at the end of each turn during effect, including the last turn. If combined with Water Pledge, the ally uses Grass Pledge with 150 power and a swamp appears on the target's side for 4 turns, which quarters the Speed of each Pokemon on that side. When used as a combined move, this move gains STAB no matter what the user's type is. This move does not consume the user's Grass Gem.",0,0,,,0,0,0,0,0,0,0,0,0,0,0,0,0,0,0,0,0,0,1
Grass Whistle,"""Grass""",320,Status,normal,0,55,0,15,Causes the target to fall asleep.,Causes the target to fall asleep.,0,0,,,1,0,1,0,0,0,0,0,0,0,0,0,1,0,0,0,0,0,0
Grassy Glide,"""Grass""",803,Physical,normal,55,100,0,20,User on Grassy Terrain: +1 priority.,"If the current terrain is Grassy Terrain and the user is grounded, this move has its priority increased by 1.",0,0,,,0,0,0,0,0,1,0,0,0,0,0,0,0,0,0,0,0,0,1
Grassy Terrain,"""Grass""",580,Status,all,0,-1,0,10,"5 turns. Grounded: +Grass power, +1/16 max HP.","For 5 turns, the terrain becomes Grassy Terrain. During the effect, the power of Grass-type attacks used by grounded Pokemon is multiplied by 1.3, the power of Bulldoze, Earthquake, and Magnitude used against grounded Pokemon is multiplied by 0.5, and grounded Pokemon have 1/16 of their maximum HP, rounded down, restored at the end of each turn, including the last turn. Camouflage transforms the user into a Grass type, Nature Power becomes Energy Ball, and Secret Power has a 30% chance to cause sleep. Fails if the current terrain is Grassy Terrain.",0,0,,,0,0,0,0,0,0,0,0,0,0,0,0,0,0,0,0,0,0,1
Grav Apple,"""Grass""",788,Physical,normal,80,100,0,10,Target: 100% -1 Def. During Gravity: 1.5x power.,Has a 100% chance to lower the target's Defense by 1 stage. Power is multiplied by 1.5 during Gravity's effect.,1,0,,,0,0,0,0,0,0,0,0,0,0,0,0,0,0,1,0,0,0,1
Gravity,"""Psychic""",356,Status,all,0,-1,0,5,"5 turns: no Ground immunities, 1.67x accuracy.","For 5 turns, the evasiveness of all active Pokemon is multiplied by 0.6. At the time of use, Bounce, Fly, Magnet Rise, Sky Drop, and Telekinesis end immediately for all active Pokemon. During the effect, Bounce, Fly, Flying Press, High Jump Kick, Jump Kick, Magnet Rise, Sky Drop, Splash, and Telekinesis are prevented from being used by all active Pokemon. Ground-type attacks, Spikes, Toxic Spikes, Sticky Web, and the Arena Trap Ability can affect Flying types or Pokemon with the Levitate Ability. Fails if this move is already in effect.",0,0,,,0,0,0,0,0,0,0,0,0,0,0,0,0,0,0,0,0,0,1
Growl,"""Normal""",45,Status,allAdjacentFoes,0,100,0,40,Lowers the foe(s) Attack by 1.,Lowers the target's Attack by 1 stage.,0,0,,,1,0,1,0,0,0,0,0,0,0,0,0,1,0,0,0,0,0,1
Growth,"""Normal""",74,Status,self,0,-1,0,20,Raises user's Attack and Sp. Atk by 1; 2 in Sun.,"Raises the user's Attack and Special Attack by 1 stage. If the weather is Sunny Day or Desolate Land, this move raises the user's Attack and Special Attack by 2 stages. If the user is holding Utility Umbrella, this move will only raise the user's Attack and Special Attack by 1 stage, even if the weather is Sunny Day or Desolate Land.",0,0,,,0,0,0,0,0,0,0,0,0,0,0,0,0,0,0,0,0,0,1
Grudge,"""Ghost""",288,Status,self,0,-1,0,5,"If the user faints, the attack used loses all its PP.","Until the user's next turn, if an opposing Pokemon's attack knocks the user out, that move loses all its remaining PP.",0,0,,,1,0,0,0,0,0,0,0,0,0,0,0,0,0,0,0,0,0,0
Guardian of Alola,"""Fairy""",698,Special,normal,0,-1,0,1,Does damage equal to 3/4 target's current HP.,"Deals damage to the target equal to 3/4 of its current HP, rounded down, but not less than 1 HP.",0,0,,,0,1,0,0,0,0,0,0,0,0,0,0,0,0,0,0,1,0,0
Guard Split,"""Psychic""",470,Status,normal,0,-1,0,10,Averages Defense and Sp. Def stats with target.,"The user and the target have their Defense and Special Defense stats set to be equal to the average of the user and the target's Defense and Special Defense stats, respectively, rounded down. Stat stage changes are unaffected.",0,0,,,0,0,0,0,0,0,0,0,0,0,0,0,0,0,0,0,0,0,1
Guard Swap,"""Psychic""",385,Status,normal,0,-1,0,10,Swaps Defense and Sp. Def changes with target.,The user swaps its Defense and Special Defense stat stage changes with the target.,0,0,,,1,0,0,0,0,0,0,0,0,0,0,0,0,0,0,0,0,0,1
Guillotine,"""Normal""",12,Physical,normal,0,30,0,5,OHKOs the target. Fails if user is a lower level.,"Deals damage to the target equal to the target's maximum HP. Ignores accuracy and evasiveness modifiers. This attack's accuracy is equal to (user's level - target's level + 30)%, and fails if the target is at a higher level. Pokemon with the Sturdy Ability are immune.",0,0,,,0,0,0,0,0,1,0,0,0,0,0,0,0,0,0,1,0,0,1
Gunk Shot,"""Poison""",441,Physical,normal,120,80,0,5,30% chance to poison the target.,Has a 30% chance to poison the target.,1,0,,,0,0,0,0,0,0,0,0,0,0,0,0,0,0,1,0,0,0,1
Gust,"""Flying""",16,Special,any,40,100,0,35,"Power doubles during Bounce, Fly, and Sky Drop.","Power doubles if the target is using Bounce, Fly, or Sky Drop, or is under the effect of Sky Drop.",0,0,,,0,0,0,0,0,0,0,0,0,0,0,0,0,1,0,0,0,0,1
Gyro Ball,"""Steel""",360,Physical,normal,0,100,0,5,More power the slower the user than the target.,"Power is equal to (25 * target's current Speed / user's current Speed) + 1, rounded down, but not more than 150. If the user's current Speed is 0, this move's power is 1.",0,0,,,0,0,0,0,1,1,0,0,0,0,0,0,0,0,0,0,0,0,1
Hail,"""Ice""",258,Status,all,0,-1,0,10,"For 5 turns, hail crashes down.","For 5 turns, the weather becomes Hail. At the end of each turn except the last, all active Pokemon lose 1/16 of their maximum HP, rounded down, unless they are an Ice type or have the Ice Body, Magic Guard, Overcoat, or Snow Cloak Abilities. Lasts for 8 turns if the user is holding Icy Rock. Fails if the current weather is Hail.",0,0,,,0,0,0,0,0,0,0,0,0,0,0,0,0,0,0,0,0,0,0
Hammer Arm,"""Fighting""",359,Physical,normal,100,90,0,10,Lowers the user's Speed by 1.,Lowers the user's Speed by 1 stage.,0,0,,,0,0,0,0,0,1,0,0,0,0,1,0,0,0,0,0,0,0,1
Happy Hour,"""Normal""",603,Status,allySide,0,-1,0,30,No competitive use.,No competitive use.,0,0,,,0,0,0,0,0,0,0,0,0,0,0,0,0,0,0,0,0,0,1
Harden,"""Normal""",106,Status,self,0,-1,0,30,Raises the user's Defense by 1.,Raises the user's Defense by 1 stage.,0,0,,,0,0,0,0,0,0,0,0,0,0,0,0,0,0,0,0,0,0,1
Hard Press,"""Steel""",912,Physical,normal,0,100,0,10,More power the more HP the target has left.,"Power is equal to 100 * (target's current HP / target's maximum HP), rounded half down, but not less than 1.",0,0,,,0,0,0,0,0,1,0,0,0,0,0,0,0,0,0,0,0,0,1
Haze,"""Ice""",114,Status,all,0,-1,0,30,Eliminates all stat changes.,Resets the stat stages of all active Pokemon to 0.,0,0,,,1,0,0,0,0,0,0,0,0,0,0,0,0,0,0,0,0,0,1
Headbutt,"""Normal""",29,Physical,normal,70,100,0,15,30% chance to make the target flinch.,Has a 30% chance to make the target flinch.,1,0,,,0,0,0,0,0,1,0,0,0,0,0,0,0,0,1,0,0,0,1
Head Charge,"""Normal""",543,Physical,normal,120,100,0,15,Has 1/4 recoil.,"If the target lost HP, the user takes recoil damage equal to 1/4 the HP lost by the target, rounded half up, but not less than 1 HP.",0,0,,,0,0,0,0,0,1,0,0,0,0,0,0,0,0,0,0,0,0,0
Headlong Rush,"""Ground""",838,Physical,normal,120,100,0,5,Lowers the user's Defense and Sp. Def by 1.,Lowers the user's Defense and Special Defense by 1 stage.,0,0,,,0,0,0,0,0,1,0,0,0,0,1,0,0,0,0,0,0,0,1
Head Smash,"""Rock""",457,Physical,normal,150,80,0,5,Has 1/2 recoil.,"If the target lost HP, the user takes recoil damage equal to 1/2 the HP lost by the target, rounded half up, but not less than 1 HP.",0,0,,,0,0,0,0,0,1,0,0,0,0,0,0,0,0,0,0,0,0,1
Heal Bell,"""Normal""",215,Status,allyTeam,0,-1,0,5,Cures the user's party of all status conditions.,"Every Pokemon in the user's party is cured of its non-volatile status condition. Active Pokemon with the Soundproof Ability are not cured, unless they are the user.",0,0,,,1,0,0,0,0,0,0,0,0,0,0,0,1,0,0,0,0,0,1
Heal Block,"""Psychic""",377,Status,allAdjacentFoes,0,100,0,15,"For 5 turns, the foe(s) is prevented from healing.","For 5 turns, the target is prevented from restoring any HP as long as it remains active. During the effect, healing and draining moves are unusable, and Abilities and items that grant healing will not heal the user. If an affected Pokemon uses Baton Pass, the replacement will remain unable to restore its HP. Pain Split and the Regenerator Ability are unaffected.",0,0,,,0,0,1,0,0,0,0,0,0,0,0,0,0,0,0,0,0,0,0
Healing Wish,"""Psychic""",361,Status,self,0,-1,0,10,User faints. Next hurt Pokemon is fully healed.,"The user faints, and if the Pokemon brought out to replace it does not have full HP or has a non-volatile status condition, its HP is fully restored along with having any non-volatile status condition cured. The replacement is sent out at the end of the turn, and the healing happens before hazards take effect. This effect continues until a Pokemon that meets either of these conditions switches in at the user's position or gets swapped into the position with Ally Switch. Fails if the user is the last unfainted Pokemon in its party.",0,0,,,0,0,0,0,0,0,0,1,0,0,0,0,0,0,0,0,0,0,1
Heal Order,"""Bug""",456,Status,self,0,-1,0,10,Heals the user by 50% of its max HP.,"The user restores 1/2 of its maximum HP, rounded half up.",0,0,,,0,0,0,0,0,0,0,1,0,0,0,0,0,0,0,0,0,0,0
Heal Pulse,"""Psychic""",505,Status,any,0,-1,0,10,Heals the target by 50% of its max HP.,"The target restores 1/2 of its maximum HP, rounded half up. If the user has the Mega Launcher Ability, the target instead restores 3/4 of its maximum HP, rounded half down.",0,0,,,0,0,1,0,0,0,0,1,0,1,0,0,0,0,0,0,0,0,1
Heart Stamp,"""Psychic""",531,Physical,normal,60,100,0,25,30% chance to make the target flinch.,Has a 30% chance to make the target flinch.,1,0,,,0,0,0,0,0,1,0,0,0,0,0,0,0,0,1,0,0,0,0
Heart Swap,"""Psychic""",391,Status,normal,0,-1,0,10,Swaps all stat changes with target.,The user swaps all its stat stage changes with the target.,0,0,,,1,0,0,0,0,0,0,0,0,0,0,0,0,0,0,0,0,0,1
Heat Crash,"""Fire""",535,Physical,normal,0,100,0,10,More power the heavier the user than the target.,"The power of this move depends on (user's weight / target's weight), rounded down. Power is equal to 120 if the result is 5 or more, 100 if 4, 80 if 3, 60 if 2, and 40 if 1 or less. Damage doubles and no accuracy check is done if the target has used Minimize while active.",0,0,,,0,0,0,0,0,1,0,0,0,0,0,0,0,0,0,0,0,0,1
Heat Wave,"""Fire""",257,Special,allAdjacentFoes,95,90,0,10,10% chance to burn the foe(s).,Has a 10% chance to burn the target.,1,0,,,0,0,0,0,0,0,0,0,0,0,0,0,0,1,1,0,0,0,1
Heavy Slam,"""Steel""",484,Physical,normal,0,100,0,10,More power the heavier the user than the target.,"The power of this move depends on (user's weight / target's weight), rounded down. Power is equal to 120 if the result is 5 or more, 100 if 4, 80 if 3, 60 if 2, and 40 if 1 or less. Damage doubles and no accuracy check is done if the target has used Minimize while active.",0,0,,,0,0,0,0,0,1,0,0,0,0,0,0,0,0,0,0,0,0,1
Helping Hand,"""Normal""",270,Status,adjacentAlly,0,-1,5,20,One adjacent ally's move power is 1.5x this turn.,"The power of the target's attack this turn is multiplied by 1.5 (this effect is stackable). Fails if there is no ally adjacent to the user or if the ally already moved this turn, but does not fail if the ally is using a two-turn move.",0,0,,,1,0,0,0,0,0,0,0,0,0,0,0,0,0,0,0,0,0,1
Hex,"""Ghost""",506,Special,normal,65,100,0,10,Power doubles if the target has a status ailment.,Power doubles if the target has a non-volatile status condition.,0,0,,,0,0,0,0,0,0,0,0,0,0,0,0,0,0,0,0,0,0,1
Hidden Power,"""Normal""",237,Special,normal,60,100,0,15,Varies in type based on the user's IVs.,"This move's type depends on the user's individual values (IVs), and can be any type but Fairy and Normal.",0,0,,,0,0,0,0,0,0,0,0,0,0,0,0,0,0,0,0,0,0,0
Hidden Power Bug,"""Bug""",237,Special,normal,60,100,0,15,,,0,0,,,0,0,0,0,0,0,0,0,0,0,0,0,0,0,0,0,0,0,0
Hidden Power Dark,"""Dark""",237,Special,normal,60,100,0,15,,,0,0,,,0,0,0,0,0,0,0,0,0,0,0,0,0,0,0,0,0,0,0
Hidden Power Dragon,"""Dragon""",237,Special,normal,60,100,0,15,,,0,0,,,0,0,0,0,0,0,0,0,0,0,0,0,0,0,0,0,0,0,0
Hidden Power Electric,"""Electric""",237,Special,normal,60,100,0,15,,,0,0,,,0,0,0,0,0,0,0,0,0,0,0,0,0,0,0,0,0,0,0
Hidden Power Fighting,"""Fighting""",237,Special,normal,60,100,0,15,,,0,0,,,0,0,0,0,0,0,0,0,0,0,0,0,0,0,0,0,0,0,0
Hidden Power Fire,"""Fire""",237,Special,normal,60,100,0,15,,,0,0,,,0,0,0,0,0,0,0,0,0,0,0,0,0,0,0,0,0,0,0
Hidden Power Flying,"""Flying""",237,Special,normal,60,100,0,15,,,0,0,,,0,0,0,0,0,0,0,0,0,0,0,0,0,0,0,0,0,0,0
Hidden Power Ghost,"""Ghost""",237,Special,normal,60,100,0,15,,,0,0,,,0,0,0,0,0,0,0,0,0,0,0,0,0,0,0,0,0,0,0
Hidden Power Grass,"""Grass""",237,Special,normal,60,100,0,15,,,0,0,,,0,0,0,0,0,0,0,0,0,0,0,0,0,0,0,0,0,0,0
Hidden Power Ground,"""Ground""",237,Special,normal,60,100,0,15,,,0,0,,,0,0,0,0,0,0,0,0,0,0,0,0,0,0,0,0,0,0,0
Hidden Power Ice,"""Ice""",237,Special,normal,60,100,0,15,,,0,0,,,0,0,0,0,0,0,0,0,0,0,0,0,0,0,0,0,0,0,0
Hidden Power Poison,"""Poison""",237,Special,normal,60,100,0,15,,,0,0,,,0,0,0,0,0,0,0,0,0,0,0,0,0,0,0,0,0,0,0
Hidden Power Psychic,"""Psychic""",237,Special,normal,60,100,0,15,,,0,0,,,0,0,0,0,0,0,0,0,0,0,0,0,0,0,0,0,0,0,0
Hidden Power Rock,"""Rock""",237,Special,normal,60,100,0,15,,,0,0,,,0,0,0,0,0,0,0,0,0,0,0,0,0,0,0,0,0,0,0
Hidden Power Steel,"""Steel""",237,Special,normal,60,100,0,15,,,0,0,,,0,0,0,0,0,0,0,0,0,0,0,0,0,0,0,0,0,0,0
Hidden Power Water,"""Water""",237,Special,normal,60,100,0,15,,,0,0,,,0,0,0,0,0,0,0,0,0,0,0,0,0,0,0,0,0,0,0
High Horsepower,"""Ground""",667,Physical,normal,95,95,0,10,No additional effect.,No additional effect.,0,0,,,0,0,0,0,0,1,0,0,0,0,0,0,0,0,0,0,0,0,1
High Jump Kick,"""Fighting""",136,Physical,normal,130,90,0,10,User is hurt by 50% of its max HP if it misses.,"If this attack is not successful, the user loses half of its maximum HP, rounded down, as crash damage. Pokemon with the Magic Guard Ability are unaffected by crash damage.",0,0,,,0,0,0,0,0,1,0,0,0,0,0,0,0,0,0,0,0,0,1
Hold Back,"""Normal""",610,Physical,normal,40,100,0,40,Always leaves the target with at least 1 HP.,Leaves the target with at least 1 HP.,0,0,,,0,0,0,0,0,1,0,0,0,0,0,0,0,0,0,0,0,0,0
Hold Hands,"""Normal""",607,Status,adjacentAlly,0,-1,0,40,No competitive use.,No competitive use. Fails if there is no ally adjacent to the user.,0,0,,,1,0,0,0,0,0,0,0,0,0,0,0,0,0,0,0,0,0,0
Hone Claws,"""Dark""",468,Status,self,0,-1,0,15,Raises the user's Attack and accuracy by 1.,Raises the user's Attack and accuracy by 1 stage.,0,0,,,0,0,0,0,0,0,0,0,0,0,0,0,0,0,0,0,0,0,1
Horn Attack,"""Normal""",30,Physical,normal,65,100,0,25,No additional effect.,No additional effect.,0,0,,,0,0,0,0,0,1,0,0,0,0,0,0,0,0,0,0,0,0,1
Horn Drill,"""Normal""",32,Physical,normal,0,30,0,5,OHKOs the target. Fails if user is a lower level.,"Deals damage to the target equal to the target's maximum HP. Ignores accuracy and evasiveness modifiers. This attack's accuracy is equal to (user's level - target's level + 30)%, and fails if the target is at a higher level. Pokemon with the Sturdy Ability are immune.",0,0,,,0,0,0,0,0,1,0,0,0,0,0,0,0,0,0,1,0,0,1
Horn Leech,"""Grass""",532,Physical,normal,75,100,0,10,User recovers 50% of the damage dealt.,"The user recovers 1/2 the HP lost by the target, rounded half up. If Big Root is held by the user, the HP recovered is 1.3x normal, rounded half down.",0,0,,,0,0,0,0,0,1,0,1,0,0,0,0,0,0,0,0,0,0,1
Howl,"""Normal""",336,Status,allies,0,-1,0,40,Raises the user's and ally's Attack by 1.,Raises the Attack of the user and all allies 1 stage.,0,0,,,0,0,0,0,0,0,0,0,0,0,0,0,1,0,0,0,0,0,1
Hurricane,"""Flying""",542,Special,any,110,70,0,10,30% chance to confuse target. Can't miss in rain.,"Has a 30% chance to confuse the target. This move can hit a target using Bounce, Fly, or Sky Drop, or is under the effect of Sky Drop. If the weather is Primordial Sea or Rain Dance, this move does not check accuracy. If the weather is Desolate Land or Sunny Day, this move's accuracy is 50%. If this move is used against a Pokemon holding Utility Umbrella, this move's accuracy remains at 70%.",1,0,,,0,0,0,0,0,0,0,0,0,0,0,0,0,1,1,0,0,0,1
Hydro Cannon,"""Water""",308,Special,normal,150,90,0,5,User cannot move next turn.,"If this move is successful, the user must recharge on the following turn and cannot select a move.",0,0,,,0,0,0,0,0,0,0,0,0,0,0,0,0,0,0,0,0,0,1
Hydro Pump,"""Water""",56,Special,normal,110,80,0,5,No additional effect.,No additional effect.,0,0,,,0,0,0,0,0,0,0,0,0,0,0,0,0,0,0,0,0,0,1
Hydro Steam,"""Water""",876,Special,normal,80,100,0,15,During Sunny Day: 1.5x damage instead of half.,"If the current weather is Sunny Day and the user is not holding Utility Umbrella, this move's damage is multiplied by 1.5 instead of halved for being Water type.",0,0,,,0,0,0,0,0,0,0,0,0,0,0,0,0,0,0,0,0,0,1
Hydro Vortex,"""Water""",642,Physical,normal,1,-1,0,1,Power is equal to the base move's Z-Power.,Power is equal to the base move's Z-Power.,0,0,,,0,1,0,0,0,0,0,0,0,0,0,0,0,0,0,0,1,0,0
Hyper Beam,"""Normal""",63,Special,normal,150,90,0,5,User cannot move next turn.,"If this move is successful, the user must recharge on the following turn and cannot select a move.",0,0,,,0,0,0,0,0,0,0,0,0,0,0,0,0,0,0,0,0,0,1
Hyper Drill,"""Normal""",887,Physical,normal,100,100,0,5,Bypasses protection without breaking it.,Bypasses protection without breaking it.,0,0,,,0,1,0,0,0,1,0,0,0,0,0,0,0,0,0,0,0,0,1
Hyper Fang,"""Normal""",158,Physical,normal,80,90,0,15,10% chance to make the target flinch.,Has a 10% chance to make the target flinch.,1,0,,,0,0,0,1,0,1,0,0,0,0,0,0,0,0,1,0,0,0,0
Hyperspace Fury,"""Dark""",621,Physical,normal,100,-1,0,5,Hoopa-U: Lowers user's Def by 1; breaks protect.,"Lowers the user's Defense by 1 stage. This move cannot be used successfully unless the user's current form, while considering Transform, is Hoopa Unbound. If this move is successful, it breaks through the target's Baneful Bunker, Detect, King's Shield, Protect, or Spiky Shield for this turn, allowing other Pokemon to attack the target normally. If the target's side is protected by Crafty Shield, Mat Block, Quick Guard, or Wide Guard, that protection is also broken for this turn and other Pokemon may attack the target's side normally.",0,0,,,1,1,0,0,0,0,0,0,0,0,0,0,0,0,0,0,0,0,1
Hyperspace Hole,"""Psychic""",593,Special,normal,80,-1,0,5,Breaks the target's protection for this turn.,"If this move is successful, it breaks through the target's Baneful Bunker, Detect, King's Shield, Protect, or Spiky Shield for this turn, allowing other Pokemon to attack the target normally. If the target's side is protected by Crafty Shield, Mat Block, Quick Guard, or Wide Guard, that protection is also broken for this turn and other Pokemon may attack the target's side normally.",0,0,,,1,1,0,0,0,0,0,0,0,0,0,0,0,0,0,0,0,0,1
Hyper Voice,"""Normal""",304,Special,allAdjacentFoes,90,100,0,10,No additional effect. Hits adjacent foes.,No additional effect.,0,0,,,1,0,0,0,0,0,0,0,0,0,0,0,1,0,0,0,0,0,1
Hypnosis,"""Psychic""",95,Status,normal,0,60,0,20,Causes the target to fall asleep.,Causes the target to fall asleep.,0,0,,,0,0,1,0,0,0,0,0,0,0,0,0,0,0,0,0,0,0,1
Ice Ball,"""Ice""",301,Physical,normal,30,90,0,20,Power doubles with each hit. Repeats for 5 turns.,"If this move is successful, the user is locked into this move and cannot make another move until it misses, 5 turns have passed, or the attack cannot be used. Power doubles with each successful hit of this move and doubles again if Defense Curl was used previously by the user. If this move is called by Sleep Talk, the move is used for one turn.",0,0,,,0,0,0,0,1,1,0,0,0,0,0,0,0,0,0,0,0,0,0
Ice Beam,"""Ice""",58,Special,normal,90,100,0,10,10% chance to freeze the target.,Has a 10% chance to freeze the target.,1,0,,,0,0,0,0,0,0,0,0,0,0,0,0,0,0,1,0,0,0,1
Ice Burn,"""Ice""",554,Special,normal,140,90,0,5,Charges turn 1. Hits turn 2. 30% burn.,"Has a 30% chance to burn the target. This attack charges on the first turn and executes on the second. If the user is holding a Power Herb, the move completes in one turn.",1,0,,,0,0,0,0,0,0,0,0,0,0,0,0,0,0,1,0,0,0,1
Ice Fang,"""Ice""",423,Physical,normal,65,95,0,15,10% chance to freeze. 10% chance to flinch.,Has a 10% chance to freeze the target and a 10% chance to make it flinch.,0,0,,,0,0,0,1,0,1,0,0,0,0,0,0,0,0,0,0,0,0,1
Ice Hammer,"""Ice""",665,Physical,normal,100,90,0,10,Lowers the user's Speed by 1.,Lowers the user's Speed by 1 stage.,0,0,,,0,0,0,0,0,1,0,0,0,0,1,0,0,0,0,0,0,0,1
Ice Punch,"""Ice""",8,Physical,normal,75,100,0,15,10% chance to freeze the target.,Has a 10% chance to freeze the target.,1,0,,,0,0,0,0,0,1,0,0,0,0,1,0,0,0,1,0,0,0,1
Ice Shard,"""Ice""",420,Physical,normal,40,100,1,30,Usually goes first.,No additional effect.,0,0,,,0,0,0,0,0,0,0,0,0,0,0,0,0,0,0,0,0,0,1
Ice Spinner,"""Ice""",861,Physical,normal,80,100,0,15,Ends the effects of terrain.,"Ends the effects of Electric Terrain, Grassy Terrain, Misty Terrain, and Psychic Terrain.",0,0,,,0,0,0,0,0,1,0,0,0,0,0,0,0,0,0,0,0,0,1
Icicle Crash,"""Ice""",556,Physical,normal,85,90,0,10,30% chance to make the target flinch.,Has a 30% chance to make the target flinch.,1,0,,,0,0,0,0,0,0,0,0,0,0,0,0,0,0,1,0,0,0,1
Icicle Spear,"""Ice""",333,Physical,normal,25,100,0,30,Hits 2-5 times in one turn.,"Hits two to five times. Has a 35% chance to hit two or three times and a 15% chance to hit four or five times. If one of the hits breaks the target's substitute, it will take damage for the remaining hits. If the user has the Skill Link Ability, this move will always hit five times. If the user is holding Loaded Dice, this move will hit 4-5 times.",0,1,5,2,0,0,0,0,0,0,0,0,0,0,0,0,0,0,0,0,0,0,1
Icy Wind,"""Ice""",196,Special,allAdjacentFoes,55,95,0,15,100% chance to lower the foe(s) Speed by 1.,Has a 100% chance to lower the target's Speed by 1 stage.,1,0,,,0,0,0,0,0,0,0,0,0,0,0,0,0,1,1,0,0,0,1
Imprison,"""Psychic""",286,Status,self,0,-1,0,10,No foe can use any move known by the user.,The user prevents all opposing Pokemon from using any moves that the user also knows as long as the user remains active.,0,0,,,1,0,0,0,0,0,0,0,0,0,0,0,0,0,0,0,0,0,1
Incinerate,"""Fire""",510,Special,allAdjacentFoes,60,100,0,15,Destroys the foe(s) Berry/Gem.,The target loses its held item if it is a Berry or a Gem. This move cannot cause Pokemon with the Sticky Hold Ability to lose their held item. Items lost to this move cannot be regained with Recycle or the Harvest Ability.,0,0,,,0,0,0,0,0,0,0,0,0,0,0,0,0,0,0,0,0,0,1
Infernal Parade,"""Ghost""",844,Special,normal,60,100,0,15,30% burn. 2x power if target is already statused.,Has a 30% chance to burn the target. Power doubles if the target has a non-volatile status condition.,1,0,,,0,0,0,0,0,0,0,0,0,0,0,0,0,0,1,0,0,0,1
Inferno,"""Fire""",517,Special,normal,100,50,0,5,100% chance to burn the target.,Has a 100% chance to burn the target.,1,0,,,0,0,0,0,0,0,0,0,0,0,0,0,0,0,1,0,0,0,1
Inferno Overdrive,"""Fire""",640,Physical,normal,1,-1,0,1,Power is equal to the base move's Z-Power.,Power is equal to the base move's Z-Power.,0,0,,,0,1,0,0,0,0,0,0,0,0,0,0,0,0,0,0,1,0,0
Infestation,"""Bug""",611,Special,normal,20,100,0,20,Traps and damages the target for 4-5 turns.,"Prevents the target from switching for four or five turns (seven turns if the user is holding Grip Claw). Causes damage to the target equal to 1/8 of its maximum HP (1/6 if the user is holding Binding Band), rounded down, at the end of each turn during effect. The target can still switch out if it is holding Shed Shell or uses Baton Pass, Flip Turn, Parting Shot, Shed Tail, Teleport, U-turn, or Volt Switch. The effect ends if either the user or the target leaves the field, or if the target uses Mortal Spin, Rapid Spin, or Substitute successfully. This effect is not stackable or reset by using this or another binding move.",0,0,,,0,0,0,0,0,1,0,0,0,0,0,0,0,0,0,0,0,0,1
Ingrain,"""Grass""",275,Status,self,0,-1,0,20,Traps/grounds user; heals 1/16 max HP per turn.,"The user has 1/16 of its maximum HP restored at the end of each turn, but it is prevented from switching out and other Pokemon cannot force the user to switch out. The user can still switch out if it uses Baton Pass, Flip Turn, Parting Shot, Teleport, U-turn, or Volt Switch. If the user leaves the field using Baton Pass, the replacement will remain trapped and still receive the healing effect. During the effect, the user can be hit normally by Ground-type attacks and be affected by Spikes, Toxic Spikes, and Sticky Web, even if the user is a Flying type or has the Levitate Ability.",0,0,,,0,0,0,0,0,0,0,0,0,0,0,0,0,0,0,0,0,0,1
Instruct,"""Psychic""",689,Status,normal,0,-1,0,15,The target immediately uses its last used move.,"The target immediately uses its last used move. Fails if the target has not made a move, if the move has 0 PP, if the target is preparing to use Beak Blast, Focus Punch, or Shell Trap, or if the move is Assist, Beak Blast, Belch, Bide, Blazing Torque, Celebrate, Chatter, Combat Torque, Copycat, Dynamax Cannon, Focus Punch, Hold Hands, Ice Ball, Instruct, King's Shield, Magical Torque, Me First, Metronome, Mimic, Mirror Move, Nature Power, Noxious Torque, Obstruct, Outrage, Petal Dance, Rollout, Shell Trap, Sketch, Sleep Talk, Struggle, Thrash, Transform, Uproar, Wicked Torque, any two-turn move, or any recharge move.",0,0,,,1,0,0,0,0,0,0,0,0,0,0,0,0,0,0,0,0,0,1
Ion Deluge,"""Electric""",569,Status,all,0,-1,1,25,Normal moves become Electric type this turn.,Causes Normal-type moves to become Electric type this turn. The effect happens after other effects that change a move's type.,0,0,,,0,0,0,0,0,0,0,0,0,0,0,0,0,0,0,0,0,0,0
Iron Defense,"""Steel""",334,Status,self,0,-1,0,15,Raises the user's Defense by 2.,Raises the user's Defense by 2 stages.,0,0,,,0,0,0,0,0,0,0,0,0,0,0,0,0,0,0,0,0,0,1
Iron Head,"""Steel""",442,Physical,normal,80,100,0,15,30% chance to make the target flinch.,Has a 30% chance to make the target flinch.,1,0,,,0,0,0,0,0,1,0,0,0,0,0,0,0,0,1,0,0,0,1
Iron Tail,"""Steel""",231,Physical,normal,100,75,0,15,30% chance to lower the target's Defense by 1.,Has a 30% chance to lower the target's Defense by 1 stage.,1,0,,,0,0,0,0,0,1,0,0,0,0,0,0,0,0,1,0,0,0,1
Ivy Cudgel,"""Grass""",904,Physical,normal,100,100,0,10,High critical hit ratio. Type depends on user's form.,"Has a higher chance for a critical hit. If the user is an Ogerpon, this move's type changes depending on its form. Water type for Wellspring Mask, Fire type for Hearthflame Mask, and Rock type for Cornerstone Mask.",0,0,,,0,0,0,0,0,0,0,0,0,0,0,0,0,0,0,0,0,0,1
Jaw Lock,"""Dark""",746,Physical,normal,80,100,0,10,Prevents both user and target from switching out.,"Prevents the user and the target from switching out. The user and the target can still switch out if either of them is holding Shed Shell or uses Baton Pass, Flip Turn, Parting Shot, Teleport, U-turn, or Volt Switch. The effect ends if either the user or the target leaves the field.",0,0,,,0,0,0,1,0,1,0,0,0,0,0,0,0,0,0,0,0,0,1
Jet Punch,"""Water""",857,Physical,normal,60,100,1,15,Usually goes first.,No additional effect.,0,0,,,0,0,0,0,0,1,0,0,0,0,1,0,0,0,0,0,0,0,1
Judgment,"""Normal""",449,Special,normal,100,100,0,10,Type varies based on the held Plate.,This move's type depends on the user's held Plate.,0,0,,,0,0,0,0,0,0,0,0,0,0,0,0,0,0,0,0,0,0,1
Jump Kick,"""Fighting""",26,Physical,normal,100,95,0,10,User is hurt by 50% of its max HP if it misses.,"If this attack is not successful, the user loses half of its maximum HP, rounded down, as crash damage. Pokemon with the Magic Guard Ability are unaffected by crash damage.",0,0,,,0,0,0,0,0,1,0,0,0,0,0,0,0,0,0,0,0,0,0
Jungle Healing,"""Grass""",816,Status,allies,0,-1,0,10,"User and allies: healed 1/4 max HP, status cured.","Each Pokemon on the user's side restores 1/4 of its maximum HP, rounded half up, and has its status condition cured.",0,0,,,1,0,0,0,0,0,0,1,0,0,0,0,0,0,0,0,0,0,1
Karate Chop,"""Fighting""",2,Physical,normal,50,100,0,25,High critical hit ratio.,Has a higher chance for a critical hit.,0,0,,,0,0,0,0,0,1,0,0,0,0,0,0,0,0,0,0,0,0,0
Kinesis,"""Psychic""",134,Status,normal,0,80,0,15,Lowers the target's accuracy by 1.,Lowers the target's accuracy by 1 stage.,0,0,,,0,0,1,0,0,0,0,0,0,0,0,0,0,0,0,0,0,0,0
King's Shield,"""Steel""",588,Status,self,0,-1,4,10,Protects from damaging attacks. Contact: -1 Atk.,"The user is protected from most attacks made by other Pokemon during this turn, and Pokemon trying to make contact with the user have their Attack lowered by 1 stage. Non-damaging moves go through this protection. This move has a 1/X chance of being successful, where X starts at 1 and triples each time this move is successfully used. X resets to 1 if this move fails, if the user's last move used is not Baneful Bunker, Burning Bulwark, Detect, Endure, King's Shield, Max Guard, Obstruct, Protect, Quick Guard, Silk Trap, Spiky Shield, or Wide Guard, or if it was one of those moves and the user's protection was broken. Fails if the user moves last this turn.",0,0,,,0,0,0,0,0,0,0,0,0,0,0,0,0,0,0,0,0,0,0
Knock Off,"""Dark""",282,Physical,normal,65,100,0,20,1.5x damage if foe holds an item. Removes item.,"If the target is holding an item that can be removed from it, ignoring the Sticky Hold Ability, this move's power is multiplied by 1.5. If the user has not fainted, the target loses its held item. This move cannot cause Pokemon with the Sticky Hold Ability to lose their held item or cause a Kyogre, a Groudon, a Giratina, an Arceus, a Genesect, a Silvally, a Zacian, or a Zamazenta to lose their Blue Orb, Red Orb, Griseous Orb, Plate, Drive, Memory, Rusted Sword, or Rusted Shield respectively. Items lost to this move cannot be regained with Recycle or the Harvest Ability.",0,0,,,0,0,0,0,0,1,0,0,0,0,0,0,0,0,0,0,0,0,1
Kowtow Cleave,"""Dark""",869,Physical,normal,85,-1,0,10,This move does not check accuracy.,This move does not check accuracy.,0,0,,,0,0,0,0,0,1,0,0,0,0,0,0,0,0,0,0,0,0,1
Land's Wrath,"""Ground""",616,Physical,allAdjacentFoes,90,100,0,10,No additional effect. Hits adjacent foes.,No additional effect.,0,0,,,0,0,0,0,0,0,0,0,0,0,0,0,0,0,0,0,0,0,0
Laser Focus,"""Normal""",673,Status,self,0,-1,0,30,"Until the end of the next turn, user's moves crit.","Until the end of the next turn, the user's attacks will be critical hits.",0,0,,,0,0,0,0,0,0,0,0,0,0,0,0,0,0,0,0,0,0,0
Lash Out,"""Dark""",808,Physical,normal,75,100,0,5,2x power if the user had a stat lowered this turn.,Power doubles if the user had a stat stage lowered this turn.,0,0,,,0,0,0,0,0,1,0,0,0,0,0,0,0,0,0,0,0,0,1
Last Resort,"""Normal""",387,Physical,normal,140,100,0,5,Fails unless each known move has been used.,"This move fails unless the user knows this move and at least one other move, and has used all the other moves it knows at least once each since it became active or Transformed.",0,0,,,0,0,0,0,0,1,0,0,0,0,0,0,0,0,0,0,0,0,1
Last Respects,"""Ghost""",854,Physical,normal,50,100,0,10,+50 power for each time a party member fainted.,"Power is equal to 50+(X*50), where X is the total number of times any Pokemon has fainted on the user's side, and X cannot be greater than 100.",0,0,,,0,0,0,0,0,0,0,0,0,0,0,0,0,0,0,0,0,0,1
Lava Plume,"""Fire""",436,Special,allAdjacent,80,100,0,15,30% chance to burn adjacent Pokemon.,Has a 30% chance to burn the target.,1,0,,,0,0,0,0,0,0,0,0,0,0,0,0,0,0,1,0,0,0,1
Leafage,"""Grass""",670,Physical,normal,40,100,0,40,No additional effect.,No additional effect.,0,0,,,0,0,0,0,0,0,0,0,0,0,0,0,0,0,0,0,0,0,1
Leaf Blade,"""Grass""",348,Physical,normal,90,100,0,15,High critical hit ratio.,Has a higher chance for a critical hit.,0,0,,,0,0,0,0,0,1,0,0,0,0,0,0,0,0,0,0,0,0,1
Leaf Storm,"""Grass""",437,Special,normal,130,90,0,5,Lowers the user's Sp. Atk by 2.,Lowers the user's Special Attack by 2 stages.,0,0,,,0,0,0,0,0,0,0,0,0,0,0,0,0,0,0,0,0,0,1
Leaf Tornado,"""Grass""",536,Special,normal,65,90,0,10,50% chance to lower the target's accuracy by 1.,Has a 50% chance to lower the target's accuracy by 1 stage.,1,0,,,0,0,0,0,0,0,0,0,0,0,0,0,0,0,1,0,0,0,0
Leech Life,"""Bug""",141,Physical,normal,80,100,0,10,User recovers 50% of the damage dealt.,"The user recovers 1/2 the HP lost by the target, rounded half up. If Big Root is held by the user, the HP recovered is 1.3x normal, rounded half down.",0,0,,,0,0,0,0,0,1,0,1,0,0,0,0,0,0,0,0,0,0,1
Leech Seed,"""Grass""",73,Status,normal,0,90,0,10,1/8 of target's HP is restored to user every turn.,"The Pokemon at the user's position steals 1/8 of the target's maximum HP, rounded down, at the end of each turn. If Big Root is held by the recipient, the HP recovered is 1.3x normal, rounded half down. If the target uses Baton Pass, the replacement will continue being leeched. If the target switches out or uses Mortal Spin or Rapid Spin successfully, the effect ends. Grass-type Pokemon are immune to this move on use, but not its effect.",0,0,,,0,0,1,0,0,0,0,0,0,0,0,0,0,0,0,0,0,0,1
Leer,"""Normal""",43,Status,allAdjacentFoes,0,100,0,30,Lowers the foe(s) Defense by 1.,Lowers the target's Defense by 1 stage.,0,0,,,0,0,1,0,0,0,0,0,0,0,0,0,0,0,0,0,0,0,1
Let's Snuggle Forever,"""Fairy""",726,Physical,normal,190,-1,0,1,No additional effect.,No additional effect.,0,0,,,0,1,0,0,0,1,0,0,0,0,0,0,0,0,0,0,1,0,0
Lick,"""Ghost""",122,Physical,normal,30,100,0,30,30% chance to paralyze the target.,Has a 30% chance to paralyze the target.,1,0,,,0,0,0,0,0,1,0,0,0,0,0,0,0,0,1,0,0,0,1
Life Dew,"""Water""",791,Status,allies,0,-1,0,10,Heals the user and its allies by 1/4 their max HP.,"Each Pokemon on the user's side restores 1/4 of its maximum HP, rounded half up.",0,0,,,1,0,0,0,0,0,0,1,0,0,0,0,0,0,0,0,0,0,1
Light of Ruin,"""Fairy""",617,Special,normal,140,90,0,5,Has 1/2 recoil.,"If the target lost HP, the user takes recoil damage equal to 1/2 the HP lost by the target, rounded half up, but not less than 1 HP.",0,0,,,0,0,0,0,0,0,0,0,0,0,0,0,0,0,0,0,0,0,0
Light Screen,"""Psychic""",113,Status,allySide,0,-1,0,30,"For 5 turns, special damage to allies is halved.","For 5 turns, the user and its party members take 0.5x damage from special attacks, or 0.66x damage if in a Double Battle. Damage is not reduced further with Aurora Veil. Critical hits ignore this effect. It is removed from the user's side if the user or an ally is successfully hit by Brick Break, Psychic Fangs, or Defog. Lasts for 8 turns if the user is holding Light Clay. Fails if the effect is already active on the user's side.",0,0,,,0,0,0,0,0,0,0,0,0,0,0,0,0,0,0,0,0,0,1
Light That Burns the Sky,"""Psychic""",723,Special,normal,200,-1,0,1,Physical if user's Atk > Sp. Atk. Ignores Abilities.,"This move becomes a physical attack if the user's Attack is greater than its Special Attack, including stat stage changes. This move and its effects ignore the Abilities of other Pokemon.",0,0,,,0,1,0,0,0,0,0,0,0,0,0,0,0,0,0,0,1,0,0
Liquidation,"""Water""",710,Physical,normal,85,100,0,10,20% chance to lower the target's Defense by 1.,Has a 20% chance to lower the target's Defense by 1 stage.,1,0,,,0,0,0,0,0,1,0,0,0,0,0,0,0,0,1,0,0,0,1
Lock-On,"""Normal""",199,Status,normal,0,-1,0,5,User's next move will not miss the target.,"Until the end of the next turn, the target cannot avoid the user's moves, even if the target is in the middle of a two-turn move. The effect ends if either the user or the target leaves the field. Fails if this effect is active for the user.",0,0,,,0,0,0,0,0,0,0,0,0,0,0,0,0,0,0,0,0,0,1
Lovely Kiss,"""Normal""",142,Status,normal,0,75,0,10,Causes the target to fall asleep.,Causes the target to fall asleep.,0,0,,,0,0,1,0,0,0,0,0,0,0,0,0,0,0,0,0,0,0,0
Low Kick,"""Fighting""",67,Physical,normal,0,100,0,20,More power the heavier the target.,"This move's power is 20 if the target weighs less than 10 kg, 40 if less than 25 kg, 60 if less than 50 kg, 80 if less than 100 kg, 100 if less than 200 kg, and 120 if greater than or equal to 200 kg.",0,0,,,0,0,0,0,0,1,0,0,0,0,0,0,0,0,0,0,0,0,1
Low Sweep,"""Fighting""",490,Physical,normal,65,100,0,20,100% chance to lower the target's Speed by 1.,Has a 100% chance to lower the target's Speed by 1 stage.,1,0,,,0,0,0,0,0,1,0,0,0,0,0,0,0,0,1,0,0,0,1
Lucky Chant,"""Normal""",381,Status,allySide,0,-1,0,30,"For 5 turns, shields user's party from critical hits.","For 5 turns, the user and its party members cannot be struck by a critical hit. Fails if the effect is already active on the user's side.",0,0,,,0,0,0,0,0,0,0,0,0,0,0,0,0,0,0,0,0,0,0
Lumina Crash,"""Psychic""",855,Special,normal,80,100,0,10,100% chance to lower the target's Sp. Def by 2.,Has a 100% chance to lower the target's Special Defense by 2 stages.,1,0,,,0,0,0,0,0,0,0,0,0,0,0,0,0,0,1,0,0,0,1
Lunar Blessing,"""Psychic""",849,Status,allies,0,-1,0,5,"User and allies: healed 1/4 max HP, status cured.","Each Pokemon on the user's side restores 1/4 of its maximum HP, rounded half up, and has its status condition cured.",0,0,,,0,0,0,0,0,0,0,1,0,0,0,0,0,0,0,0,0,0,1
Lunar Dance,"""Psychic""",461,Status,self,0,-1,0,10,"User faints. Next hurt Pkmn is cured, max HP/PP.","The user faints, and if the Pokemon brought out to replace it does not have full HP or PP, or has a non-volatile status condition, its HP and PP are fully restored along with having any non-volatile status condition cured. The replacement is sent out at the end of the turn, and the healing happens before hazards take effect. This effect continues until a Pokemon that meets any of these conditions switches in at the user's position or gets swapped into the position with Ally Switch. Fails if the user is the last unfainted Pokemon in its party.",0,0,,,0,0,0,0,0,0,1,1,0,0,0,0,0,0,0,0,0,0,1
Lunge,"""Bug""",679,Physical,normal,80,100,0,15,100% chance to lower the target's Attack by 1.,Has a 100% chance to lower the target's Attack by 1 stage.,1,0,,,0,0,0,0,0,1,0,0,0,0,0,0,0,0,1,0,0,0,1
Luster Purge,"""Psychic""",295,Special,normal,95,100,0,5,50% chance to lower the target's Sp. Def by 1.,Has a 50% chance to lower the target's Special Defense by 1 stage.,1,0,,,0,0,0,0,0,0,0,0,0,0,0,0,0,0,1,0,0,0,1
Mach Punch,"""Fighting""",183,Physical,normal,40,100,1,30,Usually goes first.,No additional effect.,0,0,,,0,0,0,0,0,1,0,0,0,0,1,0,0,0,0,0,0,0,1
Magical Leaf,"""Grass""",345,Special,normal,60,-1,0,20,This move does not check accuracy.,This move does not check accuracy.,0,0,,,0,0,0,0,0,0,0,0,0,0,0,0,0,0,0,0,0,0,1
Magical Torque,"""Fairy""",900,Physical,normal,100,100,0,10,30% chance to confuse the target.,Has a 30% chance to confuse the target.,1,0,,,0,0,0,0,0,0,0,0,0,0,0,0,0,0,1,0,0,0,0
Magic Coat,"""Psychic""",277,Status,self,0,-1,4,15,Bounces back certain non-damaging moves.,"Until the end of the turn, the user is unaffected by certain non-damaging moves directed at it and will instead use such moves against the original user. Moves reflected in this way are unable to be reflected again by this or the Magic Bounce Ability's effect. Spikes, Stealth Rock, Sticky Web, and Toxic Spikes can only be reflected once per side, by the leftmost Pokemon under this or the Magic Bounce Ability's effect. The Lightning Rod and Storm Drain Abilities redirect their respective moves before this move takes effect.",0,0,,,0,0,0,0,0,0,0,0,0,0,0,0,0,0,0,0,0,0,0
Magic Powder,"""Psychic""",750,Status,normal,0,100,0,20,Changes the target's type to Psychic.,"Causes the target to become a Psychic type. Fails if the target is an Arceus or a Silvally, if the target is already purely Psychic type, or if the target is Terastallized.",0,0,,,0,0,1,0,0,0,0,0,1,0,0,0,0,0,0,0,0,0,1
Magic Room,"""Psychic""",478,Status,all,0,-1,0,10,"For 5 turns, all held items have no effect.","For 5 turns, the held items of all active Pokemon have no effect. An item's effect of causing forme changes is unaffected, but any other effects from such items are negated. During the effect, Fling and Natural Gift are prevented from being used by all active Pokemon. If this move is used during the effect, the effect ends.",0,0,,,0,0,0,0,0,0,0,0,0,0,0,0,0,0,0,0,0,0,1
Magma Storm,"""Fire""",463,Special,normal,100,75,0,5,Traps and damages the target for 4-5 turns.,"Prevents the target from switching for four or five turns (seven turns if the user is holding Grip Claw). Causes damage to the target equal to 1/8 of its maximum HP (1/6 if the user is holding Binding Band), rounded down, at the end of each turn during effect. The target can still switch out if it is holding Shed Shell or uses Baton Pass, Flip Turn, Parting Shot, Shed Tail, Teleport, U-turn, or Volt Switch. The effect ends if either the user or the target leaves the field, or if the target uses Mortal Spin, Rapid Spin, or Substitute successfully. This effect is not stackable or reset by using this or another binding move.",0,0,,,0,0,0,0,0,0,0,0,0,0,0,0,0,0,0,0,0,0,1
Magnet Bomb,"""Steel""",443,Physical,normal,60,-1,0,20,This move does not check accuracy.,This move does not check accuracy.,0,0,,,0,0,0,0,1,0,0,0,0,0,0,0,0,0,0,0,0,0,0
Magnetic Flux,"""Electric""",602,Status,allySide,0,-1,0,20,"Raises Def, Sp. Def of allies with Plus/Minus by 1.",Raises the Defense and Special Defense of Pokemon on the user's side with the Plus or Minus Abilities by 1 stage.,0,0,,,1,0,0,0,0,0,0,0,0,0,0,0,0,0,0,0,0,0,1
Magnet Rise,"""Electric""",393,Status,self,0,-1,0,10,"For 5 turns, the user has immunity to Ground.","For 5 turns, the user is immune to Ground-type attacks and the effects of Spikes, Toxic Spikes, Sticky Web, and the Arena Trap Ability as long as it remains active. If the user uses Baton Pass, the replacement will gain the effect. Ingrain, Smack Down, Thousand Arrows, and Iron Ball override this move if the user is under any of their effects. Fails if the user is already under this effect or the effects of Ingrain, Smack Down, or Thousand Arrows.",0,0,,,0,0,0,0,0,0,0,0,0,0,0,0,0,0,0,0,0,0,1
Magnitude,"""Ground""",222,Physical,allAdjacent,0,100,0,30,Hits adjacent Pokemon. Power varies; 2x on Dig.,"The power of this move varies; 5% chances for 10 and 150 power, 10% chances for 30 and 110 power, 20% chances for 50 and 90 power, and 30% chance for 70 power. Damage doubles if the target is using Dig.",0,0,,,0,0,0,0,0,0,0,0,0,0,0,0,0,0,0,0,0,0,0
Make It Rain,"""Steel""",874,Special,allAdjacentFoes,120,100,0,5,Lowers the user's Sp. Atk by 1. Hits foe(s).,Lowers the user's Special Attack by 1 stage.,0,0,,,0,0,0,0,0,0,0,0,0,0,0,0,0,0,0,0,0,0,1
Malicious Moonsault,"""Dark""",696,Physical,normal,180,-1,0,1,Damage doubles if the target used Minimize.,Damage doubles and no accuracy check is done if the target has used Minimize while active.,0,0,,,0,1,0,0,0,1,0,0,0,0,0,0,0,0,0,0,1,0,0
Malignant Chain,"""Poison""",919,Special,normal,100,100,0,5,50% chance to badly poison the target.,Has a 50% chance to badly poison the target.,1,0,,,0,0,0,0,0,0,0,0,0,0,0,0,0,0,1,0,0,0,1
Mat Block,"""Fighting""",561,Status,allySide,0,-1,0,10,Protects allies from damaging attacks. Turn 1 only.,"The user and its party members are protected from damaging attacks made by other Pokemon, including allies, during this turn. Fails unless it is the user's first turn on the field, if the user moves last this turn, or if this move is already in effect for the user's side.",0,0,,,0,0,0,0,0,0,0,0,0,0,0,0,0,0,0,0,0,0,0
Matcha Gotcha,"""Grass""",902,Special,allAdjacentFoes,80,90,0,15,20% burn. Recovers 50% dmg dealt. Thaws foe(s).,"Has a 20% chance to burn the target. The user recovers 1/2 the HP lost by the target, rounded half up. If Big Root is held by the user, the HP recovered is 1.3x normal, rounded half down. The target thaws out if it is frozen.",1,0,,,0,0,0,0,0,0,0,1,0,0,0,0,0,0,1,0,0,0,1
Max Airstream,"""Flying""",766,Physical,adjacentFoe,10,-1,0,10,Base move affects power. Allies: +1 Speed.,"Power is equal to the base move's Max Move power. If this move is successful, the Speed of each Pokemon on the user's side is raised by 1 stage, even if they have a substitute. This effect does not happen if the user is not Dynamaxed. If this move is used as a base move, it deals damage with a power of 0.",0,0,,,0,1,0,0,0,0,0,0,0,0,0,0,0,0,0,0,0,1,0
Max Darkness,"""Dark""",772,Physical,adjacentFoe,10,-1,0,10,Base move affects power. Foes: -1 Sp. Def.,"Power is equal to the base move's Max Move power. If this move is successful, the Special Defense of each Pokemon on the opposing side is lowered by 1 stage, even if they have a substitute. This effect does not happen if the user is not Dynamaxed. If this move is used as a base move, it deals damage with a power of 0.",0,0,,,0,1,0,0,0,0,0,0,0,0,0,0,0,0,0,0,0,1,0
Max Flare,"""Fire""",757,Physical,adjacentFoe,100,-1,0,10,Base move affects power. Starts Sunny Day.,"Power is equal to the base move's Max Move power. If this move is successful, the effect of Sunny Day begins. This effect does not happen if the user is not Dynamaxed. If this move is used as a base move, it deals damage with a power of 0.",0,0,,,0,1,0,0,0,0,0,0,0,0,0,0,0,0,0,0,0,1,0
Max Flutterby,"""Bug""",758,Physical,adjacentFoe,10,-1,0,10,Base move affects power. Foes: -1 Sp. Atk.,"Power is equal to the base move's Max Move power. If this move is successful, the Special Attack of each Pokemon on the opposing side is lowered by 1 stage, even if they have a substitute. This effect does not happen if the user is not Dynamaxed. If this move is used as a base move, it deals damage with a power of 0.",0,0,,,0,1,0,0,0,0,0,0,0,0,0,0,0,0,0,0,0,1,0
Max Geyser,"""Water""",765,Physical,adjacentFoe,10,-1,0,10,Base move affects power. Starts Rain Dance.,"Power is equal to the base move's Max Move power. If this move is successful, the effect of Rain Dance begins. This effect does not happen if the user is not Dynamaxed. If this move is used as a base move, it deals damage with a power of 0.",0,0,,,0,1,0,0,0,0,0,0,0,0,0,0,0,0,0,0,0,1,0
Max Guard,"""Normal""",743,Status,self,0,-1,4,10,Protects user from moves & Max Moves this turn.,"The user is protected from nearly all attacks made by other Pokemon during this turn, including Max and G-Max Moves. This move has a 1/X chance of being successful, where X starts at 1 and triples each time this move is successfully used. X resets to 1 if this move fails, if the user's last move used is not Baneful Bunker, Detect, Endure, King's Shield, Max Guard, Obstruct, Protect, Quick Guard, Spiky Shield, or Wide Guard, or if it was one of those moves and the user's protection was broken. Fails if the user moves last this turn.",0,0,,,0,0,0,0,0,0,0,0,0,0,0,0,0,0,0,0,0,1,0
Max Hailstorm,"""Ice""",763,Physical,adjacentFoe,10,-1,0,10,Base move affects power. Starts Hail.,"Power is equal to the base move's Max Move power. If this move is successful, the effect of Hail begins. This effect does not happen if the user is not Dynamaxed. If this move is used as a base move, it deals damage with a power of 0.",0,0,,,0,1,0,0,0,0,0,0,0,0,0,0,0,0,0,0,0,1,0
Max Knuckle,"""Fighting""",761,Physical,adjacentFoe,10,-1,0,10,Base move affects power. Allies: +1 Attack.,"Boosts the user and its allies' Attack by 1 stage. BP scales with the base move's BP. This effect does not happen if the user is not Dynamaxed. If this move is used as a base move, it deals damage with a power of 0.",0,0,,,0,1,0,0,0,0,0,0,0,0,0,0,0,0,0,0,0,1,0
Max Lightning,"""Electric""",759,Physical,adjacentFoe,10,-1,0,10,Base move affects power. Starts Electric Terrain.,"Power is equal to the base move's Max Move power. If this move is successful, the effect of Electric Terrain begins. This effect does not happen if the user is not Dynamaxed. If this move is used as a base move, it deals damage with a power of 0.",0,0,,,0,1,0,0,0,0,0,0,0,0,0,0,0,0,0,0,0,1,0
Max Mindstorm,"""Psychic""",769,Physical,adjacentFoe,10,-1,0,10,Base move affects power. Starts Psychic Terrain.,"Power is equal to the base move's Max Move power. If this move is successful, the effect of Psychic Terrain begins. This effect does not happen if the user is not Dynamaxed. If this move is used as a base move, it deals damage with a power of 0.",0,0,,,0,1,0,0,0,0,0,0,0,0,0,0,0,0,0,0,0,1,0
Max Ooze,"""Poison""",764,Physical,adjacentFoe,10,-1,0,10,Base move affects power. Allies: +1 Sp. Atk.,"Power is equal to the base move's Max Move power. If this move is successful, the Special Attack of each Pokemon on the user's side is raised by 1 stage, even if they have a substitute. This effect does not happen if the user is not Dynamaxed. If this move is used as a base move, it deals damage with a power of 0.",0,0,,,0,1,0,0,0,0,0,0,0,0,0,0,0,0,0,0,0,1,0
Max Overgrowth,"""Grass""",773,Physical,adjacentFoe,10,-1,0,10,Base move affects power. Starts Grassy Terrain.,"Power is equal to the base move's Max Move power. If this move is successful, the effect of Grassy Terrain begins. This effect does not happen if the user is not Dynamaxed. If this move is used as a base move, it deals damage with a power of 0.",0,0,,,0,1,0,0,0,0,0,0,0,0,0,0,0,0,0,0,0,1,0
Max Phantasm,"""Ghost""",762,Physical,adjacentFoe,10,-1,0,10,Base move affects power. Foes: -1 Defense.,"Power is equal to the base move's Max Move power. If this move is successful, the Defense of each Pokemon on the opposing side is lowered by 1 stage, even if they have a substitute. This effect does not happen if the user is not Dynamaxed. If this move is used as a base move, it deals damage with a power of 0.",0,0,,,0,1,0,0,0,0,0,0,0,0,0,0,0,0,0,0,0,1,0
Max Quake,"""Ground""",771,Physical,adjacentFoe,10,-1,0,10,Base move affects power. Allies: +1 Sp. Def.,"Power is equal to the base move's Max Move power. If this move is successful, the Special Defense of each Pokemon on the user's side is raised by 1 stage, even if they have a substitute. This effect does not happen if the user is not Dynamaxed. If this move is used as a base move, it deals damage with a power of 0.",0,0,,,0,1,0,0,0,0,0,0,0,0,0,0,0,0,0,0,0,1,0
Max Rockfall,"""Rock""",770,Physical,adjacentFoe,10,-1,0,10,Base move affects power. Starts Sandstorm.,"Power is equal to the base move's Max Move power. If this move is successful, the effect of Sandstorm begins. This effect does not happen if the user is not Dynamaxed. If this move is used as a base move, it deals damage with a power of 0.",0,0,,,0,1,0,0,0,0,0,0,0,0,0,0,0,0,0,0,0,1,0
Max Starfall,"""Fairy""",767,Physical,adjacentFoe,10,-1,0,10,Base move affects power. Starts Misty Terrain.,"Power is equal to the base move's Max Move power. If this move is successful, the effect of Misty Terrain begins. This effect does not happen if the user is not Dynamaxed. If this move is used as a base move, it deals damage with a power of 0.",0,0,,,0,1,0,0,0,0,0,0,0,0,0,0,0,0,0,0,0,1,0
Max Steelspike,"""Steel""",774,Physical,adjacentFoe,10,-1,0,10,Base move affects power. Allies: +1 Defense.,"Power is equal to the base move's Max Move power. If this move is successful, the Defense of each Pokemon on the user's side is raised by 1 stage, even if they have a substitute. This effect does not happen if the user is not Dynamaxed. If this move is used as a base move, it deals damage with a power of 0.",0,0,,,0,1,0,0,0,0,0,0,0,0,0,0,0,0,0,0,0,1,0
Max Strike,"""Normal""",760,Physical,adjacentFoe,10,-1,0,10,Base move affects power. Foes: -1 Speed.,"Power is equal to the base move's Max Move power. If this move is successful, the Speed of each Pokemon on the opposing side is lowered by 1 stage, even if they have a substitute. This effect does not happen if the user is not Dynamaxed. If this move is used as a base move, it deals damage with a power of 0.",0,0,,,0,1,0,0,0,0,0,0,0,0,0,0,0,0,0,0,0,1,0
Max Wyrmwind,"""Dragon""",768,Physical,adjacentFoe,10,-1,0,10,Base move affects power. Foes: -1 Attack.,"Power is equal to the base move's Max Move power. If this move is successful, the Attack of each Pokemon on the opposing side is lowered by 1 stage, even if they have a substitute. This effect does not happen if the user is not Dynamaxed. If this move is used as a base move, it deals damage with a power of 0.",0,0,,,0,1,0,0,0,0,0,0,0,0,0,0,0,0,0,0,0,1,0
Mean Look,"""Normal""",212,Status,normal,0,-1,0,5,Prevents the target from switching out.,"Prevents the target from switching out. The target can still switch out if it is holding Shed Shell or uses Baton Pass, Flip Turn, Parting Shot, Teleport, U-turn, or Volt Switch. The effect ends if either the user or the target leaves the field.",0,0,,,0,0,1,0,0,0,0,0,0,0,0,0,0,0,0,0,0,0,1
Meditate,"""Psychic""",96,Status,self,0,-1,0,40,Raises the user's Attack by 1.,Raises the user's Attack by 1 stage.,0,0,,,0,0,0,0,0,0,0,0,0,0,0,0,0,0,0,0,0,0,0
Me First,"""Normal""",382,Status,adjacentFoe,0,-1,0,20,Copies a foe at 1.5x power. User must be faster.,"The user uses the move the target chose for use this turn against it, if possible, with its power multiplied by 1.5. The move must be a damaging move other than Beak Blast, Belch, Blazing Torque, Combat Torque, Comeuppance, Counter, Covet, Focus Punch, Magical Torque, Me First, Metal Burst, Mirror Coat, Noxious Torque, Shell Trap, Struggle, Thief, or Wicked Torque. Fails if the target moves before the user. Ignores the target's substitute for the purpose of copying the move.",0,0,,,1,0,0,0,0,0,0,0,0,0,0,0,0,0,0,0,0,0,0
Mega Drain,"""Grass""",72,Special,normal,40,100,0,15,User recovers 50% of the damage dealt.,"The user recovers 1/2 the HP lost by the target, rounded half up. If Big Root is held by the user, the HP recovered is 1.3x normal, rounded half down.",0,0,,,0,0,0,0,0,0,0,1,0,0,0,0,0,0,0,0,0,0,1
Megahorn,"""Bug""",224,Physical,normal,120,85,0,10,No additional effect.,No additional effect.,0,0,,,0,0,0,0,0,1,0,0,0,0,0,0,0,0,0,0,0,0,1
Mega Kick,"""Normal""",25,Physical,normal,120,75,0,5,No additional effect.,No additional effect.,0,0,,,0,0,0,0,0,1,0,0,0,0,0,0,0,0,0,0,0,0,1
Mega Punch,"""Normal""",5,Physical,normal,80,85,0,20,No additional effect.,No additional effect.,0,0,,,0,0,0,0,0,1,0,0,0,0,1,0,0,0,0,0,0,0,1
Memento,"""Dark""",262,Status,normal,0,100,0,10,"Lowers target's Attack, Sp. Atk by 2. User faints.","Lowers the target's Attack and Special Attack by 2 stages. The user faints unless this move misses or there is no target. Fails entirely if this move hits a substitute, but does not fail if the target's stats cannot be changed.",0,0,,,0,0,0,0,0,0,0,0,0,0,0,0,0,0,0,0,0,0,1
Menacing Moonraze Maelstrom,"""Ghost""",725,Special,normal,200,-1,0,1,Ignores the Abilities of other Pokemon.,This move and its effects ignore the Abilities of other Pokemon.,0,0,,,0,1,0,0,0,0,0,0,0,0,0,0,0,0,0,0,1,0,0
Metal Burst,"""Steel""",368,Physical,scripted,0,100,0,10,"If hit by an attack, returns 1.5x damage.","Deals damage to the last opposing Pokemon to hit the user with a physical or special attack this turn equal to 1.5 times the HP lost by the user from that attack, rounded down. If the user did not lose HP from that attack, this move deals 1 HP of damage instead. If that opposing Pokemon's position is no longer in use and there is another opposing Pokemon on the field, the damage is done to it instead. Only the last hit of a multi-hit attack is counted. Fails if the user was not hit by an opposing Pokemon's physical or special attack this turn.",0,0,,,0,0,0,0,0,0,0,0,0,0,0,0,0,0,0,0,0,0,1
Metal Claw,"""Steel""",232,Physical,normal,50,95,0,35,10% chance to raise the user's Attack by 1.,Has a 10% chance to raise the user's Attack by 1 stage.,1,0,,,0,0,0,0,0,1,0,0,0,0,0,0,0,0,1,0,0,0,1
Metal Sound,"""Steel""",319,Status,normal,0,85,0,40,Lowers the target's Sp. Def by 2.,Lowers the target's Special Defense by 2 stages.,0,0,,,1,0,1,0,0,0,0,0,0,0,0,0,1,0,0,0,0,0,1
Meteor Assault,"""Fighting""",794,Physical,normal,150,100,0,5,User cannot move next turn.,"If this move is successful, the user must recharge on the following turn and cannot select a move.",0,0,,,0,0,0,0,0,0,0,0,0,0,0,0,0,0,0,0,0,0,0
Meteor Beam,"""Rock""",800,Special,normal,120,90,0,10,Raises user's Sp. Atk by 1 on turn 1. Hits turn 2.,"This attack charges on the first turn and executes on the second. Raises the user's Special Attack by 1 stage on the first turn. If the user is holding a Power Herb, the move completes in one turn.",0,0,,,0,0,0,0,0,0,0,0,0,0,0,0,0,0,0,0,0,0,1
Meteor Mash,"""Steel""",309,Physical,normal,90,90,0,10,20% chance to raise the user's Attack by 1.,Has a 20% chance to raise the user's Attack by 1 stage.,1,0,,,0,0,0,0,0,1,0,0,0,0,1,0,0,0,1,0,0,0,1
Metronome,"""Normal""",118,Status,self,0,-1,0,10,Picks a random move.,"A random move is selected for use, other than After You, Apple Acid, Armor Cannon, Assist, Astral Barrage, Aura Wheel, Baneful Bunker, Beak Blast, Behemoth Bash, Behemoth Blade, Belch, Bestow, Blazing Torque, Body Press, Branch Poke, Breaking Swipe, Celebrate, Chatter, Chilling Water, Chilly Reception, Clangorous Soul, Collision Course, Combat Torque, Comeuppance, Copycat, Counter, Covet, Crafty Shield, Decorate, Destiny Bond, Detect, Diamond Storm, Doodle, Double Iron Bash, Double Shock, Dragon Ascent, Dragon Energy, Drum Beating, Dynamax Cannon, Electro Drift, Endure, Eternabeam, False Surrender, Feint, Fiery Wrath, Fillet Away, Fleur Cannon, Focus Punch, Follow Me, Freeze Shock, Freezing Glare, Glacial Lance, Grav Apple, Helping Hand, Hold Hands, Hyper Drill, Hyperspace Fury, Hyperspace Hole, Ice Burn, Instruct, Jet Punch, Jungle Healing, King's Shield, Life Dew, Light of Ruin, Magical Torque, Make It Rain, Mat Block, Me First, Meteor Assault, Metronome, Mimic, Mind Blown, Mirror Coat, Mirror Move, Moongeist Beam, Nature Power, Nature's Madness, Noxious Torque, Obstruct, Order Up, Origin Pulse, Overdrive, Photon Geyser, Plasma Fists, Population Bomb, Pounce, Power Shift, Precipice Blades, Protect, Pyro Ball, Quash, Quick Guard, Rage Fist, Rage Powder, Raging Bull, Raging Fury, Relic Song, Revival Blessing, Ruination, Salt Cure, Secret Sword, Shed Tail, Shell Trap, Silk Trap, Sketch, Sleep Talk, Snap Trap, Snarl, Snatch, Snore, Snowscape, Spectral Thief, Spicy Extract, Spiky Shield, Spirit Break, Spotlight, Springtide Storm, Steam Eruption, Steel Beam, Strange Steam, Struggle, Sunsteel Strike, Surging Strikes, Switcheroo, Techno Blast, Tera Starstorm, Thief, Thousand Arrows, Thousand Waves, Thunder Cage, Thunderous Kick, Tidy Up, Trailblaze, Transform, Trick, Twin Beam, V-create, Wicked Blow, Wicked Torque, or Wide Guard.",0,0,,,0,0,0,0,0,0,0,0,0,0,0,0,0,0,0,0,0,0,1
Mighty Cleave,"""Rock""",910,Physical,normal,95,100,0,5,Bypasses protection without breaking it.,Bypasses protection without breaking it.,0,0,,,0,1,0,0,0,1,0,0,0,0,0,0,0,0,0,0,0,0,1
Milk Drink,"""Normal""",208,Status,self,0,-1,0,5,Heals the user by 50% of its max HP.,"The user restores 1/2 of its maximum HP, rounded half up.",0,0,,,0,0,0,0,0,0,0,1,0,0,0,0,0,0,0,0,0,0,1
Mimic,"""Normal""",102,Status,normal,0,-1,0,10,The last move the target used replaces this one.,"While the user remains active, this move is replaced by the last move used by the target. The copied move has the maximum PP for that move. Fails if the target has not made a move, if the user has Transformed, if the user already knows the move, or if the move is Assist, Behemoth Bash, Behemoth Blade, Belch, Blazing Torque, Celebrate, Chatter, Combat Torque, Copycat, Dynamax Cannon, Hold Hands, Magical Torque, Me First, Metronome, Mimic, Mirror Move, Nature Power, Noxious Torque, Sketch, Sleep Talk, Struggle, Tera Starstorm, Transform, or Wicked Torque.",0,0,,,1,0,0,0,0,0,0,0,0,0,0,0,0,0,0,0,0,0,1
Mind Blown,"""Fire""",720,Special,allAdjacent,150,100,0,5,User loses 50% max HP. Hits adjacent Pokemon.,"Whether or not this move is successful and even if it would cause fainting, the user loses 1/2 of its maximum HP, rounded up, unless the user has the Magic Guard Ability. This move is prevented from executing and the user does not lose HP if any active Pokemon has the Damp Ability, or if this move is Fire type and the user is affected by Powder or the weather is Primordial Sea.",0,0,,,0,0,0,0,0,0,0,0,0,0,0,0,0,0,0,0,0,0,0
Mind Reader,"""Normal""",170,Status,normal,0,-1,0,5,User's next move will not miss the target.,"Until the end of the next turn, the target cannot avoid the user's moves, even if the target is in the middle of a two-turn move. The effect ends if either the user or the target leaves the field. Fails if this effect is active for the user.",0,0,,,0,0,0,0,0,0,0,0,0,0,0,0,0,0,0,0,0,0,0
Minimize,"""Normal""",107,Status,self,0,-1,0,10,Raises the user's evasiveness by 2.,"Raises the user's evasiveness by 2 stages. Whether or not the user's evasiveness was changed, Body Slam, Dragon Rush, Flying Press, Heat Crash, Heavy Slam, Malicious Moonsault, Steamroller, Stomp, and Supercell Slam will not check accuracy and have their damage doubled if used against the user while it is active.",0,0,,,0,0,0,0,0,0,0,0,0,0,0,0,0,0,0,0,0,0,1
Miracle Eye,"""Psychic""",357,Status,normal,0,-1,0,40,Psychic hits Dark. Evasiveness ignored.,"As long as the target remains active, its evasiveness stat stage is ignored during accuracy checks against it if it is greater than 0, and Psychic-type attacks can hit the target if it is a Dark type. Fails if the target is already affected, or affected by Foresight or Odor Sleuth.",0,0,,,1,0,1,0,0,0,0,0,0,0,0,0,0,0,0,0,0,0,0
Mirror Coat,"""Psychic""",243,Special,scripted,0,100,-5,20,"If hit by special attack, returns double damage.","Deals damage to the last opposing Pokemon to hit the user with a special attack this turn equal to twice the HP lost by the user from that attack. If the user did not lose HP from the attack, this move deals 1 HP of damage instead. If that opposing Pokemon's position is no longer in use and there is another opposing Pokemon on the field, the damage is done to it instead. Only the last hit of a multi-hit attack is counted. Fails if the user was not hit by an opposing Pokemon's special attack this turn.",0,0,,,0,0,0,0,0,0,0,0,0,0,0,0,0,0,0,0,0,0,1
Mirror Move,"""Flying""",119,Status,normal,0,-1,0,20,User uses the target's last used move against it.,"The user uses the last move used by the target. The copied move is used against that target, if possible. Fails if the target has not made a move, or if the last move used cannot be copied by this move.",0,0,,,0,0,0,0,0,0,0,0,0,0,0,0,0,0,0,0,0,0,0
Mirror Shot,"""Steel""",429,Special,normal,65,85,0,10,30% chance to lower the target's accuracy by 1.,Has a 30% chance to lower the target's accuracy by 1 stage.,1,0,,,0,0,0,0,0,0,0,0,0,0,0,0,0,0,1,0,0,0,0
Mist,"""Ice""",54,Status,allySide,0,-1,0,30,"For 5 turns, protects user's party from stat drops.","For 5 turns, the user and its party members are protected from having their stat stages lowered by other Pokemon. Fails if the effect is already active on the user's side.",0,0,,,0,0,0,0,0,0,0,0,0,0,0,0,0,0,0,0,0,0,1
Mist Ball,"""Psychic""",296,Special,normal,95,100,0,5,50% chance to lower the target's Sp. Atk by 1.,Has a 50% chance to lower the target's Special Attack by 1 stage.,1,0,,,0,0,0,0,1,0,0,0,0,0,0,0,0,0,1,0,0,0,1
Misty Explosion,"""Fairy""",802,Special,allAdjacent,100,100,0,5,User faints. User on Misty Terrain: 1.5x power.,"If the current terrain is Misty Terrain and the user is grounded, this move's power is multiplied by 1.5. The user faints after using this move, even if this move fails for having no target. This move is prevented from executing if any active Pokemon has the Damp Ability.",0,0,,,0,0,0,0,0,0,0,0,0,0,0,0,0,0,0,0,0,0,1
Misty Terrain,"""Fairy""",581,Status,all,0,-1,0,10,"5 turns. Can't status,-Dragon power vs grounded.","For 5 turns, the terrain becomes Misty Terrain. During the effect, the power of Dragon-type attacks used against grounded Pokemon is multiplied by 0.5 and grounded Pokemon cannot be inflicted with a non-volatile status condition nor confusion. Grounded Pokemon can become affected by Yawn but cannot fall asleep from its effect. Camouflage transforms the user into a Fairy type, Nature Power becomes Moonblast, and Secret Power has a 30% chance to lower Special Attack by 1 stage. Fails if the current terrain is Misty Terrain.",0,0,,,0,0,0,0,0,0,0,0,0,0,0,0,0,0,0,0,0,0,1
Moonblast,"""Fairy""",585,Special,normal,95,100,0,15,30% chance to lower the target's Sp. Atk by 1.,Has a 30% chance to lower the target's Special Attack by 1 stage.,1,0,,,0,0,0,0,0,0,0,0,0,0,0,0,0,0,1,0,0,0,1
Moongeist Beam,"""Ghost""",714,Special,normal,100,100,0,5,Ignores the Abilities of other Pokemon.,This move and its effects ignore the Abilities of other Pokemon.,0,0,,,0,0,0,0,0,0,0,0,0,0,0,0,0,0,0,0,0,0,1
Moonlight,"""Fairy""",236,Status,self,0,-1,0,5,Heals the user by a weather-dependent amount.,"The user restores 1/2 of its maximum HP if Delta Stream or no weather conditions are in effect or if the user is holding Utility Umbrella, 2/3 of its maximum HP if the weather is Desolate Land or Sunny Day, and 1/4 of its maximum HP if the weather is Primordial Sea, Rain Dance, Sandstorm, or Snow, all rounded half down.",0,0,,,0,0,0,0,0,0,0,1,0,0,0,0,0,0,0,0,0,0,1
Morning Sun,"""Normal""",234,Status,self,0,-1,0,5,Heals the user by a weather-dependent amount.,"The user restores 1/2 of its maximum HP if Delta Stream or no weather conditions are in effect or if the user is holding Utility Umbrella, 2/3 of its maximum HP if the weather is Desolate Land or Sunny Day, and 1/4 of its maximum HP if the weather is Primordial Sea, Rain Dance, Sandstorm, or Snow, all rounded half down.",0,0,,,0,0,0,0,0,0,0,1,0,0,0,0,0,0,0,0,0,0,1
Mortal Spin,"""Poison""",866,Physical,allAdjacentFoes,30,100,0,15,"Poisons foes, frees user from hazards/bind/leech.","If this move is successful and the user has not fainted, the effects of Leech Seed and binding moves end for the user, and all hazards are removed from the user's side of the field. Has a 100% chance to poison the target.",1,0,,,0,0,0,0,0,1,0,0,0,0,0,0,0,0,1,0,0,0,1
Mountain Gale,"""Ice""",836,Physical,normal,100,85,0,10,30% chance to make the target flinch.,Has a 30% chance to make the target flinch.,1,0,,,0,0,0,0,0,0,0,0,0,0,0,0,0,0,1,0,0,0,1
Mud Bomb,"""Ground""",426,Special,normal,65,85,0,10,30% chance to lower the target's accuracy by 1.,Has a 30% chance to lower the target's accuracy by 1 stage.,1,0,,,0,0,0,0,1,0,0,0,0,0,0,0,0,0,1,0,0,0,0
Mud Shot,"""Ground""",341,Special,normal,55,95,0,15,100% chance to lower the target's Speed by 1.,Has a 100% chance to lower the target's Speed by 1 stage.,1,0,,,0,0,0,0,0,0,0,0,0,0,0,0,0,0,1,0,0,0,1
Mud-Slap,"""Ground""",189,Special,normal,20,100,0,10,100% chance to lower the target's accuracy by 1.,Has a 100% chance to lower the target's accuracy by 1 stage.,1,0,,,0,0,0,0,0,0,0,0,0,0,0,0,0,0,1,0,0,0,1
Mud Sport,"""Ground""",300,Status,all,0,-1,0,15,"For 5 turns, Electric-type attacks have 1/3 power.","For 5 turns, all Electric-type attacks used by any active Pokemon have their power multiplied by 0.33. Fails if this effect is already active.",0,0,,,0,0,0,0,0,0,0,0,0,0,0,0,0,0,0,0,0,0,0
Muddy Water,"""Water""",330,Special,allAdjacentFoes,90,85,0,10,30% chance to lower the foe(s) accuracy by 1.,Has a 30% chance to lower the target's accuracy by 1 stage.,1,0,,,0,0,0,0,0,0,0,0,0,0,0,0,0,0,1,0,0,0,1
Multi-Attack,"""Normal""",718,Physical,normal,120,100,0,10,Type varies based on the held Memory.,This move's type depends on the user's held Memory.,0,0,,,0,0,0,0,0,1,0,0,0,0,0,0,0,0,0,0,0,0,0
Mystical Fire,"""Fire""",595,Special,normal,75,100,0,10,100% chance to lower the target's Sp. Atk by 1.,Has a 100% chance to lower the target's Special Attack by 1 stage.,1,0,,,0,0,0,0,0,0,0,0,0,0,0,0,0,0,1,0,0,0,1
Mystical Power,"""Psychic""",832,Special,normal,70,90,0,10,100% chance to raise the user's Sp. Atk by 1.,Has a 100% chance to raise the user's Special Attack by 1 stage.,1,0,,,0,0,0,0,0,0,0,0,0,0,0,0,0,0,1,0,0,0,1
Nasty Plot,"""Dark""",417,Status,self,0,-1,0,20,Raises the user's Sp. Atk by 2.,Raises the user's Special Attack by 2 stages.,0,0,,,0,0,0,0,0,0,0,0,0,0,0,0,0,0,0,0,0,0,1
Natural Gift,"""Normal""",363,Physical,normal,0,100,0,15,Power and type depends on the user's Berry.,"The type and power of this move depend on the user's held Berry, and the Berry is lost. Fails if the user is not holding a Berry, if the user has the Klutz Ability, or if Embargo or Magic Room is in effect for the user.",0,0,,,0,0,0,0,0,0,0,0,0,0,0,0,0,0,0,0,0,0,0
Nature Power,"""Normal""",267,Status,normal,0,-1,0,20,Attack depends on terrain (default Tri Attack).,"This move calls another move for use based on the battle terrain. Tri Attack on the regular Wi-Fi terrain, Thunderbolt during Electric Terrain, Moonblast during Misty Terrain, Energy Ball during Grassy Terrain, and Psychic during Psychic Terrain.",0,0,,,0,0,0,0,0,0,0,0,0,0,0,0,0,0,0,0,0,0,0
Nature's Madness,"""Fairy""",717,Special,normal,0,90,0,10,Does damage equal to 1/2 target's current HP.,"Deals damage to the target equal to half of its current HP, rounded down, but not less than 1 HP.",0,0,,,0,0,0,0,0,0,0,0,0,0,0,0,0,0,0,0,0,0,0
Needle Arm,"""Grass""",302,Physical,normal,60,100,0,15,30% chance to make the target flinch.,Has a 30% chance to make the target flinch.,1,0,,,0,0,0,0,0,1,0,0,0,0,0,0,0,0,1,0,0,0,0
Never-Ending Nightmare,"""Ghost""",636,Physical,normal,1,-1,0,1,Power is equal to the base move's Z-Power.,Power is equal to the base move's Z-Power.,0,0,,,0,1,0,0,0,0,0,0,0,0,0,0,0,0,0,0,1,0,0
Night Daze,"""Dark""",539,Special,normal,85,95,0,10,40% chance to lower the target's accuracy by 1.,Has a 40% chance to lower the target's accuracy by 1 stage.,1,0,,,0,0,0,0,0,0,0,0,0,0,0,0,0,0,1,0,0,0,1
Nightmare,"""Ghost""",171,Status,normal,0,100,0,15,A sleeping target is hurt by 1/4 max HP per turn.,"Causes the target to lose 1/4 of its maximum HP, rounded down, at the end of each turn as long as it is asleep. This move does not affect the target unless it is asleep. The effect ends when the target wakes up, even if it falls asleep again in the same turn.",0,0,,,0,0,0,0,0,0,0,0,0,0,0,0,0,0,0,0,0,0,0
Night Shade,"""Ghost""",101,Special,normal,0,100,0,15,Does damage equal to the user's level.,Deals damage to the target equal to the user's level.,0,0,,,0,0,0,0,0,0,0,0,0,0,0,0,0,0,0,0,0,0,1
Night Slash,"""Dark""",400,Physical,normal,70,100,0,15,High critical hit ratio.,Has a higher chance for a critical hit.,0,0,,,0,0,0,0,0,1,0,0,0,0,0,0,0,0,0,0,0,0,1
Noble Roar,"""Normal""",568,Status,normal,0,100,0,30,Lowers the target's Attack and Sp. Atk by 1.,Lowers the target's Attack and Special Attack by 1 stage.,0,0,,,1,0,1,0,0,0,0,0,0,0,0,0,1,0,0,0,0,0,1
No Retreat,"""Fighting""",748,Status,self,0,-1,0,5,Raises all stats by 1 (not acc/eva). Traps user.,"Raises the user's Attack, Defense, Special Attack, Special Defense, and Speed by 1 stage, but it becomes prevented from switching out. The user can still switch out if it uses Baton Pass, Flip Turn, Parting Shot, Teleport, U-turn, or Volt Switch. Fails if the user has already been prevented from switching by this effect.",0,0,,,0,0,0,0,0,0,0,0,0,0,0,0,0,0,0,0,0,0,1
Noxious Torque,"""Poison""",898,Physical,normal,100,100,0,10,30% chance to poison the target.,Has a 30% chance to poison the target.,1,0,,,0,0,0,0,0,0,0,0,0,0,0,0,0,0,1,0,0,0,0
Nuzzle,"""Electric""",609,Physical,normal,20,100,0,20,100% chance to paralyze the target.,Has a 100% chance to paralyze the target.,1,0,,,0,0,0,0,0,1,0,0,0,0,0,0,0,0,1,0,0,0,1
Oblivion Wing,"""Flying""",613,Special,any,80,100,0,10,User recovers 75% of the damage dealt.,"The user recovers 3/4 the HP lost by the target, rounded half up. If Big Root is held by the user, the HP recovered is 1.3x normal, rounded half down.",0,0,,,0,0,0,0,0,0,0,1,0,0,0,0,0,0,0,0,0,0,0
Obstruct,"""Dark""",792,Status,self,0,100,4,10,Protects from damaging attacks. Contact: -2 Def.,"The user is protected from most attacks made by other Pokemon during this turn, and Pokemon trying to make contact with the user have their Defense lowered by 2 stages. Non-damaging moves go through this protection. This move has a 1/X chance of being successful, where X starts at 1 and triples each time this move is successfully used. X resets to 1 if this move fails, if the user's last move used is not Baneful Bunker, Burning Bulwark, Detect, Endure, King's Shield, Max Guard, Obstruct, Protect, Quick Guard, Silk Trap, Spiky Shield, or Wide Guard, or if it was one of those moves and the user's protection was broken. Fails if the user moves last this turn.",0,0,,,0,0,0,0,0,0,0,0,0,0,0,0,0,0,0,0,0,0,0
Oceanic Operetta,"""Water""",697,Special,normal,195,-1,0,1,No additional effect.,No additional effect.,0,0,,,0,1,0,0,0,0,0,0,0,0,0,0,0,0,0,0,1,0,0
Octazooka,"""Water""",190,Special,normal,65,85,0,10,50% chance to lower the target's accuracy by 1.,Has a 50% chance to lower the target's accuracy by 1 stage.,1,0,,,0,0,0,0,1,0,0,0,0,0,0,0,0,0,1,0,0,0,0
Octolock,"""Fighting""",753,Status,normal,0,100,0,15,"Traps target, lowers Def and SpD by 1 each turn.","Prevents the target from switching out. At the end of each turn during effect, the target's Defense and Special Defense are lowered by 1 stage. The target can still switch out if it is holding Shed Shell or uses Baton Pass, Flip Turn, Parting Shot, Teleport, U-turn, or Volt Switch. The effect ends if either the user or the target leaves the field.",0,0,,,0,0,0,0,0,0,0,0,0,0,0,0,0,0,0,0,0,0,0
Odor Sleuth,"""Normal""",316,Status,normal,0,-1,0,40,"Fighting, Normal hit Ghost. Evasiveness ignored.","As long as the target remains active, its evasiveness stat stage is ignored during accuracy checks against it if it is greater than 0, and Normal- and Fighting-type attacks can hit the target if it is a Ghost type. Fails if the target is already affected, or affected by Foresight or Miracle Eye.",0,0,,,1,0,1,0,0,0,0,0,0,0,0,0,0,0,0,0,0,0,0
Ominous Wind,"""Ghost""",466,Special,normal,60,100,0,5,10% chance to raise all stats by 1 (not acc/eva).,"Has a 10% chance to raise the user's Attack, Defense, Special Attack, Special Defense, and Speed by 1 stage.",1,0,,,0,0,0,0,0,0,0,0,0,0,0,0,0,0,1,0,0,0,0
Order Up,"""Dragon""",856,Physical,normal,80,100,0,10,Curly|Droopy|Stretchy eaten: +1 Atk|Def|Spe.,"If an ally Tatsugiri has activated its Commander Ability, this move raises the user's Attack by 1 stage if the Tatsugiri is Curly Form, Defense by 1 stage if Droopy Form, or Speed by 1 stage if Stretchy Form. The effect happens even if the Tatsugiri that activated the effect has since fainted.",0,0,,,0,0,0,0,0,0,0,0,0,0,0,0,0,0,1,0,0,0,1
Origin Pulse,"""Water""",618,Special,allAdjacentFoes,110,85,0,10,No additional effect. Hits adjacent foes.,No additional effect.,0,0,,,0,0,0,0,0,0,0,0,0,1,0,0,0,0,0,0,0,0,1
Outrage,"""Dragon""",200,Physical,randomNormal,120,100,0,10,Lasts 2-3 turns. Confuses the user afterwards.,"The user spends two or three turns locked into this move and becomes confused immediately after its move on the last turn of the effect if it is not already. This move targets an opposing Pokemon at random on each turn. If the user is prevented from moving, is asleep at the beginning of a turn, or the attack is not successful against the target on the first turn of the effect or the second turn of a three-turn effect, the effect ends without causing confusion. If this move is called by Sleep Talk and the user is asleep, the move is used for one turn and does not confuse the user.",0,0,,,0,0,0,0,0,1,0,0,0,0,0,0,0,0,0,0,0,0,1
Overdrive,"""Electric""",786,Special,allAdjacentFoes,80,100,0,10,No additional effect. Hits foe(s).,No additional effect.,0,0,,,1,0,0,0,0,0,0,0,0,0,0,0,1,0,0,0,0,0,1
Overheat,"""Fire""",315,Special,normal,130,90,0,5,Lowers the user's Sp. Atk by 2.,Lowers the user's Special Attack by 2 stages.,0,0,,,0,0,0,0,0,0,0,0,0,0,0,0,0,0,0,0,0,0,1
Pain Split,"""Normal""",220,Status,normal,0,-1,0,20,Shares HP of user and target equally.,"The user and the target's HP become the average of their current HP, rounded down, but not more than the maximum HP of either one.",0,0,,,0,0,0,0,0,0,0,0,0,0,0,0,0,0,0,0,0,0,1
Parabolic Charge,"""Electric""",570,Special,allAdjacent,65,100,0,20,User recovers 50% of the damage dealt.,"The user recovers 1/2 the HP lost by the target, rounded half up. If Big Root is held by the user, the HP recovered is 1.3x normal, rounded half down.",0,0,,,0,0,0,0,0,0,0,1,0,0,0,0,0,0,0,0,0,0,1
Parting Shot,"""Dark""",575,Status,normal,0,100,0,20,"Lowers target's Atk, Sp. Atk by 1. User switches.","Lowers the target's Attack and Special Attack by 1 stage. If this move is successful, the user switches out even if it is trapped and is replaced immediately by a selected party member. The user does not switch out if the target's Attack and Special Attack stat stages were both unchanged, or if there are no unfainted party members.",0,0,,,1,0,1,0,0,0,0,0,0,0,0,0,1,0,0,0,0,0,1
Payback,"""Dark""",371,Physical,normal,50,100,0,10,Power doubles if the user moves after the target.,"Power doubles if the user moves after the target this turn, including actions taken through Instruct or the Dancer Ability. Switching in does not count as an action.",0,0,,,0,0,0,0,0,1,0,0,0,0,0,0,0,0,0,0,0,0,1
Pay Day,"""Normal""",6,Physical,normal,40,100,0,20,Scatters coins.,No additional effect.,0,0,,,0,0,0,0,0,0,0,0,0,0,0,0,0,0,0,0,0,0,1
Peck,"""Flying""",64,Physical,any,35,100,0,35,No additional effect.,No additional effect.,0,0,,,0,0,0,0,0,1,0,0,0,0,0,0,0,0,0,0,0,0,1
Perish Song,"""Normal""",195,Status,all,0,-1,0,5,All active Pokemon will faint in 3 turns.,"Each active Pokemon receives a perish count of 4 if it doesn't already have a perish count. At the end of each turn including the turn used, the perish count of all active Pokemon lowers by 1 and Pokemon faint if the number reaches 0. The perish count is removed from Pokemon that switch out. If a Pokemon uses Baton Pass while it has a perish count, the replacement will gain the perish count and continue to count down.",0,0,,,1,0,0,0,0,0,0,0,0,0,0,0,1,0,0,0,0,0,1
Petal Blizzard,"""Grass""",572,Physical,allAdjacent,90,100,0,15,No additional effect. Hits adjacent Pokemon.,No additional effect.,0,0,,,0,0,0,0,0,0,0,0,0,0,0,0,0,1,0,0,0,0,1
Petal Dance,"""Grass""",80,Special,randomNormal,120,100,0,10,Lasts 2-3 turns. Confuses the user afterwards.,"The user spends two or three turns locked into this move and becomes confused immediately after its move on the last turn of the effect if it is not already. This move targets an opposing Pokemon at random on each turn. If the user is prevented from moving, is asleep at the beginning of a turn, or the attack is not successful against the target on the first turn of the effect or the second turn of a three-turn effect, the effect ends without causing confusion. If this move is called by Sleep Talk and the user is asleep, the move is used for one turn and does not confuse the user.",0,0,,,0,0,0,0,0,1,1,0,0,0,0,0,0,0,0,0,0,0,1
Phantom Force,"""Ghost""",566,Physical,normal,90,100,0,10,Disappears turn 1. Hits turn 2. Breaks protection.,"If this move is successful, it breaks through the target's Baneful Bunker, Detect, King's Shield, Protect, or Spiky Shield for this turn, allowing other Pokemon to attack the target normally. If the target's side is protected by Crafty Shield, Mat Block, Quick Guard, or Wide Guard, that protection is also broken for this turn and other Pokemon may attack the target's side normally. This attack charges on the first turn and executes on the second. On the first turn, the user avoids all attacks. If the user is holding a Power Herb, the move completes in one turn.",0,0,,,0,1,0,0,0,1,0,0,0,0,0,0,0,0,0,0,0,0,1
Photon Geyser,"""Psychic""",722,Special,normal,100,100,0,5,Physical if user's Atk > Sp. Atk. Ignores Abilities.,"This move becomes a physical attack if the user's Attack is greater than its Special Attack, including stat stage changes. This move and its effects ignore the Abilities of other Pokemon.",0,0,,,0,0,0,0,0,0,0,0,0,0,0,0,0,0,0,0,0,0,1
Pika Papow,"""Electric""",732,Special,normal,0,-1,0,20,Max happiness: 102 power. Can't miss.,"Power is equal to the greater of (user's Happiness * 2/5), rounded down, or 1.",0,0,,,0,0,0,0,0,0,0,0,0,0,0,0,0,0,0,0,0,0,0
Pin Missile,"""Bug""",42,Physical,normal,25,95,0,20,Hits 2-5 times in one turn.,"Hits two to five times. Has a 35% chance to hit two or three times and a 15% chance to hit four or five times. If one of the hits breaks the target's substitute, it will take damage for the remaining hits. If the user has the Skill Link Ability, this move will always hit five times. If the user is holding Loaded Dice, this move will hit 4-5 times.",0,1,5,2,0,0,0,0,0,0,0,0,0,0,0,0,0,0,0,0,0,0,1
Plasma Fists,"""Electric""",721,Physical,normal,100,100,0,15,Normal moves become Electric type this turn.,"If this move is successful, causes Normal-type moves to become Electric type this turn.",0,0,,,0,0,0,0,0,1,0,0,0,0,1,0,0,0,0,0,0,0,0
Play Nice,"""Normal""",589,Status,normal,0,-1,0,20,Lowers the target's Attack by 1.,Lowers the target's Attack by 1 stage.,0,0,,,1,0,1,0,0,0,0,0,0,0,0,0,0,0,0,0,0,0,1
Play Rough,"""Fairy""",583,Physical,normal,90,90,0,10,10% chance to lower the target's Attack by 1.,Has a 10% chance to lower the target's Attack by 1 stage.,1,0,,,0,0,0,0,0,1,0,0,0,0,0,0,0,0,1,0,0,0,1
Pluck,"""Flying""",365,Physical,any,60,100,0,20,User steals and eats the target's Berry.,"If this move is successful and the user has not fainted, it steals the target's held Berry if it is holding one and eats it immediately, gaining its effects even if the user's item is being ignored. Items lost to this move cannot be regained with Recycle or the Harvest Ability.",0,0,,,0,0,0,0,0,1,0,0,0,0,0,0,0,0,0,0,0,0,1
Poison Fang,"""Poison""",305,Physical,normal,50,100,0,15,50% chance to badly poison the target.,Has a 50% chance to badly poison the target.,1,0,,,0,0,0,1,0,1,0,0,0,0,0,0,0,0,1,0,0,0,1
Poison Gas,"""Poison""",139,Status,allAdjacentFoes,0,90,0,40,Poisons the foe(s).,Poisons the target.,0,0,,,0,0,1,0,0,0,0,0,0,0,0,0,0,0,0,0,0,0,1
Poison Jab,"""Poison""",398,Physical,normal,80,100,0,20,30% chance to poison the target.,Has a 30% chance to poison the target.,1,0,,,0,0,0,0,0,1,0,0,0,0,0,0,0,0,1,0,0,0,1
Poison Powder,"""Poison""",77,Status,normal,0,75,0,35,Poisons the target.,Poisons the target.,0,0,,,0,0,1,0,0,0,0,0,1,0,0,0,0,0,0,0,0,0,1
Poison Sting,"""Poison""",40,Physical,normal,15,100,0,35,30% chance to poison the target.,Has a 30% chance to poison the target.,1,0,,,0,0,0,0,0,0,0,0,0,0,0,0,0,0,1,0,0,0,1
Poison Tail,"""Poison""",342,Physical,normal,50,100,0,25,High critical hit ratio. 10% chance to poison.,Has a 10% chance to poison the target and a higher chance for a critical hit.,1,0,,,0,0,0,0,0,1,0,0,0,0,0,0,0,0,1,0,0,0,1
Pollen Puff,"""Bug""",676,Special,normal,90,100,0,15,"If the target is an ally, heals 50% of its max HP.","If the target is an ally, this move restores 1/2 of its maximum HP, rounded down, instead of dealing damage.",0,0,,,0,0,0,0,1,0,0,0,0,0,0,0,0,0,0,0,0,0,1
Poltergeist,"""Ghost""",809,Physical,normal,110,90,0,5,Fails if the target has no held item.,Fails if the target has no held item.,0,0,,,0,0,0,0,0,0,0,0,0,0,0,0,0,0,0,0,0,0,1
Population Bomb,"""Normal""",860,Physical,normal,20,90,0,10,Hits 10 times. Each hit can miss.,"Hits ten times. This move checks accuracy for each hit, and the attack ends if the target avoids a hit. If one of the hits breaks the target's substitute, it will take damage for the remaining hits. If the user has the Skill Link Ability, this move will always hit ten times. If the user is holding Loaded Dice, this move hits four to ten times at random without checking accuracy between hits.",0,1,,,0,0,0,0,0,1,0,0,0,0,0,0,0,0,0,0,0,0,1
Pounce,"""Bug""",884,Physical,normal,50,100,0,20,100% chance to lower the target's Speed by 1.,Has a 100% chance to lower the target's Speed by 1 stage.,1,0,,,0,0,0,0,0,1,0,0,0,0,0,0,0,0,1,0,0,0,1
Pound,"""Normal""",1,Physical,normal,40,100,0,35,No additional effect.,No additional effect.,0,0,,,0,0,0,0,0,1,0,0,0,0,0,0,0,0,0,0,0,0,1
Powder,"""Bug""",600,Status,normal,0,100,1,20,"If using a Fire move, target loses 1/4 max HP.","If the target uses a Fire-type move this turn, it is prevented from executing and the target loses 1/4 of its maximum HP, rounded half up. This effect does not happen if the Fire-type move is prevented by Primordial Sea.",0,0,,,1,0,1,0,0,0,0,0,1,0,0,0,0,0,0,0,0,0,0
Powder Snow,"""Ice""",181,Special,allAdjacentFoes,40,100,0,25,10% chance to freeze the foe(s).,Has a 10% chance to freeze the target.,1,0,,,0,0,0,0,0,0,0,0,0,0,0,0,0,0,1,0,0,0,1
Power Gem,"""Rock""",408,Special,normal,80,100,0,20,No additional effect.,No additional effect.,0,0,,,0,0,0,0,0,0,0,0,0,0,0,0,0,0,0,0,0,0,1
Power Shift,"""Normal""",829,Status,self,0,-1,0,10,Switches user's Attack and Defense stats.,"The user swaps its Attack and Defense stats, and stat stage changes remain on their respective stats. This move can be used again to swap the stats back. If the user uses Baton Pass, the replacement will have its Attack and Defense stats swapped if the effect is active. If the user has its stats recalculated by changing forme while its stats are swapped, this effect is ignored but is still active for the purposes of Baton Pass.",0,0,,,0,0,0,0,0,0,0,0,0,0,0,0,0,0,0,0,0,0,0
Power Split,"""Psychic""",471,Status,normal,0,-1,0,10,Averages Attack and Sp. Atk stats with target.,"The user and the target have their Attack and Special Attack stats set to be equal to the average of the user and the target's Attack and Special Attack stats, respectively, rounded down. Stat stage changes are unaffected.",0,0,,,0,0,0,0,0,0,0,0,0,0,0,0,0,0,0,0,0,0,1
Power Swap,"""Psychic""",384,Status,normal,0,-1,0,10,Swaps Attack and Sp. Atk stat stages with target.,The user swaps its Attack and Special Attack stat stage changes with the target.,0,0,,,1,0,0,0,0,0,0,0,0,0,0,0,0,0,0,0,0,0,1
Power Trick,"""Psychic""",379,Status,self,0,-1,0,10,Switches user's Attack and Defense stats.,"The user swaps its Attack and Defense stats, and stat stage changes remain on their respective stats. This move can be used again to swap the stats back. If the user uses Baton Pass, the replacement will have its Attack and Defense stats swapped if the effect is active. If the user has its stats recalculated by changing forme while its stats are swapped, this effect is ignored but is still active for the purposes of Baton Pass.",0,0,,,0,0,0,0,0,0,0,0,0,0,0,0,0,0,0,0,0,0,1
Power Trip,"""Dark""",681,Physical,normal,20,100,0,10, + 20 power for each of the user's stat boosts.,"Power is equal to 20+(X*20), where X is the user's total stat stage changes that are greater than 0.",0,0,,,0,0,0,0,0,1,0,0,0,0,0,0,0,0,0,0,0,0,1
Power-Up Punch,"""Fighting""",612,Physical,normal,40,100,0,20,100% chance to raise the user's Attack by 1.,Has a 100% chance to raise the user's Attack by 1 stage.,1,0,,,0,0,0,0,0,1,0,0,0,0,1,0,0,0,1,0,0,0,0
Power Whip,"""Grass""",438,Physical,normal,120,85,0,10,No additional effect.,No additional effect.,0,0,,,0,0,0,0,0,1,0,0,0,0,0,0,0,0,0,0,0,0,1
Precipice Blades,"""Ground""",619,Physical,allAdjacentFoes,120,85,0,10,No additional effect. Hits adjacent foes.,No additional effect.,0,0,,,0,0,0,0,0,0,0,0,0,0,0,0,0,0,0,0,0,0,1
Present,"""Normal""",217,Physical,normal,0,90,0,15,"40, 80, 120 power, or heals target 1/4 max HP.","If this move is successful, it deals damage or heals the target. 40% chance for 40 power, 30% chance for 80 power, 10% chance for 120 power, and 20% chance to heal the target by 1/4 of its maximum HP, rounded down.",0,0,,,0,0,0,0,0,0,0,0,0,0,0,0,0,0,0,0,0,0,1
Prismatic Laser,"""Psychic""",711,Special,normal,160,100,0,10,User cannot move next turn.,"If this move is successful, the user must recharge on the following turn and cannot select a move.",0,0,,,0,0,0,0,0,0,0,0,0,0,0,0,0,0,0,0,0,0,1
Protect,"""Normal""",182,Status,self,0,-1,4,10,Prevents moves from affecting the user this turn.,"The user is protected from most attacks made by other Pokemon during this turn. This move has a 1/X chance of being successful, where X starts at 1 and triples each time this move is successfully used. X resets to 1 if this move fails, if the user's last move used is not Baneful Bunker, Burning Bulwark, Detect, Endure, King's Shield, Max Guard, Obstruct, Protect, Quick Guard, Silk Trap, Spiky Shield, or Wide Guard, or if it was one of those moves and the user's protection was broken. Fails if the user moves last this turn.",0,0,,,0,0,0,0,0,0,0,0,0,0,0,0,0,0,0,0,0,0,1
Psybeam,"""Psychic""",60,Special,normal,65,100,0,20,10% chance to confuse the target.,Has a 10% chance to confuse the target.,1,0,,,0,0,0,0,0,0,0,0,0,0,0,0,0,0,1,0,0,0,1
Psyblade,"""Psychic""",875,Physical,normal,80,100,0,15,During Electric Terrain: 1.5x power.,"If the current terrain is Electric Terrain, this move's power is multiplied by 1.5.",0,0,,,0,0,0,0,0,1,0,0,0,0,0,0,0,0,0,0,0,0,1
Psych Up,"""Normal""",244,Status,normal,0,-1,0,10,Copies the target's current stat stages.,The user copies all of the target's current stat stage changes.,0,0,,,1,0,0,0,0,0,0,0,0,0,0,0,0,0,0,0,0,0,1
Psychic,"""Psychic""",94,Special,normal,90,100,0,10,10% chance to lower the target's Sp. Def by 1.,Has a 10% chance to lower the target's Special Defense by 1 stage.,1,0,,,0,0,0,0,0,0,0,0,0,0,0,0,0,0,1,0,0,0,1
Psychic Fangs,"""Psychic""",706,Physical,normal,85,100,0,10,"Destroys screens, unless the target is immune.","If this attack does not miss, the effects of Reflect, Light Screen, and Aurora Veil end for the target's side of the field before damage is calculated.",0,0,,,0,0,0,1,0,1,0,0,0,0,0,0,0,0,0,0,0,0,1
Psychic Noise,"""Psychic""",917,Special,normal,75,100,0,10,"For 2 turns, the target is prevented from healing.","For 2 turns, the target is prevented from restoring any HP as long as it remains active. During the effect, healing and draining moves are unusable, and Abilities and items that grant healing will not heal the user. If an affected Pokemon uses Baton Pass, the replacement will remain unable to restore its HP. Pain Split and the Regenerator Ability are unaffected.",1,0,,,1,0,0,0,0,0,0,0,0,0,0,0,1,0,1,0,0,0,1
Psychic Terrain,"""Psychic""",678,Status,all,0,-1,0,10,"5 turns. Grounded: +Psychic power, priority-safe.","For 5 turns, the terrain becomes Psychic Terrain. During the effect, the power of Psychic-type attacks made by grounded Pokemon is multiplied by 1.3 and grounded Pokemon cannot be hit by moves with priority greater than 0, unless the target is an ally. Camouflage transforms the user into a Psychic type, Nature Power becomes Psychic, and Secret Power has a 30% chance to lower the target's Speed by 1 stage. Fails if the current terrain is Psychic Terrain.",0,0,,,0,0,0,0,0,0,0,0,0,0,0,0,0,0,0,0,0,0,1
Psycho Boost,"""Psychic""",354,Special,normal,140,90,0,5,Lowers the user's Sp. Atk by 2.,Lowers the user's Special Attack by 2 stages.,0,0,,,0,0,0,0,0,0,0,0,0,0,0,0,0,0,0,0,0,0,1
Psycho Cut,"""Psychic""",427,Physical,normal,70,100,0,20,High critical hit ratio.,Has a higher chance for a critical hit.,0,0,,,0,0,0,0,0,0,0,0,0,0,0,0,0,0,0,0,0,0,1
Psycho Shift,"""Psychic""",375,Status,normal,0,100,0,10,Transfers the user's status ailment to the target.,"The user's non-volatile status condition is transferred to the target, and the user is then cured. Fails if the user has no non-volatile status condition or if the target already has one.",0,0,,,0,0,0,0,0,0,0,0,0,0,0,0,0,0,0,0,0,0,0
Psyshield Bash,"""Psychic""",828,Physical,normal,70,90,0,10,100% chance to raise the user's Defense by 1.,Has a 100% chance to raise the user's Defense by 1 stage.,1,0,,,0,0,0,0,0,1,0,0,0,0,0,0,0,0,1,0,0,0,1
Psyshock,"""Psychic""",473,Special,normal,80,100,0,10,"Damages target based on Defense, not Sp. Def.",Deals damage to the target based on its Defense instead of Special Defense.,0,0,,,0,0,0,0,0,0,0,0,0,0,0,0,0,0,0,0,0,0,1
Psystrike,"""Psychic""",540,Special,normal,100,100,0,10,"Damages target based on Defense, not Sp. Def.",Deals damage to the target based on its Defense instead of Special Defense.,0,0,,,0,0,0,0,0,0,0,0,0,0,0,0,0,0,0,0,0,0,1
Psywave,"""Psychic""",149,Special,normal,0,100,0,15,Random damage equal to 0.5x-1.5x user's level.,"Deals damage to the target equal to (user's level) * (X + 50) / 100, where X is a random number from 0 to 100, rounded down, but not less than 1 HP.",0,0,,,0,0,0,0,0,0,0,0,0,0,0,0,0,0,0,0,0,0,0
Pulverizing Pancake,"""Normal""",701,Physical,normal,210,-1,0,1,No additional effect.,No additional effect.,0,0,,,0,1,0,0,0,1,0,0,0,0,0,0,0,0,0,0,1,0,0
Punishment,"""Dark""",386,Physical,normal,0,100,0,5,60 power +20 for each of the target's stat boosts.,"Power is equal to 60+(X*20), where X is the target's total stat stage changes that are greater than 0, but not more than 200 power.",0,0,,,0,0,0,0,0,1,0,0,0,0,0,0,0,0,0,0,0,0,0
Purify,"""Poison""",685,Status,normal,0,-1,0,20,Cures target's status; heals user 1/2 max HP if so.,"The target is cured if it has a non-volatile status condition. If the target was cured, the user restores 1/2 of its maximum HP, rounded down.",0,0,,,0,0,1,0,0,0,0,1,0,0,0,0,0,0,0,0,0,0,0
Pursuit,"""Dark""",228,Physical,normal,40,100,0,20,"If a foe is switching out, hits it at 2x power.","If an opposing Pokemon switches out this turn, this move hits that Pokemon before it leaves the field, even if it was not the original target. If the user moves after an opponent using Flip Turn, Parting Shot, Teleport, U-turn, or Volt Switch, but not Baton Pass, it will hit that opponent before it leaves the field. Power doubles and no accuracy check is done if the user hits an opponent switching out, and the user's turn is over; if an opponent faints from this, the replacement Pokemon does not become active until the end of the turn.",0,0,,,0,0,0,0,0,1,0,0,0,0,0,0,0,0,0,0,0,0,0
Pyro Ball,"""Fire""",780,Physical,normal,120,90,0,5,10% chance to burn the target. Thaws user.,Has a 10% chance to burn the target.,1,0,,,0,0,0,0,1,0,0,0,0,0,0,0,0,0,1,0,0,0,1
Quash,"""Dark""",511,Status,normal,0,100,0,15,Forces the target to move last this turn.,"Causes the target to take its turn after all other Pokemon this turn, no matter the priority of its selected move. Fails if the target already moved this turn.",0,0,,,0,0,0,0,0,0,0,0,0,0,0,0,0,0,0,0,0,0,1
Quick Attack,"""Normal""",98,Physical,normal,40,100,1,30,Usually goes first.,No additional effect.,0,0,,,0,0,0,0,0,1,0,0,0,0,0,0,0,0,0,0,0,0,1
Quick Guard,"""Fighting""",501,Status,allySide,0,-1,3,15,Protects allies from priority attacks this turn.,"The user and its party members are protected from attacks with original or altered priority greater than 0 made by other Pokemon, including allies, during this turn. This move modifies the same 1/X chance of being successful used by other protection moves, where X starts at 1 and triples each time this move is successfully used, but does not use the chance to check for failure. X resets to 1 if this move fails, if the user's last move used is not Baneful Bunker, Burning Bulwark, Detect, Endure, King's Shield, Max Guard, Obstruct, Protect, Quick Guard, Silk Trap, Spiky Shield, or Wide Guard, or if it was one of those moves and the user's protection was broken. Fails if the user moves last this turn or if this move is already in effect for the user's side.",0,0,,,0,0,0,0,0,0,0,0,0,0,0,0,0,0,0,0,0,0,1
Quiver Dance,"""Bug""",483,Status,self,0,-1,0,20,"Raises the user's Sp. Atk, Sp. Def, Speed by 1.","Raises the user's Special Attack, Special Defense, and Speed by 1 stage.",0,0,,,0,0,0,0,0,0,1,0,0,0,0,0,0,0,0,0,0,0,1
Rage,"""Normal""",99,Physical,normal,20,100,0,20,Raises the user's Attack by 1 if hit during use.,"Once this move is successfully used, the user's Attack is raised by 1 stage every time it is hit by another Pokemon's attack as long as this move is chosen for use.",0,0,,,0,0,0,0,0,1,0,0,0,0,0,0,0,0,0,0,0,0,0
Rage Fist,"""Ghost""",889,Physical,normal,50,100,0,10,+50 power for each time user was hit. Max 6 hits.,"Power is equal to 50+(X*50), where X is the total number of times the user has been hit by a damaging attack during the battle, even if the user did not lose HP from the attack. X cannot be greater than 6 and does not reset upon switching out or fainting. Each hit of a multi-hit attack is counted, but confusion damage is not counted.",0,0,,,0,0,0,0,0,1,0,0,0,0,1,0,0,0,0,0,0,0,1
Rage Powder,"""Bug""",476,Status,self,0,-1,2,20,The foes' moves target the user on the turn used.,"Until the end of the turn, all single-target attacks from the opposing side are redirected to the user. Such attacks are redirected to the user before they can be reflected by Magic Coat or the Magic Bounce Ability, or drawn in by the Lightning Rod or Storm Drain Abilities. Fails if it is not a Double Battle or Battle Royal. This effect is ignored while the user is under the effect of Sky Drop.",0,0,,,0,0,0,0,0,0,0,0,1,0,0,0,0,0,0,0,0,0,1
Raging Bull,"""Normal""",873,Physical,normal,90,100,0,10,Destroys screens. Type depends on user's form.,"If this attack does not miss, the effects of Reflect, Light Screen, and Aurora Veil end for the target's side of the field before damage is calculated. If the user's current form is a Paldean Tauros, this move's type changes to match. Fighting type for Combat Breed, Fire type for Blaze Breed, and Water type for Aqua Breed.",0,0,,,0,0,0,0,0,1,0,0,0,0,0,0,0,0,0,0,0,0,1
Raging Fury,"""Fire""",833,Physical,randomNormal,120,100,0,10,Lasts 2-3 turns. Confuses the user afterwards.,"The user spends two or three turns locked into this move and becomes confused immediately after its move on the last turn of the effect if it is not already. This move targets an opposing Pokemon at random on each turn. If the user is prevented from moving, is asleep at the beginning of a turn, or the attack is not successful against the target on the first turn of the effect or the second turn of a three-turn effect, the effect ends without causing confusion. If this move is called by Sleep Talk and the user is asleep, the move is used for one turn and does not confuse the user.",0,0,,,0,0,0,0,0,0,0,0,0,0,0,0,0,0,0,0,0,0,1
Rain Dance,"""Water""",240,Status,all,0,-1,0,5,"For 5 turns, heavy rain powers Water moves.","For 5 turns, the weather becomes Rain Dance. The damage of Water-type attacks is multiplied by 1.5 and the damage of Fire-type attacks is multiplied by 0.5 during the effect. Lasts for 8 turns if the user is holding Damp Rock. Fails if the current weather is Rain Dance.",0,0,,,0,0,0,0,0,0,0,0,0,0,0,0,0,0,0,0,0,0,1
Rapid Spin,"""Normal""",229,Physical,normal,50,100,0,40,Free user from hazards/bind/Leech Seed; +1 Spe.,"If this move is successful and the user has not fainted, the effects of Leech Seed and binding moves end for the user, and all hazards are removed from the user's side of the field. Has a 100% chance to raise the user's Speed by 1 stage.",1,0,,,0,0,0,0,0,1,0,0,0,0,0,0,0,0,1,0,0,0,1
Razor Leaf,"""Grass""",75,Physical,allAdjacentFoes,55,95,0,25,High critical hit ratio. Hits adjacent foes.,Has a higher chance for a critical hit.,0,0,,,0,0,0,0,0,0,0,0,0,0,0,0,0,0,0,0,0,0,1
Razor Shell,"""Water""",534,Physical,normal,75,95,0,10,50% chance to lower the target's Defense by 1.,Has a 50% chance to lower the target's Defense by 1 stage.,1,0,,,0,0,0,0,0,1,0,0,0,0,0,0,0,0,1,0,0,0,1
Razor Wind,"""Normal""",13,Special,allAdjacentFoes,80,100,0,10,"Charges, then hits foe(s) turn 2. High crit ratio.","Has a higher chance for a critical hit. This attack charges on the first turn and executes on the second. If the user is holding a Power Herb, the move completes in one turn.",0,0,,,0,0,0,0,0,0,0,0,0,0,0,0,0,0,0,0,0,0,0
Recover,"""Normal""",105,Status,self,0,-1,0,5,Heals the user by 50% of its max HP.,"The user restores 1/2 of its maximum HP, rounded half up.",0,0,,,0,0,0,0,0,0,0,1,0,0,0,0,0,0,0,0,0,0,1
Recycle,"""Normal""",278,Status,self,0,-1,0,10,Restores the item the user last used.,"The user regains the item it last used. Fails if the user is holding an item, if the user has not held an item, if the item was a popped Air Balloon, if the item was picked up by a Pokemon with the Pickup Ability, or if the item was lost to Bug Bite, Corrosive Gas, Covet, Incinerate, Knock Off, Pluck, or Thief. Items thrown with Fling can be regained.",0,0,,,0,0,0,0,0,0,0,0,0,0,0,0,0,0,0,0,0,0,1
Reflect,"""Psychic""",115,Status,allySide,0,-1,0,20,"For 5 turns, physical damage to allies is halved.","For 5 turns, the user and its party members take 0.5x damage from physical attacks, or 0.66x damage if in a Double Battle. Damage is not reduced further with Aurora Veil. Critical hits ignore this effect. It is removed from the user's side if the user or an ally is successfully hit by Brick Break, Psychic Fangs, or Defog. Lasts for 8 turns if the user is holding Light Clay. Fails if the effect is already active on the user's side.",0,0,,,0,0,0,0,0,0,0,0,0,0,0,0,0,0,0,0,0,0,1
Reflect Type,"""Normal""",513,Status,normal,0,-1,0,15,User becomes the same type as the target.,"Causes the user's types to become the same as the current types of the target. If the target's current types include typeless and a non-added type, typeless is ignored. If the target's current types include typeless and an added type from Forest's Curse or Trick-or-Treat, typeless is copied as the Normal type instead. Fails if the user is an Arceus or a Silvally, if the user is Terastallized, or if the target's current type is typeless alone.",0,0,,,1,0,0,0,0,0,0,0,0,0,0,0,0,0,0,0,0,0,1
Refresh,"""Normal""",287,Status,self,0,-1,0,20,"User cures its burn, poison, or paralysis.","The user cures its burn, poison, or paralysis. Fails if the user is not burned, poisoned, or paralyzed.",0,0,,,0,0,0,0,0,0,0,0,0,0,0,0,0,0,0,0,0,0,0
Relic Song,"""Normal""",547,Special,allAdjacentFoes,75,100,0,10,10% chance to sleep foe(s). Meloetta transforms.,"Has a 10% chance to cause the target to fall asleep. If this move is successful on at least one target and the user is a Meloetta, it changes to Pirouette Forme if it is currently in Aria Forme, or changes to Aria Forme if it is currently in Pirouette Forme. This forme change does not happen if the Meloetta has the Sheer Force Ability. The Pirouette Forme reverts to Aria Forme when Meloetta is not active.",1,0,,,1,0,0,0,0,0,0,0,0,0,0,0,1,0,1,0,0,0,1
Rest,"""Psychic""",156,Status,self,0,-1,0,5,User sleeps 2 turns and restores HP and status.,"The user falls asleep for the next two turns and restores all of its HP, curing itself of any non-volatile status condition in the process. Fails if the user has full HP, is already asleep, or if another effect is preventing sleep.",0,0,,,0,0,0,0,0,0,0,1,0,0,0,0,0,0,0,0,0,0,1
Retaliate,"""Normal""",514,Physical,normal,70,100,0,5,Power doubles if an ally fainted last turn.,Power doubles if one of the user's party members fainted last turn.,0,0,,,0,0,0,0,0,1,0,0,0,0,0,0,0,0,0,0,0,0,1
Return,"""Normal""",216,Physical,normal,0,100,0,20,Max 102 power at maximum Happiness.,"Power is equal to the greater of (user's Happiness * 2/5), rounded down, or 1.",0,0,,,0,0,0,0,0,1,0,0,0,0,0,0,0,0,0,0,0,0,0
Revelation Dance,"""Normal""",686,Special,normal,90,100,0,15,Type varies based on the user's primary type.,"This move's type depends on the user's primary type. If the user's primary type is typeless, this move's type is the user's secondary type if it has one, otherwise the added type from Forest's Curse or Trick-or-Treat. This move is typeless if the user's type is typeless alone.",0,0,,,0,0,0,0,0,0,1,0,0,0,0,0,0,0,0,0,0,0,1
Revenge,"""Fighting""",279,Physical,normal,60,100,-4,10,Power doubles if user is damaged by the target.,Power doubles if the user was hit by the target this turn.,0,0,,,0,0,0,0,0,1,0,0,0,0,0,0,0,0,0,0,0,0,0
Reversal,"""Fighting""",179,Physical,normal,0,100,0,15,More power the less HP the user has left.,"The power of this move is 20 if X is 33 to 48, 40 if X is 17 to 32, 80 if X is 10 to 16, 100 if X is 5 to 9, 150 if X is 2 to 4, and 200 if X is 0 or 1, where X is equal to (user's current HP * 48 / user's maximum HP), rounded down.",0,0,,,0,0,0,0,0,1,0,0,0,0,0,0,0,0,0,0,0,0,1
Revival Blessing,"""Normal""",863,Status,self,0,-1,0,1,Revives a fainted Pokemon to 50% HP.,"A fainted party member is selected and revived with 1/2 its max HP, rounded down. Fails if there are no fainted party members.",0,0,,,0,0,0,0,0,0,0,1,0,0,0,0,0,0,0,0,0,0,1
Rising Voltage,"""Electric""",804,Special,normal,70,100,0,20,2x power if target is grounded in Electric Terrain.,"If the current terrain is Electric Terrain and the target is grounded, this move's power is doubled.",0,0,,,0,0,0,0,0,0,0,0,0,0,0,0,0,0,0,0,0,0,1
Roar,"""Normal""",46,Status,normal,0,-1,-6,20,Forces the target to switch to a random ally.,"The target is forced to switch out and be replaced with a random unfainted ally. Fails if the target is the last unfainted Pokemon in its party, or if the target used Ingrain previously or has the Suction Cups Ability.",0,0,,,1,0,1,0,0,0,0,0,0,0,0,0,1,0,0,0,0,0,1
Roar of Time,"""Dragon""",459,Special,normal,150,90,0,5,User cannot move next turn.,"If this move is successful, the user must recharge on the following turn and cannot select a move.",0,0,,,0,0,0,0,0,0,0,0,0,0,0,0,0,0,0,0,0,0,1
Rock Blast,"""Rock""",350,Physical,normal,25,90,0,10,Hits 2-5 times in one turn.,"Hits two to five times. Has a 35% chance to hit two or three times and a 15% chance to hit four or five times. If one of the hits breaks the target's substitute, it will take damage for the remaining hits. If the user has the Skill Link Ability, this move will always hit five times. If the user is holding Loaded Dice, this move will hit 4-5 times.",0,1,5,2,0,0,0,0,1,0,0,0,0,0,0,0,0,0,0,0,0,0,1
Rock Climb,"""Normal""",431,Physical,normal,90,85,0,20,20% chance to confuse the target.,Has a 20% chance to confuse the target.,1,0,,,0,0,0,0,0,1,0,0,0,0,0,0,0,0,1,0,0,0,0
Rock Polish,"""Rock""",397,Status,self,0,-1,0,20,Raises the user's Speed by 2.,Raises the user's Speed by 2 stages.,0,0,,,0,0,0,0,0,0,0,0,0,0,0,0,0,0,0,0,0,0,1
Rock Slide,"""Rock""",157,Physical,allAdjacentFoes,75,90,0,10,30% chance to make the foe(s) flinch.,Has a 30% chance to make the target flinch.,1,0,,,0,0,0,0,0,0,0,0,0,0,0,0,0,0,1,0,0,0,1
Rock Smash,"""Fighting""",249,Physical,normal,40,100,0,15,50% chance to lower the target's Defense by 1.,Has a 50% chance to lower the target's Defense by 1 stage.,1,0,,,0,0,0,0,0,1,0,0,0,0,0,0,0,0,1,0,0,0,1
Rock Throw,"""Rock""",88,Physical,normal,50,90,0,15,No additional effect.,No additional effect.,0,0,,,0,0,0,0,0,0,0,0,0,0,0,0,0,0,0,0,0,0,1
Rock Tomb,"""Rock""",317,Physical,normal,60,95,0,15,100% chance to lower the target's Speed by 1.,Has a 100% chance to lower the target's Speed by 1 stage.,1,0,,,0,0,0,0,0,0,0,0,0,0,0,0,0,0,1,0,0,0,1
Rock Wrecker,"""Rock""",439,Physical,normal,150,90,0,5,User cannot move next turn.,"If this move is successful, the user must recharge on the following turn and cannot select a move.",0,0,,,0,0,0,0,1,0,0,0,0,0,0,0,0,0,0,0,0,0,1
Role Play,"""Psychic""",272,Status,normal,0,-1,0,10,User replaces its Ability with the target's.,"The user's Ability changes to match the target's Ability. Fails if the user's Ability is As One, Battle Bond, Comatose, Disguise, Gulp Missile, Ice Face, Multitype, Power Construct, RKS System, Schooling, Shields Down, Stance Change, Tera Shift, Zen Mode, Zero to Hero, or already matches the target, or if the target's Ability is As One, Battle Bond, Comatose, Commander, Disguise, Embody Aspect, Flower Gift, Forecast, Hunger Switch, Ice Face, Illusion, Imposter, Multitype, Neutralizing Gas, Poison Puppeteer, Power Construct, Power of Alchemy, Protosynthesis, Quark Drive, Receiver, RKS System, Schooling, Shields Down, Stance Change, Tera Shell, Tera Shift, Teraform Zero, Trace, Wonder Guard, Zen Mode, or Zero to Hero.",0,0,,,1,0,0,0,0,0,0,0,0,0,0,0,0,0,0,0,0,0,1
Rolling Kick,"""Fighting""",27,Physical,normal,60,85,0,15,30% chance to make the target flinch.,Has a 30% chance to make the target flinch.,1,0,,,0,0,0,0,0,1,0,0,0,0,0,0,0,0,1,0,0,0,0
Rollout,"""Rock""",205,Physical,normal,30,90,0,20,Power doubles with each hit. Repeats for 5 turns.,"If this move is successful, the user is locked into this move and cannot make another move until it misses, 5 turns have passed, or the attack cannot be used. Power doubles with each successful hit of this move and doubles again if Defense Curl was used previously by the user. If this move is called by Sleep Talk, the move is used for one turn.",0,0,,,0,0,0,0,0,1,0,0,0,0,0,0,0,0,0,0,0,0,1
Roost,"""Flying""",355,Status,self,0,-1,0,5,Heals 50% HP. Flying-type removed 'til turn ends.,"The user restores 1/2 of its maximum HP, rounded half up. If the user is not Terastallized, until the end of the turn Flying-type users lose their Flying type and pure Flying-type users become Normal type. Does nothing if the user's HP is full.",0,0,,,0,0,0,0,0,0,0,1,0,0,0,0,0,0,0,0,0,0,1
Rototiller,"""Ground""",563,Status,all,0,-1,0,10,Raises Atk/Sp. Atk of grounded Grass types by 1.,Raises the Attack and Special Attack of all grounded Grass-type Pokemon on the field by 1 stage.,0,0,,,0,0,0,0,0,0,0,0,0,0,0,0,0,0,0,0,0,0,0
Round,"""Normal""",496,Special,normal,60,100,0,15,Power doubles if others used Round this turn.,"If there are other active Pokemon that chose this move for use this turn, those Pokemon take their turn immediately after the user, in Speed order, and this move's power is 120 for each other user.",0,0,,,1,0,0,0,0,0,0,0,0,0,0,0,1,0,0,0,0,0,1
Ruination,"""Dark""",877,Special,normal,0,90,0,10,Does damage equal to 1/2 target's current HP.,"Deals damage to the target equal to half of its current HP, rounded down, but not less than 1 HP.",0,0,,,0,0,0,0,0,0,0,0,0,0,0,0,0,0,0,0,0,0,1
Sacred Fire,"""Fire""",221,Physical,normal,100,95,0,5,50% chance to burn the target. Thaws user.,Has a 50% chance to burn the target.,1,0,,,0,0,0,0,0,0,0,0,0,0,0,0,0,0,1,0,0,0,1
Sacred Sword,"""Fighting""",533,Physical,normal,90,100,0,15,Ignores the target's stat stage changes.,"Ignores the target's stat stage changes, including evasiveness.",0,0,,,0,0,0,0,0,1,0,0,0,0,0,0,0,0,0,0,0,0,1
Safeguard,"""Normal""",219,Status,allySide,0,-1,0,25,"For 5 turns, protects user's party from status.","For 5 turns, the user and its party members cannot have non-volatile status conditions or confusion inflicted on them by other Pokemon. Pokemon on the user's side cannot become affected by Yawn but can fall asleep from its effect. It is removed from the user's side if the user or an ally is successfully hit by Defog. Fails if the effect is already active on the user's side.",0,0,,,0,0,0,0,0,0,0,0,0,0,0,0,0,0,0,0,0,0,1
Salt Cure,"""Rock""",864,Physical,normal,40,100,0,15,"Deals 1/8 max HP each turn; 1/4 on Steel, Water.","Causes damage to the target equal to 1/8 of its maximum HP (1/4 if the target is Steel or Water type), rounded down, at the end of each turn during effect. This effect ends when the target is no longer active.",1,0,,,0,0,0,0,0,0,0,0,0,0,0,0,0,0,1,0,0,0,1
Sand Attack,"""Ground""",28,Status,normal,0,100,0,15,Lowers the target's accuracy by 1.,Lowers the target's accuracy by 1 stage.,0,0,,,0,0,1,0,0,0,0,0,0,0,0,0,0,0,0,0,0,0,1
Sandsear Storm,"""Ground""",848,Special,allAdjacentFoes,100,80,0,10,20% chance to burn foe(s). Can't miss in rain.,"Has a 20% chance to burn the target. If the weather is Primordial Sea or Rain Dance, this move does not check accuracy. If this move is used against a Pokemon holding Utility Umbrella, this move's accuracy remains at 80%.",1,0,,,0,0,0,0,0,0,0,0,0,0,0,0,0,1,1,0,0,0,1
Sandstorm,"""Rock""",201,Status,all,0,-1,0,10,"For 5 turns, a sandstorm rages. Rock: 1.5x SpD.","For 5 turns, the weather becomes Sandstorm. At the end of each turn except the last, all active Pokemon lose 1/16 of their maximum HP, rounded down, unless they are a Ground, Rock, or Steel type, or have the Magic Guard, Overcoat, Sand Force, Sand Rush, or Sand Veil Abilities. During the effect, the Special Defense of Rock-type Pokemon is multiplied by 1.5 when taking damage from a special attack. Lasts for 8 turns if the user is holding Smooth Rock. Fails if the current weather is Sandstorm.",0,0,,,0,0,0,0,0,0,0,0,0,0,0,0,0,1,0,0,0,0,1
Sand Tomb,"""Ground""",328,Physical,normal,35,85,0,15,Traps and damages the target for 4-5 turns.,"Prevents the target from switching for four or five turns (seven turns if the user is holding Grip Claw). Causes damage to the target equal to 1/8 of its maximum HP (1/6 if the user is holding Binding Band), rounded down, at the end of each turn during effect. The target can still switch out if it is holding Shed Shell or uses Baton Pass, Flip Turn, Parting Shot, Shed Tail, Teleport, U-turn, or Volt Switch. The effect ends if either the user or the target leaves the field, or if the target uses Mortal Spin, Rapid Spin, or Substitute successfully. This effect is not stackable or reset by using this or another binding move.",0,0,,,0,0,0,0,0,0,0,0,0,0,0,0,0,0,0,0,0,0,1
Sappy Seed,"""Grass""",738,Physical,normal,100,90,0,10,Summons Leech Seed.,This move summons Leech Seed on the foe.,0,0,,,0,0,1,0,0,0,0,0,0,0,0,0,0,0,0,0,0,0,0
Savage Spin-Out,"""Bug""",634,Physical,normal,1,-1,0,1,Power is equal to the base move's Z-Power.,Power is equal to the base move's Z-Power.,0,0,,,0,1,0,0,0,0,0,0,0,0,0,0,0,0,0,0,1,0,0
Scald,"""Water""",503,Special,normal,80,100,0,15,30% chance to burn the target. Thaws target.,Has a 30% chance to burn the target. The target thaws out if it is frozen.,1,0,,,0,0,0,0,0,0,0,0,0,0,0,0,0,0,1,0,0,0,1
Scale Shot,"""Dragon""",799,Physical,normal,25,90,0,20,"Hits 2-5 times. User: -1 Def, +1 Spe after last hit.","Hits two to five times. Lowers the user's Defense by 1 stage and raises the user's Speed by 1 stage after the last hit. Has a 35% chance to hit two or three times and a 15% chance to hit four or five times. If one of the hits breaks the target's substitute, it will take damage for the remaining hits. If the user has the Skill Link Ability, this move will always hit five times. If the user is holding Loaded Dice, this move will hit 4-5 times.",0,1,5,2,0,0,0,0,0,0,0,0,0,0,0,0,0,0,0,0,0,0,1
Scary Face,"""Normal""",184,Status,normal,0,100,0,10,Lowers the target's Speed by 2.,Lowers the target's Speed by 2 stages.,0,0,,,0,0,1,0,0,0,0,0,0,0,0,0,0,0,0,0,0,0,1
Scorching Sands,"""Ground""",815,Special,normal,70,100,0,10,30% chance to burn the target. Thaws target.,Has a 30% chance to burn the target. The target thaws out if it is frozen.,1,0,,,0,0,0,0,0,0,0,0,0,0,0,0,0,0,1,0,0,0,1
Scratch,"""Normal""",10,Physical,normal,40,100,0,35,No additional effect.,No additional effect.,0,0,,,0,0,0,0,0,1,0,0,0,0,0,0,0,0,0,0,0,0,1
Screech,"""Normal""",103,Status,normal,0,85,0,40,Lowers the target's Defense by 2.,Lowers the target's Defense by 2 stages.,0,0,,,1,0,1,0,0,0,0,0,0,0,0,0,1,0,0,0,0,0,1
Searing Shot,"""Fire""",545,Special,allAdjacent,100,100,0,5,30% chance to burn adjacent Pokemon.,Has a 30% chance to burn the target.,1,0,,,0,0,0,0,1,0,0,0,0,0,0,0,0,0,1,0,0,0,0
Searing Sunraze Smash,"""Steel""",724,Physical,normal,200,-1,0,1,Ignores the Abilities of other Pokemon.,This move and its effects ignore the Abilities of other Pokemon.,0,0,,,0,1,0,0,0,1,0,0,0,0,0,0,0,0,0,0,1,0,0
Secret Power,"""Normal""",290,Physical,normal,70,100,0,20,Effect varies with terrain. (30% paralysis chance),"Has a 30% chance to cause a secondary effect on the target based on the battle terrain. Causes paralysis on the regular Wi-Fi terrain, causes paralysis during Electric Terrain, lowers Special Attack by 1 stage during Misty Terrain, causes sleep during Grassy Terrain and lowers Speed by 1 stage during Psychic Terrain.",1,0,,,0,0,0,0,0,0,0,0,0,0,0,0,0,0,1,0,0,0,0
Secret Sword,"""Fighting""",548,Special,normal,85,100,0,10,"Damages target based on Defense, not Sp. Def.",Deals damage to the target based on its Defense instead of Special Defense.,0,0,,,0,0,0,0,0,0,0,0,0,0,0,0,0,0,0,0,0,0,1
Seed Bomb,"""Grass""",402,Physical,normal,80,100,0,15,No additional effect.,No additional effect.,0,0,,,0,0,0,0,1,0,0,0,0,0,0,0,0,0,0,0,0,0,1
Seed Flare,"""Grass""",465,Special,normal,120,85,0,5,40% chance to lower the target's Sp. Def by 2.,Has a 40% chance to lower the target's Special Defense by 2 stages.,1,0,,,0,0,0,0,0,0,0,0,0,0,0,0,0,0,1,0,0,0,1
Seismic Toss,"""Fighting""",69,Physical,normal,0,100,0,20,Does damage equal to the user's level.,Deals damage to the target equal to the user's level.,0,0,,,0,0,0,0,0,1,0,0,0,0,0,0,0,0,0,0,0,0,1
Self-Destruct,"""Normal""",120,Physical,allAdjacent,200,100,0,5,Hits adjacent Pokemon. The user faints.,"The user faints after using this move, even if this move fails for having no target. This move is prevented from executing if any active Pokemon has the Damp Ability.",0,0,,,0,0,0,0,0,0,0,0,0,0,0,0,0,0,0,0,0,0,1
Shadow Ball,"""Ghost""",247,Special,normal,80,100,0,15,20% chance to lower the target's Sp. Def by 1.,Has a 20% chance to lower the target's Special Defense by 1 stage.,1,0,,,0,0,0,0,1,0,0,0,0,0,0,0,0,0,1,0,0,0,1
Shadow Bone,"""Ghost""",708,Physical,normal,85,100,0,10,20% chance to lower the target's Defense by 1.,Has a 20% chance to lower the target's Defense by 1 stage.,1,0,,,0,0,0,0,0,0,0,0,0,0,0,0,0,0,1,0,0,0,0
Shadow Claw,"""Ghost""",421,Physical,normal,70,100,0,15,High critical hit ratio.,Has a higher chance for a critical hit.,0,0,,,0,0,0,0,0,1,0,0,0,0,0,0,0,0,0,0,0,0,1
Shadow Force,"""Ghost""",467,Physical,normal,120,100,0,5,Disappears turn 1. Hits turn 2. Breaks protection.,"If this move is successful, it breaks through the target's Baneful Bunker, Detect, King's Shield, Protect, or Spiky Shield for this turn, allowing other Pokemon to attack the target normally. If the target's side is protected by Crafty Shield, Mat Block, Quick Guard, or Wide Guard, that protection is also broken for this turn and other Pokemon may attack the target's side normally. This attack charges on the first turn and executes on the second. On the first turn, the user avoids all attacks. If the user is holding a Power Herb, the move completes in one turn.",0,0,,,0,1,0,0,0,1,0,0,0,0,0,0,0,0,0,0,0,0,1
Shadow Punch,"""Ghost""",325,Physical,normal,60,-1,0,20,This move does not check accuracy.,This move does not check accuracy.,0,0,,,0,0,0,0,0,1,0,0,0,0,1,0,0,0,0,0,0,0,1
Shadow Sneak,"""Ghost""",425,Physical,normal,40,100,1,30,Usually goes first.,No additional effect.,0,0,,,0,0,0,0,0,1,0,0,0,0,0,0,0,0,0,0,0,0,1
Sharpen,"""Normal""",159,Status,self,0,-1,0,30,Raises the user's Attack by 1.,Raises the user's Attack by 1 stage.,0,0,,,0,0,0,0,0,0,0,0,0,0,0,0,0,0,0,0,0,0,0
Shattered Psyche,"""Psychic""",648,Physical,normal,1,-1,0,1,Power is equal to the base move's Z-Power.,Power is equal to the base move's Z-Power.,0,0,,,0,1,0,0,0,0,0,0,0,0,0,0,0,0,0,0,1,0,0
Shed Tail,"""Normal""",880,Status,self,0,-1,0,10,User takes 1/2 its max HP to pass a substitute.,"The user takes 1/2 of its maximum HP, rounded up, and creates a substitute that has 1/4 of the user's maximum HP, rounded down. The user is replaced with another Pokemon in its party and the selected Pokemon has the substitute transferred to it. Fails if the user would faint, or if there are no unfainted party members.",0,0,,,0,0,0,0,0,0,0,0,0,0,0,0,0,0,0,0,0,0,1
Sheer Cold,"""Ice""",329,Special,normal,0,30,0,5,OHKOs non-Ice targets. Fails if user's lower level.,"Deals damage to the target equal to the target's maximum HP. Ignores accuracy and evasiveness modifiers. This attack's accuracy is equal to (user's level - target's level + X)%, where X is 30 if the user is an Ice type and 20 otherwise, and fails if the target is at a higher level. Ice-type Pokemon and Pokemon with the Sturdy Ability are immune.",0,0,,,0,0,0,0,0,0,0,0,0,0,0,0,0,0,0,1,0,0,1
Shell Side Arm,"""Poison""",801,Special,normal,90,100,0,10,20% psn. Physical+contact if it would be stronger.,"Has a 20% chance to poison the target. This move becomes a physical attack that makes contact if the value of ((((2 * the user's level / 5 + 2) * 90 * X) / Y) / 50), where X is the user's Attack stat and Y is the target's Defense stat, is greater than the same value where X is the user's Special Attack stat and Y is the target's Special Defense stat. No stat modifiers other than stat stage changes are considered for this purpose. If the two values are equal, this move chooses a damage category at random.",1,0,,,0,0,0,0,0,0,0,0,0,0,0,0,0,0,1,0,0,0,1
Shell Smash,"""Normal""",504,Status,self,0,-1,0,15,"Lowers Def, SpD by 1; raises Atk, SpA, Spe by 2.","Lowers the user's Defense and Special Defense by 1 stage. Raises the user's Attack, Special Attack, and Speed by 2 stages.",0,0,,,0,0,0,0,0,0,0,0,0,0,0,0,0,0,0,0,0,0,1
Shell Trap,"""Fire""",704,Special,allAdjacentFoes,150,100,-3,5,User must take physical damage before moving.,"Fails unless the user is hit by a physical attack from an opponent this turn before it can execute the move. If the user was hit and has not fainted, it attacks immediately after being hit, and the effect ends. If the opponent's physical attack had a secondary effect removed by the Sheer Force Ability, it does not count for the purposes of this effect.",0,0,,,0,0,0,0,0,0,0,0,0,0,0,0,0,0,0,0,0,0,0
Shelter,"""Steel""",842,Status,self,0,-1,0,10,Raises the user's Defense by 2.,Raises the user's Defense by 2 stages.,0,0,,,0,0,0,0,0,0,0,0,0,0,0,0,0,0,0,0,0,0,1
Shift Gear,"""Steel""",508,Status,self,0,-1,0,10,Raises the user's Speed by 2 and Attack by 1.,Raises the user's Speed by 2 stages and its Attack by 1 stage.,0,0,,,0,0,0,0,0,0,0,0,0,0,0,0,0,0,0,0,0,0,1
Shock Wave,"""Electric""",351,Special,normal,60,-1,0,20,This move does not check accuracy.,This move does not check accuracy.,0,0,,,0,0,0,0,0,0,0,0,0,0,0,0,0,0,0,0,0,0,1
Shore Up,"""Ground""",659,Status,self,0,-1,0,5,User restores 1/2 its max HP; 2/3 in Sandstorm.,"The user restores 1/2 of its maximum HP, rounded half down. If the weather is Sandstorm, the user instead restores 2/3 of its maximum HP, rounded half down.",0,0,,,0,0,0,0,0,0,0,1,0,0,0,0,0,0,0,0,0,0,1
Signal Beam,"""Bug""",324,Special,normal,75,100,0,15,10% chance to confuse the target.,Has a 10% chance to confuse the target.,1,0,,,0,0,0,0,0,0,0,0,0,0,0,0,0,0,1,0,0,0,0
Silk Trap,"""Bug""",852,Status,self,0,-1,4,10,Protects from damaging attacks. Contact: -1 Spe.,"The user is protected from most attacks made by other Pokemon during this turn, and Pokemon trying to make contact with the user have their Speed lowered by 1 stage. Non-damaging moves go through this protection. This move has a 1/X chance of being successful, where X starts at 1 and triples each time this move is successfully used. X resets to 1 if this move fails, if the user's last move used is not Baneful Bunker, Burning Bulwark, Detect, Endure, King's Shield, Max Guard, Obstruct, Protect, Quick Guard, Silk Trap, Spiky Shield, or Wide Guard, or if it was one of those moves and the user's protection was broken. Fails if the user moves last this turn.",0,0,,,0,0,0,0,0,0,0,0,0,0,0,0,0,0,0,0,0,0,1
Silver Wind,"""Bug""",318,Special,normal,60,100,0,5,10% chance to raise all stats by 1 (not acc/eva).,"Has a 10% chance to raise the user's Attack, Defense, Special Attack, Special Defense, and Speed by 1 stage.",1,0,,,0,0,0,0,0,0,0,0,0,0,0,0,0,0,1,0,0,0,0
Simple Beam,"""Normal""",493,Status,normal,0,100,0,15,The target's Ability becomes Simple.,"Causes the target's Ability to become Simple. Fails if the target's Ability is As One, Battle Bond, Comatose, Disguise, Gulp Missile, Ice Face, Multitype, Power Construct, RKS System, Schooling, Shields Down, Simple, Stance Change, Tera Shift, Truant, Zen Mode, or Zero to Hero.",0,0,,,0,0,1,0,0,0,0,0,0,0,0,0,0,0,0,0,0,0,1
Sing,"""Normal""",47,Status,normal,0,55,0,15,Causes the target to fall asleep.,Causes the target to fall asleep.,0,0,,,1,0,1,0,0,0,0,0,0,0,0,0,1,0,0,0,0,0,1
Sinister Arrow Raid,"""Ghost""",695,Physical,normal,180,-1,0,1,No additional effect.,No additional effect.,0,0,,,0,1,0,0,0,0,0,0,0,0,0,0,0,0,0,0,1,0,0
Sizzly Slide,"""Fire""",735,Physical,normal,60,100,0,20,100% chance to burn the foe.,Has a 100% chance to burn the foe.,1,0,,,0,0,0,0,0,1,0,0,0,0,0,0,0,0,1,0,0,0,0
Sketch,"""Normal""",166,Status,normal,0,-1,0,1,Permanently copies the last move target used.,"This move is permanently replaced by the last move used by the target. The copied move has the maximum PP for that move. Fails if the target has not made a move, if the user has Transformed, or if the move is Blazing Torque, Combat Torque, Dark Void, Hyperspace Fury, Magical Torque, Noxious Torque, Revival Blessing, Sketch, Struggle, Tera Starstorm, Wicked Torque, or any move the user knows.",0,0,,,1,0,0,0,0,0,0,0,0,0,0,0,0,0,0,0,0,0,1
Skill Swap,"""Psychic""",285,Status,normal,0,-1,0,10,The user and the target trade Abilities.,"The user swaps its Ability with the target's Ability. Fails if either the user or the target's Ability is As One, Battle Bond, Comatose, Commander, Disguise, Embody Aspect, Hunger Switch, Ice Face, Illusion, Multitype, Neutralizing Gas, Poison Puppeteer, Power Construct, Protosynthesis, Quark Drive, RKS System, Schooling, Shields Down, Stance Change, Tera Shell, Tera Shift, Teraform Zero, Wonder Guard, Zen Mode, or Zero to Hero.",0,0,,,1,0,0,0,0,0,0,0,0,0,0,0,0,0,0,0,0,0,1
Skitter Smack,"""Bug""",806,Physical,normal,70,90,0,10,100% chance to lower target's Sp. Atk by 1.,Has a 100% chance to lower the target's Special Attack by 1 stage.,1,0,,,0,0,0,0,0,1,0,0,0,0,0,0,0,0,1,0,0,0,1
Skull Bash,"""Normal""",130,Physical,normal,130,100,0,10,Raises user's Defense by 1 on turn 1. Hits turn 2.,"This attack charges on the first turn and executes on the second. Raises the user's Defense by 1 stage on the first turn. If the user is holding a Power Herb, the move completes in one turn.",0,0,,,0,0,0,0,0,1,0,0,0,0,0,0,0,0,0,0,0,0,0
Sky Attack,"""Flying""",143,Physical,any,140,90,0,5,"Charges, then hits turn 2. 30% flinch. High crit.","Has a 30% chance to make the target flinch and a higher chance for a critical hit. This attack charges on the first turn and executes on the second. If the user is holding a Power Herb, the move completes in one turn.",1,0,,,0,0,0,0,0,0,0,0,0,0,0,0,0,0,1,0,0,0,1
Sky Drop,"""Flying""",507,Physical,any,60,100,0,10,User and foe fly up turn 1. Damages on turn 2.,"This attack takes the target into the air with the user on the first turn and executes on the second. Pokemon weighing 200 kg or more cannot be lifted. On the first turn, the user and the target avoid all attacks other than Gust, Hurricane, Sky Uppercut, Smack Down, Thousand Arrows, Thunder, and Twister. The user and the target cannot make a move between turns, but the target can select a move to use. This move cannot damage Flying-type Pokemon. Fails on the first turn if the target is an ally, if the target has a substitute, or if the target is using Bounce, Dig, Dive, Fly, Phantom Force, Shadow Force, or Sky Drop.",0,0,,,0,0,0,0,0,1,0,0,0,0,0,0,0,0,0,0,0,0,0
Sky Uppercut,"""Fighting""",327,Physical,normal,85,90,0,15,"Can hit Pokemon using Bounce, Fly, or Sky Drop.","This move can hit a target using Bounce, Fly, or Sky Drop, or is under the effect of Sky Drop.",0,0,,,0,0,0,0,0,1,0,0,0,0,1,0,0,0,0,0,0,0,0
Slack Off,"""Normal""",303,Status,self,0,-1,0,5,Heals the user by 50% of its max HP.,"The user restores 1/2 of its maximum HP, rounded half up.",0,0,,,0,0,0,0,0,0,0,1,0,0,0,0,0,0,0,0,0,0,1
Slam,"""Normal""",21,Physical,normal,80,75,0,20,No additional effect.,No additional effect.,0,0,,,0,0,0,0,0,1,0,0,0,0,0,0,0,0,0,0,0,0,1
Slash,"""Normal""",163,Physical,normal,70,100,0,20,High critical hit ratio.,Has a higher chance for a critical hit.,0,0,,,0,0,0,0,0,1,0,0,0,0,0,0,0,0,0,0,0,0,1
Sleep Powder,"""Grass""",79,Status,normal,0,75,0,15,Causes the target to fall asleep.,Causes the target to fall asleep.,0,0,,,0,0,1,0,0,0,0,0,1,0,0,0,0,0,0,0,0,0,1
Sleep Talk,"""Normal""",214,Status,self,0,-1,0,10,User must be asleep. Uses another known move.,"One of the user's known moves, besides this move, is selected for use at random. Fails if the user is not asleep. The selected move does not have PP deducted from it, and can currently have 0 PP. This move cannot select Assist, Beak Blast, Belch, Bide, Blazing Torque, Celebrate, Chatter, Combat Torque, Copycat, Dynamax Cannon, Focus Punch, Hold Hands, Magical Torque, Me First, Metronome, Mimic, Mirror Move, Nature Power, Noxious Torque, Shell Trap, Sketch, Sleep Talk, Struggle, Uproar, Wicked Torque, or any two-turn move.",0,0,,,0,0,0,0,0,0,0,0,0,0,0,0,0,0,0,0,0,0,1
Sludge,"""Poison""",124,Special,normal,65,100,0,20,30% chance to poison the target.,Has a 30% chance to poison the target.,1,0,,,0,0,0,0,0,0,0,0,0,0,0,0,0,0,1,0,0,0,1
Sludge Bomb,"""Poison""",188,Special,normal,90,100,0,10,30% chance to poison the target.,Has a 30% chance to poison the target.,1,0,,,0,0,0,0,1,0,0,0,0,0,0,0,0,0,1,0,0,0,1
Sludge Wave,"""Poison""",482,Special,allAdjacent,95,100,0,10,10% chance to poison adjacent Pokemon.,Has a 10% chance to poison the target.,1,0,,,0,0,0,0,0,0,0,0,0,0,0,0,0,0,1,0,0,0,1
Smack Down,"""Rock""",479,Physical,normal,50,100,0,15,Removes the target's Ground immunity.,"This move can hit a target using Bounce, Fly, or Sky Drop, or is under the effect of Sky Drop. If this move hits a target under the effect of Bounce, Fly, Magnet Rise, or Telekinesis, the effect ends. If the target is a Flying type that has not used Roost this turn or a Pokemon with the Levitate Ability, it loses its immunity to Ground-type attacks and the Arena Trap Ability as long as it remains active. During the effect, Magnet Rise fails for the target and Telekinesis fails against the target.",0,0,,,0,0,0,0,0,0,0,0,0,0,0,0,0,0,0,0,0,0,1
Smart Strike,"""Steel""",684,Physical,normal,70,-1,0,10,This move does not check accuracy.,This move does not check accuracy.,0,0,,,0,0,0,0,0,1,0,0,0,0,0,0,0,0,0,0,0,0,1
Smelling Salts,"""Normal""",265,Physical,normal,70,100,0,10,"Power doubles if target is paralyzed, and cures it.","Power doubles if the target is paralyzed. If the user has not fainted, the target is cured of paralysis.",0,0,,,0,0,0,0,0,1,0,0,0,0,0,0,0,0,0,0,0,0,0
Smog,"""Poison""",123,Special,normal,30,70,0,20,40% chance to poison the target.,Has a 40% chance to poison the target.,1,0,,,0,0,0,0,0,0,0,0,0,0,0,0,0,0,1,0,0,0,1
Smokescreen,"""Normal""",108,Status,normal,0,100,0,20,Lowers the target's accuracy by 1.,Lowers the target's accuracy by 1 stage.,0,0,,,0,0,1,0,0,0,0,0,0,0,0,0,0,0,0,0,0,0,1
Snap Trap,"""Grass""",779,Physical,normal,35,100,0,15,Traps and damages the target for 4-5 turns.,"Prevents the target from switching for four or five turns (seven turns if the user is holding Grip Claw). Causes damage to the target equal to 1/8 of its maximum HP (1/6 if the user is holding Binding Band), rounded down, at the end of each turn during effect. The target can still switch out if it is holding Shed Shell or uses Baton Pass, Flip Turn, Parting Shot, Shed Tail, Teleport, U-turn, or Volt Switch. The effect ends if either the user or the target leaves the field, or if the target uses Mortal Spin, Rapid Spin, or Substitute successfully. This effect is not stackable or reset by using this or another binding move.",0,0,,,0,0,0,0,0,1,0,0,0,0,0,0,0,0,0,0,0,0,0
Snarl,"""Dark""",555,Special,allAdjacentFoes,55,95,0,15,100% chance to lower the foe(s) Sp. Atk by 1.,Has a 100% chance to lower the target's Special Attack by 1 stage.,1,0,,,1,0,0,0,0,0,0,0,0,0,0,0,1,0,1,0,0,0,1
Snatch,"""Dark""",289,Status,self,0,-1,4,10,User steals certain support moves to use itself.,"If another Pokemon uses certain non-damaging moves this turn, the user steals that move to use itself. If multiple Pokemon use one of those moves this turn, the applicable moves are all stolen by the first Pokemon in turn order that used this move this turn. This effect is ignored while the user is under the effect of Sky Drop.",0,0,,,1,0,0,0,0,0,0,0,0,0,0,0,0,0,0,0,0,0,0
Snipe Shot,"""Water""",745,Special,normal,80,100,0,15,High critical hit ratio. Cannot be redirected.,Has a higher chance for a critical hit. This move cannot be redirected to a different target by any effect.,0,0,,,0,0,0,0,0,0,0,0,0,0,0,0,0,0,0,0,0,0,1
Snore,"""Normal""",173,Special,normal,50,100,0,15,User must be asleep. 30% chance to flinch target.,Has a 30% chance to make the target flinch. Fails if the user is not asleep.,1,0,,,1,0,0,0,0,0,0,0,0,0,0,0,1,0,1,0,0,0,1
Snowscape,"""Ice""",883,Status,all,0,-1,0,10,"For 5 turns, snow falls. Ice: 1.5x Def.","For 5 turns, the weather becomes Snow. During the effect, the Defense of Ice-type Pokemon is multiplied by 1.5 when taking damage from a physical attack. Lasts for 8 turns if the user is holding Icy Rock. Fails if the current weather is Snow.",0,0,,,0,0,0,0,0,0,0,0,0,0,0,0,0,0,0,0,0,0,1
Soak,"""Water""",487,Status,normal,0,100,0,20,Changes the target's type to Water.,"Causes the target to become a Water type. Fails if the target is an Arceus or a Silvally, if the target is already purely Water type, or if the target is Terastallized.",0,0,,,0,0,1,0,0,0,0,0,0,0,0,0,0,0,0,0,0,0,1
Soft-Boiled,"""Normal""",135,Status,self,0,-1,0,5,Heals the user by 50% of its max HP.,"The user restores 1/2 of its maximum HP, rounded half up.",0,0,,,0,0,0,0,0,0,0,1,0,0,0,0,0,0,0,0,0,0,1
Solar Beam,"""Grass""",76,Special,normal,120,100,0,10,Charges turn 1. Hits turn 2. No charge in sunlight.,"This attack charges on the first turn and executes on the second. Power is halved if the weather is Primordial Sea, Rain Dance, Sandstorm, or Snow and the user is not holding Utility Umbrella. If the user is holding a Power Herb or the weather is Desolate Land or Sunny Day, the move completes in one turn. If the user is holding Utility Umbrella and the weather is Desolate Land or Sunny Day, the move still requires a turn to charge.",0,0,,,0,0,0,0,0,0,0,0,0,0,0,0,0,0,0,0,0,0,1
Solar Blade,"""Grass""",669,Physical,normal,125,100,0,10,Charges turn 1. Hits turn 2. No charge in sunlight.,"This attack charges on the first turn and executes on the second. Power is halved if the weather is Hail, Primordial Sea, Rain Dance, or Sandstorm and the user is not holding Utility Umbrella. If the user is holding a Power Herb or the weather is Desolate Land or Sunny Day, the move completes in one turn. If the user is holding Utility Umbrella and the weather is Desolate Land or Sunny Day, the move still requires a turn to charge.",0,0,,,0,0,0,0,0,1,0,0,0,0,0,0,0,0,0,0,0,0,1
Sonic Boom,"""Normal""",49,Special,normal,0,90,0,20,Always does 20 HP of damage.,Deals 20 HP of damage to the target.,0,0,,,0,0,0,0,0,0,0,0,0,0,0,0,0,0,0,0,0,0,0
Soul-Stealing 7-Star Strike,"""Ghost""",699,Physical,normal,195,-1,0,1,No additional effect.,No additional effect.,0,0,,,0,1,0,0,0,1,0,0,0,0,0,0,0,0,0,0,1,0,0
Spacial Rend,"""Dragon""",460,Special,normal,100,95,0,5,High critical hit ratio.,Has a higher chance for a critical hit.,0,0,,,0,0,0,0,0,0,0,0,0,0,0,0,0,0,0,0,0,0,1
Spark,"""Electric""",209,Physical,normal,65,100,0,20,30% chance to paralyze the target.,Has a 30% chance to paralyze the target.,1,0,,,0,0,0,0,0,1,0,0,0,0,0,0,0,0,1,0,0,0,1
Sparkling Aria,"""Water""",664,Special,allAdjacent,90,100,0,10,The target is cured of its burn.,"If the user has not fainted, the target is cured of its burn.",1,0,,,1,0,0,0,0,0,0,0,0,0,0,0,1,0,1,0,0,0,1
Sparkly Swirl,"""Fairy""",740,Special,normal,120,85,0,5,Cures the user's party of all status conditions.,Every Pokemon in the user's party is cured of its non-volatile status condition.,0,0,,,0,0,0,0,0,0,0,0,0,0,0,0,0,0,0,0,0,0,0
Spectral Thief,"""Ghost""",712,Physical,normal,90,100,0,10,Steals target's boosts before dealing damage.,The target's stat stages greater than 0 are stolen from it and applied to the user before dealing damage.,0,0,,,1,0,0,0,0,1,0,0,0,0,0,0,0,0,0,0,0,0,0
Speed Swap,"""Psychic""",683,Status,normal,0,-1,0,10,Swaps Speed stat with target.,The user swaps its Speed stat with the target. Stat stage changes are unaffected.,0,0,,,1,0,0,0,0,0,0,0,0,0,0,0,0,0,0,0,0,0,1
Spicy Extract,"""Grass""",858,Status,normal,0,-1,0,15,Raises target's Atk by 2 and lowers its Def by 2.,Raises the target's Attack by 2 stages and lowers its Defense by 2 stages.,0,0,,,0,0,1,0,0,0,0,0,0,0,0,0,0,0,0,0,0,0,1
Spider Web,"""Bug""",169,Status,normal,0,-1,0,10,Prevents the target from switching out.,"Prevents the target from switching out. The target can still switch out if it is holding Shed Shell or uses Baton Pass, Flip Turn, Parting Shot, Teleport, U-turn, or Volt Switch. The effect ends if either the user or the target leaves the field.",0,0,,,0,0,1,0,0,0,0,0,0,0,0,0,0,0,0,0,0,0,0
Spike Cannon,"""Normal""",131,Physical,normal,20,100,0,15,Hits 2-5 times in one turn.,"Hits two to five times. Has a 35% chance to hit two or three times and a 15% chance to hit four or five times. If one of the hits breaks the target's substitute, it will take damage for the remaining hits. If the user has the Skill Link Ability, this move will always hit five times.",0,1,5,2,0,0,0,0,0,0,0,0,0,0,0,0,0,0,0,0,0,0,0
Spikes,"""Ground""",191,Status,foeSide,0,-1,0,20,Hurts grounded foes on switch-in. Max 3 layers.,"Sets up a hazard on the opposing side of the field, damaging each opposing Pokemon that switches in, unless it is a Flying-type Pokemon or has the Levitate Ability. Can be used up to three times before failing. Opponents lose 1/8 of their maximum HP with one layer, 1/6 of their maximum HP with two layers, and 1/4 of their maximum HP with three layers, all rounded down. Can be removed from the opposing side if any Pokemon uses Tidy Up, or if any opposing Pokemon uses Mortal Spin, Rapid Spin, or Defog successfully, or is hit by Defog.",0,0,,,0,0,1,0,0,0,0,0,0,0,0,0,0,0,0,0,0,0,1
Spiky Shield,"""Grass""",596,Status,self,0,-1,4,10,Protects from moves. Contact: loses 1/8 max HP.,"The user is protected from most attacks made by other Pokemon during this turn, and Pokemon making contact with the user lose 1/8 of their maximum HP, rounded down. This move has a 1/X chance of being successful, where X starts at 1 and triples each time this move is successfully used. X resets to 1 if this move fails, if the user's last move used is not Baneful Bunker, Burning Bulwark, Detect, Endure, King's Shield, Max Guard, Obstruct, Protect, Quick Guard, Silk Trap, Spiky Shield, or Wide Guard, or if it was one of those moves and the user's protection was broken. Fails if the user moves last this turn.",0,0,,,0,0,0,0,0,0,0,0,0,0,0,0,0,0,0,0,0,0,1
Spin Out,"""Steel""",859,Physical,normal,100,100,0,5,Lowers the user's Speed by 2.,Lowers the user's Speed by 2 stages.,0,0,,,0,0,0,0,0,1,0,0,0,0,0,0,0,0,0,0,0,0,1
Spirit Break,"""Fairy""",789,Physical,normal,75,100,0,15,100% chance to lower the target's Sp. Atk by 1.,Has a 100% chance to lower the target's Special Attack by 1 stage.,1,0,,,0,0,0,0,0,1,0,0,0,0,0,0,0,0,1,0,0,0,1
Spirit Shackle,"""Ghost""",662,Physical,normal,80,100,0,10,Prevents the target from switching out.,"Prevents the target from switching out. The target can still switch out if it is holding Shed Shell or uses Baton Pass, Flip Turn, Parting Shot, Teleport, U-turn, or Volt Switch. The effect ends if either the user or the target leaves the field.",1,0,,,0,0,0,0,0,0,0,0,0,0,0,0,0,0,1,0,0,0,1
Spit Up,"""Normal""",255,Special,normal,0,100,0,10,More power with more uses of Stockpile.,"Power is equal to 100 times the user's Stockpile count. Fails if the user's Stockpile count is 0. Whether or not this move is successful, the user's Defense and Special Defense decrease by as many stages as Stockpile had increased them, and the user's Stockpile count resets to 0.",0,0,,,0,0,0,0,0,0,0,0,0,0,0,0,0,0,0,0,0,0,1
Spite,"""Ghost""",180,Status,normal,0,100,0,10,Lowers the PP of the target's last move by 4.,"Causes the target's last move used to lose 4 PP. Fails if the target has not made a move, if the move has 0 PP, or if it no longer knows the move.",0,0,,,1,0,1,0,0,0,0,0,0,0,0,0,0,0,0,0,0,0,1
Splash,"""Normal""",150,Status,self,0,-1,0,40,No competitive use.,No competitive use.,0,0,,,0,0,0,0,0,0,0,0,0,0,0,0,0,0,0,0,0,0,1
Splintered Stormshards,"""Rock""",727,Physical,normal,190,-1,0,1,Ends the effects of terrain.,"Ends the effects of Electric Terrain, Grassy Terrain, Misty Terrain, and Psychic Terrain.",0,0,,,0,1,0,0,0,0,0,0,0,0,0,0,0,0,0,0,1,0,0
Splishy Splash,"""Water""",730,Special,allAdjacentFoes,90,100,0,15,30% chance to paralyze the target.,Has a 30% chance to paralyze the target.,1,0,,,0,0,0,0,0,0,0,0,0,0,0,0,0,0,1,0,0,0,0
Spore,"""Grass""",147,Status,normal,0,100,0,15,Causes the target to fall asleep.,Causes the target to fall asleep.,0,0,,,0,0,1,0,0,0,0,0,1,0,0,0,0,0,0,0,0,0,1
Spotlight,"""Normal""",671,Status,normal,0,-1,3,15,Target's foes' moves are redirected to it this turn.,"Until the end of the turn, all single-target attacks from opponents of the target are redirected to the target. Such attacks are redirected to the target before they can be reflected by Magic Coat or the Magic Bounce Ability, or drawn in by the Lightning Rod or Storm Drain Abilities. Fails if it is not a Double Battle or Battle Royal.",0,0,,,0,0,1,0,0,0,0,0,0,0,0,0,0,0,0,0,0,0,0
Springtide Storm,"""Fairy""",831,Special,allAdjacentFoes,100,80,0,5,30% chance to lower the foe(s) Attack by 1.,Has a 30% chance to lower the target's Attack by 1 stage.,1,0,,,0,0,0,0,0,0,0,0,0,0,0,0,0,1,1,0,0,0,1
Stealth Rock,"""Rock""",446,Status,foeSide,0,-1,0,20,Hurts foes on switch-in. Factors Rock weakness.,"Sets up a hazard on the opposing side of the field, damaging each opposing Pokemon that switches in. Fails if the effect is already active on the opposing side. Foes lose 1/32, 1/16, 1/8, 1/4, or 1/2 of their maximum HP, rounded down, based on their weakness to the Rock type; 0.25x, 0.5x, neutral, 2x, or 4x, respectively. Can be removed from the opposing side if any Pokemon uses Tidy Up, or if any opposing Pokemon uses Mortal Spin, Rapid Spin, or Defog successfully, or is hit by Defog.",0,0,,,0,0,1,0,0,0,0,0,0,0,0,0,0,0,0,0,0,0,1
Steam Eruption,"""Water""",592,Special,normal,110,95,0,5,30% chance to burn the target. Thaws target.,Has a 30% chance to burn the target. The target thaws out if it is frozen.,1,0,,,0,0,0,0,0,0,0,0,0,0,0,0,0,0,1,0,0,0,1
Steamroller,"""Bug""",537,Physical,normal,65,100,0,20,30% chance to make the target flinch.,Has a 30% chance to make the target flinch. Damage doubles and no accuracy check is done if the target has used Minimize while active.,1,0,,,0,0,0,0,0,1,0,0,0,0,0,0,0,0,1,0,0,0,0
Steel Beam,"""Steel""",796,Special,normal,140,95,0,5,User loses 50% max HP.,"Whether or not this move is successful and even if it would cause fainting, the user loses 1/2 of its maximum HP, rounded up, unless the user has the Magic Guard Ability.",0,0,,,0,0,0,0,0,0,0,0,0,0,0,0,0,0,0,0,0,0,1
Steel Roller,"""Steel""",798,Physical,normal,130,100,0,5,Fails if there is no terrain active. Ends the terrain.,"Fails if there is no terrain active. Ends the effects of Electric Terrain, Grassy Terrain, Misty Terrain, and Psychic Terrain.",0,0,,,0,0,0,0,0,1,0,0,0,0,0,0,0,0,0,0,0,0,1
Steel Wing,"""Steel""",211,Physical,normal,70,90,0,25,10% chance to raise the user's Defense by 1.,Has a 10% chance to raise the user's Defense by 1 stage.,1,0,,,0,0,0,0,0,1,0,0,0,0,0,0,0,0,1,0,0,0,1
Sticky Web,"""Bug""",564,Status,foeSide,0,-1,0,20,Lowers Speed of grounded foes by 1 on switch-in.,"Sets up a hazard on the opposing side of the field, lowering the Speed by 1 stage of each opposing Pokemon that switches in, unless it is a Flying-type Pokemon or has the Levitate Ability. Fails if the effect is already active on the opposing side. Can be removed from the opposing side if any Pokemon uses Tidy Up, or if any opposing Pokemon uses Mortal Spin, Rapid Spin, or Defog successfully, or is hit by Defog.",0,0,,,0,0,1,0,0,0,0,0,0,0,0,0,0,0,0,0,0,0,1
Stockpile,"""Normal""",254,Status,self,0,-1,0,20,"Raises user's Defense, Sp. Def by 1. Max 3 uses.",Raises the user's Defense and Special Defense by 1 stage. The user's Stockpile count increases by 1. Fails if the user's Stockpile count is 3. The user's Stockpile count is reset to 0 when it is no longer active.,0,0,,,0,0,0,0,0,0,0,0,0,0,0,0,0,0,0,0,0,0,1
Stoked Sparksurfer,"""Electric""",700,Special,normal,175,-1,0,1,100% chance to paralyze the target.,Has a 100% chance to paralyze the target.,1,0,,,0,1,0,0,0,0,0,0,0,0,0,0,0,0,1,0,1,0,0
Stomp,"""Normal""",23,Physical,normal,65,100,0,20,30% chance to make the target flinch.,Has a 30% chance to make the target flinch. Damage doubles and no accuracy check is done if the target has used Minimize while active.,1,0,,,0,0,0,0,0,1,0,0,0,0,0,0,0,0,1,0,0,0,1
Stomping Tantrum,"""Ground""",707,Physical,normal,75,100,0,10,Power doubles if the user's last move failed.,"Power doubles if the user's last move on the previous turn, including moves called by other moves or those used through Instruct, Magic Coat, Snatch, or the Dancer or Magic Bounce Abilities, failed to do any of its normal effects, not including damage from an unsuccessful High Jump Kick, Jump Kick, or Mind Blown, or if the user was prevented from moving by any effect other than recharging or Sky Drop. A move that was blocked by Baneful Bunker, Detect, King's Shield, Protect, Spiky Shield, Crafty Shield, Mat Block, Quick Guard, or Wide Guard will not double this move's power, nor will Bounce or Fly ending early due to the effect of Gravity, Smack Down, or Thousand Arrows.",0,0,,,0,0,0,0,0,1,0,0,0,0,0,0,0,0,0,0,0,0,1
Stone Axe,"""Rock""",830,Physical,normal,65,90,0,15,Sets Stealth Rock on the target's side.,"If this move is successful, it sets up a hazard on the opposing side of the field, damaging each opposing Pokemon that switches in. Foes lose 1/32, 1/16, 1/8, 1/4, or 1/2 of their maximum HP, rounded down, based on their weakness to the Rock type; 0.25x, 0.5x, neutral, 2x, or 4x, respectively. Can be removed from the opposing side if any Pokemon uses Tidy Up, or if any opposing Pokemon uses Mortal Spin, Rapid Spin, or Defog successfully, or is hit by Defog.",0,0,,,0,0,0,0,0,1,0,0,0,0,0,0,0,0,0,0,0,0,1
Stone Edge,"""Rock""",444,Physical,normal,100,80,0,5,High critical hit ratio.,Has a higher chance for a critical hit.,0,0,,,0,0,0,0,0,0,0,0,0,0,0,0,0,0,0,0,0,0,1
Stored Power,"""Psychic""",500,Special,normal,20,100,0,10, + 20 power for each of the user's stat boosts.,"Power is equal to 20+(X*20), where X is the user's total stat stage changes that are greater than 0.",0,0,,,0,0,0,0,0,0,0,0,0,0,0,0,0,0,0,0,0,0,1
Storm Throw,"""Fighting""",480,Physical,normal,60,100,0,10,Always results in a critical hit.,This move is always a critical hit unless the target is under the effect of Lucky Chant or has the Battle Armor or Shell Armor Abilities.,0,0,,,0,0,0,0,0,1,0,0,0,0,0,0,0,0,0,0,0,0,0
Strange Steam,"""Fairy""",790,Special,normal,90,95,0,10,20% chance to confuse the target.,Has a 20% chance to confuse the target.,1,0,,,0,0,0,0,0,0,0,0,0,0,0,0,0,0,1,0,0,0,1
Strength,"""Normal""",70,Physical,normal,80,100,0,15,No additional effect.,No additional effect.,0,0,,,0,0,0,0,0,1,0,0,0,0,0,0,0,0,0,0,0,0,1
Strength Sap,"""Grass""",668,Status,normal,0,100,0,10,User heals HP=target's Atk stat. Lowers Atk by 1.,"Lowers the target's Attack by 1 stage. The user restores its HP equal to the target's Attack stat calculated with its stat stage before this move was used. If Big Root is held by the user, the HP recovered is 1.3x normal, rounded half down. Fails if the target's Attack stat stage is -6.",0,0,,,0,0,1,0,0,0,0,1,0,0,0,0,0,0,0,0,0,0,1
String Shot,"""Bug""",81,Status,allAdjacentFoes,0,95,0,40,Lowers the foe(s) Speed by 2.,Lowers the target's Speed by 2 stages.,0,0,,,0,0,1,0,0,0,0,0,0,0,0,0,0,0,0,0,0,0,1
Struggle,"""Normal""",165,Physical,randomNormal,50,-1,0,1,User loses 1/4 of its max HP.,"Deals typeless damage to a random opposing Pokemon. If this move was successful, the user loses 1/4 of its maximum HP, rounded half up, and the Rock Head Ability does not prevent this. This move is automatically used if none of the user's known moves can be selected.",0,0,,,0,0,0,0,0,1,0,0,0,0,0,0,0,0,0,0,0,0,1
Struggle Bug,"""Bug""",522,Special,allAdjacentFoes,50,100,0,20,100% chance to lower the foe(s) Sp. Atk by 1.,Has a 100% chance to lower the target's Special Attack by 1 stage.,1,0,,,0,0,0,0,0,0,0,0,0,0,0,0,0,0,1,0,0,0,1
Stuff Cheeks,"""Normal""",747,Status,self,0,-1,0,10,"Must hold Berry to use. User eats Berry, Def +2.","This move cannot be selected unless the user is holding a Berry. The user eats its Berry and raises its Defense by 2 stages. This effect is not prevented by the Klutz or Unnerve Abilities, or the effects of Embargo or Magic Room. Fails if the user is not holding a Berry.",0,0,,,0,0,0,0,0,0,0,0,0,0,0,0,0,0,0,0,0,0,1
Stun Spore,"""Grass""",78,Status,normal,0,75,0,30,Paralyzes the target.,Paralyzes the target.,0,0,,,0,0,1,0,0,0,0,0,1,0,0,0,0,0,0,0,0,0,1
Submission,"""Fighting""",66,Physical,normal,80,80,0,20,Has 1/4 recoil.,"If the target lost HP, the user takes recoil damage equal to 1/4 the HP lost by the target, rounded half up, but not less than 1 HP.",0,0,,,0,0,0,0,0,1,0,0,0,0,0,0,0,0,0,0,0,0,0
Substitute,"""Normal""",164,Status,self,0,-1,0,10,User takes 1/4 its max HP to put in a substitute.,"The user takes 1/4 of its maximum HP, rounded down, and puts it into a substitute to take its place in battle. The substitute is removed once enough damage is inflicted on it, if the user switches out or faints, or if any Pokemon uses Tidy Up. Baton Pass can be used to transfer the substitute to an ally, and the substitute will keep its remaining HP. Until the substitute is broken, it receives damage from all attacks made by other Pokemon and shields the user from status effects and stat stage changes caused by other Pokemon. Sound-based moves and Pokemon with the Infiltrator Ability ignore substitutes. The user still takes normal damage from weather and status effects while behind its substitute. If the substitute breaks during a multi-hit attack, the user will take damage from any remaining hits. If a substitute is created while the user is trapped by a binding move, the binding effect ends immediately. Fails if the user does not have enough HP remaining to create a substitute without fainting, or if it already has a substitute.",0,0,,,0,0,0,0,0,0,0,0,0,0,0,0,0,0,0,0,0,0,1
Subzero Slammer,"""Ice""",650,Physical,normal,1,-1,0,1,Power is equal to the base move's Z-Power.,Power is equal to the base move's Z-Power.,0,0,,,0,1,0,0,0,0,0,0,0,0,0,0,0,0,0,0,1,0,0
Sucker Punch,"""Dark""",389,Physical,normal,70,100,1,5,Usually goes first. Fails if target is not attacking.,"Fails if the target did not select a physical attack, special attack, or Me First for use this turn, or if the target moves before the user.",0,0,,,0,0,0,0,0,1,0,0,0,0,0,0,0,0,0,0,0,0,1
Sunny Day,"""Fire""",241,Status,all,0,-1,0,5,"For 5 turns, intense sunlight powers Fire moves.","For 5 turns, the weather becomes Sunny Day. The damage of Fire-type attacks is multiplied by 1.5 and the damage of Water-type attacks is multiplied by 0.5 during the effect. Lasts for 8 turns if the user is holding Heat Rock. Fails if the current weather is Sunny Day.",0,0,,,0,0,0,0,0,0,0,0,0,0,0,0,0,0,0,0,0,0,1
Sunsteel Strike,"""Steel""",713,Physical,normal,100,100,0,5,Ignores the Abilities of other Pokemon.,This move and its effects ignore the Abilities of other Pokemon.,0,0,,,0,0,0,0,0,1,0,0,0,0,0,0,0,0,0,0,0,0,1
Supercell Slam,"""Electric""",916,Physical,normal,100,95,0,15,User is hurt by 50% of its max HP if it misses.,"If this attack is not successful, the user loses half of its maximum HP, rounded down, as crash damage. Pokemon with the Magic Guard Ability are unaffected by crash damage. Damage doubles and no accuracy check is done if the target has used Minimize while active.",0,0,,,0,0,0,0,0,1,0,0,0,0,0,0,0,0,0,0,0,0,1
Super Fang,"""Normal""",162,Physical,normal,0,90,0,10,Does damage equal to 1/2 target's current HP.,"Deals damage to the target equal to half of its current HP, rounded down, but not less than 1 HP.",0,0,,,0,0,0,0,0,1,0,0,0,0,0,0,0,0,0,0,0,0,1
Superpower,"""Fighting""",276,Physical,normal,120,100,0,5,Lowers the user's Attack and Defense by 1.,Lowers the user's Attack and Defense by 1 stage.,0,0,,,0,0,0,0,0,1,0,0,0,0,0,0,0,0,0,0,0,0,1
Supersonic,"""Normal""",48,Status,normal,0,55,0,20,Causes the target to become confused.,Causes the target to become confused.,0,0,,,1,0,1,0,0,0,0,0,0,0,0,0,1,0,0,0,0,0,1
Supersonic Skystrike,"""Flying""",626,Physical,normal,1,-1,0,1,Power is equal to the base move's Z-Power.,Power is equal to the base move's Z-Power.,0,0,,,0,1,0,0,0,0,0,0,0,0,0,0,0,0,0,0,1,0,0
Surf,"""Water""",57,Special,allAdjacent,90,100,0,15,Hits adjacent Pokemon. Double damage on Dive.,Damage doubles if the target is using Dive.,0,0,,,0,0,0,0,0,0,0,0,0,0,0,0,0,0,0,0,0,0,1
Surging Strikes,"""Water""",818,Physical,normal,25,100,0,5,Always results in a critical hit. Hits 3 times.,Hits three times. This move is always a critical hit unless the target is under the effect of Lucky Chant or has the Battle Armor or Shell Armor Abilities.,0,1,,,0,0,0,0,0,1,0,0,0,0,1,0,0,0,0,0,0,0,1
Swagger,"""Normal""",207,Status,normal,0,85,0,15,Raises the target's Attack by 2 and confuses it.,Raises the target's Attack by 2 stages and confuses it.,0,0,,,0,0,1,0,0,0,0,0,0,0,0,0,0,0,0,0,0,0,1
Swallow,"""Normal""",256,Status,self,0,-1,0,10,Heals the user based on uses of Stockpile.,"The user restores its HP based on its Stockpile count. Restores 1/4 of its maximum HP if it's 1, 1/2 of its maximum HP if it's 2, both rounded half down, and all of its HP if it's 3. Fails if the user's Stockpile count is 0. The user's Defense and Special Defense decrease by as many stages as Stockpile had increased them, and the user's Stockpile count resets to 0.",0,0,,,0,0,0,0,0,0,0,1,0,0,0,0,0,0,0,0,0,0,1
Sweet Kiss,"""Fairy""",186,Status,normal,0,75,0,10,Causes the target to become confused.,Causes the target to become confused.,0,0,,,0,0,1,0,0,0,0,0,0,0,0,0,0,0,0,0,0,0,1
Sweet Scent,"""Normal""",230,Status,allAdjacentFoes,0,100,0,20,Lowers the foe(s) evasiveness by 2.,Lowers the target's evasiveness by 2 stages.,0,0,,,0,0,1,0,0,0,0,0,0,0,0,0,0,0,0,0,0,0,1
Swift,"""Normal""",129,Special,allAdjacentFoes,60,-1,0,20,This move does not check accuracy. Hits foes.,This move does not check accuracy.,0,0,,,0,0,0,0,0,0,0,0,0,0,0,0,0,0,0,0,0,0,1
Switcheroo,"""Dark""",415,Status,normal,0,100,0,10,User switches its held item with the target's.,"The user swaps its held item with the target's held item. Fails if either the user or the target is holding a Mail or Z-Crystal, if neither is holding an item, if the user is trying to give or take a Mega Stone to or from the species that can Mega Evolve with it, or if the user is trying to give or take a Blue Orb, a Red Orb, a Griseous Orb, a Plate, a Drive, or a Memory to or from a Kyogre, a Groudon, a Giratina, an Arceus, a Genesect, or a Silvally, respectively. The target is immune to this move if it has the Sticky Hold Ability.",0,0,,,0,0,0,0,0,0,0,0,0,0,0,0,0,0,0,0,0,0,1
Swords Dance,"""Normal""",14,Status,self,0,-1,0,20,Raises the user's Attack by 2.,Raises the user's Attack by 2 stages.,0,0,,,0,0,0,0,0,0,1,0,0,0,0,0,0,0,0,0,0,0,1
Synchronoise,"""Psychic""",485,Special,allAdjacent,120,100,0,10,Hits adjacent Pokemon sharing the user's type.,The target is immune if it does not share a type with the user.,0,0,,,0,0,0,0,0,0,0,0,0,0,0,0,0,0,0,0,0,0,0
Synthesis,"""Grass""",235,Status,self,0,-1,0,5,Heals the user by a weather-dependent amount.,"The user restores 1/2 of its maximum HP if Delta Stream or no weather conditions are in effect or if the user is holding Utility Umbrella, 2/3 of its maximum HP if the weather is Desolate Land or Sunny Day, and 1/4 of its maximum HP if the weather is Primordial Sea, Rain Dance, Sandstorm, or Snow, all rounded half down.",0,0,,,0,0,0,0,0,0,0,1,0,0,0,0,0,0,0,0,0,0,1
Syrup Bomb,"""Grass""",903,Special,normal,60,85,0,10,Target's Speed is lowered by 1 stage for 3 turns.,"If this move is successful, it causes the target's Speed to be lowered by 1 stage at the end of each turn for 3 turns.",1,0,,,0,0,0,0,1,0,0,0,0,0,0,0,0,0,1,0,0,0,1
Tachyon Cutter,"""Steel""",911,Special,normal,50,-1,0,10,Hits twice. This move does not check accuracy.,"Hits twice. If the first hit breaks the target's substitute, it will take damage for the second hit. This move does not check accuracy.",0,1,,,0,0,0,0,0,0,0,0,0,0,0,0,0,0,0,0,0,0,1
Tackle,"""Normal""",33,Physical,normal,40,100,0,35,No additional effect.,No additional effect.,0,0,,,0,0,0,0,0,1,0,0,0,0,0,0,0,0,0,0,0,0,1
Tail Glow,"""Bug""",294,Status,self,0,-1,0,20,Raises the user's Sp. Atk by 3.,Raises the user's Special Attack by 3 stages.,0,0,,,0,0,0,0,0,0,0,0,0,0,0,0,0,0,0,0,0,0,1
Tail Slap,"""Normal""",541,Physical,normal,25,85,0,10,Hits 2-5 times in one turn.,"Hits two to five times. Has a 35% chance to hit two or three times and a 15% chance to hit four or five times. If one of the hits breaks the target's substitute, it will take damage for the remaining hits. If the user has the Skill Link Ability, this move will always hit five times. If the user is holding Loaded Dice, this move will hit 4-5 times.",0,1,5,2,0,0,0,0,0,1,0,0,0,0,0,0,0,0,0,0,0,0,1
Tail Whip,"""Normal""",39,Status,allAdjacentFoes,0,100,0,30,Lowers the foe(s) Defense by 1.,Lowers the target's Defense by 1 stage.,0,0,,,0,0,1,0,0,0,0,0,0,0,0,0,0,0,0,0,0,0,1
Tailwind,"""Flying""",366,Status,allySide,0,-1,0,15,"For 4 turns, allies' Speed is doubled.","For 4 turns, the user and its party members have their Speed doubled. Fails if this move is already in effect for the user's side.",0,0,,,0,0,0,0,0,0,0,0,0,0,0,0,0,1,0,0,0,0,1
Take Down,"""Normal""",36,Physical,normal,90,85,0,20,Has 1/4 recoil.,"If the target lost HP, the user takes recoil damage equal to 1/4 the HP lost by the target, rounded half up, but not less than 1 HP.",0,0,,,0,0,0,0,0,1,0,0,0,0,0,0,0,0,0,0,0,0,1
Take Heart,"""Psychic""",850,Status,self,0,-1,0,15,"Cures user's status, raises Sp. Atk, Sp. Def by 1.",The user cures its non-volatile status condition. Raises the user's Special Attack and Special Defense by 1 stage.,0,0,,,0,0,0,0,0,0,0,0,0,0,0,0,0,0,0,0,0,0,1
Tar Shot,"""Rock""",749,Status,normal,0,100,0,15,Target gets -1 Spe and becomes weaker to Fire.,"Lowers the target's Speed by 1 stage. Until the target switches out, the effectiveness of Fire-type moves is doubled against it.",0,0,,,0,0,1,0,0,0,0,0,0,0,0,0,0,0,0,0,0,0,1
Taunt,"""Dark""",269,Status,normal,0,100,0,20,Target can't use status moves its next 3 turns.,Prevents the target from using non-damaging moves for its next three turns. Pokemon with the Oblivious Ability or protected by the Aroma Veil Ability are immune.,0,0,,,1,0,1,0,0,0,0,0,0,0,0,0,0,0,0,0,0,0,1
Tearful Look,"""Normal""",715,Status,normal,0,-1,0,20,Lowers the target's Attack and Sp. Atk by 1.,Lowers the target's Attack and Special Attack by 1 stage.,0,0,,,0,0,1,0,0,0,0,0,0,0,0,0,0,0,0,0,0,0,1
Teatime,"""Normal""",752,Status,all,0,-1,0,10,All active Pokemon consume held Berries.,"All active Pokemon consume their held Berries. This effect is not prevented by substitutes, the Klutz or Unnerve Abilities, or the effects of Embargo or Magic Room. Fails if no active Pokemon is holding a Berry.",0,0,,,1,0,0,0,0,0,0,0,0,0,0,0,0,0,0,0,0,0,1
Techno Blast,"""Normal""",546,Special,normal,120,100,0,5,Type varies based on the held Drive.,This move's type depends on the user's held Drive.,0,0,,,0,0,0,0,0,0,0,0,0,0,0,0,0,0,0,0,0,0,0
Tectonic Rage,"""Ground""",630,Physical,normal,1,-1,0,1,Power is equal to the base move's Z-Power.,Power is equal to the base move's Z-Power.,0,0,,,0,1,0,0,0,0,0,0,0,0,0,0,0,0,0,0,1,0,0
Teeter Dance,"""Normal""",298,Status,allAdjacent,0,100,0,20,Confuses adjacent Pokemon.,Causes the target to become confused.,0,0,,,0,0,0,0,0,0,1,0,0,0,0,0,0,0,0,0,0,0,1
Telekinesis,"""Psychic""",477,Status,normal,0,-1,0,15,"For 3 turns, target floats but moves can't miss it.","For 3 turns, the target cannot avoid any attacks made against it, other than OHKO moves, as long as it remains active. During the effect, the target is immune to Ground-type attacks and the effects of Spikes, Toxic Spikes, Sticky Web, and the Arena Trap Ability as long as it remains active. If the target uses Baton Pass, the replacement will gain the effect. Ingrain, Smack Down, Thousand Arrows, and Iron Ball override this move if the target is under any of their effects. Fails if the target is already under this effect or the effects of Ingrain, Smack Down, or Thousand Arrows. The target is immune to this move on use if its species is Diglett, Dugtrio, Alolan Diglett, Alolan Dugtrio, Sandygast, Palossand, or Gengar while Mega-Evolved. Mega Gengar cannot be under this effect by any means.",0,0,,,0,0,1,0,0,0,0,0,0,0,0,0,0,0,0,0,0,0,0
Teleport,"""Psychic""",100,Status,self,0,-1,-6,20,User switches out.,"If this move is successful and the user has not fainted, the user switches out even if it is trapped and is replaced immediately by a selected party member. The user does not switch out if there are no unfainted party members.",0,0,,,0,0,0,0,0,0,0,0,0,0,0,0,0,0,0,0,0,0,1
Temper Flare,"""Fire""",915,Physical,normal,75,100,0,10,Power doubles if the user's last move failed.,"Power doubles if the user's last move on the previous turn, including moves called by other moves or those used through Instruct, Magic Coat, Snatch, or the Dancer or Magic Bounce Abilities, failed to do any of its normal effects, not including damage from an unsuccessful High Jump Kick, Jump Kick, or Mind Blown, or if the user was prevented from moving by any effect other than recharging or Sky Drop. A move that was blocked by Baneful Bunker, Detect, King's Shield, Protect, Spiky Shield, Crafty Shield, Mat Block, Quick Guard, or Wide Guard will not double this move's power, nor will Bounce or Fly ending early due to the effect of Gravity, Smack Down, or Thousand Arrows.",0,0,,,0,0,0,0,0,1,0,0,0,0,0,0,0,0,0,0,0,0,1
Tera Blast,"""Normal""",851,Special,normal,80,100,0,10,"If Terastallized: Phys. if Atk > SpA, type = Tera.","If the user is Terastallized, this move becomes a physical attack if the user's Attack is greater than its Special Attack, including stat stage changes, and this move's type becomes the same as the user's Tera Type. In addition, if the user's Tera Type is Stellar, this move has 100 power, is super effective against Terastallized targets and neutral against other targets, and lowers the user's Attack and Special Attack by 1 stage.",0,0,,,0,0,0,0,0,0,0,0,0,0,0,0,0,0,0,0,0,0,1
Tera Starstorm,"""Normal""",906,Special,normal,120,100,0,5,"Terapagos-Stellar: Stellar type, hits both foes.","If the user is a Terapagos in Stellar Form, this move's type becomes Stellar, hits all opposing Pokemon, and becomes a physical attack if the user's Attack is greater than its Special Attack, including stat stage changes.",0,0,,,0,0,0,0,0,0,0,0,0,0,0,0,0,0,0,0,0,0,1
Terrain Pulse,"""Normal""",805,Special,normal,50,100,0,10,"User on terrain: power doubles, type varies.","Power doubles if the user is grounded and a terrain is active, and this move's type changes to match. Electric type during Electric Terrain, Grass type during Grassy Terrain, Fairy type during Misty Terrain, and Psychic type during Psychic Terrain.",0,0,,,0,0,0,0,0,0,0,0,0,1,0,0,0,0,0,0,0,0,1
Thief,"""Dark""",168,Physical,normal,60,100,0,25,"If the user has no item, it steals the target's.","If this attack was successful and the user has not fainted, it steals the target's held item if the user is not holding one. The target's item is not stolen if it is a Mail or Z-Crystal, or if the target is a Kyogre holding a Blue Orb, a Groudon holding a Red Orb, a Giratina holding a Griseous Orb, an Arceus holding a Plate, a Genesect holding a Drive, a Silvally holding a Memory, or a Pokemon that can Mega Evolve holding the Mega Stone for its species. Items lost to this move cannot be regained with Recycle or the Harvest Ability.",0,0,,,0,0,0,0,0,1,0,0,0,0,0,0,0,0,0,0,0,0,1
Thousand Arrows,"""Ground""",614,Physical,allAdjacentFoes,90,100,0,10,Grounds adjacent foes. First hit neutral on Flying.,"This move can hit airborne Pokemon, which includes Flying-type Pokemon, Pokemon with the Levitate Ability, Pokemon holding an Air Balloon, and Pokemon under the effect of Magnet Rise or Telekinesis. If the target is a Flying type and is not already grounded, this move deals neutral damage regardless of its other type(s). This move can hit a target using Bounce, Fly, or Sky Drop. If this move hits a target under the effect of Bounce, Fly, Magnet Rise, or Telekinesis, the effect ends. If the target is a Flying type that has not used Roost this turn or a Pokemon with the Levitate Ability, it loses its immunity to Ground-type attacks and the Arena Trap Ability as long as it remains active. During the effect, Magnet Rise fails for the target and Telekinesis fails against the target.",0,0,,,0,0,0,0,0,0,0,0,0,0,0,0,0,0,0,0,0,0,0
Thousand Waves,"""Ground""",615,Physical,allAdjacentFoes,90,100,0,10,Hits adjacent foes. Prevents them from switching.,"Prevents the target from switching out. The target can still switch out if it is holding Shed Shell or uses Baton Pass, Flip Turn, Parting Shot, Teleport, U-turn, or Volt Switch. The effect ends if either the user or the target leaves the field.",0,0,,,0,0,0,0,0,0,0,0,0,0,0,0,0,0,0,0,0,0,0
Thrash,"""Normal""",37,Physical,randomNormal,120,100,0,10,Lasts 2-3 turns. Confuses the user afterwards.,"The user spends two or three turns locked into this move and becomes confused immediately after its move on the last turn of the effect if it is not already. This move targets an opposing Pokemon at random on each turn. If the user is prevented from moving, is asleep at the beginning of a turn, or the attack is not successful against the target on the first turn of the effect or the second turn of a three-turn effect, the effect ends without causing confusion. If this move is called by Sleep Talk and the user is asleep, the move is used for one turn and does not confuse the user.",0,0,,,0,0,0,0,0,1,0,0,0,0,0,0,0,0,0,0,0,0,1
Throat Chop,"""Dark""",675,Physical,normal,80,100,0,15,"For 2 turns, the target cannot use sound moves.","For 2 turns, the target cannot use sound-based moves.",1,0,,,0,0,0,0,0,1,0,0,0,0,0,0,0,0,1,0,0,0,1
Thunder,"""Electric""",87,Special,normal,110,70,0,10,30% chance to paralyze. Can't miss in rain.,"Has a 30% chance to paralyze the target. This move can hit a target using Bounce, Fly, or Sky Drop, or is under the effect of Sky Drop. If the weather is Primordial Sea or Rain Dance, this move does not check accuracy. If the weather is Desolate Land or Sunny Day, this move's accuracy is 50%. If this move is used against a Pokemon holding Utility Umbrella, this move's accuracy remains at 70%.",1,0,,,0,0,0,0,0,0,0,0,0,0,0,0,0,0,1,0,0,0,1
Thunderbolt,"""Electric""",85,Special,normal,90,100,0,15,10% chance to paralyze the target.,Has a 10% chance to paralyze the target.,1,0,,,0,0,0,0,0,0,0,0,0,0,0,0,0,0,1,0,0,0,1
Thunder Cage,"""Electric""",819,Special,normal,80,90,0,15,Traps and damages the target for 4-5 turns.,"Prevents the target from switching for four or five turns (seven turns if the user is holding Grip Claw). Causes damage to the target equal to 1/8 of its maximum HP (1/6 if the user is holding Binding Band), rounded down, at the end of each turn during effect. The target can still switch out if it is holding Shed Shell or uses Baton Pass, Flip Turn, Parting Shot, Shed Tail, Teleport, U-turn, or Volt Switch. The effect ends if either the user or the target leaves the field, or if the target uses Mortal Spin, Rapid Spin, or Substitute successfully. This effect is not stackable or reset by using this or another binding move.",0,0,,,0,0,0,0,0,0,0,0,0,0,0,0,0,0,0,0,0,0,1
Thunderclap,"""Electric""",909,Special,normal,70,100,1,5,Usually goes first. Fails if target is not attacking.,"Fails if the target did not select a physical attack, special attack, or Me First for use this turn, or if the target moves before the user.",0,0,,,0,0,0,0,0,0,0,0,0,0,0,0,0,0,0,0,0,0,1
Thunder Fang,"""Electric""",422,Physical,normal,65,95,0,15,10% chance to paralyze. 10% chance to flinch.,Has a 10% chance to paralyze the target and a 10% chance to make it flinch.,0,0,,,0,0,0,1,0,1,0,0,0,0,0,0,0,0,0,0,0,0,1
Thunderous Kick,"""Fighting""",823,Physical,normal,90,100,0,10,100% chance to lower the target's Defense by 1.,Has a 100% chance to lower the target's Defense by 1 stage.,1,0,,,0,0,0,0,0,1,0,0,0,0,0,0,0,0,1,0,0,0,1
Thunder Punch,"""Electric""",9,Physical,normal,75,100,0,15,10% chance to paralyze the target.,Has a 10% chance to paralyze the target.,1,0,,,0,0,0,0,0,1,0,0,0,0,1,0,0,0,1,0,0,0,1
Thunder Shock,"""Electric""",84,Special,normal,40,100,0,30,10% chance to paralyze the target.,Has a 10% chance to paralyze the target.,1,0,,,0,0,0,0,0,0,0,0,0,0,0,0,0,0,1,0,0,0,1
Thunder Wave,"""Electric""",86,Status,normal,0,90,0,20,Paralyzes the target.,Paralyzes the target. This move does not ignore type immunity.,0,0,,,0,0,1,0,0,0,0,0,0,0,0,0,0,0,0,0,0,0,1
Tickle,"""Normal""",321,Status,normal,0,100,0,20,Lowers the target's Attack and Defense by 1.,Lowers the target's Attack and Defense by 1 stage.,0,0,,,0,0,1,0,0,0,0,0,0,0,0,0,0,0,0,0,0,0,1
Tidy Up,"""Normal""",882,Status,self,0,-1,0,10,"User +1 Atk, Spe. Clears all substitutes/hazards.","Raises the user's Attack and Speed by 1 stage. Removes substitutes from all active Pokemon and ends the effects of Spikes, Stealth Rock, Sticky Web, and Toxic Spikes for both sides.",0,0,,,0,0,0,0,0,0,0,0,0,0,0,0,0,0,0,0,0,0,1
Topsy-Turvy,"""Dark""",576,Status,normal,0,-1,0,20,Inverts the target's stat stages.,The target's positive stat stages become negative and vice versa. Fails if all of the target's stat stages are 0.,0,0,,,0,0,1,0,0,0,0,0,0,0,0,0,0,0,0,0,0,0,1
Torch Song,"""Fire""",871,Special,normal,80,100,0,10,100% chance to raise the user's Sp. Atk by 1.,Has a 100% chance to raise the user's Special Attack by 1 stage.,1,0,,,1,0,0,0,0,0,0,0,0,0,0,0,1,0,1,0,0,0,1
Torment,"""Dark""",259,Status,normal,0,100,0,15,Target can't select the same move twice in a row.,Prevents the target from selecting the same move for use two turns in a row. This effect ends when the target is no longer active.,0,0,,,1,0,1,0,0,0,0,0,0,0,0,0,0,0,0,0,0,0,1
Toxic,"""Poison""",92,Status,normal,0,90,0,10,Badly poisons the target. Poison types can't miss.,"Badly poisons the target. If a Poison-type Pokemon uses this move, the target cannot avoid the attack, even if the target is in the middle of a two-turn move.",0,0,,,0,0,1,0,0,0,0,0,0,0,0,0,0,0,0,0,0,0,1
Toxic Spikes,"""Poison""",390,Status,foeSide,0,-1,0,20,Poisons grounded foes on switch-in. Max 2 layers.,"Sets up a hazard on the opposing side of the field, poisoning each opposing Pokemon that switches in, unless it is a Flying-type Pokemon or has the Levitate Ability. Can be used up to two times before failing. Opposing Pokemon become poisoned with one layer and badly poisoned with two layers. Can be removed from the opposing side if any Pokemon uses Tidy Up, or if any opposing Pokemon uses Mortal Spin, Rapid Spin, or Defog successfully, is hit by Defog, or a grounded Poison-type Pokemon switches in. Safeguard prevents the opposing party from being poisoned on switch-in, but a substitute does not.",0,0,,,0,0,1,0,0,0,0,0,0,0,0,0,0,0,0,0,0,0,1
Toxic Thread,"""Poison""",672,Status,normal,0,100,0,20,Lowers the target's Speed by 1 and poisons it.,Lowers the target's Speed by 1 stage and poisons it.,0,0,,,0,0,1,0,0,0,0,0,0,0,0,0,0,0,0,0,0,0,1
Trailblaze,"""Grass""",885,Physical,normal,50,100,0,20,100% chance to raise the user's Speed by 1.,Has a 100% chance to raise the user's Speed by 1 stage.,1,0,,,0,0,0,0,0,1,0,0,0,0,0,0,0,0,1,0,0,0,1
Transform,"""Normal""",144,Status,normal,0,-1,0,10,"Copies target's stats, moves, types, and Ability.","The user transforms into the target. The target's current stats, stat stages, types, moves, Ability, weight, gender, and sprite are copied. The user's level and HP remain the same and each copied move receives only 5 PP, with a maximum of 5 PP each. The user can no longer change formes if it would have the ability to do so. This move fails if it hits a substitute, if either the user or the target is already transformed, or if either is behind an Illusion.",0,0,,,0,0,0,0,0,0,0,0,0,0,0,0,0,0,0,0,0,0,1
Tri Attack,"""Normal""",161,Special,normal,80,100,0,10,20% chance to paralyze or burn or freeze target.,"Has a 20% chance to either burn, freeze, or paralyze the target.",1,0,,,0,0,0,0,0,0,0,0,0,0,0,0,0,0,1,0,0,0,1
Trick,"""Psychic""",271,Status,normal,0,100,0,10,User switches its held item with the target's.,"The user swaps its held item with the target's held item. Fails if either the user or the target is holding a Mail or Z-Crystal, if neither is holding an item, if the user is trying to give or take a Mega Stone to or from the species that can Mega Evolve with it, or if the user is trying to give or take a Blue Orb, a Red Orb, a Griseous Orb, a Plate, a Drive, or a Memory to or from a Kyogre, a Groudon, a Giratina, an Arceus, a Genesect, or a Silvally, respectively. The target is immune to this move if it has the Sticky Hold Ability.",0,0,,,0,0,0,0,0,0,0,0,0,0,0,0,0,0,0,0,0,0,1
Trick-or-Treat,"""Ghost""",567,Status,normal,0,100,0,20,Adds Ghost to the target's type(s).,"Causes the Ghost type to be added to the target, effectively making it have two or three types. Fails if the target is already a Ghost type. If Forest's Curse adds a type to the target, it replaces the type added by this move and vice versa.",0,0,,,0,0,1,0,0,0,0,0,0,0,0,0,0,0,0,0,0,0,0
Trick Room,"""Psychic""",433,Status,all,0,-1,-7,5,"Goes last. For 5 turns, turn order is reversed.","For 5 turns, the Speed of every Pokemon is recalculated for the purposes of determining turn order. During the effect, each Pokemon's Speed is considered to be (10000 - its normal Speed), and if this value is greater than 8191, 8192 is subtracted from it. If this move is used during the effect, the effect ends.",0,0,,,0,0,0,0,0,0,0,0,0,0,0,0,0,0,0,0,0,0,1
Triple Arrows,"""Fighting""",843,Physical,normal,90,100,0,10,"High crit. Target: 50% -1 Defense, 30% flinch.","Has a 50% chance to lower the target's Defense by 1 stage, a 30% chance to make it flinch, and a higher chance for a critical hit.",0,0,,,0,0,0,0,0,0,0,0,0,0,0,0,0,0,0,0,0,0,1
Triple Axel,"""Ice""",813,Physical,normal,20,90,0,10,"Hits 3 times. Each hit can miss, but power rises.","Hits three times. Power increases to 40 for the second hit and 60 for the third. This move checks accuracy for each hit, and the attack ends if the target avoids a hit. If one of the hits breaks the target's substitute, it will take damage for the remaining hits. If the user has the Skill Link Ability, this move will always hit three times.",0,1,,,0,0,0,0,0,1,0,0,0,0,0,0,0,0,0,0,0,0,1
Triple Dive,"""Water""",865,Physical,normal,30,95,0,10,Hits 3 times.,Hits three times.,0,1,,,0,0,0,0,0,1,0,0,0,0,0,0,0,0,0,0,0,0,1
Triple Kick,"""Fighting""",167,Physical,normal,10,90,0,10,"Hits 3 times. Each hit can miss, but power rises.","Hits three times. Power increases to 20 for the second hit and 30 for the third. This move checks accuracy for each hit, and the attack ends if the target avoids a hit. If one of the hits breaks the target's substitute, it will take damage for the remaining hits. If the user has the Skill Link Ability, this move will always hit three times.",0,1,,,0,0,0,0,0,1,0,0,0,0,0,0,0,0,0,0,0,0,1
Trop Kick,"""Grass""",688,Physical,normal,70,100,0,15,100% chance to lower the target's Attack by 1.,Has a 100% chance to lower the target's Attack by 1 stage.,1,0,,,0,0,0,0,0,1,0,0,0,0,0,0,0,0,1,0,0,0,1
Trump Card,"""Normal""",376,Special,normal,0,-1,0,5,More power the fewer PP this move has left.,"The power of this move is based on the amount of PP remaining after normal PP reduction and the Pressure Ability resolve. 200 power for 0 PP, 80 power for 1 PP, 60 power for 2 PP, 50 power for 3 PP, and 40 power for 4 or more PP.",0,0,,,0,0,0,0,0,1,0,0,0,0,0,0,0,0,0,0,0,0,0
Twin Beam,"""Psychic""",888,Special,normal,40,100,0,10,Hits 2 times in one turn.,"Hits twice. If the first hit breaks the target's substitute, it will take damage for the second hit.",0,1,,,0,0,0,0,0,0,0,0,0,0,0,0,0,0,0,0,0,0,1
Twineedle,"""Bug""",41,Physical,normal,25,100,0,20,Hits 2 times. Each hit has 20% chance to poison.,"Hits twice, with each hit having a 20% chance to poison the target. If the first hit breaks the target's substitute, it will take damage for the second hit.",1,1,,,0,0,0,0,0,0,0,0,0,0,0,0,0,0,1,0,0,0,0
Twinkle Tackle,"""Fairy""",656,Physical,normal,1,-1,0,1,Power is equal to the base move's Z-Power.,Power is equal to the base move's Z-Power.,0,0,,,0,1,0,0,0,0,0,0,0,0,0,0,0,0,0,0,1,0,0
Twister,"""Dragon""",239,Special,allAdjacentFoes,40,100,0,20,20% chance to make the foe(s) flinch.,"Has a 20% chance to make the target flinch. Power doubles if the target is using Bounce, Fly, or Sky Drop, or is under the effect of Sky Drop.",1,0,,,0,0,0,0,0,0,0,0,0,0,0,0,0,1,1,0,0,0,1
U-turn,"""Bug""",369,Physical,normal,70,100,0,20,User switches out after damaging the target.,"If this move is successful and the user has not fainted, the user switches out even if it is trapped and is replaced immediately by a selected party member. The user does not switch out if there are no unfainted party members, or if the target switched out using an Eject Button or through the effect of the Emergency Exit or Wimp Out Abilities.",0,0,,,0,0,0,0,0,1,0,0,0,0,0,0,0,0,0,0,0,0,1
Upper Hand,"""Fighting""",918,Physical,normal,65,100,3,15,100% flinch. Fails unless target using priority.,"Has a 100% chance to make the target flinch. Fails if the target did not select a priority move for use this turn, or if the target moves before the user.",1,0,,,0,0,0,0,0,1,0,0,0,0,0,0,0,0,1,0,0,0,1
Uproar,"""Normal""",253,Special,randomNormal,90,100,0,10,Lasts 3 turns. Active Pokemon cannot fall asleep.,"The user spends three turns locked into this move. This move targets an opponent at random on each turn. On the first of the three turns, all sleeping active Pokemon wake up. During the three turns, no active Pokemon can fall asleep by any means, and Pokemon switched in during the effect do not wake up. If the user is prevented from moving or the attack is not successful against the target during one of the turns, the effect ends.",0,0,,,1,0,0,0,0,0,0,0,0,0,0,0,1,0,0,0,0,0,1
Vacuum Wave,"""Fighting""",410,Special,normal,40,100,1,30,Usually goes first.,No additional effect.,0,0,,,0,0,0,0,0,0,0,0,0,0,0,0,0,0,0,0,0,0,1
V-create,"""Fire""",557,Physical,normal,180,95,0,5,"Lowers the user's Defense, Sp. Def, Speed by 1.","Lowers the user's Speed, Defense, and Special Defense by 1 stage.",0,0,,,0,0,0,0,0,1,0,0,0,0,0,0,0,0,0,0,0,0,0
Veevee Volley,"""Normal""",741,Physical,normal,0,-1,0,20,Max happiness: 102 power. Can't miss.,"Power is equal to the greater of (user's Happiness * 2/5), rounded down, or 1.",0,0,,,0,0,0,0,0,1,0,0,0,0,0,0,0,0,0,0,0,0,0
Venom Drench,"""Poison""",599,Status,allAdjacentFoes,0,100,0,20,Lowers Atk/Sp. Atk/Speed of poisoned foes by 1.,"Lowers the target's Attack, Special Attack, and Speed by 1 stage if the target is poisoned. Fails if the target is not poisoned.",0,0,,,0,0,1,0,0,0,0,0,0,0,0,0,0,0,0,0,0,0,0
Venoshock,"""Poison""",474,Special,normal,65,100,0,10,Power doubles if the target is poisoned.,Power doubles if the target is poisoned.,0,0,,,0,0,0,0,0,0,0,0,0,0,0,0,0,0,0,0,0,0,1
Victory Dance,"""Fighting""",837,Status,self,0,-1,0,10,"Raises the user's Attack, Defense, Speed by 1.","Raises the user's Attack, Defense, and Speed by 1 stage.",0,0,,,0,0,0,0,0,0,1,0,0,0,0,0,0,0,0,0,0,0,1
Vine Whip,"""Grass""",22,Physical,normal,45,100,0,25,No additional effect.,No additional effect.,0,0,,,0,0,0,0,0,1,0,0,0,0,0,0,0,0,0,0,0,0,1
Vise Grip,"""Normal""",11,Physical,normal,55,100,0,30,No additional effect.,No additional effect.,0,0,,,0,0,0,0,0,1,0,0,0,0,0,0,0,0,0,0,0,0,1
Vital Throw,"""Fighting""",233,Physical,normal,70,-1,-1,10,This move does not check accuracy. Goes last.,This move does not check accuracy.,0,0,,,0,0,0,0,0,1,0,0,0,0,0,0,0,0,0,0,0,0,0
Volt Switch,"""Electric""",521,Special,normal,70,100,0,20,User switches out after damaging the target.,"If this move is successful and the user has not fainted, the user switches out even if it is trapped and is replaced immediately by a selected party member. The user does not switch out if there are no unfainted party members, or if the target switched out using an Eject Button or through the effect of the Emergency Exit or Wimp Out Abilities.",0,0,,,0,0,0,0,0,0,0,0,0,0,0,0,0,0,0,0,0,0,1
Volt Tackle,"""Electric""",344,Physical,normal,120,100,0,15,Has 33% recoil. 10% chance to paralyze target.,"Has a 10% chance to paralyze the target. If the target lost HP, the user takes recoil damage equal to 33% the HP lost by the target, rounded half up, but not less than 1 HP.",1,0,,,0,0,0,0,0,1,0,0,0,0,0,0,0,0,1,0,0,0,1
Wake-Up Slap,"""Fighting""",358,Physical,normal,70,100,0,10,"Power doubles if target is asleep, and wakes it.","Power doubles if the target is asleep. If the user has not fainted, the target wakes up.",0,0,,,0,0,0,0,0,1,0,0,0,0,0,0,0,0,0,0,0,0,0
Waterfall,"""Water""",127,Physical,normal,80,100,0,15,20% chance to make the target flinch.,Has a 20% chance to make the target flinch.,1,0,,,0,0,0,0,0,1,0,0,0,0,0,0,0,0,1,0,0,0,1
Water Gun,"""Water""",55,Special,normal,40,100,0,25,No additional effect.,No additional effect.,0,0,,,0,0,0,0,0,0,0,0,0,0,0,0,0,0,0,0,0,0,1
Water Pledge,"""Water""",518,Special,normal,80,100,0,10,Use with Grass or Fire Pledge for added effect.,"If one of the user's allies chose to use Fire Pledge or Grass Pledge this turn and has not moved yet, it takes its turn immediately after the user and the user's move does nothing. If combined with Fire Pledge, the ally uses Water Pledge with 150 power and a rainbow appears on the user's side for 4 turns, which doubles secondary effect chances and stacks with the Serene Grace Ability, except effects that cause flinching can only have their chance doubled once. If combined with Grass Pledge, the ally uses Grass Pledge with 150 power and a swamp appears on the target's side for 4 turns, which quarters the Speed of each Pokemon on that side. When used as a combined move, this move gains STAB no matter what the user's type is. This move does not consume the user's Water Gem, and cannot be redirected by the Storm Drain Ability.",0,0,,,0,0,0,0,0,0,0,0,0,0,0,0,0,0,0,0,0,0,1
Water Pulse,"""Water""",352,Special,any,60,100,0,20,20% chance to confuse the target.,Has a 20% chance to confuse the target.,1,0,,,0,0,0,0,0,0,0,0,0,1,0,0,0,0,1,0,0,0,1
Water Shuriken,"""Water""",594,Special,normal,15,100,1,20,Usually goes first. Hits 2-5 times in one turn.,"Hits two to five times. Has a 35% chance to hit two or three times and a 15% chance to hit four or five times. If one of the hits breaks the target's substitute, it will take damage for the remaining hits. If the user has the Skill Link Ability, this move will always hit five times. If the user is an Ash-Greninja with the Battle Bond Ability, this move has a power of 20 and always hits three times. If the user is holding Loaded Dice, this move will hit 4-5 times.",0,1,5,2,0,0,0,0,0,0,0,0,0,0,0,0,0,0,0,0,0,0,1
Water Sport,"""Water""",346,Status,all,0,-1,0,15,"For 5 turns, Fire-type attacks have 1/3 power.","For 5 turns, all Fire-type attacks used by any active Pokemon have their power multiplied by 0.33. Fails if this effect is already active.",0,0,,,0,0,0,0,0,0,0,0,0,0,0,0,0,0,0,0,0,0,0
Water Spout,"""Water""",323,Special,allAdjacentFoes,150,100,0,5,Less power as user's HP decreases. Hits foe(s).,"Power is equal to (user's current HP * 150 / user's maximum HP), rounded down, but not less than 1.",0,0,,,0,0,0,0,0,0,0,0,0,0,0,0,0,0,0,0,0,0,1
Wave Crash,"""Water""",834,Physical,normal,120,100,0,10,Has 33% recoil.,"If the target lost HP, the user takes recoil damage equal to 33% the HP lost by the target, rounded half up, but not less than 1 HP.",0,0,,,0,0,0,0,0,1,0,0,0,0,0,0,0,0,0,0,0,0,1
Weather Ball,"""Normal""",311,Special,normal,50,100,0,10,Power doubles and type varies in each weather.,"Power doubles if a weather condition other than Delta Stream is active, and this move's type changes to match. Ice type during Snow, Water type during Primordial Sea or Rain Dance, Rock type during Sandstorm, and Fire type during Desolate Land or Sunny Day. If the user is holding Utility Umbrella and uses Weather Ball during Primordial Sea, Rain Dance, Desolate Land, or Sunny Day, this move remains Normal type and does not double in power.",0,0,,,0,0,0,0,1,0,0,0,0,0,0,0,0,0,0,0,0,0,1
Whirlpool,"""Water""",250,Special,normal,35,85,0,15,Traps and damages the target for 4-5 turns.,"Prevents the target from switching for four or five turns (seven turns if the user is holding Grip Claw). Causes damage to the target equal to 1/8 of its maximum HP (1/6 if the user is holding Binding Band), rounded down, at the end of each turn during effect. The target can still switch out if it is holding Shed Shell or uses Baton Pass, Flip Turn, Parting Shot, Shed Tail, Teleport, U-turn, or Volt Switch. The effect ends if either the user or the target leaves the field, or if the target uses Mortal Spin, Rapid Spin, or Substitute successfully. This effect is not stackable or reset by using this or another binding move.",0,0,,,0,0,0,0,0,0,0,0,0,0,0,0,0,0,0,0,0,0,1
Whirlwind,"""Normal""",18,Status,normal,0,-1,-6,20,Forces the target to switch to a random ally.,"The target is forced to switch out and be replaced with a random unfainted ally. Fails if the target is the last unfainted Pokemon in its party, or if the target used Ingrain previously or has the Suction Cups Ability.",0,0,,,1,0,1,0,0,0,0,0,0,0,0,0,0,1,0,0,0,0,1
Wicked Blow,"""Dark""",817,Physical,normal,75,100,0,5,Always results in a critical hit.,This move is always a critical hit unless the target is under the effect of Lucky Chant or has the Battle Armor or Shell Armor Abilities.,0,0,,,0,0,0,0,0,1,0,0,0,0,1,0,0,0,0,0,0,0,1
Wicked Torque,"""Dark""",897,Physical,normal,80,100,0,10,10% chance to cause the target to fall asleep.,Has a 10% chance to cause the target to fall asleep.,1,0,,,0,0,0,0,0,0,0,0,0,0,0,0,0,0,1,0,0,0,0
Wide Guard,"""Rock""",469,Status,allySide,0,-1,3,10,Protects allies from multi-target moves this turn.,"The user and its party members are protected from moves made by other Pokemon, including allies, during this turn that target all adjacent foes or all adjacent Pokemon. This move modifies the same 1/X chance of being successful used by other protection moves, where X starts at 1 and triples each time this move is successfully used, but does not use the chance to check for failure. X resets to 1 if this move fails, if the user's last move used is not Baneful Bunker, Burning Bulwark, Detect, Endure, King's Shield, Max Guard, Obstruct, Protect, Quick Guard, Silk Trap, Spiky Shield, or Wide Guard, or if it was one of those moves and the user's protection was broken. Fails if the user moves last this turn or if this move is already in effect for the user's side.",0,0,,,0,0,0,0,0,0,0,0,0,0,0,0,0,0,0,0,0,0,1
Wildbolt Storm,"""Electric""",847,Special,allAdjacentFoes,100,80,0,10,20% chance to paralyze foe(s). Rain: can't miss.,"Has a 20% chance to paralyze the target. If the weather is Primordial Sea or Rain Dance, this move does not check accuracy. If this move is used against a Pokemon holding Utility Umbrella, this move's accuracy remains at 80%.",1,0,,,0,0,0,0,0,0,0,0,0,0,0,0,0,1,1,0,0,0,1
Wild Charge,"""Electric""",528,Physical,normal,90,100,0,15,Has 1/4 recoil.,"If the target lost HP, the user takes recoil damage equal to 1/4 the HP lost by the target, rounded half up, but not less than 1 HP.",0,0,,,0,0,0,0,0,1,0,0,0,0,0,0,0,0,0,0,0,0,1
Will-O-Wisp,"""Fire""",261,Status,normal,0,85,0,15,Burns the target.,Burns the target.,0,0,,,0,0,1,0,0,0,0,0,0,0,0,0,0,0,0,0,0,0,1
Wing Attack,"""Flying""",17,Physical,any,60,100,0,35,No additional effect.,No additional effect.,0,0,,,0,0,0,0,0,1,0,0,0,0,0,0,0,0,0,0,0,0,1
Wish,"""Normal""",273,Status,self,0,-1,0,10,"Next turn, 50% of the user's max HP is restored.","At the end of the next turn, the Pokemon at the user's position has 1/2 of the user's maximum HP restored to it, rounded down. Fails if this move is already in effect for the user's position.",0,0,,,0,0,0,0,0,0,0,1,0,0,0,0,0,0,0,0,0,0,1
Withdraw,"""Water""",110,Status,self,0,-1,0,40,Raises the user's Defense by 1.,Raises the user's Defense by 1 stage.,0,0,,,0,0,0,0,0,0,0,0,0,0,0,0,0,0,0,0,0,0,1
Wonder Room,"""Psychic""",472,Status,all,0,-1,0,10,"For 5 turns, all Defense and Sp. Def stats switch.","For 5 turns, all active Pokemon have their Defense and Special Defense stats swapped. Stat stage changes are unaffected. If this move is used during the effect, the effect ends.",0,0,,,0,0,0,0,0,0,0,0,0,0,0,0,0,0,0,0,0,0,1
Wood Hammer,"""Grass""",452,Physical,normal,120,100,0,15,Has 33% recoil.,"If the target lost HP, the user takes recoil damage equal to 33% the HP lost by the target, rounded half up, but not less than 1 HP.",0,0,,,0,0,0,0,0,1,0,0,0,0,0,0,0,0,0,0,0,0,1
Work Up,"""Normal""",526,Status,self,0,-1,0,30,Raises the user's Attack and Sp. Atk by 1.,Raises the user's Attack and Special Attack by 1 stage.,0,0,,,0,0,0,0,0,0,0,0,0,0,0,0,0,0,0,0,0,0,1
Worry Seed,"""Grass""",388,Status,normal,0,100,0,10,The target's Ability becomes Insomnia.,"Causes the target's Ability to become Insomnia. Fails if the target's Ability is As One, Battle Bond, Comatose, Disguise, Gulp Missile, Ice Face, Insomnia, Multitype, Power Construct, RKS System, Schooling, Shields Down, Stance Change, Tera Shift, Truant, Zen Mode, or Zero to Hero.",0,0,,,0,0,1,0,0,0,0,0,0,0,0,0,0,0,0,0,0,0,1
Wrap,"""Normal""",35,Physical,normal,15,90,0,20,Traps and damages the target for 4-5 turns.,"Prevents the target from switching for four or five turns (seven turns if the user is holding Grip Claw). Causes damage to the target equal to 1/8 of its maximum HP (1/6 if the user is holding Binding Band), rounded down, at the end of each turn during effect. The target can still switch out if it is holding Shed Shell or uses Baton Pass, Flip Turn, Parting Shot, Shed Tail, Teleport, U-turn, or Volt Switch. The effect ends if either the user or the target leaves the field, or if the target uses Mortal Spin, Rapid Spin, or Substitute successfully. This effect is not stackable or reset by using this or another binding move.",0,0,,,0,0,0,0,0,1,0,0,0,0,0,0,0,0,0,0,0,0,1
Wring Out,"""Normal""",378,Special,normal,0,100,0,5,More power the more HP the target has left.,"Power is equal to 120 * (target's current HP / target's maximum HP), rounded half down, but not less than 1.",0,0,,,0,0,0,0,0,1,0,0,0,0,0,0,0,0,0,0,0,0,0
X-Scissor,"""Bug""",404,Physical,normal,80,100,0,15,No additional effect.,No additional effect.,0,0,,,0,0,0,0,0,1,0,0,0,0,0,0,0,0,0,0,0,0,1
Yawn,"""Normal""",281,Status,normal,0,-1,0,10,Puts the target to sleep after 1 turn.,"Causes the target to fall asleep at the end of the next turn. Fails when used if the target cannot fall asleep or if it already has a non-volatile status condition. At the end of the next turn, if the target is still active, does not have a non-volatile status condition, and can fall asleep, it falls asleep. If the target becomes affected, this effect cannot be prevented by Safeguard or a substitute, or by falling asleep and waking up during the effect.",0,0,,,0,0,1,0,0,0,0,0,0,0,0,0,0,0,0,0,0,0,1
Zap Cannon,"""Electric""",192,Special,normal,120,50,0,5,100% chance to paralyze the target.,Has a 100% chance to paralyze the target.,1,0,,,0,0,0,0,1,0,0,0,0,0,0,0,0,0,1,0,0,0,1
Zen Headbutt,"""Psychic""",428,Physical,normal,80,90,0,15,20% chance to make the target flinch.,Has a 20% chance to make the target flinch.,1,0,,,0,0,0,0,0,1,0,0,0,0,0,0,0,0,1,0,0,0,1
Zing Zap,"""Electric""",716,Physical,normal,80,100,0,10,30% chance to make the target flinch.,Has a 30% chance to make the target flinch.,1,0,,,0,0,0,0,0,1,0,0,0,0,0,0,0,0,1,0,0,0,1
Zippy Zap,"""Electric""",729,Physical,normal,80,100,2,10,Goes first. Raises user's evasion by 1.,Has a 100% chance to raise the user's evasion by 1 stage.,1,0,,,0,0,0,0,0,1,0,0,0,0,0,0,0,0,1,0,0,0,0
Paleo Wave,"""Rock""",-1,Special,normal,85,100,0,15,20% chance to lower the target's Attack by 1.,Has a 20% chance to lower the target's Attack by 1 stage.,1,0,,,0,0,0,0,0,0,0,0,0,0,0,0,0,0,1,0,0,0,0
Shadow Strike,"""Ghost""",-2,Physical,normal,80,95,0,10,50% chance to lower the target's Defense by 1.,Has a 50% chance to lower the target's Defense by 1 stage.,1,0,,,0,0,0,0,0,1,0,0,0,0,0,0,0,0,1,0,0,0,0
Polar Flare,"""Fire""",-3,Special,allAdjacentFoes,75,100,0,10,10% chance to frz foe(s). Ramnarok transforms.,"Has a 10% chance to freeze the target. This move cannot thaw a frozen target. If this move is successful on at least one target and the user is a Ramnarok, it changes to Radiant Forme if it is currently in Dormant Forme, or changes to Dormant Forme if it is currently in Radiant Forme. This forme change does not happen if the Ramnarok has the Sheer Force Ability. The Radiant Forme reverts to Dormant Forme when Ramnarok is not active.",1,0,,,0,0,0,0,0,0,0,0,0,0,0,0,0,0,1,0,0,0,0
