name,dex_num,type,is_pre_evolution,weight,gender_ratio,is_mythical,is_legendary,is_max,is_mega,mandatory_item_name,base_stats
Bulbasaur,1,"[""Grass"", ""Poison""]",1,6.9,0.875,0,0,0,0,,"{""hp"": 45, ""atk"": 49, ""def"": 49, ""spa"": 65, ""spd"": 65, ""spe"": 45}"
Ivysaur,2,"[""Grass"", ""Poison""]",1,13,0.875,0,0,0,0,,"{""hp"": 60, ""atk"": 62, ""def"": 63, ""spa"": 80, ""spd"": 80, ""spe"": 60}"
Venusaur,3,"[""Grass"", ""Poison""]",0,100,0.875,0,0,0,0,,"{""hp"": 80, ""atk"": 82, ""def"": 83, ""spa"": 100, ""spd"": 100, ""spe"": 80}"
Venusaur-Mega,3,"[""Grass"", ""Poison""]",0,155.5,0.875,0,0,0,1,Venusaurite,"{""hp"": 80, ""atk"": 100, ""def"": 123, ""spa"": 122, ""spd"": 120, ""spe"": 80}"
Venusaur-Gmax,3,"[""Grass"", ""Poison""]",0,0,0.875,0,0,1,0,,"{""hp"": 80, ""atk"": 82, ""def"": 83, ""spa"": 100, ""spd"": 100, ""spe"": 80}"
Charmander,4,"[""Fire""]",1,8.5,0.875,0,0,0,0,,"{""hp"": 39, ""atk"": 52, ""def"": 43, ""spa"": 60, ""spd"": 50, ""spe"": 65}"
Charmeleon,5,"[""Fire""]",1,19,0.875,0,0,0,0,,"{""hp"": 58, ""atk"": 64, ""def"": 58, ""spa"": 80, ""spd"": 65, ""spe"": 80}"
Charizard,6,"[""Fire"", ""Flying""]",0,90.5,0.875,0,0,0,0,,"{""hp"": 78, ""atk"": 84, ""def"": 78, ""spa"": 109, ""spd"": 85, ""spe"": 100}"
Charizard-Mega-X,6,"[""Fire"", ""Dragon""]",0,110.5,0.875,0,0,0,1,Charizardite X,"{""hp"": 78, ""atk"": 130, ""def"": 111, ""spa"": 130, ""spd"": 85, ""spe"": 100}"
Charizard-Mega-Y,6,"[""Fire"", ""Flying""]",0,100.5,0.875,0,0,0,1,Charizardite Y,"{""hp"": 78, ""atk"": 104, ""def"": 78, ""spa"": 159, ""spd"": 115, ""spe"": 100}"
Charizard-Gmax,6,"[""Fire"", ""Flying""]",0,0,0.875,0,0,1,0,,"{""hp"": 78, ""atk"": 84, ""def"": 78, ""spa"": 109, ""spd"": 85, ""spe"": 100}"
Squirtle,7,"[""Water""]",1,9,0.875,0,0,0,0,,"{""hp"": 44, ""atk"": 48, ""def"": 65, ""spa"": 50, ""spd"": 64, ""spe"": 43}"
Wartortle,8,"[""Water""]",1,22.5,0.875,0,0,0,0,,"{""hp"": 59, ""atk"": 63, ""def"": 80, ""spa"": 65, ""spd"": 80, ""spe"": 58}"
Blastoise,9,"[""Water""]",0,85.5,0.875,0,0,0,0,,"{""hp"": 79, ""atk"": 83, ""def"": 100, ""spa"": 85, ""spd"": 105, ""spe"": 78}"
Blastoise-Mega,9,"[""Water""]",0,101.1,0.875,0,0,0,1,Blastoisinite,"{""hp"": 79, ""atk"": 103, ""def"": 120, ""spa"": 135, ""spd"": 115, ""spe"": 78}"
Blastoise-Gmax,9,"[""Water""]",0,0,0.875,0,0,1,0,,"{""hp"": 79, ""atk"": 83, ""def"": 100, ""spa"": 85, ""spd"": 105, ""spe"": 78}"
Caterpie,10,"[""Bug""]",1,2.9,,0,0,0,0,,"{""hp"": 45, ""atk"": 30, ""def"": 35, ""spa"": 20, ""spd"": 20, ""spe"": 45}"
Metapod,11,"[""Bug""]",1,9.9,,0,0,0,0,,"{""hp"": 50, ""atk"": 20, ""def"": 55, ""spa"": 25, ""spd"": 25, ""spe"": 30}"
Butterfree,12,"[""Bug"", ""Flying""]",0,32,,0,0,0,0,,"{""hp"": 60, ""atk"": 45, ""def"": 50, ""spa"": 90, ""spd"": 80, ""spe"": 70}"
Butterfree-Gmax,12,"[""Bug"", ""Flying""]",0,0,,0,0,1,0,,"{""hp"": 60, ""atk"": 45, ""def"": 50, ""spa"": 90, ""spd"": 80, ""spe"": 70}"
Weedle,13,"[""Bug"", ""Poison""]",1,3.2,,0,0,0,0,,"{""hp"": 40, ""atk"": 35, ""def"": 30, ""spa"": 20, ""spd"": 20, ""spe"": 50}"
Kakuna,14,"[""Bug"", ""Poison""]",1,10,,0,0,0,0,,"{""hp"": 45, ""atk"": 25, ""def"": 50, ""spa"": 25, ""spd"": 25, ""spe"": 35}"
Beedrill,15,"[""Bug"", ""Poison""]",0,29.5,,0,0,0,0,,"{""hp"": 65, ""atk"": 90, ""def"": 40, ""spa"": 45, ""spd"": 80, ""spe"": 75}"
Beedrill-Mega,15,"[""Bug"", ""Poison""]",0,40.5,,0,0,0,1,Beedrillite,"{""hp"": 65, ""atk"": 150, ""def"": 40, ""spa"": 15, ""spd"": 80, ""spe"": 145}"
Pidgey,16,"[""Normal"", ""Flying""]",1,1.8,,0,0,0,0,,"{""hp"": 40, ""atk"": 45, ""def"": 40, ""spa"": 35, ""spd"": 35, ""spe"": 56}"
Pidgeotto,17,"[""Normal"", ""Flying""]",1,30,,0,0,0,0,,"{""hp"": 63, ""atk"": 60, ""def"": 55, ""spa"": 50, ""spd"": 50, ""spe"": 71}"
Pidgeot,18,"[""Normal"", ""Flying""]",0,39.5,,0,0,0,0,,"{""hp"": 83, ""atk"": 80, ""def"": 75, ""spa"": 70, ""spd"": 70, ""spe"": 101}"
Pidgeot-Mega,18,"[""Normal"", ""Flying""]",0,50.5,,0,0,0,1,Pidgeotite,"{""hp"": 83, ""atk"": 80, ""def"": 80, ""spa"": 135, ""spd"": 80, ""spe"": 121}"
Rattata,19,"[""Normal""]",1,3.5,,0,0,0,0,,"{""hp"": 30, ""atk"": 56, ""def"": 35, ""spa"": 25, ""spd"": 35, ""spe"": 72}"
Rattata-Alola,19,"[""Dark"", ""Normal""]",1,3.8,,0,0,0,0,,"{""hp"": 30, ""atk"": 56, ""def"": 35, ""spa"": 25, ""spd"": 35, ""spe"": 72}"
Raticate,20,"[""Normal""]",0,18.5,,0,0,0,0,,"{""hp"": 55, ""atk"": 81, ""def"": 60, ""spa"": 50, ""spd"": 70, ""spe"": 97}"
Raticate-Alola,20,"[""Dark"", ""Normal""]",0,25.5,,0,0,0,0,,"{""hp"": 75, ""atk"": 71, ""def"": 70, ""spa"": 40, ""spd"": 80, ""spe"": 77}"
Raticate-Alola-Totem,20,"[""Dark"", ""Normal""]",0,105,,0,0,0,0,,"{""hp"": 75, ""atk"": 71, ""def"": 70, ""spa"": 40, ""spd"": 80, ""spe"": 77}"
Spearow,21,"[""Normal"", ""Flying""]",1,2,,0,0,0,0,,"{""hp"": 40, ""atk"": 60, ""def"": 30, ""spa"": 31, ""spd"": 31, ""spe"": 70}"
Fearow,22,"[""Normal"", ""Flying""]",0,38,,0,0,0,0,,"{""hp"": 65, ""atk"": 90, ""def"": 65, ""spa"": 61, ""spd"": 61, ""spe"": 100}"
Ekans,23,"[""Poison""]",1,6.9,,0,0,0,0,,"{""hp"": 35, ""atk"": 60, ""def"": 44, ""spa"": 40, ""spd"": 54, ""spe"": 55}"
Arbok,24,"[""Poison""]",0,65,,0,0,0,0,,"{""hp"": 60, ""atk"": 95, ""def"": 69, ""spa"": 65, ""spd"": 79, ""spe"": 80}"
Pikachu,25,"[""Electric""]",1,6,,0,0,0,0,,"{""hp"": 35, ""atk"": 55, ""def"": 40, ""spa"": 50, ""spd"": 50, ""spe"": 90}"
Pikachu-Cosplay,25,"[""Electric""]",0,6,,0,0,0,0,,"{""hp"": 35, ""atk"": 55, ""def"": 40, ""spa"": 50, ""spd"": 50, ""spe"": 90}"
Pikachu-Rock-Star,25,"[""Electric""]",0,6,,0,0,0,0,,"{""hp"": 35, ""atk"": 55, ""def"": 40, ""spa"": 50, ""spd"": 50, ""spe"": 90}"
Pikachu-Belle,25,"[""Electric""]",0,6,,0,0,0,0,,"{""hp"": 35, ""atk"": 55, ""def"": 40, ""spa"": 50, ""spd"": 50, ""spe"": 90}"
Pikachu-Pop-Star,25,"[""Electric""]",0,6,,0,0,0,0,,"{""hp"": 35, ""atk"": 55, ""def"": 40, ""spa"": 50, ""spd"": 50, ""spe"": 90}"
Pikachu-PhD,25,"[""Electric""]",0,6,,0,0,0,0,,"{""hp"": 35, ""atk"": 55, ""def"": 40, ""spa"": 50, ""spd"": 50, ""spe"": 90}"
Pikachu-Libre,25,"[""Electric""]",0,6,,0,0,0,0,,"{""hp"": 35, ""atk"": 55, ""def"": 40, ""spa"": 50, ""spd"": 50, ""spe"": 90}"
Pikachu-Original,25,"[""Electric""]",0,6,,0,0,0,0,,"{""hp"": 35, ""atk"": 55, ""def"": 40, ""spa"": 50, ""spd"": 50, ""spe"": 90}"
Pikachu-Hoenn,25,"[""Electric""]",0,6,,0,0,0,0,,"{""hp"": 35, ""atk"": 55, ""def"": 40, ""spa"": 50, ""spd"": 50, ""spe"": 90}"
Pikachu-Sinnoh,25,"[""Electric""]",0,6,,0,0,0,0,,"{""hp"": 35, ""atk"": 55, ""def"": 40, ""spa"": 50, ""spd"": 50, ""spe"": 90}"
Pikachu-Unova,25,"[""Electric""]",0,6,,0,0,0,0,,"{""hp"": 35, ""atk"": 55, ""def"": 40, ""spa"": 50, ""spd"": 50, ""spe"": 90}"
Pikachu-Kalos,25,"[""Electric""]",0,6,,0,0,0,0,,"{""hp"": 35, ""atk"": 55, ""def"": 40, ""spa"": 50, ""spd"": 50, ""spe"": 90}"
Pikachu-Alola,25,"[""Electric""]",0,6,,0,0,0,0,,"{""hp"": 35, ""atk"": 55, ""def"": 40, ""spa"": 50, ""spd"": 50, ""spe"": 90}"
Pikachu-Partner,25,"[""Electric""]",0,6,,0,0,0,0,,"{""hp"": 35, ""atk"": 55, ""def"": 40, ""spa"": 50, ""spd"": 50, ""spe"": 90}"
Pikachu-Starter,25,"[""Electric""]",0,6,,0,0,0,0,,"{""hp"": 45, ""atk"": 80, ""def"": 50, ""spa"": 75, ""spd"": 60, ""spe"": 120}"
Pikachu-Gmax,25,"[""Electric""]",0,0,,0,0,1,0,,"{""hp"": 35, ""atk"": 55, ""def"": 40, ""spa"": 50, ""spd"": 50, ""spe"": 90}"
Pikachu-World,25,"[""Electric""]",0,6,,0,0,0,0,,"{""hp"": 35, ""atk"": 55, ""def"": 40, ""spa"": 50, ""spd"": 50, ""spe"": 90}"
Raichu,26,"[""Electric""]",0,30,,0,0,0,0,,"{""hp"": 60, ""atk"": 90, ""def"": 55, ""spa"": 90, ""spd"": 80, ""spe"": 110}"
Raichu-Alola,26,"[""Electric"", ""Psychic""]",0,21,,0,0,0,0,,"{""hp"": 60, ""atk"": 85, ""def"": 50, ""spa"": 95, ""spd"": 85, ""spe"": 110}"
Sandshrew,27,"[""Ground""]",1,12,,0,0,0,0,,"{""hp"": 50, ""atk"": 75, ""def"": 85, ""spa"": 20, ""spd"": 30, ""spe"": 40}"
Sandshrew-Alola,27,"[""Ice"", ""Steel""]",1,40,,0,0,0,0,,"{""hp"": 50, ""atk"": 75, ""def"": 90, ""spa"": 10, ""spd"": 35, ""spe"": 40}"
Sandslash,28,"[""Ground""]",0,29.5,,0,0,0,0,,"{""hp"": 75, ""atk"": 100, ""def"": 110, ""spa"": 45, ""spd"": 55, ""spe"": 65}"
Sandslash-Alola,28,"[""Ice"", ""Steel""]",0,55,,0,0,0,0,,"{""hp"": 75, ""atk"": 100, ""def"": 120, ""spa"": 25, ""spd"": 65, ""spe"": 65}"
Nidoran-F,29,"[""Poison""]",1,7,,0,0,0,0,,"{""hp"": 55, ""atk"": 47, ""def"": 52, ""spa"": 40, ""spd"": 40, ""spe"": 41}"
Nidorina,30,"[""Poison""]",1,20,,0,0,0,0,,"{""hp"": 70, ""atk"": 62, ""def"": 67, ""spa"": 55, ""spd"": 55, ""spe"": 56}"
Nidoqueen,31,"[""Poison"", ""Ground""]",0,60,,0,0,0,0,,"{""hp"": 90, ""atk"": 92, ""def"": 87, ""spa"": 75, ""spd"": 85, ""spe"": 76}"
Nidoran-M,32,"[""Poison""]",1,9,,0,0,0,0,,"{""hp"": 46, ""atk"": 57, ""def"": 40, ""spa"": 40, ""spd"": 40, ""spe"": 50}"
Nidorino,33,"[""Poison""]",1,19.5,,0,0,0,0,,"{""hp"": 61, ""atk"": 72, ""def"": 57, ""spa"": 55, ""spd"": 55, ""spe"": 65}"
Nidoking,34,"[""Poison"", ""Ground""]",0,62,,0,0,0,0,,"{""hp"": 81, ""atk"": 102, ""def"": 77, ""spa"": 85, ""spd"": 75, ""spe"": 85}"
Clefairy,35,"[""Fairy""]",1,7.5,0.25,0,0,0,0,,"{""hp"": 70, ""atk"": 45, ""def"": 48, ""spa"": 60, ""spd"": 65, ""spe"": 35}"
Clefable,36,"[""Fairy""]",0,40,0.25,0,0,0,0,,"{""hp"": 95, ""atk"": 70, ""def"": 73, ""spa"": 95, ""spd"": 90, ""spe"": 60}"
Vulpix,37,"[""Fire""]",1,9.9,0.25,0,0,0,0,,"{""hp"": 38, ""atk"": 41, ""def"": 40, ""spa"": 50, ""spd"": 65, ""spe"": 65}"
Vulpix-Alola,37,"[""Ice""]",1,9.9,0.25,0,0,0,0,,"{""hp"": 38, ""atk"": 41, ""def"": 40, ""spa"": 50, ""spd"": 65, ""spe"": 65}"
Ninetales,38,"[""Fire""]",0,19.9,0.25,0,0,0,0,,"{""hp"": 73, ""atk"": 76, ""def"": 75, ""spa"": 81, ""spd"": 100, ""spe"": 100}"
Ninetales-Alola,38,"[""Ice"", ""Fairy""]",0,19.9,0.25,0,0,0,0,,"{""hp"": 73, ""atk"": 67, ""def"": 75, ""spa"": 81, ""spd"": 100, ""spe"": 109}"
Jigglypuff,39,"[""Normal"", ""Fairy""]",1,5.5,0.25,0,0,0,0,,"{""hp"": 115, ""atk"": 45, ""def"": 20, ""spa"": 45, ""spd"": 25, ""spe"": 20}"
Wigglytuff,40,"[""Normal"", ""Fairy""]",0,12,0.25,0,0,0,0,,"{""hp"": 140, ""atk"": 70, ""def"": 45, ""spa"": 85, ""spd"": 50, ""spe"": 45}"
Zubat,41,"[""Poison"", ""Flying""]",1,7.5,,0,0,0,0,,"{""hp"": 40, ""atk"": 45, ""def"": 35, ""spa"": 30, ""spd"": 40, ""spe"": 55}"
Golbat,42,"[""Poison"", ""Flying""]",1,55,,0,0,0,0,,"{""hp"": 75, ""atk"": 80, ""def"": 70, ""spa"": 65, ""spd"": 75, ""spe"": 90}"
Oddish,43,"[""Grass"", ""Poison""]",1,5.4,,0,0,0,0,,"{""hp"": 45, ""atk"": 50, ""def"": 55, ""spa"": 75, ""spd"": 65, ""spe"": 30}"
Gloom,44,"[""Grass"", ""Poison""]",1,8.6,,0,0,0,0,,"{""hp"": 60, ""atk"": 65, ""def"": 70, ""spa"": 85, ""spd"": 75, ""spe"": 40}"
Vileplume,45,"[""Grass"", ""Poison""]",0,18.6,,0,0,0,0,,"{""hp"": 75, ""atk"": 80, ""def"": 85, ""spa"": 110, ""spd"": 90, ""spe"": 50}"
Paras,46,"[""Bug"", ""Grass""]",1,5.4,,0,0,0,0,,"{""hp"": 35, ""atk"": 70, ""def"": 55, ""spa"": 45, ""spd"": 55, ""spe"": 25}"
Parasect,47,"[""Bug"", ""Grass""]",0,29.5,,0,0,0,0,,"{""hp"": 60, ""atk"": 95, ""def"": 80, ""spa"": 60, ""spd"": 80, ""spe"": 30}"
Venonat,48,"[""Bug"", ""Poison""]",1,30,,0,0,0,0,,"{""hp"": 60, ""atk"": 55, ""def"": 50, ""spa"": 40, ""spd"": 55, ""spe"": 45}"
Venomoth,49,"[""Bug"", ""Poison""]",0,12.5,,0,0,0,0,,"{""hp"": 70, ""atk"": 65, ""def"": 60, ""spa"": 90, ""spd"": 75, ""spe"": 90}"
Diglett,50,"[""Ground""]",1,0.8,,0,0,0,0,,"{""hp"": 10, ""atk"": 55, ""def"": 25, ""spa"": 35, ""spd"": 45, ""spe"": 95}"
Diglett-Alola,50,"[""Ground"", ""Steel""]",1,1,,0,0,0,0,,"{""hp"": 10, ""atk"": 55, ""def"": 30, ""spa"": 35, ""spd"": 45, ""spe"": 90}"
Dugtrio,51,"[""Ground""]",0,33.3,,0,0,0,0,,"{""hp"": 35, ""atk"": 100, ""def"": 50, ""spa"": 50, ""spd"": 70, ""spe"": 120}"
Dugtrio-Alola,51,"[""Ground"", ""Steel""]",0,66.6,,0,0,0,0,,"{""hp"": 35, ""atk"": 100, ""def"": 60, ""spa"": 50, ""spd"": 70, ""spe"": 110}"
Meowth,52,"[""Normal""]",1,4.2,,0,0,0,0,,"{""hp"": 40, ""atk"": 45, ""def"": 35, ""spa"": 40, ""spd"": 40, ""spe"": 90}"
Meowth-Alola,52,"[""Dark""]",1,4.2,,0,0,0,0,,"{""hp"": 40, ""atk"": 35, ""def"": 35, ""spa"": 50, ""spd"": 40, ""spe"": 90}"
Meowth-Galar,52,"[""Steel""]",1,7.5,,0,0,0,0,,"{""hp"": 50, ""atk"": 65, ""def"": 55, ""spa"": 40, ""spd"": 40, ""spe"": 40}"
Meowth-Gmax,52,"[""Normal""]",0,0,,0,0,1,0,,"{""hp"": 40, ""atk"": 45, ""def"": 35, ""spa"": 40, ""spd"": 40, ""spe"": 90}"
Persian,53,"[""Normal""]",0,32,,0,0,0,0,,"{""hp"": 65, ""atk"": 70, ""def"": 60, ""spa"": 65, ""spd"": 65, ""spe"": 115}"
Persian-Alola,53,"[""Dark""]",0,33,,0,0,0,0,,"{""hp"": 65, ""atk"": 60, ""def"": 60, ""spa"": 75, ""spd"": 65, ""spe"": 115}"
Psyduck,54,"[""Water""]",1,19.6,,0,0,0,0,,"{""hp"": 50, ""atk"": 52, ""def"": 48, ""spa"": 65, ""spd"": 50, ""spe"": 55}"
Golduck,55,"[""Water""]",0,76.6,,0,0,0,0,,"{""hp"": 80, ""atk"": 82, ""def"": 78, ""spa"": 95, ""spd"": 80, ""spe"": 85}"
Mankey,56,"[""Fighting""]",1,28,,0,0,0,0,,"{""hp"": 40, ""atk"": 80, ""def"": 35, ""spa"": 35, ""spd"": 45, ""spe"": 70}"
Primeape,57,"[""Fighting""]",1,32,,0,0,0,0,,"{""hp"": 65, ""atk"": 105, ""def"": 60, ""spa"": 60, ""spd"": 70, ""spe"": 95}"
Growlithe,58,"[""Fire""]",1,19,0.75,0,0,0,0,,"{""hp"": 55, ""atk"": 70, ""def"": 45, ""spa"": 70, ""spd"": 50, ""spe"": 60}"
Growlithe-Hisui,58,"[""Fire"", ""Rock""]",1,22.7,0.75,0,0,0,0,,"{""hp"": 60, ""atk"": 75, ""def"": 45, ""spa"": 65, ""spd"": 50, ""spe"": 55}"
Arcanine,59,"[""Fire""]",0,155,0.75,0,0,0,0,,"{""hp"": 90, ""atk"": 110, ""def"": 80, ""spa"": 100, ""spd"": 80, ""spe"": 95}"
Arcanine-Hisui,59,"[""Fire"", ""Rock""]",0,168,0.75,0,0,0,0,,"{""hp"": 95, ""atk"": 115, ""def"": 80, ""spa"": 95, ""spd"": 80, ""spe"": 90}"
Poliwag,60,"[""Water""]",1,12.4,,0,0,0,0,,"{""hp"": 40, ""atk"": 50, ""def"": 40, ""spa"": 40, ""spd"": 40, ""spe"": 90}"
Poliwhirl,61,"[""Water""]",1,20,,0,0,0,0,,"{""hp"": 65, ""atk"": 65, ""def"": 65, ""spa"": 50, ""spd"": 50, ""spe"": 90}"
Poliwrath,62,"[""Water"", ""Fighting""]",0,54,,0,0,0,0,,"{""hp"": 90, ""atk"": 95, ""def"": 95, ""spa"": 70, ""spd"": 90, ""spe"": 70}"
Abra,63,"[""Psychic""]",1,19.5,0.75,0,0,0,0,,"{""hp"": 25, ""atk"": 20, ""def"": 15, ""spa"": 105, ""spd"": 55, ""spe"": 90}"
Kadabra,64,"[""Psychic""]",1,56.5,0.75,0,0,0,0,,"{""hp"": 40, ""atk"": 35, ""def"": 30, ""spa"": 120, ""spd"": 70, ""spe"": 105}"
Alakazam,65,"[""Psychic""]",0,48,0.75,0,0,0,0,,"{""hp"": 55, ""atk"": 50, ""def"": 45, ""spa"": 135, ""spd"": 95, ""spe"": 120}"
Alakazam-Mega,65,"[""Psychic""]",0,48,0.75,0,0,0,1,Alakazite,"{""hp"": 55, ""atk"": 50, ""def"": 65, ""spa"": 175, ""spd"": 105, ""spe"": 150}"
Machop,66,"[""Fighting""]",1,19.5,0.75,0,0,0,0,,"{""hp"": 70, ""atk"": 80, ""def"": 50, ""spa"": 35, ""spd"": 35, ""spe"": 35}"
Machoke,67,"[""Fighting""]",1,70.5,0.75,0,0,0,0,,"{""hp"": 80, ""atk"": 100, ""def"": 70, ""spa"": 50, ""spd"": 60, ""spe"": 45}"
Machamp,68,"[""Fighting""]",0,130,0.75,0,0,0,0,,"{""hp"": 90, ""atk"": 130, ""def"": 80, ""spa"": 65, ""spd"": 85, ""spe"": 55}"
Machamp-Gmax,68,"[""Fighting""]",0,0,0.75,0,0,1,0,,"{""hp"": 90, ""atk"": 130, ""def"": 80, ""spa"": 65, ""spd"": 85, ""spe"": 55}"
Bellsprout,69,"[""Grass"", ""Poison""]",1,4,,0,0,0,0,,"{""hp"": 50, ""atk"": 75, ""def"": 35, ""spa"": 70, ""spd"": 30, ""spe"": 40}"
Weepinbell,70,"[""Grass"", ""Poison""]",1,6.4,,0,0,0,0,,"{""hp"": 65, ""atk"": 90, ""def"": 50, ""spa"": 85, ""spd"": 45, ""spe"": 55}"
Victreebel,71,"[""Grass"", ""Poison""]",0,15.5,,0,0,0,0,,"{""hp"": 80, ""atk"": 105, ""def"": 65, ""spa"": 100, ""spd"": 70, ""spe"": 70}"
Tentacool,72,"[""Water"", ""Poison""]",1,45.5,,0,0,0,0,,"{""hp"": 40, ""atk"": 40, ""def"": 35, ""spa"": 50, ""spd"": 100, ""spe"": 70}"
Tentacruel,73,"[""Water"", ""Poison""]",0,55,,0,0,0,0,,"{""hp"": 80, ""atk"": 70, ""def"": 65, ""spa"": 80, ""spd"": 120, ""spe"": 100}"
Geodude,74,"[""Rock"", ""Ground""]",1,20,,0,0,0,0,,"{""hp"": 40, ""atk"": 80, ""def"": 100, ""spa"": 30, ""spd"": 30, ""spe"": 20}"
Geodude-Alola,74,"[""Rock"", ""Electric""]",1,20.3,,0,0,0,0,,"{""hp"": 40, ""atk"": 80, ""def"": 100, ""spa"": 30, ""spd"": 30, ""spe"": 20}"
Graveler,75,"[""Rock"", ""Ground""]",1,105,,0,0,0,0,,"{""hp"": 55, ""atk"": 95, ""def"": 115, ""spa"": 45, ""spd"": 45, ""spe"": 35}"
Graveler-Alola,75,"[""Rock"", ""Electric""]",1,110,,0,0,0,0,,"{""hp"": 55, ""atk"": 95, ""def"": 115, ""spa"": 45, ""spd"": 45, ""spe"": 35}"
Golem,76,"[""Rock"", ""Ground""]",0,300,,0,0,0,0,,"{""hp"": 80, ""atk"": 120, ""def"": 130, ""spa"": 55, ""spd"": 65, ""spe"": 45}"
Golem-Alola,76,"[""Rock"", ""Electric""]",0,316,,0,0,0,0,,"{""hp"": 80, ""atk"": 120, ""def"": 130, ""spa"": 55, ""spd"": 65, ""spe"": 45}"
Ponyta,77,"[""Fire""]",1,30,,0,0,0,0,,"{""hp"": 50, ""atk"": 85, ""def"": 55, ""spa"": 65, ""spd"": 65, ""spe"": 90}"
Ponyta-Galar,77,"[""Psychic""]",1,24,,0,0,0,0,,"{""hp"": 50, ""atk"": 85, ""def"": 55, ""spa"": 65, ""spd"": 65, ""spe"": 90}"
Rapidash,78,"[""Fire""]",0,95,,0,0,0,0,,"{""hp"": 65, ""atk"": 100, ""def"": 70, ""spa"": 80, ""spd"": 80, ""spe"": 105}"
Rapidash-Galar,78,"[""Psychic"", ""Fairy""]",0,80,,0,0,0,0,,"{""hp"": 65, ""atk"": 100, ""def"": 70, ""spa"": 80, ""spd"": 80, ""spe"": 105}"
Slowpoke,79,"[""Water"", ""Psychic""]",1,36,,0,0,0,0,,"{""hp"": 90, ""atk"": 65, ""def"": 65, ""spa"": 40, ""spd"": 40, ""spe"": 15}"
Slowpoke-Galar,79,"[""Psychic""]",1,36,,0,0,0,0,,"{""hp"": 90, ""atk"": 65, ""def"": 65, ""spa"": 40, ""spd"": 40, ""spe"": 15}"
Slowbro,80,"[""Water"", ""Psychic""]",0,78.5,,0,0,0,0,,"{""hp"": 95, ""atk"": 75, ""def"": 110, ""spa"": 100, ""spd"": 80, ""spe"": 30}"
Slowbro-Mega,80,"[""Water"", ""Psychic""]",0,120,,0,0,0,1,Slowbronite,"{""hp"": 95, ""atk"": 75, ""def"": 180, ""spa"": 130, ""spd"": 80, ""spe"": 30}"
Slowbro-Galar,80,"[""Poison"", ""Psychic""]",0,70.5,,0,0,0,0,,"{""hp"": 95, ""atk"": 100, ""def"": 95, ""spa"": 100, ""spd"": 70, ""spe"": 30}"
Magnemite,81,"[""Electric"", ""Steel""]",1,6,,0,0,0,0,,"{""hp"": 25, ""atk"": 35, ""def"": 70, ""spa"": 95, ""spd"": 55, ""spe"": 45}"
Magneton,82,"[""Electric"", ""Steel""]",1,60,,0,0,0,0,,"{""hp"": 50, ""atk"": 60, ""def"": 95, ""spa"": 120, ""spd"": 70, ""spe"": 70}"
Farfetch’d,83,"[""Normal"", ""Flying""]",0,15,,0,0,0,0,,"{""hp"": 52, ""atk"": 90, ""def"": 55, ""spa"": 58, ""spd"": 62, ""spe"": 60}"
Farfetch’d-Galar,83,"[""Fighting""]",1,42,,0,0,0,0,,"{""hp"": 52, ""atk"": 95, ""def"": 55, ""spa"": 58, ""spd"": 62, ""spe"": 55}"
Doduo,84,"[""Normal"", ""Flying""]",1,39.2,,0,0,0,0,,"{""hp"": 35, ""atk"": 85, ""def"": 45, ""spa"": 35, ""spd"": 35, ""spe"": 75}"
Dodrio,85,"[""Normal"", ""Flying""]",0,85.2,,0,0,0,0,,"{""hp"": 60, ""atk"": 110, ""def"": 70, ""spa"": 60, ""spd"": 60, ""spe"": 110}"
Seel,86,"[""Water""]",1,90,,0,0,0,0,,"{""hp"": 65, ""atk"": 45, ""def"": 55, ""spa"": 45, ""spd"": 70, ""spe"": 45}"
Dewgong,87,"[""Water"", ""Ice""]",0,120,,0,0,0,0,,"{""hp"": 90, ""atk"": 70, ""def"": 80, ""spa"": 70, ""spd"": 95, ""spe"": 70}"
Grimer,88,"[""Poison""]",1,30,,0,0,0,0,,"{""hp"": 80, ""atk"": 80, ""def"": 50, ""spa"": 40, ""spd"": 50, ""spe"": 25}"
Grimer-Alola,88,"[""Poison"", ""Dark""]",1,42,,0,0,0,0,,"{""hp"": 80, ""atk"": 80, ""def"": 50, ""spa"": 40, ""spd"": 50, ""spe"": 25}"
Muk,89,"[""Poison""]",0,30,,0,0,0,0,,"{""hp"": 105, ""atk"": 105, ""def"": 75, ""spa"": 65, ""spd"": 100, ""spe"": 50}"
Muk-Alola,89,"[""Poison"", ""Dark""]",0,52,,0,0,0,0,,"{""hp"": 105, ""atk"": 105, ""def"": 75, ""spa"": 65, ""spd"": 100, ""spe"": 50}"
Shellder,90,"[""Water""]",1,4,,0,0,0,0,,"{""hp"": 30, ""atk"": 65, ""def"": 100, ""spa"": 45, ""spd"": 25, ""spe"": 40}"
Cloyster,91,"[""Water"", ""Ice""]",0,132.5,,0,0,0,0,,"{""hp"": 50, ""atk"": 95, ""def"": 180, ""spa"": 85, ""spd"": 45, ""spe"": 70}"
Gastly,92,"[""Ghost"", ""Poison""]",1,0.1,,0,0,0,0,,"{""hp"": 30, ""atk"": 35, ""def"": 30, ""spa"": 100, ""spd"": 35, ""spe"": 80}"
Haunter,93,"[""Ghost"", ""Poison""]",1,0.1,,0,0,0,0,,"{""hp"": 45, ""atk"": 50, ""def"": 45, ""spa"": 115, ""spd"": 55, ""spe"": 95}"
Gengar,94,"[""Ghost"", ""Poison""]",0,40.5,,0,0,0,0,,"{""hp"": 60, ""atk"": 65, ""def"": 60, ""spa"": 130, ""spd"": 75, ""spe"": 110}"
Gengar-Mega,94,"[""Ghost"", ""Poison""]",0,40.5,,0,0,0,1,Gengarite,"{""hp"": 60, ""atk"": 65, ""def"": 80, ""spa"": 170, ""spd"": 95, ""spe"": 130}"
Gengar-Gmax,94,"[""Ghost"", ""Poison""]",0,0,,0,0,1,0,,"{""hp"": 60, ""atk"": 65, ""def"": 60, ""spa"": 130, ""spd"": 75, ""spe"": 110}"
Onix,95,"[""Rock"", ""Ground""]",1,210,,0,0,0,0,,"{""hp"": 35, ""atk"": 45, ""def"": 160, ""spa"": 30, ""spd"": 45, ""spe"": 70}"
Drowzee,96,"[""Psychic""]",1,32.4,,0,0,0,0,,"{""hp"": 60, ""atk"": 48, ""def"": 45, ""spa"": 43, ""spd"": 90, ""spe"": 42}"
Hypno,97,"[""Psychic""]",0,75.6,,0,0,0,0,,"{""hp"": 85, ""atk"": 73, ""def"": 70, ""spa"": 73, ""spd"": 115, ""spe"": 67}"
Krabby,98,"[""Water""]",1,6.5,,0,0,0,0,,"{""hp"": 30, ""atk"": 105, ""def"": 90, ""spa"": 25, ""spd"": 25, ""spe"": 50}"
Kingler,99,"[""Water""]",0,60,,0,0,0,0,,"{""hp"": 55, ""atk"": 130, ""def"": 115, ""spa"": 50, ""spd"": 50, ""spe"": 75}"
Kingler-Gmax,99,"[""Water""]",0,0,,0,0,1,0,,"{""hp"": 55, ""atk"": 130, ""def"": 115, ""spa"": 50, ""spd"": 50, ""spe"": 75}"
Voltorb,100,"[""Electric""]",1,10.4,,0,0,0,0,,"{""hp"": 40, ""atk"": 30, ""def"": 50, ""spa"": 55, ""spd"": 55, ""spe"": 100}"
Voltorb-Hisui,100,"[""Electric"", ""Grass""]",1,13,,0,0,0,0,,"{""hp"": 40, ""atk"": 30, ""def"": 50, ""spa"": 55, ""spd"": 55, ""spe"": 100}"
Electrode,101,"[""Electric""]",0,66.6,,0,0,0,0,,"{""hp"": 60, ""atk"": 50, ""def"": 70, ""spa"": 80, ""spd"": 80, ""spe"": 150}"
Electrode-Hisui,101,"[""Electric"", ""Grass""]",0,71,,0,0,0,0,,"{""hp"": 60, ""atk"": 50, ""def"": 70, ""spa"": 80, ""spd"": 80, ""spe"": 150}"
Exeggcute,102,"[""Grass"", ""Psychic""]",1,2.5,,0,0,0,0,,"{""hp"": 60, ""atk"": 40, ""def"": 80, ""spa"": 60, ""spd"": 45, ""spe"": 40}"
Exeggutor,103,"[""Grass"", ""Psychic""]",0,120,,0,0,0,0,,"{""hp"": 95, ""atk"": 95, ""def"": 85, ""spa"": 125, ""spd"": 75, ""spe"": 55}"
Exeggutor-Alola,103,"[""Grass"", ""Dragon""]",0,415.6,,0,0,0,0,,"{""hp"": 95, ""atk"": 105, ""def"": 85, ""spa"": 125, ""spd"": 75, ""spe"": 45}"
Cubone,104,"[""Ground""]",1,6.5,,0,0,0,0,,"{""hp"": 50, ""atk"": 50, ""def"": 95, ""spa"": 40, ""spd"": 50, ""spe"": 35}"
Marowak,105,"[""Ground""]",0,45,,0,0,0,0,,"{""hp"": 60, ""atk"": 80, ""def"": 110, ""spa"": 50, ""spd"": 80, ""spe"": 45}"
Marowak-Alola,105,"[""Fire"", ""Ghost""]",0,34,,0,0,0,0,,"{""hp"": 60, ""atk"": 80, ""def"": 110, ""spa"": 50, ""spd"": 80, ""spe"": 45}"
Marowak-Alola-Totem,105,"[""Fire"", ""Ghost""]",0,98,,0,0,0,0,,"{""hp"": 60, ""atk"": 80, ""def"": 110, ""spa"": 50, ""spd"": 80, ""spe"": 45}"
Hitmonlee,106,"[""Fighting""]",0,49.8,,0,0,0,0,,"{""hp"": 50, ""atk"": 120, ""def"": 53, ""spa"": 35, ""spd"": 110, ""spe"": 87}"
Hitmonchan,107,"[""Fighting""]",0,50.2,,0,0,0,0,,"{""hp"": 50, ""atk"": 105, ""def"": 79, ""spa"": 35, ""spd"": 110, ""spe"": 76}"
Lickitung,108,"[""Normal""]",1,65.5,,0,0,0,0,,"{""hp"": 90, ""atk"": 55, ""def"": 75, ""spa"": 60, ""spd"": 75, ""spe"": 30}"
Koffing,109,"[""Poison""]",1,1,,0,0,0,0,,"{""hp"": 40, ""atk"": 65, ""def"": 95, ""spa"": 60, ""spd"": 45, ""spe"": 35}"
Weezing,110,"[""Poison""]",0,9.5,,0,0,0,0,,"{""hp"": 65, ""atk"": 90, ""def"": 120, ""spa"": 85, ""spd"": 70, ""spe"": 60}"
Weezing-Galar,110,"[""Poison"", ""Fairy""]",0,16,,0,0,0,0,,"{""hp"": 65, ""atk"": 90, ""def"": 120, ""spa"": 85, ""spd"": 70, ""spe"": 60}"
Rhyhorn,111,"[""Ground"", ""Rock""]",1,115,,0,0,0,0,,"{""hp"": 80, ""atk"": 85, ""def"": 95, ""spa"": 30, ""spd"": 30, ""spe"": 25}"
Rhydon,112,"[""Ground"", ""Rock""]",1,120,,0,0,0,0,,"{""hp"": 105, ""atk"": 130, ""def"": 120, ""spa"": 45, ""spd"": 45, ""spe"": 40}"
Chansey,113,"[""Normal""]",1,34.6,,0,0,0,0,,"{""hp"": 250, ""atk"": 5, ""def"": 5, ""spa"": 35, ""spd"": 105, ""spe"": 50}"
Tangela,114,"[""Grass""]",1,35,,0,0,0,0,,"{""hp"": 65, ""atk"": 55, ""def"": 115, ""spa"": 100, ""spd"": 40, ""spe"": 60}"
Kangaskhan,115,"[""Normal""]",0,80,,0,0,0,0,,"{""hp"": 105, ""atk"": 95, ""def"": 80, ""spa"": 40, ""spd"": 80, ""spe"": 90}"
Kangaskhan-Mega,115,"[""Normal""]",0,100,,0,0,0,1,Kangaskhanite,"{""hp"": 105, ""atk"": 125, ""def"": 100, ""spa"": 60, ""spd"": 100, ""spe"": 100}"
Horsea,116,"[""Water""]",1,8,,0,0,0,0,,"{""hp"": 30, ""atk"": 40, ""def"": 70, ""spa"": 70, ""spd"": 25, ""spe"": 60}"
Seadra,117,"[""Water""]",1,25,,0,0,0,0,,"{""hp"": 55, ""atk"": 65, ""def"": 95, ""spa"": 95, ""spd"": 45, ""spe"": 85}"
Goldeen,118,"[""Water""]",1,15,,0,0,0,0,,"{""hp"": 45, ""atk"": 67, ""def"": 60, ""spa"": 35, ""spd"": 50, ""spe"": 63}"
Seaking,119,"[""Water""]",0,39,,0,0,0,0,,"{""hp"": 80, ""atk"": 92, ""def"": 65, ""spa"": 65, ""spd"": 80, ""spe"": 68}"
Staryu,120,"[""Water""]",1,34.5,,0,0,0,0,,"{""hp"": 30, ""atk"": 45, ""def"": 55, ""spa"": 70, ""spd"": 55, ""spe"": 85}"
Starmie,121,"[""Water"", ""Psychic""]",0,80,,0,0,0,0,,"{""hp"": 60, ""atk"": 75, ""def"": 85, ""spa"": 100, ""spd"": 85, ""spe"": 115}"
Mr. Mime,122,"[""Psychic"", ""Fairy""]",0,54.5,,0,0,0,0,,"{""hp"": 40, ""atk"": 45, ""def"": 65, ""spa"": 100, ""spd"": 120, ""spe"": 90}"
Mr. Mime-Galar,122,"[""Ice"", ""Psychic""]",1,56.8,,0,0,0,0,,"{""hp"": 50, ""atk"": 65, ""def"": 65, ""spa"": 90, ""spd"": 90, ""spe"": 100}"
Scyther,123,"[""Bug"", ""Flying""]",1,56,,0,0,0,0,,"{""hp"": 70, ""atk"": 110, ""def"": 80, ""spa"": 55, ""spd"": 80, ""spe"": 105}"
Jynx,124,"[""Ice"", ""Psychic""]",0,40.6,,0,0,0,0,,"{""hp"": 65, ""atk"": 50, ""def"": 35, ""spa"": 115, ""spd"": 95, ""spe"": 95}"
Electabuzz,125,"[""Electric""]",1,30,0.75,0,0,0,0,,"{""hp"": 65, ""atk"": 83, ""def"": 57, ""spa"": 95, ""spd"": 85, ""spe"": 105}"
Magmar,126,"[""Fire""]",1,44.5,0.75,0,0,0,0,,"{""hp"": 65, ""atk"": 95, ""def"": 57, ""spa"": 100, ""spd"": 85, ""spe"": 93}"
Pinsir,127,"[""Bug""]",0,55,,0,0,0,0,,"{""hp"": 65, ""atk"": 125, ""def"": 100, ""spa"": 55, ""spd"": 70, ""spe"": 85}"
Pinsir-Mega,127,"[""Bug"", ""Flying""]",0,59,,0,0,0,1,Pinsirite,"{""hp"": 65, ""atk"": 155, ""def"": 120, ""spa"": 65, ""spd"": 90, ""spe"": 105}"
Tauros,128,"[""Normal""]",0,88.4,,0,0,0,0,,"{""hp"": 75, ""atk"": 100, ""def"": 95, ""spa"": 40, ""spd"": 70, ""spe"": 110}"
Tauros-Paldea-Combat,128,"[""Fighting""]",0,115,,0,0,0,0,,"{""hp"": 75, ""atk"": 110, ""def"": 105, ""spa"": 30, ""spd"": 70, ""spe"": 100}"
Tauros-Paldea-Blaze,128,"[""Fighting"", ""Fire""]",0,85,,0,0,0,0,,"{""hp"": 75, ""atk"": 110, ""def"": 105, ""spa"": 30, ""spd"": 70, ""spe"": 100}"
Tauros-Paldea-Aqua,128,"[""Fighting"", ""Water""]",0,110,,0,0,0,0,,"{""hp"": 75, ""atk"": 110, ""def"": 105, ""spa"": 30, ""spd"": 70, ""spe"": 100}"
Magikarp,129,"[""Water""]",1,10,,0,0,0,0,,"{""hp"": 20, ""atk"": 10, ""def"": 55, ""spa"": 15, ""spd"": 20, ""spe"": 80}"
Gyarados,130,"[""Water"", ""Flying""]",0,235,,0,0,0,0,,"{""hp"": 95, ""atk"": 125, ""def"": 79, ""spa"": 60, ""spd"": 100, ""spe"": 81}"
Gyarados-Mega,130,"[""Water"", ""Dark""]",0,305,,0,0,0,1,Gyaradosite,"{""hp"": 95, ""atk"": 155, ""def"": 109, ""spa"": 70, ""spd"": 130, ""spe"": 81}"
Lapras,131,"[""Water"", ""Ice""]",0,220,,0,0,0,0,,"{""hp"": 130, ""atk"": 85, ""def"": 80, ""spa"": 85, ""spd"": 95, ""spe"": 60}"
Lapras-Gmax,131,"[""Water"", ""Ice""]",0,0,,0,0,1,0,,"{""hp"": 130, ""atk"": 85, ""def"": 80, ""spa"": 85, ""spd"": 95, ""spe"": 60}"
Ditto,132,"[""Normal""]",0,4,,0,0,0,0,,"{""hp"": 48, ""atk"": 48, ""def"": 48, ""spa"": 48, ""spd"": 48, ""spe"": 48}"
Eevee,133,"[""Normal""]",1,6.5,0.875,0,0,0,0,,"{""hp"": 55, ""atk"": 55, ""def"": 50, ""spa"": 45, ""spd"": 65, ""spe"": 55}"
Eevee-Starter,133,"[""Normal""]",0,6.5,0.875,0,0,0,0,,"{""hp"": 65, ""atk"": 75, ""def"": 70, ""spa"": 65, ""spd"": 85, ""spe"": 75}"
Eevee-Gmax,133,"[""Normal""]",0,0,0.875,0,0,1,0,,"{""hp"": 55, ""atk"": 55, ""def"": 50, ""spa"": 45, ""spd"": 65, ""spe"": 55}"
Vaporeon,134,"[""Water""]",0,29,0.875,0,0,0,0,,"{""hp"": 130, ""atk"": 65, ""def"": 60, ""spa"": 110, ""spd"": 95, ""spe"": 65}"
Jolteon,135,"[""Electric""]",0,24.5,0.875,0,0,0,0,,"{""hp"": 65, ""atk"": 65, ""def"": 60, ""spa"": 110, ""spd"": 95, ""spe"": 130}"
Flareon,136,"[""Fire""]",0,25,0.875,0,0,0,0,,"{""hp"": 65, ""atk"": 130, ""def"": 60, ""spa"": 95, ""spd"": 110, ""spe"": 65}"
Porygon,137,"[""Normal""]",1,36.5,,0,0,0,0,,"{""hp"": 65, ""atk"": 60, ""def"": 70, ""spa"": 85, ""spd"": 75, ""spe"": 40}"
Omanyte,138,"[""Rock"", ""Water""]",1,7.5,0.875,0,0,0,0,,"{""hp"": 35, ""atk"": 40, ""def"": 100, ""spa"": 90, ""spd"": 55, ""spe"": 35}"
Omastar,139,"[""Rock"", ""Water""]",0,35,0.875,0,0,0,0,,"{""hp"": 70, ""atk"": 60, ""def"": 125, ""spa"": 115, ""spd"": 70, ""spe"": 55}"
Kabuto,140,"[""Rock"", ""Water""]",1,11.5,0.875,0,0,0,0,,"{""hp"": 30, ""atk"": 80, ""def"": 90, ""spa"": 55, ""spd"": 45, ""spe"": 55}"
Kabutops,141,"[""Rock"", ""Water""]",0,40.5,0.875,0,0,0,0,,"{""hp"": 60, ""atk"": 115, ""def"": 105, ""spa"": 65, ""spd"": 70, ""spe"": 80}"
Aerodactyl,142,"[""Rock"", ""Flying""]",0,59,0.875,0,0,0,0,,"{""hp"": 80, ""atk"": 105, ""def"": 65, ""spa"": 60, ""spd"": 75, ""spe"": 130}"
Aerodactyl-Mega,142,"[""Rock"", ""Flying""]",0,79,0.875,0,0,0,1,Aerodactylite,"{""hp"": 80, ""atk"": 135, ""def"": 85, ""spa"": 70, ""spd"": 95, ""spe"": 150}"
Snorlax,143,"[""Normal""]",0,460,0.875,0,0,0,0,,"{""hp"": 160, ""atk"": 110, ""def"": 65, ""spa"": 65, ""spd"": 110, ""spe"": 30}"
Snorlax-Gmax,143,"[""Normal""]",0,0,0.875,0,0,1,0,,"{""hp"": 160, ""atk"": 110, ""def"": 65, ""spa"": 65, ""spd"": 110, ""spe"": 30}"
Articuno,144,"[""Ice"", ""Flying""]",0,55.4,,0,0,0,0,,"{""hp"": 90, ""atk"": 85, ""def"": 100, ""spa"": 95, ""spd"": 125, ""spe"": 85}"
Articuno-Galar,144,"[""Psychic"", ""Flying""]",0,50.9,,0,0,0,0,,"{""hp"": 90, ""atk"": 85, ""def"": 85, ""spa"": 125, ""spd"": 100, ""spe"": 95}"
Zapdos,145,"[""Electric"", ""Flying""]",0,52.6,,0,0,0,0,,"{""hp"": 90, ""atk"": 90, ""def"": 85, ""spa"": 125, ""spd"": 90, ""spe"": 100}"
Zapdos-Galar,145,"[""Fighting"", ""Flying""]",0,58.2,,0,0,0,0,,"{""hp"": 90, ""atk"": 125, ""def"": 90, ""spa"": 85, ""spd"": 90, ""spe"": 100}"
Moltres,146,"[""Fire"", ""Flying""]",0,60,,0,0,0,0,,"{""hp"": 90, ""atk"": 100, ""def"": 90, ""spa"": 125, ""spd"": 85, ""spe"": 90}"
Moltres-Galar,146,"[""Dark"", ""Flying""]",0,66,,0,0,0,0,,"{""hp"": 90, ""atk"": 85, ""def"": 90, ""spa"": 100, ""spd"": 125, ""spe"": 90}"
Dratini,147,"[""Dragon""]",1,3.3,,0,0,0,0,,"{""hp"": 41, ""atk"": 64, ""def"": 45, ""spa"": 50, ""spd"": 50, ""spe"": 50}"
Dragonair,148,"[""Dragon""]",1,16.5,,0,0,0,0,,"{""hp"": 61, ""atk"": 84, ""def"": 65, ""spa"": 70, ""spd"": 70, ""spe"": 70}"
Dragonite,149,"[""Dragon"", ""Flying""]",0,210,,0,0,0,0,,"{""hp"": 91, ""atk"": 134, ""def"": 95, ""spa"": 100, ""spd"": 100, ""spe"": 80}"
Mewtwo,150,"[""Psychic""]",0,122,,0,1,0,0,,"{""hp"": 106, ""atk"": 110, ""def"": 90, ""spa"": 154, ""spd"": 90, ""spe"": 130}"
Mewtwo-Mega-X,150,"[""Psychic"", ""Fighting""]",0,127,,0,0,0,1,Mewtwonite X,"{""hp"": 106, ""atk"": 190, ""def"": 100, ""spa"": 154, ""spd"": 100, ""spe"": 130}"
Mewtwo-Mega-Y,150,"[""Psychic""]",0,33,,0,0,0,1,Mewtwonite Y,"{""hp"": 106, ""atk"": 150, ""def"": 70, ""spa"": 194, ""spd"": 120, ""spe"": 140}"
Mew,151,"[""Psychic""]",0,4,,1,0,0,0,,"{""hp"": 100, ""atk"": 100, ""def"": 100, ""spa"": 100, ""spd"": 100, ""spe"": 100}"
Chikorita,152,"[""Grass""]",1,6.4,0.875,0,0,0,0,,"{""hp"": 45, ""atk"": 49, ""def"": 65, ""spa"": 49, ""spd"": 65, ""spe"": 45}"
Bayleef,153,"[""Grass""]",1,15.8,0.875,0,0,0,0,,"{""hp"": 60, ""atk"": 62, ""def"": 80, ""spa"": 63, ""spd"": 80, ""spe"": 60}"
Meganium,154,"[""Grass""]",0,100.5,0.875,0,0,0,0,,"{""hp"": 80, ""atk"": 82, ""def"": 100, ""spa"": 83, ""spd"": 100, ""spe"": 80}"
Cyndaquil,155,"[""Fire""]",1,7.9,0.875,0,0,0,0,,"{""hp"": 39, ""atk"": 52, ""def"": 43, ""spa"": 60, ""spd"": 50, ""spe"": 65}"
Quilava,156,"[""Fire""]",1,19,0.875,0,0,0,0,,"{""hp"": 58, ""atk"": 64, ""def"": 58, ""spa"": 80, ""spd"": 65, ""spe"": 80}"
Typhlosion,157,"[""Fire""]",0,79.5,0.875,0,0,0,0,,"{""hp"": 78, ""atk"": 84, ""def"": 78, ""spa"": 109, ""spd"": 85, ""spe"": 100}"
Typhlosion-Hisui,157,"[""Fire"", ""Ghost""]",0,69.8,0.875,0,0,0,0,,"{""hp"": 73, ""atk"": 84, ""def"": 78, ""spa"": 119, ""spd"": 85, ""spe"": 95}"
Totodile,158,"[""Water""]",1,9.5,0.875,0,0,0,0,,"{""hp"": 50, ""atk"": 65, ""def"": 64, ""spa"": 44, ""spd"": 48, ""spe"": 43}"
Croconaw,159,"[""Water""]",1,25,0.875,0,0,0,0,,"{""hp"": 65, ""atk"": 80, ""def"": 80, ""spa"": 59, ""spd"": 63, ""spe"": 58}"
Feraligatr,160,"[""Water""]",0,88.8,0.875,0,0,0,0,,"{""hp"": 85, ""atk"": 105, ""def"": 100, ""spa"": 79, ""spd"": 83, ""spe"": 78}"
Sentret,161,"[""Normal""]",1,6,,0,0,0,0,,"{""hp"": 35, ""atk"": 46, ""def"": 34, ""spa"": 35, ""spd"": 45, ""spe"": 20}"
Furret,162,"[""Normal""]",0,32.5,,0,0,0,0,,"{""hp"": 85, ""atk"": 76, ""def"": 64, ""spa"": 45, ""spd"": 55, ""spe"": 90}"
Hoothoot,163,"[""Normal"", ""Flying""]",1,21.2,,0,0,0,0,,"{""hp"": 60, ""atk"": 30, ""def"": 30, ""spa"": 36, ""spd"": 56, ""spe"": 50}"
Noctowl,164,"[""Normal"", ""Flying""]",0,40.8,,0,0,0,0,,"{""hp"": 100, ""atk"": 50, ""def"": 50, ""spa"": 86, ""spd"": 96, ""spe"": 70}"
Ledyba,165,"[""Bug"", ""Flying""]",1,10.8,,0,0,0,0,,"{""hp"": 40, ""atk"": 20, ""def"": 30, ""spa"": 40, ""spd"": 80, ""spe"": 55}"
Ledian,166,"[""Bug"", ""Flying""]",0,35.6,,0,0,0,0,,"{""hp"": 55, ""atk"": 35, ""def"": 50, ""spa"": 55, ""spd"": 110, ""spe"": 85}"
Spinarak,167,"[""Bug"", ""Poison""]",1,8.5,,0,0,0,0,,"{""hp"": 40, ""atk"": 60, ""def"": 40, ""spa"": 40, ""spd"": 40, ""spe"": 30}"
Ariados,168,"[""Bug"", ""Poison""]",0,33.5,,0,0,0,0,,"{""hp"": 70, ""atk"": 90, ""def"": 70, ""spa"": 60, ""spd"": 70, ""spe"": 40}"
Crobat,169,"[""Poison"", ""Flying""]",0,75,,0,0,0,0,,"{""hp"": 85, ""atk"": 90, ""def"": 80, ""spa"": 70, ""spd"": 80, ""spe"": 130}"
Chinchou,170,"[""Water"", ""Electric""]",1,12,,0,0,0,0,,"{""hp"": 75, ""atk"": 38, ""def"": 38, ""spa"": 56, ""spd"": 56, ""spe"": 67}"
Lanturn,171,"[""Water"", ""Electric""]",0,22.5,,0,0,0,0,,"{""hp"": 125, ""atk"": 58, ""def"": 58, ""spa"": 76, ""spd"": 76, ""spe"": 67}"
Pichu,172,"[""Electric""]",1,2,,0,0,0,0,,"{""hp"": 20, ""atk"": 40, ""def"": 15, ""spa"": 35, ""spd"": 35, ""spe"": 60}"
Pichu-Spiky-eared,172,"[""Electric""]",0,2,,0,0,0,0,,"{""hp"": 20, ""atk"": 40, ""def"": 15, ""spa"": 35, ""spd"": 35, ""spe"": 60}"
Cleffa,173,"[""Fairy""]",1,3,0.25,0,0,0,0,,"{""hp"": 50, ""atk"": 25, ""def"": 28, ""spa"": 45, ""spd"": 55, ""spe"": 15}"
Igglybuff,174,"[""Normal"", ""Fairy""]",1,1,0.25,0,0,0,0,,"{""hp"": 90, ""atk"": 30, ""def"": 15, ""spa"": 40, ""spd"": 20, ""spe"": 15}"
Togepi,175,"[""Fairy""]",1,1.5,0.875,0,0,0,0,,"{""hp"": 35, ""atk"": 20, ""def"": 65, ""spa"": 40, ""spd"": 65, ""spe"": 20}"
Togetic,176,"[""Fairy"", ""Flying""]",1,3.2,0.875,0,0,0,0,,"{""hp"": 55, ""atk"": 40, ""def"": 85, ""spa"": 80, ""spd"": 105, ""spe"": 40}"
Natu,177,"[""Psychic"", ""Flying""]",1,2,,0,0,0,0,,"{""hp"": 40, ""atk"": 50, ""def"": 45, ""spa"": 70, ""spd"": 45, ""spe"": 70}"
Xatu,178,"[""Psychic"", ""Flying""]",0,15,,0,0,0,0,,"{""hp"": 65, ""atk"": 75, ""def"": 70, ""spa"": 95, ""spd"": 70, ""spe"": 95}"
Mareep,179,"[""Electric""]",1,7.8,,0,0,0,0,,"{""hp"": 55, ""atk"": 40, ""def"": 40, ""spa"": 65, ""spd"": 45, ""spe"": 35}"
Flaaffy,180,"[""Electric""]",1,13.3,,0,0,0,0,,"{""hp"": 70, ""atk"": 55, ""def"": 55, ""spa"": 80, ""spd"": 60, ""spe"": 45}"
Ampharos,181,"[""Electric""]",0,61.5,,0,0,0,0,,"{""hp"": 90, ""atk"": 75, ""def"": 85, ""spa"": 115, ""spd"": 90, ""spe"": 55}"
Ampharos-Mega,181,"[""Electric"", ""Dragon""]",0,61.5,,0,0,0,1,Ampharosite,"{""hp"": 90, ""atk"": 95, ""def"": 105, ""spa"": 165, ""spd"": 110, ""spe"": 45}"
Bellossom,182,"[""Grass""]",0,5.8,,0,0,0,0,,"{""hp"": 75, ""atk"": 80, ""def"": 95, ""spa"": 90, ""spd"": 100, ""spe"": 50}"
Marill,183,"[""Water"", ""Fairy""]",1,8.5,,0,0,0,0,,"{""hp"": 70, ""atk"": 20, ""def"": 50, ""spa"": 20, ""spd"": 50, ""spe"": 40}"
Azumarill,184,"[""Water"", ""Fairy""]",0,28.5,,0,0,0,0,,"{""hp"": 100, ""atk"": 50, ""def"": 80, ""spa"": 60, ""spd"": 80, ""spe"": 50}"
Sudowoodo,185,"[""Rock""]",0,38,,0,0,0,0,,"{""hp"": 70, ""atk"": 100, ""def"": 115, ""spa"": 30, ""spd"": 65, ""spe"": 30}"
Politoed,186,"[""Water""]",0,33.9,,0,0,0,0,,"{""hp"": 90, ""atk"": 75, ""def"": 75, ""spa"": 90, ""spd"": 100, ""spe"": 70}"
Hoppip,187,"[""Grass"", ""Flying""]",1,0.5,,0,0,0,0,,"{""hp"": 35, ""atk"": 35, ""def"": 40, ""spa"": 35, ""spd"": 55, ""spe"": 50}"
Skiploom,188,"[""Grass"", ""Flying""]",1,1,,0,0,0,0,,"{""hp"": 55, ""atk"": 45, ""def"": 50, ""spa"": 45, ""spd"": 65, ""spe"": 80}"
Jumpluff,189,"[""Grass"", ""Flying""]",0,3,,0,0,0,0,,"{""hp"": 75, ""atk"": 55, ""def"": 70, ""spa"": 55, ""spd"": 95, ""spe"": 110}"
Aipom,190,"[""Normal""]",1,11.5,,0,0,0,0,,"{""hp"": 55, ""atk"": 70, ""def"": 55, ""spa"": 40, ""spd"": 55, ""spe"": 85}"
Sunkern,191,"[""Grass""]",1,1.8,,0,0,0,0,,"{""hp"": 30, ""atk"": 30, ""def"": 30, ""spa"": 30, ""spd"": 30, ""spe"": 30}"
Sunflora,192,"[""Grass""]",0,8.5,,0,0,0,0,,"{""hp"": 75, ""atk"": 75, ""def"": 55, ""spa"": 105, ""spd"": 85, ""spe"": 30}"
Yanma,193,"[""Bug"", ""Flying""]",1,38,,0,0,0,0,,"{""hp"": 65, ""atk"": 65, ""def"": 45, ""spa"": 75, ""spd"": 45, ""spe"": 95}"
Wooper,194,"[""Water"", ""Ground""]",1,8.5,,0,0,0,0,,"{""hp"": 55, ""atk"": 45, ""def"": 45, ""spa"": 25, ""spd"": 25, ""spe"": 15}"
Wooper-Paldea,194,"[""Poison"", ""Ground""]",1,11,,0,0,0,0,,"{""hp"": 55, ""atk"": 45, ""def"": 45, ""spa"": 25, ""spd"": 25, ""spe"": 15}"
Quagsire,195,"[""Water"", ""Ground""]",0,75,,0,0,0,0,,"{""hp"": 95, ""atk"": 85, ""def"": 85, ""spa"": 65, ""spd"": 65, ""spe"": 35}"
Espeon,196,"[""Psychic""]",0,26.5,0.875,0,0,0,0,,"{""hp"": 65, ""atk"": 65, ""def"": 60, ""spa"": 130, ""spd"": 95, ""spe"": 110}"
Umbreon,197,"[""Dark""]",0,27,0.875,0,0,0,0,,"{""hp"": 95, ""atk"": 65, ""def"": 110, ""spa"": 60, ""spd"": 130, ""spe"": 65}"
Murkrow,198,"[""Dark"", ""Flying""]",1,2.1,,0,0,0,0,,"{""hp"": 60, ""atk"": 85, ""def"": 42, ""spa"": 85, ""spd"": 42, ""spe"": 91}"
Slowking,199,"[""Water"", ""Psychic""]",0,79.5,,0,0,0,0,,"{""hp"": 95, ""atk"": 75, ""def"": 80, ""spa"": 100, ""spd"": 110, ""spe"": 30}"
Slowking-Galar,199,"[""Poison"", ""Psychic""]",0,79.5,,0,0,0,0,,"{""hp"": 95, ""atk"": 65, ""def"": 80, ""spa"": 110, ""spd"": 110, ""spe"": 30}"
Misdreavus,200,"[""Ghost""]",1,1,,0,0,0,0,,"{""hp"": 60, ""atk"": 60, ""def"": 60, ""spa"": 85, ""spd"": 85, ""spe"": 85}"
Unown,201,"[""Psychic""]",0,5,,0,0,0,0,,"{""hp"": 48, ""atk"": 72, ""def"": 48, ""spa"": 72, ""spd"": 48, ""spe"": 48}"
Wobbuffet,202,"[""Psychic""]",0,28.5,,0,0,0,0,,"{""hp"": 190, ""atk"": 33, ""def"": 58, ""spa"": 33, ""spd"": 58, ""spe"": 33}"
Girafarig,203,"[""Normal"", ""Psychic""]",1,41.5,,0,0,0,0,,"{""hp"": 70, ""atk"": 80, ""def"": 65, ""spa"": 90, ""spd"": 65, ""spe"": 85}"
Pineco,204,"[""Bug""]",1,7.2,,0,0,0,0,,"{""hp"": 50, ""atk"": 65, ""def"": 90, ""spa"": 35, ""spd"": 35, ""spe"": 15}"
Forretress,205,"[""Bug"", ""Steel""]",0,125.8,,0,0,0,0,,"{""hp"": 75, ""atk"": 90, ""def"": 140, ""spa"": 60, ""spd"": 60, ""spe"": 40}"
Dunsparce,206,"[""Normal""]",1,14,,0,0,0,0,,"{""hp"": 100, ""atk"": 70, ""def"": 70, ""spa"": 65, ""spd"": 65, ""spe"": 45}"
Gligar,207,"[""Ground"", ""Flying""]",1,64.8,,0,0,0,0,,"{""hp"": 65, ""atk"": 75, ""def"": 105, ""spa"": 35, ""spd"": 65, ""spe"": 85}"
Steelix,208,"[""Steel"", ""Ground""]",0,400,,0,0,0,0,,"{""hp"": 75, ""atk"": 85, ""def"": 200, ""spa"": 55, ""spd"": 65, ""spe"": 30}"
Steelix-Mega,208,"[""Steel"", ""Ground""]",0,740,,0,0,0,1,Steelixite,"{""hp"": 75, ""atk"": 125, ""def"": 230, ""spa"": 55, ""spd"": 95, ""spe"": 30}"
Snubbull,209,"[""Fairy""]",1,7.8,0.25,0,0,0,0,,"{""hp"": 60, ""atk"": 80, ""def"": 50, ""spa"": 40, ""spd"": 40, ""spe"": 30}"
Granbull,210,"[""Fairy""]",0,48.7,0.25,0,0,0,0,,"{""hp"": 90, ""atk"": 120, ""def"": 75, ""spa"": 60, ""spd"": 60, ""spe"": 45}"
Qwilfish,211,"[""Water"", ""Poison""]",0,3.9,,0,0,0,0,,"{""hp"": 65, ""atk"": 95, ""def"": 85, ""spa"": 55, ""spd"": 55, ""spe"": 85}"
Qwilfish-Hisui,211,"[""Dark"", ""Poison""]",1,3.9,,0,0,0,0,,"{""hp"": 65, ""atk"": 95, ""def"": 85, ""spa"": 55, ""spd"": 55, ""spe"": 85}"
Scizor,212,"[""Bug"", ""Steel""]",0,118,,0,0,0,0,,"{""hp"": 70, ""atk"": 130, ""def"": 100, ""spa"": 55, ""spd"": 80, ""spe"": 65}"
Scizor-Mega,212,"[""Bug"", ""Steel""]",0,125,,0,0,0,1,Scizorite,"{""hp"": 70, ""atk"": 150, ""def"": 140, ""spa"": 65, ""spd"": 100, ""spe"": 75}"
Shuckle,213,"[""Bug"", ""Rock""]",0,20.5,,0,0,0,0,,"{""hp"": 20, ""atk"": 10, ""def"": 230, ""spa"": 10, ""spd"": 230, ""spe"": 5}"
Heracross,214,"[""Bug"", ""Fighting""]",0,54,,0,0,0,0,,"{""hp"": 80, ""atk"": 125, ""def"": 75, ""spa"": 40, ""spd"": 95, ""spe"": 85}"
Heracross-Mega,214,"[""Bug"", ""Fighting""]",0,62.5,,0,0,0,1,Heracronite,"{""hp"": 80, ""atk"": 185, ""def"": 115, ""spa"": 40, ""spd"": 105, ""spe"": 75}"
Sneasel,215,"[""Dark"", ""Ice""]",1,28,,0,0,0,0,,"{""hp"": 55, ""atk"": 95, ""def"": 55, ""spa"": 35, ""spd"": 75, ""spe"": 115}"
Sneasel-Hisui,215,"[""Fighting"", ""Poison""]",1,27,,0,0,0,0,,"{""hp"": 55, ""atk"": 95, ""def"": 55, ""spa"": 35, ""spd"": 75, ""spe"": 115}"
Teddiursa,216,"[""Normal""]",1,8.8,,0,0,0,0,,"{""hp"": 60, ""atk"": 80, ""def"": 50, ""spa"": 50, ""spd"": 50, ""spe"": 40}"
Ursaring,217,"[""Normal""]",1,125.8,,0,0,0,0,,"{""hp"": 90, ""atk"": 130, ""def"": 75, ""spa"": 75, ""spd"": 75, ""spe"": 55}"
Slugma,218,"[""Fire""]",1,35,,0,0,0,0,,"{""hp"": 40, ""atk"": 40, ""def"": 40, ""spa"": 70, ""spd"": 40, ""spe"": 20}"
Magcargo,219,"[""Fire"", ""Rock""]",0,55,,0,0,0,0,,"{""hp"": 60, ""atk"": 50, ""def"": 120, ""spa"": 90, ""spd"": 80, ""spe"": 30}"
Swinub,220,"[""Ice"", ""Ground""]",1,6.5,,0,0,0,0,,"{""hp"": 50, ""atk"": 50, ""def"": 40, ""spa"": 30, ""spd"": 30, ""spe"": 50}"
Piloswine,221,"[""Ice"", ""Ground""]",1,55.8,,0,0,0,0,,"{""hp"": 100, ""atk"": 100, ""def"": 80, ""spa"": 60, ""spd"": 60, ""spe"": 50}"
Corsola,222,"[""Water"", ""Rock""]",0,5,0.25,0,0,0,0,,"{""hp"": 65, ""atk"": 55, ""def"": 95, ""spa"": 65, ""spd"": 95, ""spe"": 35}"
Corsola-Galar,222,"[""Ghost""]",1,0.5,0.25,0,0,0,0,,"{""hp"": 60, ""atk"": 55, ""def"": 100, ""spa"": 65, ""spd"": 100, ""spe"": 30}"
Remoraid,223,"[""Water""]",1,12,,0,0,0,0,,"{""hp"": 35, ""atk"": 65, ""def"": 35, ""spa"": 65, ""spd"": 35, ""spe"": 65}"
Octillery,224,"[""Water""]",0,28.5,,0,0,0,0,,"{""hp"": 75, ""atk"": 105, ""def"": 75, ""spa"": 105, ""spd"": 75, ""spe"": 45}"
Delibird,225,"[""Ice"", ""Flying""]",0,16,,0,0,0,0,,"{""hp"": 45, ""atk"": 55, ""def"": 45, ""spa"": 65, ""spd"": 45, ""spe"": 75}"
Mantine,226,"[""Water"", ""Flying""]",0,220,,0,0,0,0,,"{""hp"": 85, ""atk"": 40, ""def"": 70, ""spa"": 80, ""spd"": 140, ""spe"": 70}"
Skarmory,227,"[""Steel"", ""Flying""]",0,50.5,,0,0,0,0,,"{""hp"": 65, ""atk"": 80, ""def"": 140, ""spa"": 40, ""spd"": 70, ""spe"": 70}"
Houndour,228,"[""Dark"", ""Fire""]",1,10.8,,0,0,0,0,,"{""hp"": 45, ""atk"": 60, ""def"": 30, ""spa"": 80, ""spd"": 50, ""spe"": 65}"
Houndoom,229,"[""Dark"", ""Fire""]",0,35,,0,0,0,0,,"{""hp"": 75, ""atk"": 90, ""def"": 50, ""spa"": 110, ""spd"": 80, ""spe"": 95}"
Houndoom-Mega,229,"[""Dark"", ""Fire""]",0,49.5,,0,0,0,1,Houndoominite,"{""hp"": 75, ""atk"": 90, ""def"": 90, ""spa"": 140, ""spd"": 90, ""spe"": 115}"
Kingdra,230,"[""Water"", ""Dragon""]",0,152,,0,0,0,0,,"{""hp"": 75, ""atk"": 95, ""def"": 95, ""spa"": 95, ""spd"": 95, ""spe"": 85}"
Phanpy,231,"[""Ground""]",1,33.5,,0,0,0,0,,"{""hp"": 90, ""atk"": 60, ""def"": 60, ""spa"": 40, ""spd"": 40, ""spe"": 40}"
Donphan,232,"[""Ground""]",0,120,,0,0,0,0,,"{""hp"": 90, ""atk"": 120, ""def"": 120, ""spa"": 60, ""spd"": 60, ""spe"": 50}"
Porygon2,233,"[""Normal""]",1,32.5,,0,0,0,0,,"{""hp"": 85, ""atk"": 80, ""def"": 90, ""spa"": 105, ""spd"": 95, ""spe"": 60}"
Stantler,234,"[""Normal""]",1,71.2,,0,0,0,0,,"{""hp"": 73, ""atk"": 95, ""def"": 62, ""spa"": 85, ""spd"": 65, ""spe"": 85}"
Smeargle,235,"[""Normal""]",0,58,,0,0,0,0,,"{""hp"": 55, ""atk"": 20, ""def"": 35, ""spa"": 20, ""spd"": 45, ""spe"": 75}"
Tyrogue,236,"[""Fighting""]",1,21,,0,0,0,0,,"{""hp"": 35, ""atk"": 35, ""def"": 35, ""spa"": 35, ""spd"": 35, ""spe"": 35}"
Hitmontop,237,"[""Fighting""]",0,48,,0,0,0,0,,"{""hp"": 50, ""atk"": 95, ""def"": 95, ""spa"": 35, ""spd"": 110, ""spe"": 70}"
Smoochum,238,"[""Ice"", ""Psychic""]",1,6,,0,0,0,0,,"{""hp"": 45, ""atk"": 30, ""def"": 15, ""spa"": 85, ""spd"": 65, ""spe"": 65}"
Elekid,239,"[""Electric""]",1,23.5,0.75,0,0,0,0,,"{""hp"": 45, ""atk"": 63, ""def"": 37, ""spa"": 65, ""spd"": 55, ""spe"": 95}"
Magby,240,"[""Fire""]",1,21.4,0.75,0,0,0,0,,"{""hp"": 45, ""atk"": 75, ""def"": 37, ""spa"": 70, ""spd"": 55, ""spe"": 83}"
Miltank,241,"[""Normal""]",0,75.5,,0,0,0,0,,"{""hp"": 95, ""atk"": 80, ""def"": 105, ""spa"": 40, ""spd"": 70, ""spe"": 100}"
Blissey,242,"[""Normal""]",0,46.8,,0,0,0,0,,"{""hp"": 255, ""atk"": 10, ""def"": 10, ""spa"": 75, ""spd"": 135, ""spe"": 55}"
Raikou,243,"[""Electric""]",0,178,,0,0,0,0,,"{""hp"": 90, ""atk"": 85, ""def"": 75, ""spa"": 115, ""spd"": 100, ""spe"": 115}"
Entei,244,"[""Fire""]",0,198,,0,0,0,0,,"{""hp"": 115, ""atk"": 115, ""def"": 85, ""spa"": 90, ""spd"": 75, ""spe"": 100}"
Suicune,245,"[""Water""]",0,187,,0,0,0,0,,"{""hp"": 100, ""atk"": 75, ""def"": 115, ""spa"": 90, ""spd"": 115, ""spe"": 85}"
Larvitar,246,"[""Rock"", ""Ground""]",1,72,,0,0,0,0,,"{""hp"": 50, ""atk"": 64, ""def"": 50, ""spa"": 45, ""spd"": 50, ""spe"": 41}"
Pupitar,247,"[""Rock"", ""Ground""]",1,152,,0,0,0,0,,"{""hp"": 70, ""atk"": 84, ""def"": 70, ""spa"": 65, ""spd"": 70, ""spe"": 51}"
Tyranitar,248,"[""Rock"", ""Dark""]",0,202,,0,0,0,0,,"{""hp"": 100, ""atk"": 134, ""def"": 110, ""spa"": 95, ""spd"": 100, ""spe"": 61}"
Tyranitar-Mega,248,"[""Rock"", ""Dark""]",0,255,,0,0,0,1,Tyranitarite,"{""hp"": 100, ""atk"": 164, ""def"": 150, ""spa"": 95, ""spd"": 120, ""spe"": 71}"
Lugia,249,"[""Psychic"", ""Flying""]",0,216,,0,1,0,0,,"{""hp"": 106, ""atk"": 90, ""def"": 130, ""spa"": 90, ""spd"": 154, ""spe"": 110}"
Ho-Oh,250,"[""Fire"", ""Flying""]",0,199,,0,1,0,0,,"{""hp"": 106, ""atk"": 130, ""def"": 90, ""spa"": 110, ""spd"": 154, ""spe"": 90}"
Celebi,251,"[""Psychic"", ""Grass""]",0,5,,1,0,0,0,,"{""hp"": 100, ""atk"": 100, ""def"": 100, ""spa"": 100, ""spd"": 100, ""spe"": 100}"
Treecko,252,"[""Grass""]",1,5,0.875,0,0,0,0,,"{""hp"": 40, ""atk"": 45, ""def"": 35, ""spa"": 65, ""spd"": 55, ""spe"": 70}"
Grovyle,253,"[""Grass""]",1,21.6,0.875,0,0,0,0,,"{""hp"": 50, ""atk"": 65, ""def"": 45, ""spa"": 85, ""spd"": 65, ""spe"": 95}"
Sceptile,254,"[""Grass""]",0,52.2,0.875,0,0,0,0,,"{""hp"": 70, ""atk"": 85, ""def"": 65, ""spa"": 105, ""spd"": 85, ""spe"": 120}"
Sceptile-Mega,254,"[""Grass"", ""Dragon""]",0,55.2,0.875,0,0,0,1,Sceptilite,"{""hp"": 70, ""atk"": 110, ""def"": 75, ""spa"": 145, ""spd"": 85, ""spe"": 145}"
Torchic,255,"[""Fire""]",1,2.5,0.875,0,0,0,0,,"{""hp"": 45, ""atk"": 60, ""def"": 40, ""spa"": 70, ""spd"": 50, ""spe"": 45}"
Combusken,256,"[""Fire"", ""Fighting""]",1,19.5,0.875,0,0,0,0,,"{""hp"": 60, ""atk"": 85, ""def"": 60, ""spa"": 85, ""spd"": 60, ""spe"": 55}"
Blaziken,257,"[""Fire"", ""Fighting""]",0,52,0.875,0,0,0,0,,"{""hp"": 80, ""atk"": 120, ""def"": 70, ""spa"": 110, ""spd"": 70, ""spe"": 80}"
Blaziken-Mega,257,"[""Fire"", ""Fighting""]",0,52,0.875,0,0,0,1,Blazikenite,"{""hp"": 80, ""atk"": 160, ""def"": 80, ""spa"": 130, ""spd"": 80, ""spe"": 100}"
Mudkip,258,"[""Water""]",1,7.6,0.875,0,0,0,0,,"{""hp"": 50, ""atk"": 70, ""def"": 50, ""spa"": 50, ""spd"": 50, ""spe"": 40}"
Marshtomp,259,"[""Water"", ""Ground""]",1,28,0.875,0,0,0,0,,"{""hp"": 70, ""atk"": 85, ""def"": 70, ""spa"": 60, ""spd"": 70, ""spe"": 50}"
Swampert,260,"[""Water"", ""Ground""]",0,81.9,0.875,0,0,0,0,,"{""hp"": 100, ""atk"": 110, ""def"": 90, ""spa"": 85, ""spd"": 90, ""spe"": 60}"
Swampert-Mega,260,"[""Water"", ""Ground""]",0,102,0.875,0,0,0,1,Swampertite,"{""hp"": 100, ""atk"": 150, ""def"": 110, ""spa"": 95, ""spd"": 110, ""spe"": 70}"
Poochyena,261,"[""Dark""]",1,13.6,,0,0,0,0,,"{""hp"": 35, ""atk"": 55, ""def"": 35, ""spa"": 30, ""spd"": 30, ""spe"": 35}"
Mightyena,262,"[""Dark""]",0,37,,0,0,0,0,,"{""hp"": 70, ""atk"": 90, ""def"": 70, ""spa"": 60, ""spd"": 60, ""spe"": 70}"
Zigzagoon,263,"[""Normal""]",1,17.5,,0,0,0,0,,"{""hp"": 38, ""atk"": 30, ""def"": 41, ""spa"": 30, ""spd"": 41, ""spe"": 60}"
Zigzagoon-Galar,263,"[""Dark"", ""Normal""]",1,17.5,,0,0,0,0,,"{""hp"": 38, ""atk"": 30, ""def"": 41, ""spa"": 30, ""spd"": 41, ""spe"": 60}"
Linoone,264,"[""Normal""]",0,32.5,,0,0,0,0,,"{""hp"": 78, ""atk"": 70, ""def"": 61, ""spa"": 50, ""spd"": 61, ""spe"": 100}"
Linoone-Galar,264,"[""Dark"", ""Normal""]",1,32.5,,0,0,0,0,,"{""hp"": 78, ""atk"": 70, ""def"": 61, ""spa"": 50, ""spd"": 61, ""spe"": 100}"
Wurmple,265,"[""Bug""]",1,3.6,,0,0,0,0,,"{""hp"": 45, ""atk"": 45, ""def"": 35, ""spa"": 20, ""spd"": 30, ""spe"": 20}"
Silcoon,266,"[""Bug""]",1,10,,0,0,0,0,,"{""hp"": 50, ""atk"": 35, ""def"": 55, ""spa"": 25, ""spd"": 25, ""spe"": 15}"
Beautifly,267,"[""Bug"", ""Flying""]",0,28.4,,0,0,0,0,,"{""hp"": 60, ""atk"": 70, ""def"": 50, ""spa"": 100, ""spd"": 50, ""spe"": 65}"
Cascoon,268,"[""Bug""]",1,11.5,,0,0,0,0,,"{""hp"": 50, ""atk"": 35, ""def"": 55, ""spa"": 25, ""spd"": 25, ""spe"": 15}"
Dustox,269,"[""Bug"", ""Poison""]",0,31.6,,0,0,0,0,,"{""hp"": 60, ""atk"": 50, ""def"": 70, ""spa"": 50, ""spd"": 90, ""spe"": 65}"
Lotad,270,"[""Water"", ""Grass""]",1,2.6,,0,0,0,0,,"{""hp"": 40, ""atk"": 30, ""def"": 30, ""spa"": 40, ""spd"": 50, ""spe"": 30}"
Lombre,271,"[""Water"", ""Grass""]",1,32.5,,0,0,0,0,,"{""hp"": 60, ""atk"": 50, ""def"": 50, ""spa"": 60, ""spd"": 70, ""spe"": 50}"
Ludicolo,272,"[""Water"", ""Grass""]",0,55,,0,0,0,0,,"{""hp"": 80, ""atk"": 70, ""def"": 70, ""spa"": 90, ""spd"": 100, ""spe"": 70}"
Seedot,273,"[""Grass""]",1,4,,0,0,0,0,,"{""hp"": 40, ""atk"": 40, ""def"": 50, ""spa"": 30, ""spd"": 30, ""spe"": 30}"
Nuzleaf,274,"[""Grass"", ""Dark""]",1,28,,0,0,0,0,,"{""hp"": 70, ""atk"": 70, ""def"": 40, ""spa"": 60, ""spd"": 40, ""spe"": 60}"
Shiftry,275,"[""Grass"", ""Dark""]",0,59.6,,0,0,0,0,,"{""hp"": 90, ""atk"": 100, ""def"": 60, ""spa"": 90, ""spd"": 60, ""spe"": 80}"
Taillow,276,"[""Normal"", ""Flying""]",1,2.3,,0,0,0,0,,"{""hp"": 40, ""atk"": 55, ""def"": 30, ""spa"": 30, ""spd"": 30, ""spe"": 85}"
Swellow,277,"[""Normal"", ""Flying""]",0,19.8,,0,0,0,0,,"{""hp"": 60, ""atk"": 85, ""def"": 60, ""spa"": 75, ""spd"": 50, ""spe"": 125}"
Wingull,278,"[""Water"", ""Flying""]",1,9.5,,0,0,0,0,,"{""hp"": 40, ""atk"": 30, ""def"": 30, ""spa"": 55, ""spd"": 30, ""spe"": 85}"
Pelipper,279,"[""Water"", ""Flying""]",0,28,,0,0,0,0,,"{""hp"": 60, ""atk"": 50, ""def"": 100, ""spa"": 95, ""spd"": 70, ""spe"": 65}"
Ralts,280,"[""Psychic"", ""Fairy""]",1,6.6,,0,0,0,0,,"{""hp"": 28, ""atk"": 25, ""def"": 25, ""spa"": 45, ""spd"": 35, ""spe"": 40}"
Kirlia,281,"[""Psychic"", ""Fairy""]",1,20.2,,0,0,0,0,,"{""hp"": 38, ""atk"": 35, ""def"": 35, ""spa"": 65, ""spd"": 55, ""spe"": 50}"
Gardevoir,282,"[""Psychic"", ""Fairy""]",0,48.4,,0,0,0,0,,"{""hp"": 68, ""atk"": 65, ""def"": 65, ""spa"": 125, ""spd"": 115, ""spe"": 80}"
Gardevoir-Mega,282,"[""Psychic"", ""Fairy""]",0,48.4,,0,0,0,1,Gardevoirite,"{""hp"": 68, ""atk"": 85, ""def"": 65, ""spa"": 165, ""spd"": 135, ""spe"": 100}"
Surskit,283,"[""Bug"", ""Water""]",1,1.7,,0,0,0,0,,"{""hp"": 40, ""atk"": 30, ""def"": 32, ""spa"": 50, ""spd"": 52, ""spe"": 65}"
Masquerain,284,"[""Bug"", ""Flying""]",0,3.6,,0,0,0,0,,"{""hp"": 70, ""atk"": 60, ""def"": 62, ""spa"": 100, ""spd"": 82, ""spe"": 80}"
Shroomish,285,"[""Grass""]",1,4.5,,0,0,0,0,,"{""hp"": 60, ""atk"": 40, ""def"": 60, ""spa"": 40, ""spd"": 60, ""spe"": 35}"
Breloom,286,"[""Grass"", ""Fighting""]",0,39.2,,0,0,0,0,,"{""hp"": 60, ""atk"": 130, ""def"": 80, ""spa"": 60, ""spd"": 60, ""spe"": 70}"
Slakoth,287,"[""Normal""]",1,24,,0,0,0,0,,"{""hp"": 60, ""atk"": 60, ""def"": 60, ""spa"": 35, ""spd"": 35, ""spe"": 30}"
Vigoroth,288,"[""Normal""]",1,46.5,,0,0,0,0,,"{""hp"": 80, ""atk"": 80, ""def"": 80, ""spa"": 55, ""spd"": 55, ""spe"": 90}"
Slaking,289,"[""Normal""]",0,130.5,,0,0,0,0,,"{""hp"": 150, ""atk"": 160, ""def"": 100, ""spa"": 95, ""spd"": 65, ""spe"": 100}"
Nincada,290,"[""Bug"", ""Ground""]",1,5.5,,0,0,0,0,,"{""hp"": 31, ""atk"": 45, ""def"": 90, ""spa"": 30, ""spd"": 30, ""spe"": 40}"
Ninjask,291,"[""Bug"", ""Flying""]",0,12,,0,0,0,0,,"{""hp"": 61, ""atk"": 90, ""def"": 45, ""spa"": 50, ""spd"": 50, ""spe"": 160}"
Shedinja,292,"[""Bug"", ""Ghost""]",0,1.2,,0,0,0,0,,"{""hp"": 1, ""atk"": 90, ""def"": 45, ""spa"": 30, ""spd"": 30, ""spe"": 40}"
Whismur,293,"[""Normal""]",1,16.3,,0,0,0,0,,"{""hp"": 64, ""atk"": 51, ""def"": 23, ""spa"": 51, ""spd"": 23, ""spe"": 28}"
Loudred,294,"[""Normal""]",1,40.5,,0,0,0,0,,"{""hp"": 84, ""atk"": 71, ""def"": 43, ""spa"": 71, ""spd"": 43, ""spe"": 48}"
Exploud,295,"[""Normal""]",0,84,,0,0,0,0,,"{""hp"": 104, ""atk"": 91, ""def"": 63, ""spa"": 91, ""spd"": 73, ""spe"": 68}"
Makuhita,296,"[""Fighting""]",1,86.4,0.75,0,0,0,0,,"{""hp"": 72, ""atk"": 60, ""def"": 30, ""spa"": 20, ""spd"": 30, ""spe"": 25}"
Hariyama,297,"[""Fighting""]",0,253.8,0.75,0,0,0,0,,"{""hp"": 144, ""atk"": 120, ""def"": 60, ""spa"": 40, ""spd"": 60, ""spe"": 50}"
Azurill,298,"[""Normal"", ""Fairy""]",1,2,0.25,0,0,0,0,,"{""hp"": 50, ""atk"": 20, ""def"": 40, ""spa"": 20, ""spd"": 40, ""spe"": 20}"
Nosepass,299,"[""Rock""]",1,97,,0,0,0,0,,"{""hp"": 30, ""atk"": 45, ""def"": 135, ""spa"": 45, ""spd"": 90, ""spe"": 30}"
Skitty,300,"[""Normal""]",1,11,0.25,0,0,0,0,,"{""hp"": 50, ""atk"": 45, ""def"": 45, ""spa"": 35, ""spd"": 35, ""spe"": 50}"
Delcatty,301,"[""Normal""]",0,32.6,0.25,0,0,0,0,,"{""hp"": 70, ""atk"": 65, ""def"": 65, ""spa"": 55, ""spd"": 55, ""spe"": 90}"
Sableye,302,"[""Dark"", ""Ghost""]",0,11,,0,0,0,0,,"{""hp"": 50, ""atk"": 75, ""def"": 75, ""spa"": 65, ""spd"": 65, ""spe"": 50}"
Sableye-Mega,302,"[""Dark"", ""Ghost""]",0,161,,0,0,0,1,Sablenite,"{""hp"": 50, ""atk"": 85, ""def"": 125, ""spa"": 85, ""spd"": 115, ""spe"": 20}"
Mawile,303,"[""Steel"", ""Fairy""]",0,11.5,,0,0,0,0,,"{""hp"": 50, ""atk"": 85, ""def"": 85, ""spa"": 55, ""spd"": 55, ""spe"": 50}"
Mawile-Mega,303,"[""Steel"", ""Fairy""]",0,23.5,,0,0,0,1,Mawilite,"{""hp"": 50, ""atk"": 105, ""def"": 125, ""spa"": 55, ""spd"": 95, ""spe"": 50}"
Aron,304,"[""Steel"", ""Rock""]",1,60,,0,0,0,0,,"{""hp"": 50, ""atk"": 70, ""def"": 100, ""spa"": 40, ""spd"": 40, ""spe"": 30}"
Lairon,305,"[""Steel"", ""Rock""]",1,120,,0,0,0,0,,"{""hp"": 60, ""atk"": 90, ""def"": 140, ""spa"": 50, ""spd"": 50, ""spe"": 40}"
Aggron,306,"[""Steel"", ""Rock""]",0,360,,0,0,0,0,,"{""hp"": 70, ""atk"": 110, ""def"": 180, ""spa"": 60, ""spd"": 60, ""spe"": 50}"
Aggron-Mega,306,"[""Steel""]",0,395,,0,0,0,1,Aggronite,"{""hp"": 70, ""atk"": 140, ""def"": 230, ""spa"": 60, ""spd"": 80, ""spe"": 50}"
Meditite,307,"[""Fighting"", ""Psychic""]",1,11.2,,0,0,0,0,,"{""hp"": 30, ""atk"": 40, ""def"": 55, ""spa"": 40, ""spd"": 55, ""spe"": 60}"
Medicham,308,"[""Fighting"", ""Psychic""]",0,31.5,,0,0,0,0,,"{""hp"": 60, ""atk"": 60, ""def"": 75, ""spa"": 60, ""spd"": 75, ""spe"": 80}"
Medicham-Mega,308,"[""Fighting"", ""Psychic""]",0,31.5,,0,0,0,1,Medichamite,"{""hp"": 60, ""atk"": 100, ""def"": 85, ""spa"": 80, ""spd"": 85, ""spe"": 100}"
Electrike,309,"[""Electric""]",1,15.2,,0,0,0,0,,"{""hp"": 40, ""atk"": 45, ""def"": 40, ""spa"": 65, ""spd"": 40, ""spe"": 65}"
Manectric,310,"[""Electric""]",0,40.2,,0,0,0,0,,"{""hp"": 70, ""atk"": 75, ""def"": 60, ""spa"": 105, ""spd"": 60, ""spe"": 105}"
Manectric-Mega,310,"[""Electric""]",0,44,,0,0,0,1,Manectite,"{""hp"": 70, ""atk"": 75, ""def"": 80, ""spa"": 135, ""spd"": 80, ""spe"": 135}"
Plusle,311,"[""Electric""]",0,4.2,,0,0,0,0,,"{""hp"": 60, ""atk"": 50, ""def"": 40, ""spa"": 85, ""spd"": 75, ""spe"": 95}"
Minun,312,"[""Electric""]",0,4.2,,0,0,0,0,,"{""hp"": 60, ""atk"": 40, ""def"": 50, ""spa"": 75, ""spd"": 85, ""spe"": 95}"
Volbeat,313,"[""Bug""]",0,17.7,,0,0,0,0,,"{""hp"": 65, ""atk"": 73, ""def"": 75, ""spa"": 47, ""spd"": 85, ""spe"": 85}"
Illumise,314,"[""Bug""]",0,17.7,,0,0,0,0,,"{""hp"": 65, ""atk"": 47, ""def"": 75, ""spa"": 73, ""spd"": 85, ""spe"": 85}"
Roselia,315,"[""Grass"", ""Poison""]",1,2,,0,0,0,0,,"{""hp"": 50, ""atk"": 60, ""def"": 45, ""spa"": 100, ""spd"": 80, ""spe"": 65}"
Gulpin,316,"[""Poison""]",1,10.3,,0,0,0,0,,"{""hp"": 70, ""atk"": 43, ""def"": 53, ""spa"": 43, ""spd"": 53, ""spe"": 40}"
Swalot,317,"[""Poison""]",0,80,,0,0,0,0,,"{""hp"": 100, ""atk"": 73, ""def"": 83, ""spa"": 73, ""spd"": 83, ""spe"": 55}"
Carvanha,318,"[""Water"", ""Dark""]",1,20.8,,0,0,0,0,,"{""hp"": 45, ""atk"": 90, ""def"": 20, ""spa"": 65, ""spd"": 20, ""spe"": 65}"
Sharpedo,319,"[""Water"", ""Dark""]",0,88.8,,0,0,0,0,,"{""hp"": 70, ""atk"": 120, ""def"": 40, ""spa"": 95, ""spd"": 40, ""spe"": 95}"
Sharpedo-Mega,319,"[""Water"", ""Dark""]",0,130.3,,0,0,0,1,Sharpedonite,"{""hp"": 70, ""atk"": 140, ""def"": 70, ""spa"": 110, ""spd"": 65, ""spe"": 105}"
Wailmer,320,"[""Water""]",1,130,,0,0,0,0,,"{""hp"": 130, ""atk"": 70, ""def"": 35, ""spa"": 70, ""spd"": 35, ""spe"": 60}"
Wailord,321,"[""Water""]",0,398,,0,0,0,0,,"{""hp"": 170, ""atk"": 90, ""def"": 45, ""spa"": 90, ""spd"": 45, ""spe"": 60}"
Numel,322,"[""Fire"", ""Ground""]",1,24,,0,0,0,0,,"{""hp"": 60, ""atk"": 60, ""def"": 40, ""spa"": 65, ""spd"": 45, ""spe"": 35}"
Camerupt,323,"[""Fire"", ""Ground""]",0,220,,0,0,0,0,,"{""hp"": 70, ""atk"": 100, ""def"": 70, ""spa"": 105, ""spd"": 75, ""spe"": 40}"
Camerupt-Mega,323,"[""Fire"", ""Ground""]",0,320.5,,0,0,0,1,Cameruptite,"{""hp"": 70, ""atk"": 120, ""def"": 100, ""spa"": 145, ""spd"": 105, ""spe"": 20}"
Torkoal,324,"[""Fire""]",0,80.4,,0,0,0,0,,"{""hp"": 70, ""atk"": 85, ""def"": 140, ""spa"": 85, ""spd"": 70, ""spe"": 20}"
Spoink,325,"[""Psychic""]",1,30.6,,0,0,0,0,,"{""hp"": 60, ""atk"": 25, ""def"": 35, ""spa"": 70, ""spd"": 80, ""spe"": 60}"
Grumpig,326,"[""Psychic""]",0,71.5,,0,0,0,0,,"{""hp"": 80, ""atk"": 45, ""def"": 65, ""spa"": 90, ""spd"": 110, ""spe"": 80}"
Spinda,327,"[""Normal""]",0,5,,0,0,0,0,,"{""hp"": 60, ""atk"": 60, ""def"": 60, ""spa"": 60, ""spd"": 60, ""spe"": 60}"
Trapinch,328,"[""Ground""]",1,15,,0,0,0,0,,"{""hp"": 45, ""atk"": 100, ""def"": 45, ""spa"": 45, ""spd"": 45, ""spe"": 10}"
Vibrava,329,"[""Ground"", ""Dragon""]",1,15.3,,0,0,0,0,,"{""hp"": 50, ""atk"": 70, ""def"": 50, ""spa"": 50, ""spd"": 50, ""spe"": 70}"
Flygon,330,"[""Ground"", ""Dragon""]",0,82,,0,0,0,0,,"{""hp"": 80, ""atk"": 100, ""def"": 80, ""spa"": 80, ""spd"": 80, ""spe"": 100}"
Cacnea,331,"[""Grass""]",1,51.3,,0,0,0,0,,"{""hp"": 50, ""atk"": 85, ""def"": 40, ""spa"": 85, ""spd"": 40, ""spe"": 35}"
Cacturne,332,"[""Grass"", ""Dark""]",0,77.4,,0,0,0,0,,"{""hp"": 70, ""atk"": 115, ""def"": 60, ""spa"": 115, ""spd"": 60, ""spe"": 55}"
Swablu,333,"[""Normal"", ""Flying""]",1,1.2,,0,0,0,0,,"{""hp"": 45, ""atk"": 40, ""def"": 60, ""spa"": 40, ""spd"": 75, ""spe"": 50}"
Altaria,334,"[""Dragon"", ""Flying""]",0,20.6,,0,0,0,0,,"{""hp"": 75, ""atk"": 70, ""def"": 90, ""spa"": 70, ""spd"": 105, ""spe"": 80}"
Altaria-Mega,334,"[""Dragon"", ""Fairy""]",0,20.6,,0,0,0,1,Altarianite,"{""hp"": 75, ""atk"": 110, ""def"": 110, ""spa"": 110, ""spd"": 105, ""spe"": 80}"
Zangoose,335,"[""Normal""]",0,40.3,,0,0,0,0,,"{""hp"": 73, ""atk"": 115, ""def"": 60, ""spa"": 60, ""spd"": 60, ""spe"": 90}"
Seviper,336,"[""Poison""]",0,52.5,,0,0,0,0,,"{""hp"": 73, ""atk"": 100, ""def"": 60, ""spa"": 100, ""spd"": 60, ""spe"": 65}"
Lunatone,337,"[""Rock"", ""Psychic""]",0,168,,0,0,0,0,,"{""hp"": 90, ""atk"": 55, ""def"": 65, ""spa"": 95, ""spd"": 85, ""spe"": 70}"
Solrock,338,"[""Rock"", ""Psychic""]",0,154,,0,0,0,0,,"{""hp"": 90, ""atk"": 95, ""def"": 85, ""spa"": 55, ""spd"": 65, ""spe"": 70}"
Barboach,339,"[""Water"", ""Ground""]",1,1.9,,0,0,0,0,,"{""hp"": 50, ""atk"": 48, ""def"": 43, ""spa"": 46, ""spd"": 41, ""spe"": 60}"
Whiscash,340,"[""Water"", ""Ground""]",0,23.6,,0,0,0,0,,"{""hp"": 110, ""atk"": 78, ""def"": 73, ""spa"": 76, ""spd"": 71, ""spe"": 60}"
Corphish,341,"[""Water""]",1,11.5,,0,0,0,0,,"{""hp"": 43, ""atk"": 80, ""def"": 65, ""spa"": 50, ""spd"": 35, ""spe"": 35}"
Crawdaunt,342,"[""Water"", ""Dark""]",0,32.8,,0,0,0,0,,"{""hp"": 63, ""atk"": 120, ""def"": 85, ""spa"": 90, ""spd"": 55, ""spe"": 55}"
Baltoy,343,"[""Ground"", ""Psychic""]",1,21.5,,0,0,0,0,,"{""hp"": 40, ""atk"": 40, ""def"": 55, ""spa"": 40, ""spd"": 70, ""spe"": 55}"
Claydol,344,"[""Ground"", ""Psychic""]",0,108,,0,0,0,0,,"{""hp"": 60, ""atk"": 70, ""def"": 105, ""spa"": 70, ""spd"": 120, ""spe"": 75}"
Lileep,345,"[""Rock"", ""Grass""]",1,23.8,0.875,0,0,0,0,,"{""hp"": 66, ""atk"": 41, ""def"": 77, ""spa"": 61, ""spd"": 87, ""spe"": 23}"
Cradily,346,"[""Rock"", ""Grass""]",0,60.4,0.875,0,0,0,0,,"{""hp"": 86, ""atk"": 81, ""def"": 97, ""spa"": 81, ""spd"": 107, ""spe"": 43}"
Anorith,347,"[""Rock"", ""Bug""]",1,12.5,0.875,0,0,0,0,,"{""hp"": 45, ""atk"": 95, ""def"": 50, ""spa"": 40, ""spd"": 50, ""spe"": 75}"
Armaldo,348,"[""Rock"", ""Bug""]",0,68.2,0.875,0,0,0,0,,"{""hp"": 75, ""atk"": 125, ""def"": 100, ""spa"": 70, ""spd"": 80, ""spe"": 45}"
Feebas,349,"[""Water""]",1,7.4,,0,0,0,0,,"{""hp"": 20, ""atk"": 15, ""def"": 20, ""spa"": 10, ""spd"": 55, ""spe"": 80}"
Milotic,350,"[""Water""]",0,162,,0,0,0,0,,"{""hp"": 95, ""atk"": 60, ""def"": 79, ""spa"": 100, ""spd"": 125, ""spe"": 81}"
Castform,351,"[""Normal""]",0,0.8,,0,0,0,0,,"{""hp"": 70, ""atk"": 70, ""def"": 70, ""spa"": 70, ""spd"": 70, ""spe"": 70}"
Castform-Sunny,351,"[""Fire""]",0,0.8,,0,0,0,0,,"{""hp"": 70, ""atk"": 70, ""def"": 70, ""spa"": 70, ""spd"": 70, ""spe"": 70}"
Castform-Rainy,351,"[""Water""]",0,0.8,,0,0,0,0,,"{""hp"": 70, ""atk"": 70, ""def"": 70, ""spa"": 70, ""spd"": 70, ""spe"": 70}"
Castform-Snowy,351,"[""Ice""]",0,0.8,,0,0,0,0,,"{""hp"": 70, ""atk"": 70, ""def"": 70, ""spa"": 70, ""spd"": 70, ""spe"": 70}"
Kecleon,352,"[""Normal""]",0,22,,0,0,0,0,,"{""hp"": 60, ""atk"": 90, ""def"": 70, ""spa"": 60, ""spd"": 120, ""spe"": 40}"
Shuppet,353,"[""Ghost""]",1,2.3,,0,0,0,0,,"{""hp"": 44, ""atk"": 75, ""def"": 35, ""spa"": 63, ""spd"": 33, ""spe"": 45}"
Banette,354,"[""Ghost""]",0,12.5,,0,0,0,0,,"{""hp"": 64, ""atk"": 115, ""def"": 65, ""spa"": 83, ""spd"": 63, ""spe"": 65}"
Banette-Mega,354,"[""Ghost""]",0,13,,0,0,0,1,Banettite,"{""hp"": 64, ""atk"": 165, ""def"": 75, ""spa"": 93, ""spd"": 83, ""spe"": 75}"
Duskull,355,"[""Ghost""]",1,15,,0,0,0,0,,"{""hp"": 20, ""atk"": 40, ""def"": 90, ""spa"": 30, ""spd"": 90, ""spe"": 25}"
Dusclops,356,"[""Ghost""]",1,30.6,,0,0,0,0,,"{""hp"": 40, ""atk"": 70, ""def"": 130, ""spa"": 60, ""spd"": 130, ""spe"": 25}"
Tropius,357,"[""Grass"", ""Flying""]",0,100,,0,0,0,0,,"{""hp"": 99, ""atk"": 68, ""def"": 83, ""spa"": 72, ""spd"": 87, ""spe"": 51}"
Chimecho,358,"[""Psychic""]",0,1,,0,0,0,0,,"{""hp"": 75, ""atk"": 50, ""def"": 80, ""spa"": 95, ""spd"": 90, ""spe"": 65}"
Absol,359,"[""Dark""]",0,47,,0,0,0,0,,"{""hp"": 65, ""atk"": 130, ""def"": 60, ""spa"": 75, ""spd"": 60, ""spe"": 75}"
Absol-Mega,359,"[""Dark""]",0,49,,0,0,0,1,Absolite,"{""hp"": 65, ""atk"": 150, ""def"": 60, ""spa"": 115, ""spd"": 60, ""spe"": 115}"
Wynaut,360,"[""Psychic""]",1,14,,0,0,0,0,,"{""hp"": 95, ""atk"": 23, ""def"": 48, ""spa"": 23, ""spd"": 48, ""spe"": 23}"
Snorunt,361,"[""Ice""]",1,16.8,,0,0,0,0,,"{""hp"": 50, ""atk"": 50, ""def"": 50, ""spa"": 50, ""spd"": 50, ""spe"": 50}"
Glalie,362,"[""Ice""]",0,256.5,,0,0,0,0,,"{""hp"": 80, ""atk"": 80, ""def"": 80, ""spa"": 80, ""spd"": 80, ""spe"": 80}"
Glalie-Mega,362,"[""Ice""]",0,350.2,,0,0,0,1,Glalitite,"{""hp"": 80, ""atk"": 120, ""def"": 80, ""spa"": 120, ""spd"": 80, ""spe"": 100}"
Spheal,363,"[""Ice"", ""Water""]",1,39.5,,0,0,0,0,,"{""hp"": 70, ""atk"": 40, ""def"": 50, ""spa"": 55, ""spd"": 50, ""spe"": 25}"
Sealeo,364,"[""Ice"", ""Water""]",1,87.6,,0,0,0,0,,"{""hp"": 90, ""atk"": 60, ""def"": 70, ""spa"": 75, ""spd"": 70, ""spe"": 45}"
Walrein,365,"[""Ice"", ""Water""]",0,150.6,,0,0,0,0,,"{""hp"": 110, ""atk"": 80, ""def"": 90, ""spa"": 95, ""spd"": 90, ""spe"": 65}"
Clamperl,366,"[""Water""]",1,52.5,,0,0,0,0,,"{""hp"": 35, ""atk"": 64, ""def"": 85, ""spa"": 74, ""spd"": 55, ""spe"": 32}"
Huntail,367,"[""Water""]",0,27,,0,0,0,0,,"{""hp"": 55, ""atk"": 104, ""def"": 105, ""spa"": 94, ""spd"": 75, ""spe"": 52}"
Gorebyss,368,"[""Water""]",0,22.6,,0,0,0,0,,"{""hp"": 55, ""atk"": 84, ""def"": 105, ""spa"": 114, ""spd"": 75, ""spe"": 52}"
Relicanth,369,"[""Water"", ""Rock""]",0,23.4,0.875,0,0,0,0,,"{""hp"": 100, ""atk"": 90, ""def"": 130, ""spa"": 45, ""spd"": 65, ""spe"": 55}"
Luvdisc,370,"[""Water""]",0,8.7,0.25,0,0,0,0,,"{""hp"": 43, ""atk"": 30, ""def"": 55, ""spa"": 40, ""spd"": 65, ""spe"": 97}"
Bagon,371,"[""Dragon""]",1,42.1,,0,0,0,0,,"{""hp"": 45, ""atk"": 75, ""def"": 60, ""spa"": 40, ""spd"": 30, ""spe"": 50}"
Shelgon,372,"[""Dragon""]",1,110.5,,0,0,0,0,,"{""hp"": 65, ""atk"": 95, ""def"": 100, ""spa"": 60, ""spd"": 50, ""spe"": 50}"
Salamence,373,"[""Dragon"", ""Flying""]",0,102.6,,0,0,0,0,,"{""hp"": 95, ""atk"": 135, ""def"": 80, ""spa"": 110, ""spd"": 80, ""spe"": 100}"
Salamence-Mega,373,"[""Dragon"", ""Flying""]",0,112.6,,0,0,0,1,Salamencite,"{""hp"": 95, ""atk"": 145, ""def"": 130, ""spa"": 120, ""spd"": 90, ""spe"": 120}"
Beldum,374,"[""Steel"", ""Psychic""]",1,95.2,,0,0,0,0,,"{""hp"": 40, ""atk"": 55, ""def"": 80, ""spa"": 35, ""spd"": 60, ""spe"": 30}"
Metang,375,"[""Steel"", ""Psychic""]",1,202.5,,0,0,0,0,,"{""hp"": 60, ""atk"": 75, ""def"": 100, ""spa"": 55, ""spd"": 80, ""spe"": 50}"
Metagross,376,"[""Steel"", ""Psychic""]",0,550,,0,0,0,0,,"{""hp"": 80, ""atk"": 135, ""def"": 130, ""spa"": 95, ""spd"": 90, ""spe"": 70}"
Metagross-Mega,376,"[""Steel"", ""Psychic""]",0,942.9,,0,0,0,1,Metagrossite,"{""hp"": 80, ""atk"": 145, ""def"": 150, ""spa"": 105, ""spd"": 110, ""spe"": 110}"
Regirock,377,"[""Rock""]",0,230,,0,0,0,0,,"{""hp"": 80, ""atk"": 100, ""def"": 200, ""spa"": 50, ""spd"": 100, ""spe"": 50}"
Regice,378,"[""Ice""]",0,175,,0,0,0,0,,"{""hp"": 80, ""atk"": 50, ""def"": 100, ""spa"": 100, ""spd"": 200, ""spe"": 50}"
Registeel,379,"[""Steel""]",0,205,,0,0,0,0,,"{""hp"": 80, ""atk"": 75, ""def"": 150, ""spa"": 75, ""spd"": 150, ""spe"": 50}"
Latias,380,"[""Dragon"", ""Psychic""]",0,40,,0,0,0,0,,"{""hp"": 80, ""atk"": 80, ""def"": 90, ""spa"": 110, ""spd"": 130, ""spe"": 110}"
Latias-Mega,380,"[""Dragon"", ""Psychic""]",0,52,,0,0,0,1,Latiasite,"{""hp"": 80, ""atk"": 100, ""def"": 120, ""spa"": 140, ""spd"": 150, ""spe"": 110}"
Latios,381,"[""Dragon"", ""Psychic""]",0,60,,0,0,0,0,,"{""hp"": 80, ""atk"": 90, ""def"": 80, ""spa"": 130, ""spd"": 110, ""spe"": 110}"
Latios-Mega,381,"[""Dragon"", ""Psychic""]",0,70,,0,0,0,1,Latiosite,"{""hp"": 80, ""atk"": 130, ""def"": 100, ""spa"": 160, ""spd"": 120, ""spe"": 110}"
Kyogre,382,"[""Water""]",0,352,,0,1,0,0,,"{""hp"": 100, ""atk"": 100, ""def"": 90, ""spa"": 150, ""spd"": 140, ""spe"": 90}"
Kyogre-Primal,382,"[""Water""]",0,430,,0,0,0,0,Blue Orb,"{""hp"": 100, ""atk"": 150, ""def"": 90, ""spa"": 180, ""spd"": 160, ""spe"": 90}"
Groudon,383,"[""Ground""]",0,950,,0,1,0,0,,"{""hp"": 100, ""atk"": 150, ""def"": 140, ""spa"": 100, ""spd"": 90, ""spe"": 90}"
Groudon-Primal,383,"[""Ground"", ""Fire""]",0,999.7,,0,0,0,0,Red Orb,"{""hp"": 100, ""atk"": 180, ""def"": 160, ""spa"": 150, ""spd"": 90, ""spe"": 90}"
Rayquaza,384,"[""Dragon"", ""Flying""]",0,206.5,,0,1,0,0,,"{""hp"": 105, ""atk"": 150, ""def"": 90, ""spa"": 150, ""spd"": 90, ""spe"": 95}"
Rayquaza-Mega,384,"[""Dragon"", ""Flying""]",0,392,,0,0,0,1,,"{""hp"": 105, ""atk"": 180, ""def"": 100, ""spa"": 180, ""spd"": 100, ""spe"": 115}"
Jirachi,385,"[""Steel"", ""Psychic""]",0,1.1,,1,0,0,0,,"{""hp"": 100, ""atk"": 100, ""def"": 100, ""spa"": 100, ""spd"": 100, ""spe"": 100}"
Deoxys,386,"[""Psychic""]",0,60.8,,1,0,0,0,,"{""hp"": 50, ""atk"": 150, ""def"": 50, ""spa"": 150, ""spd"": 50, ""spe"": 150}"
Deoxys-Attack,386,"[""Psychic""]",0,60.8,,0,0,0,0,,"{""hp"": 50, ""atk"": 180, ""def"": 20, ""spa"": 180, ""spd"": 20, ""spe"": 150}"
Deoxys-Defense,386,"[""Psychic""]",0,60.8,,0,0,0,0,,"{""hp"": 50, ""atk"": 70, ""def"": 160, ""spa"": 70, ""spd"": 160, ""spe"": 90}"
Deoxys-Speed,386,"[""Psychic""]",0,60.8,,0,0,0,0,,"{""hp"": 50, ""atk"": 95, ""def"": 90, ""spa"": 95, ""spd"": 90, ""spe"": 180}"
Turtwig,387,"[""Grass""]",1,10.2,0.875,0,0,0,0,,"{""hp"": 55, ""atk"": 68, ""def"": 64, ""spa"": 45, ""spd"": 55, ""spe"": 31}"
Grotle,388,"[""Grass""]",1,97,0.875,0,0,0,0,,"{""hp"": 75, ""atk"": 89, ""def"": 85, ""spa"": 55, ""spd"": 65, ""spe"": 36}"
Torterra,389,"[""Grass"", ""Ground""]",0,310,0.875,0,0,0,0,,"{""hp"": 95, ""atk"": 109, ""def"": 105, ""spa"": 75, ""spd"": 85, ""spe"": 56}"
Chimchar,390,"[""Fire""]",1,6.2,0.875,0,0,0,0,,"{""hp"": 44, ""atk"": 58, ""def"": 44, ""spa"": 58, ""spd"": 44, ""spe"": 61}"
Monferno,391,"[""Fire"", ""Fighting""]",1,22,0.875,0,0,0,0,,"{""hp"": 64, ""atk"": 78, ""def"": 52, ""spa"": 78, ""spd"": 52, ""spe"": 81}"
Infernape,392,"[""Fire"", ""Fighting""]",0,55,0.875,0,0,0,0,,"{""hp"": 76, ""atk"": 104, ""def"": 71, ""spa"": 104, ""spd"": 71, ""spe"": 108}"
Piplup,393,"[""Water""]",1,5.2,0.875,0,0,0,0,,"{""hp"": 53, ""atk"": 51, ""def"": 53, ""spa"": 61, ""spd"": 56, ""spe"": 40}"
Prinplup,394,"[""Water""]",1,23,0.875,0,0,0,0,,"{""hp"": 64, ""atk"": 66, ""def"": 68, ""spa"": 81, ""spd"": 76, ""spe"": 50}"
Empoleon,395,"[""Water"", ""Steel""]",0,84.5,0.875,0,0,0,0,,"{""hp"": 84, ""atk"": 86, ""def"": 88, ""spa"": 111, ""spd"": 101, ""spe"": 60}"
Starly,396,"[""Normal"", ""Flying""]",1,2,,0,0,0,0,,"{""hp"": 40, ""atk"": 55, ""def"": 30, ""spa"": 30, ""spd"": 30, ""spe"": 60}"
Staravia,397,"[""Normal"", ""Flying""]",1,15.5,,0,0,0,0,,"{""hp"": 55, ""atk"": 75, ""def"": 50, ""spa"": 40, ""spd"": 40, ""spe"": 80}"
Staraptor,398,"[""Normal"", ""Flying""]",0,24.9,,0,0,0,0,,"{""hp"": 85, ""atk"": 120, ""def"": 70, ""spa"": 50, ""spd"": 60, ""spe"": 100}"
Bidoof,399,"[""Normal""]",1,20,,0,0,0,0,,"{""hp"": 59, ""atk"": 45, ""def"": 40, ""spa"": 35, ""spd"": 40, ""spe"": 31}"
Bibarel,400,"[""Normal"", ""Water""]",0,31.5,,0,0,0,0,,"{""hp"": 79, ""atk"": 85, ""def"": 60, ""spa"": 55, ""spd"": 60, ""spe"": 71}"
Kricketot,401,"[""Bug""]",1,2.2,,0,0,0,0,,"{""hp"": 37, ""atk"": 25, ""def"": 41, ""spa"": 25, ""spd"": 41, ""spe"": 25}"
Kricketune,402,"[""Bug""]",0,25.5,,0,0,0,0,,"{""hp"": 77, ""atk"": 85, ""def"": 51, ""spa"": 55, ""spd"": 51, ""spe"": 65}"
Shinx,403,"[""Electric""]",1,9.5,,0,0,0,0,,"{""hp"": 45, ""atk"": 65, ""def"": 34, ""spa"": 40, ""spd"": 34, ""spe"": 45}"
Luxio,404,"[""Electric""]",1,30.5,,0,0,0,0,,"{""hp"": 60, ""atk"": 85, ""def"": 49, ""spa"": 60, ""spd"": 49, ""spe"": 60}"
Luxray,405,"[""Electric""]",0,42,,0,0,0,0,,"{""hp"": 80, ""atk"": 120, ""def"": 79, ""spa"": 95, ""spd"": 79, ""spe"": 70}"
Budew,406,"[""Grass"", ""Poison""]",1,1.2,,0,0,0,0,,"{""hp"": 40, ""atk"": 30, ""def"": 35, ""spa"": 50, ""spd"": 70, ""spe"": 55}"
Roserade,407,"[""Grass"", ""Poison""]",0,14.5,,0,0,0,0,,"{""hp"": 60, ""atk"": 70, ""def"": 65, ""spa"": 125, ""spd"": 105, ""spe"": 90}"
Cranidos,408,"[""Rock""]",1,31.5,0.875,0,0,0,0,,"{""hp"": 67, ""atk"": 125, ""def"": 40, ""spa"": 30, ""spd"": 30, ""spe"": 58}"
Rampardos,409,"[""Rock""]",0,102.5,0.875,0,0,0,0,,"{""hp"": 97, ""atk"": 165, ""def"": 60, ""spa"": 65, ""spd"": 50, ""spe"": 58}"
Shieldon,410,"[""Rock"", ""Steel""]",1,57,0.875,0,0,0,0,,"{""hp"": 30, ""atk"": 42, ""def"": 118, ""spa"": 42, ""spd"": 88, ""spe"": 30}"
Bastiodon,411,"[""Rock"", ""Steel""]",0,149.5,0.875,0,0,0,0,,"{""hp"": 60, ""atk"": 52, ""def"": 168, ""spa"": 47, ""spd"": 138, ""spe"": 30}"
Burmy,412,"[""Bug""]",1,3.4,,0,0,0,0,,"{""hp"": 40, ""atk"": 29, ""def"": 45, ""spa"": 29, ""spd"": 45, ""spe"": 36}"
Wormadam,413,"[""Bug"", ""Grass""]",0,6.5,,0,0,0,0,,"{""hp"": 60, ""atk"": 59, ""def"": 85, ""spa"": 79, ""spd"": 105, ""spe"": 36}"
Wormadam-Sandy,413,"[""Bug"", ""Ground""]",0,6.5,,0,0,0,0,,"{""hp"": 60, ""atk"": 79, ""def"": 105, ""spa"": 59, ""spd"": 85, ""spe"": 36}"
Wormadam-Trash,413,"[""Bug"", ""Steel""]",0,6.5,,0,0,0,0,,"{""hp"": 60, ""atk"": 69, ""def"": 95, ""spa"": 69, ""spd"": 95, ""spe"": 36}"
Mothim,414,"[""Bug"", ""Flying""]",0,23.3,,0,0,0,0,,"{""hp"": 70, ""atk"": 94, ""def"": 50, ""spa"": 94, ""spd"": 50, ""spe"": 66}"
Combee,415,"[""Bug"", ""Flying""]",1,5.5,0.875,0,0,0,0,,"{""hp"": 30, ""atk"": 30, ""def"": 42, ""spa"": 30, ""spd"": 42, ""spe"": 70}"
Vespiquen,416,"[""Bug"", ""Flying""]",0,38.5,,0,0,0,0,,"{""hp"": 70, ""atk"": 80, ""def"": 102, ""spa"": 80, ""spd"": 102, ""spe"": 40}"
Pachirisu,417,"[""Electric""]",0,3.9,,0,0,0,0,,"{""hp"": 60, ""atk"": 45, ""def"": 70, ""spa"": 45, ""spd"": 90, ""spe"": 95}"
Buizel,418,"[""Water""]",1,29.5,,0,0,0,0,,"{""hp"": 55, ""atk"": 65, ""def"": 35, ""spa"": 60, ""spd"": 30, ""spe"": 85}"
Floatzel,419,"[""Water""]",0,33.5,,0,0,0,0,,"{""hp"": 85, ""atk"": 105, ""def"": 55, ""spa"": 85, ""spd"": 50, ""spe"": 115}"
Cherubi,420,"[""Grass""]",1,3.3,,0,0,0,0,,"{""hp"": 45, ""atk"": 35, ""def"": 45, ""spa"": 62, ""spd"": 53, ""spe"": 35}"
Cherrim,421,"[""Grass""]",0,9.3,,0,0,0,0,,"{""hp"": 70, ""atk"": 60, ""def"": 70, ""spa"": 87, ""spd"": 78, ""spe"": 85}"
Cherrim-Sunshine,421,"[""Grass""]",0,9.3,,0,0,0,0,,"{""hp"": 70, ""atk"": 60, ""def"": 70, ""spa"": 87, ""spd"": 78, ""spe"": 85}"
Shellos,422,"[""Water""]",1,6.3,,0,0,0,0,,"{""hp"": 76, ""atk"": 48, ""def"": 48, ""spa"": 57, ""spd"": 62, ""spe"": 34}"
Gastrodon,423,"[""Water"", ""Ground""]",0,29.9,,0,0,0,0,,"{""hp"": 111, ""atk"": 83, ""def"": 68, ""spa"": 92, ""spd"": 82, ""spe"": 39}"
Ambipom,424,"[""Normal""]",0,20.3,,0,0,0,0,,"{""hp"": 75, ""atk"": 100, ""def"": 66, ""spa"": 60, ""spd"": 66, ""spe"": 115}"
Drifloon,425,"[""Ghost"", ""Flying""]",1,1.2,,0,0,0,0,,"{""hp"": 90, ""atk"": 50, ""def"": 34, ""spa"": 60, ""spd"": 44, ""spe"": 70}"
Drifblim,426,"[""Ghost"", ""Flying""]",0,15,,0,0,0,0,,"{""hp"": 150, ""atk"": 80, ""def"": 44, ""spa"": 90, ""spd"": 54, ""spe"": 80}"
Buneary,427,"[""Normal""]",1,5.5,,0,0,0,0,,"{""hp"": 55, ""atk"": 66, ""def"": 44, ""spa"": 44, ""spd"": 56, ""spe"": 85}"
Lopunny,428,"[""Normal""]",0,33.3,,0,0,0,0,,"{""hp"": 65, ""atk"": 76, ""def"": 84, ""spa"": 54, ""spd"": 96, ""spe"": 105}"
Lopunny-Mega,428,"[""Normal"", ""Fighting""]",0,28.3,,0,0,0,1,Lopunnite,"{""hp"": 65, ""atk"": 136, ""def"": 94, ""spa"": 54, ""spd"": 96, ""spe"": 135}"
Mismagius,429,"[""Ghost""]",0,4.4,,0,0,0,0,,"{""hp"": 60, ""atk"": 60, ""def"": 60, ""spa"": 105, ""spd"": 105, ""spe"": 105}"
Honchkrow,430,"[""Dark"", ""Flying""]",0,27.3,,0,0,0,0,,"{""hp"": 100, ""atk"": 125, ""def"": 52, ""spa"": 105, ""spd"": 52, ""spe"": 71}"
Glameow,431,"[""Normal""]",1,3.9,0.25,0,0,0,0,,"{""hp"": 49, ""atk"": 55, ""def"": 42, ""spa"": 42, ""spd"": 37, ""spe"": 85}"
Purugly,432,"[""Normal""]",0,43.8,0.25,0,0,0,0,,"{""hp"": 71, ""atk"": 82, ""def"": 64, ""spa"": 64, ""spd"": 59, ""spe"": 112}"
Chingling,433,"[""Psychic""]",1,0.6,,0,0,0,0,,"{""hp"": 45, ""atk"": 30, ""def"": 50, ""spa"": 65, ""spd"": 50, ""spe"": 45}"
Stunky,434,"[""Poison"", ""Dark""]",1,19.2,,0,0,0,0,,"{""hp"": 63, ""atk"": 63, ""def"": 47, ""spa"": 41, ""spd"": 41, ""spe"": 74}"
Skuntank,435,"[""Poison"", ""Dark""]",0,38,,0,0,0,0,,"{""hp"": 103, ""atk"": 93, ""def"": 67, ""spa"": 71, ""spd"": 61, ""spe"": 84}"
Bronzor,436,"[""Steel"", ""Psychic""]",1,60.5,,0,0,0,0,,"{""hp"": 57, ""atk"": 24, ""def"": 86, ""spa"": 24, ""spd"": 86, ""spe"": 23}"
Bronzong,437,"[""Steel"", ""Psychic""]",0,187,,0,0,0,0,,"{""hp"": 67, ""atk"": 89, ""def"": 116, ""spa"": 79, ""spd"": 116, ""spe"": 33}"
Bonsly,438,"[""Rock""]",1,15,,0,0,0,0,,"{""hp"": 50, ""atk"": 80, ""def"": 95, ""spa"": 10, ""spd"": 45, ""spe"": 10}"
Mime Jr.,439,"[""Psychic"", ""Fairy""]",1,13,,0,0,0,0,,"{""hp"": 20, ""atk"": 25, ""def"": 45, ""spa"": 70, ""spd"": 90, ""spe"": 60}"
Happiny,440,"[""Normal""]",1,24.4,,0,0,0,0,,"{""hp"": 100, ""atk"": 5, ""def"": 5, ""spa"": 15, ""spd"": 65, ""spe"": 30}"
Chatot,441,"[""Normal"", ""Flying""]",0,1.9,,0,0,0,0,,"{""hp"": 76, ""atk"": 65, ""def"": 45, ""spa"": 92, ""spd"": 42, ""spe"": 91}"
Spiritomb,442,"[""Ghost"", ""Dark""]",0,108,,0,0,0,0,,"{""hp"": 50, ""atk"": 92, ""def"": 108, ""spa"": 92, ""spd"": 108, ""spe"": 35}"
Gible,443,"[""Dragon"", ""Ground""]",1,20.5,,0,0,0,0,,"{""hp"": 58, ""atk"": 70, ""def"": 45, ""spa"": 40, ""spd"": 45, ""spe"": 42}"
Gabite,444,"[""Dragon"", ""Ground""]",1,56,,0,0,0,0,,"{""hp"": 68, ""atk"": 90, ""def"": 65, ""spa"": 50, ""spd"": 55, ""spe"": 82}"
Garchomp,445,"[""Dragon"", ""Ground""]",0,95,,0,0,0,0,,"{""hp"": 108, ""atk"": 130, ""def"": 95, ""spa"": 80, ""spd"": 85, ""spe"": 102}"
Garchomp-Mega,445,"[""Dragon"", ""Ground""]",0,95,,0,0,0,1,Garchompite,"{""hp"": 108, ""atk"": 170, ""def"": 115, ""spa"": 120, ""spd"": 95, ""spe"": 92}"
Munchlax,446,"[""Normal""]",1,105,0.875,0,0,0,0,,"{""hp"": 135, ""atk"": 85, ""def"": 40, ""spa"": 40, ""spd"": 85, ""spe"": 5}"
Riolu,447,"[""Fighting""]",1,20.2,0.875,0,0,0,0,,"{""hp"": 40, ""atk"": 70, ""def"": 40, ""spa"": 35, ""spd"": 40, ""spe"": 60}"
Lucario,448,"[""Fighting"", ""Steel""]",0,54,0.875,0,0,0,0,,"{""hp"": 70, ""atk"": 110, ""def"": 70, ""spa"": 115, ""spd"": 70, ""spe"": 90}"
Lucario-Mega,448,"[""Fighting"", ""Steel""]",0,57.5,0.875,0,0,0,1,Lucarionite,"{""hp"": 70, ""atk"": 145, ""def"": 88, ""spa"": 140, ""spd"": 70, ""spe"": 112}"
Hippopotas,449,"[""Ground""]",1,49.5,,0,0,0,0,,"{""hp"": 68, ""atk"": 72, ""def"": 78, ""spa"": 38, ""spd"": 42, ""spe"": 32}"
Hippowdon,450,"[""Ground""]",0,300,,0,0,0,0,,"{""hp"": 108, ""atk"": 112, ""def"": 118, ""spa"": 68, ""spd"": 72, ""spe"": 47}"
Skorupi,451,"[""Poison"", ""Bug""]",1,12,,0,0,0,0,,"{""hp"": 40, ""atk"": 50, ""def"": 90, ""spa"": 30, ""spd"": 55, ""spe"": 65}"
Drapion,452,"[""Poison"", ""Dark""]",0,61.5,,0,0,0,0,,"{""hp"": 70, ""atk"": 90, ""def"": 110, ""spa"": 60, ""spd"": 75, ""spe"": 95}"
Croagunk,453,"[""Poison"", ""Fighting""]",1,23,,0,0,0,0,,"{""hp"": 48, ""atk"": 61, ""def"": 40, ""spa"": 61, ""spd"": 40, ""spe"": 50}"
Toxicroak,454,"[""Poison"", ""Fighting""]",0,44.4,,0,0,0,0,,"{""hp"": 83, ""atk"": 106, ""def"": 65, ""spa"": 86, ""spd"": 65, ""spe"": 85}"
Carnivine,455,"[""Grass""]",0,27,,0,0,0,0,,"{""hp"": 74, ""atk"": 100, ""def"": 72, ""spa"": 90, ""spd"": 72, ""spe"": 46}"
Finneon,456,"[""Water""]",1,7,,0,0,0,0,,"{""hp"": 49, ""atk"": 49, ""def"": 56, ""spa"": 49, ""spd"": 61, ""spe"": 66}"
Lumineon,457,"[""Water""]",0,24,,0,0,0,0,,"{""hp"": 69, ""atk"": 69, ""def"": 76, ""spa"": 69, ""spd"": 86, ""spe"": 91}"
Mantyke,458,"[""Water"", ""Flying""]",1,65,,0,0,0,0,,"{""hp"": 45, ""atk"": 20, ""def"": 50, ""spa"": 60, ""spd"": 120, ""spe"": 50}"
Snover,459,"[""Grass"", ""Ice""]",1,50.5,,0,0,0,0,,"{""hp"": 60, ""atk"": 62, ""def"": 50, ""spa"": 62, ""spd"": 60, ""spe"": 40}"
Abomasnow,460,"[""Grass"", ""Ice""]",0,135.5,,0,0,0,0,,"{""hp"": 90, ""atk"": 92, ""def"": 75, ""spa"": 92, ""spd"": 85, ""spe"": 60}"
Abomasnow-Mega,460,"[""Grass"", ""Ice""]",0,185,,0,0,0,1,Abomasite,"{""hp"": 90, ""atk"": 132, ""def"": 105, ""spa"": 132, ""spd"": 105, ""spe"": 30}"
Weavile,461,"[""Dark"", ""Ice""]",0,34,,0,0,0,0,,"{""hp"": 70, ""atk"": 120, ""def"": 65, ""spa"": 45, ""spd"": 85, ""spe"": 125}"
Magnezone,462,"[""Electric"", ""Steel""]",0,180,,0,0,0,0,,"{""hp"": 70, ""atk"": 70, ""def"": 115, ""spa"": 130, ""spd"": 90, ""spe"": 60}"
Lickilicky,463,"[""Normal""]",0,140,,0,0,0,0,,"{""hp"": 110, ""atk"": 85, ""def"": 95, ""spa"": 80, ""spd"": 95, ""spe"": 50}"
Rhyperior,464,"[""Ground"", ""Rock""]",0,282.8,,0,0,0,0,,"{""hp"": 115, ""atk"": 140, ""def"": 130, ""spa"": 55, ""spd"": 55, ""spe"": 40}"
Tangrowth,465,"[""Grass""]",0,128.6,,0,0,0,0,,"{""hp"": 100, ""atk"": 100, ""def"": 125, ""spa"": 110, ""spd"": 50, ""spe"": 50}"
Electivire,466,"[""Electric""]",0,138.6,0.75,0,0,0,0,,"{""hp"": 75, ""atk"": 123, ""def"": 67, ""spa"": 95, ""spd"": 85, ""spe"": 95}"
Magmortar,467,"[""Fire""]",0,68,0.75,0,0,0,0,,"{""hp"": 75, ""atk"": 95, ""def"": 67, ""spa"": 125, ""spd"": 95, ""spe"": 83}"
Togekiss,468,"[""Fairy"", ""Flying""]",0,38,0.875,0,0,0,0,,"{""hp"": 85, ""atk"": 50, ""def"": 95, ""spa"": 120, ""spd"": 115, ""spe"": 80}"
Yanmega,469,"[""Bug"", ""Flying""]",0,51.5,,0,0,0,0,,"{""hp"": 86, ""atk"": 76, ""def"": 86, ""spa"": 116, ""spd"": 56, ""spe"": 95}"
Leafeon,470,"[""Grass""]",0,25.5,0.875,0,0,0,0,,"{""hp"": 65, ""atk"": 110, ""def"": 130, ""spa"": 60, ""spd"": 65, ""spe"": 95}"
Glaceon,471,"[""Ice""]",0,25.9,0.875,0,0,0,0,,"{""hp"": 65, ""atk"": 60, ""def"": 110, ""spa"": 130, ""spd"": 95, ""spe"": 65}"
Gliscor,472,"[""Ground"", ""Flying""]",0,42.5,,0,0,0,0,,"{""hp"": 75, ""atk"": 95, ""def"": 125, ""spa"": 45, ""spd"": 75, ""spe"": 95}"
Mamoswine,473,"[""Ice"", ""Ground""]",0,291,,0,0,0,0,,"{""hp"": 110, ""atk"": 130, ""def"": 80, ""spa"": 70, ""spd"": 60, ""spe"": 80}"
Porygon-Z,474,"[""Normal""]",0,34,,0,0,0,0,,"{""hp"": 85, ""atk"": 80, ""def"": 70, ""spa"": 135, ""spd"": 75, ""spe"": 90}"
Gallade,475,"[""Psychic"", ""Fighting""]",0,52,,0,0,0,0,,"{""hp"": 68, ""atk"": 125, ""def"": 65, ""spa"": 65, ""spd"": 115, ""spe"": 80}"
Gallade-Mega,475,"[""Psychic"", ""Fighting""]",0,56.4,,0,0,0,1,Galladite,"{""hp"": 68, ""atk"": 165, ""def"": 95, ""spa"": 65, ""spd"": 115, ""spe"": 110}"
Probopass,476,"[""Rock"", ""Steel""]",0,340,,0,0,0,0,,"{""hp"": 60, ""atk"": 55, ""def"": 145, ""spa"": 75, ""spd"": 150, ""spe"": 40}"
Dusknoir,477,"[""Ghost""]",0,106.6,,0,0,0,0,,"{""hp"": 45, ""atk"": 100, ""def"": 135, ""spa"": 65, ""spd"": 135, ""spe"": 45}"
Froslass,478,"[""Ice"", ""Ghost""]",0,26.6,,0,0,0,0,,"{""hp"": 70, ""atk"": 80, ""def"": 70, ""spa"": 80, ""spd"": 70, ""spe"": 110}"
Rotom,479,"[""Electric"", ""Ghost""]",0,0.3,,0,0,0,0,,"{""hp"": 50, ""atk"": 50, ""def"": 77, ""spa"": 95, ""spd"": 77, ""spe"": 91}"
Rotom-Heat,479,"[""Electric"", ""Fire""]",0,0.3,,0,0,0,0,,"{""hp"": 50, ""atk"": 65, ""def"": 107, ""spa"": 105, ""spd"": 107, ""spe"": 86}"
Rotom-Wash,479,"[""Electric"", ""Water""]",0,0.3,,0,0,0,0,,"{""hp"": 50, ""atk"": 65, ""def"": 107, ""spa"": 105, ""spd"": 107, ""spe"": 86}"
Rotom-Frost,479,"[""Electric"", ""Ice""]",0,0.3,,0,0,0,0,,"{""hp"": 50, ""atk"": 65, ""def"": 107, ""spa"": 105, ""spd"": 107, ""spe"": 86}"
Rotom-Fan,479,"[""Electric"", ""Flying""]",0,0.3,,0,0,0,0,,"{""hp"": 50, ""atk"": 65, ""def"": 107, ""spa"": 105, ""spd"": 107, ""spe"": 86}"
Rotom-Mow,479,"[""Electric"", ""Grass""]",0,0.3,,0,0,0,0,,"{""hp"": 50, ""atk"": 65, ""def"": 107, ""spa"": 105, ""spd"": 107, ""spe"": 86}"
Uxie,480,"[""Psychic""]",0,0.3,,0,0,0,0,,"{""hp"": 75, ""atk"": 75, ""def"": 130, ""spa"": 75, ""spd"": 130, ""spe"": 95}"
Mesprit,481,"[""Psychic""]",0,0.3,,0,0,0,0,,"{""hp"": 80, ""atk"": 105, ""def"": 105, ""spa"": 105, ""spd"": 105, ""spe"": 80}"
Azelf,482,"[""Psychic""]",0,0.3,,0,0,0,0,,"{""hp"": 75, ""atk"": 125, ""def"": 70, ""spa"": 125, ""spd"": 70, ""spe"": 115}"
Dialga,483,"[""Steel"", ""Dragon""]",0,683,,0,1,0,0,,"{""hp"": 100, ""atk"": 120, ""def"": 120, ""spa"": 150, ""spd"": 100, ""spe"": 90}"
Dialga-Origin,483,"[""Steel"", ""Dragon""]",0,850,,0,0,0,0,Adamant Crystal,"{""hp"": 100, ""atk"": 100, ""def"": 120, ""spa"": 150, ""spd"": 120, ""spe"": 90}"
Palkia,484,"[""Water"", ""Dragon""]",0,336,,0,1,0,0,,"{""hp"": 90, ""atk"": 120, ""def"": 100, ""spa"": 150, ""spd"": 120, ""spe"": 100}"
Palkia-Origin,484,"[""Water"", ""Dragon""]",0,660,,0,0,0,0,Lustrous Globe,"{""hp"": 90, ""atk"": 100, ""def"": 100, ""spa"": 150, ""spd"": 120, ""spe"": 120}"
Heatran,485,"[""Fire"", ""Steel""]",0,430,,0,0,0,0,,"{""hp"": 91, ""atk"": 90, ""def"": 106, ""spa"": 130, ""spd"": 106, ""spe"": 77}"
Regigigas,486,"[""Normal""]",0,420,,0,0,0,0,,"{""hp"": 110, ""atk"": 160, ""def"": 110, ""spa"": 80, ""spd"": 110, ""spe"": 100}"
Giratina,487,"[""Ghost"", ""Dragon""]",0,750,,0,1,0,0,,"{""hp"": 150, ""atk"": 100, ""def"": 120, ""spa"": 100, ""spd"": 120, ""spe"": 90}"
Giratina-Origin,487,"[""Ghost"", ""Dragon""]",0,650,,0,0,0,0,Griseous Core,"{""hp"": 150, ""atk"": 120, ""def"": 100, ""spa"": 120, ""spd"": 100, ""spe"": 90}"
Cresselia,488,"[""Psychic""]",0,85.6,,0,0,0,0,,"{""hp"": 120, ""atk"": 70, ""def"": 110, ""spa"": 75, ""spd"": 120, ""spe"": 85}"
Phione,489,"[""Water""]",0,3.1,,1,0,0,0,,"{""hp"": 80, ""atk"": 80, ""def"": 80, ""spa"": 80, ""spd"": 80, ""spe"": 80}"
Manaphy,490,"[""Water""]",0,1.4,,1,0,0,0,,"{""hp"": 100, ""atk"": 100, ""def"": 100, ""spa"": 100, ""spd"": 100, ""spe"": 100}"
Darkrai,491,"[""Dark""]",0,50.5,,1,0,0,0,,"{""hp"": 70, ""atk"": 90, ""def"": 90, ""spa"": 135, ""spd"": 90, ""spe"": 125}"
Shaymin,492,"[""Grass""]",0,2.1,,1,0,0,0,,"{""hp"": 100, ""atk"": 100, ""def"": 100, ""spa"": 100, ""spd"": 100, ""spe"": 100}"
Shaymin-Sky,492,"[""Grass"", ""Flying""]",0,5.2,,0,0,0,0,,"{""hp"": 100, ""atk"": 103, ""def"": 75, ""spa"": 120, ""spd"": 75, ""spe"": 127}"
Arceus,493,"[""Normal""]",0,320,,1,0,0,0,,"{""hp"": 120, ""atk"": 120, ""def"": 120, ""spa"": 120, ""spd"": 120, ""spe"": 120}"
Arceus-Bug,493,"[""Bug""]",0,320,,0,0,0,0,,"{""hp"": 120, ""atk"": 120, ""def"": 120, ""spa"": 120, ""spd"": 120, ""spe"": 120}"
Arceus-Dark,493,"[""Dark""]",0,320,,0,0,0,0,,"{""hp"": 120, ""atk"": 120, ""def"": 120, ""spa"": 120, ""spd"": 120, ""spe"": 120}"
Arceus-Dragon,493,"[""Dragon""]",0,320,,0,0,0,0,,"{""hp"": 120, ""atk"": 120, ""def"": 120, ""spa"": 120, ""spd"": 120, ""spe"": 120}"
Arceus-Electric,493,"[""Electric""]",0,320,,0,0,0,0,,"{""hp"": 120, ""atk"": 120, ""def"": 120, ""spa"": 120, ""spd"": 120, ""spe"": 120}"
Arceus-Fairy,493,"[""Fairy""]",0,320,,0,0,0,0,,"{""hp"": 120, ""atk"": 120, ""def"": 120, ""spa"": 120, ""spd"": 120, ""spe"": 120}"
Arceus-Fighting,493,"[""Fighting""]",0,320,,0,0,0,0,,"{""hp"": 120, ""atk"": 120, ""def"": 120, ""spa"": 120, ""spd"": 120, ""spe"": 120}"
Arceus-Fire,493,"[""Fire""]",0,320,,0,0,0,0,,"{""hp"": 120, ""atk"": 120, ""def"": 120, ""spa"": 120, ""spd"": 120, ""spe"": 120}"
Arceus-Flying,493,"[""Flying""]",0,320,,0,0,0,0,,"{""hp"": 120, ""atk"": 120, ""def"": 120, ""spa"": 120, ""spd"": 120, ""spe"": 120}"
Arceus-Ghost,493,"[""Ghost""]",0,320,,0,0,0,0,,"{""hp"": 120, ""atk"": 120, ""def"": 120, ""spa"": 120, ""spd"": 120, ""spe"": 120}"
Arceus-Grass,493,"[""Grass""]",0,320,,0,0,0,0,,"{""hp"": 120, ""atk"": 120, ""def"": 120, ""spa"": 120, ""spd"": 120, ""spe"": 120}"
Arceus-Ground,493,"[""Ground""]",0,320,,0,0,0,0,,"{""hp"": 120, ""atk"": 120, ""def"": 120, ""spa"": 120, ""spd"": 120, ""spe"": 120}"
Arceus-Ice,493,"[""Ice""]",0,320,,0,0,0,0,,"{""hp"": 120, ""atk"": 120, ""def"": 120, ""spa"": 120, ""spd"": 120, ""spe"": 120}"
Arceus-Poison,493,"[""Poison""]",0,320,,0,0,0,0,,"{""hp"": 120, ""atk"": 120, ""def"": 120, ""spa"": 120, ""spd"": 120, ""spe"": 120}"
Arceus-Psychic,493,"[""Psychic""]",0,320,,0,0,0,0,,"{""hp"": 120, ""atk"": 120, ""def"": 120, ""spa"": 120, ""spd"": 120, ""spe"": 120}"
Arceus-Rock,493,"[""Rock""]",0,320,,0,0,0,0,,"{""hp"": 120, ""atk"": 120, ""def"": 120, ""spa"": 120, ""spd"": 120, ""spe"": 120}"
Arceus-Steel,493,"[""Steel""]",0,320,,0,0,0,0,,"{""hp"": 120, ""atk"": 120, ""def"": 120, ""spa"": 120, ""spd"": 120, ""spe"": 120}"
Arceus-Water,493,"[""Water""]",0,320,,0,0,0,0,,"{""hp"": 120, ""atk"": 120, ""def"": 120, ""spa"": 120, ""spd"": 120, ""spe"": 120}"
Victini,494,"[""Psychic"", ""Fire""]",0,4,,1,0,0,0,,"{""hp"": 100, ""atk"": 100, ""def"": 100, ""spa"": 100, ""spd"": 100, ""spe"": 100}"
Snivy,495,"[""Grass""]",1,8.1,0.875,0,0,0,0,,"{""hp"": 45, ""atk"": 45, ""def"": 55, ""spa"": 45, ""spd"": 55, ""spe"": 63}"
Servine,496,"[""Grass""]",1,16,0.875,0,0,0,0,,"{""hp"": 60, ""atk"": 60, ""def"": 75, ""spa"": 60, ""spd"": 75, ""spe"": 83}"
Serperior,497,"[""Grass""]",0,63,0.875,0,0,0,0,,"{""hp"": 75, ""atk"": 75, ""def"": 95, ""spa"": 75, ""spd"": 95, ""spe"": 113}"
Tepig,498,"[""Fire""]",1,9.9,0.875,0,0,0,0,,"{""hp"": 65, ""atk"": 63, ""def"": 45, ""spa"": 45, ""spd"": 45, ""spe"": 45}"
Pignite,499,"[""Fire"", ""Fighting""]",1,55.5,0.875,0,0,0,0,,"{""hp"": 90, ""atk"": 93, ""def"": 55, ""spa"": 70, ""spd"": 55, ""spe"": 55}"
Emboar,500,"[""Fire"", ""Fighting""]",0,150,0.875,0,0,0,0,,"{""hp"": 110, ""atk"": 123, ""def"": 65, ""spa"": 100, ""spd"": 65, ""spe"": 65}"
Oshawott,501,"[""Water""]",1,5.9,0.875,0,0,0,0,,"{""hp"": 55, ""atk"": 55, ""def"": 45, ""spa"": 63, ""spd"": 45, ""spe"": 45}"
Dewott,502,"[""Water""]",1,24.5,0.875,0,0,0,0,,"{""hp"": 75, ""atk"": 75, ""def"": 60, ""spa"": 83, ""spd"": 60, ""spe"": 60}"
Samurott,503,"[""Water""]",0,94.6,0.875,0,0,0,0,,"{""hp"": 95, ""atk"": 100, ""def"": 85, ""spa"": 108, ""spd"": 70, ""spe"": 70}"
Samurott-Hisui,503,"[""Water"", ""Dark""]",0,58.2,0.875,0,0,0,0,,"{""hp"": 90, ""atk"": 108, ""def"": 80, ""spa"": 100, ""spd"": 65, ""spe"": 85}"
Patrat,504,"[""Normal""]",1,11.6,,0,0,0,0,,"{""hp"": 45, ""atk"": 55, ""def"": 39, ""spa"": 35, ""spd"": 39, ""spe"": 42}"
Watchog,505,"[""Normal""]",0,27,,0,0,0,0,,"{""hp"": 60, ""atk"": 85, ""def"": 69, ""spa"": 60, ""spd"": 69, ""spe"": 77}"
Lillipup,506,"[""Normal""]",1,4.1,,0,0,0,0,,"{""hp"": 45, ""atk"": 60, ""def"": 45, ""spa"": 25, ""spd"": 45, ""spe"": 55}"
Herdier,507,"[""Normal""]",1,14.7,,0,0,0,0,,"{""hp"": 65, ""atk"": 80, ""def"": 65, ""spa"": 35, ""spd"": 65, ""spe"": 60}"
Stoutland,508,"[""Normal""]",0,61,,0,0,0,0,,"{""hp"": 85, ""atk"": 110, ""def"": 90, ""spa"": 45, ""spd"": 90, ""spe"": 80}"
Purrloin,509,"[""Dark""]",1,10.1,,0,0,0,0,,"{""hp"": 41, ""atk"": 50, ""def"": 37, ""spa"": 50, ""spd"": 37, ""spe"": 66}"
Liepard,510,"[""Dark""]",0,37.5,,0,0,0,0,,"{""hp"": 64, ""atk"": 88, ""def"": 50, ""spa"": 88, ""spd"": 50, ""spe"": 106}"
Pansage,511,"[""Grass""]",1,10.5,0.875,0,0,0,0,,"{""hp"": 50, ""atk"": 53, ""def"": 48, ""spa"": 53, ""spd"": 48, ""spe"": 64}"
Simisage,512,"[""Grass""]",0,30.5,0.875,0,0,0,0,,"{""hp"": 75, ""atk"": 98, ""def"": 63, ""spa"": 98, ""spd"": 63, ""spe"": 101}"
Pansear,513,"[""Fire""]",1,11,0.875,0,0,0,0,,"{""hp"": 50, ""atk"": 53, ""def"": 48, ""spa"": 53, ""spd"": 48, ""spe"": 64}"
Simisear,514,"[""Fire""]",0,28,0.875,0,0,0,0,,"{""hp"": 75, ""atk"": 98, ""def"": 63, ""spa"": 98, ""spd"": 63, ""spe"": 101}"
Panpour,515,"[""Water""]",1,13.5,0.875,0,0,0,0,,"{""hp"": 50, ""atk"": 53, ""def"": 48, ""spa"": 53, ""spd"": 48, ""spe"": 64}"
Simipour,516,"[""Water""]",0,29,0.875,0,0,0,0,,"{""hp"": 75, ""atk"": 98, ""def"": 63, ""spa"": 98, ""spd"": 63, ""spe"": 101}"
Munna,517,"[""Psychic""]",1,23.3,,0,0,0,0,,"{""hp"": 76, ""atk"": 25, ""def"": 45, ""spa"": 67, ""spd"": 55, ""spe"": 24}"
Musharna,518,"[""Psychic""]",0,60.5,,0,0,0,0,,"{""hp"": 116, ""atk"": 55, ""def"": 85, ""spa"": 107, ""spd"": 95, ""spe"": 29}"
Pidove,519,"[""Normal"", ""Flying""]",1,2.1,,0,0,0,0,,"{""hp"": 50, ""atk"": 55, ""def"": 50, ""spa"": 36, ""spd"": 30, ""spe"": 43}"
Tranquill,520,"[""Normal"", ""Flying""]",1,15,,0,0,0,0,,"{""hp"": 62, ""atk"": 77, ""def"": 62, ""spa"": 50, ""spd"": 42, ""spe"": 65}"
Unfezant,521,"[""Normal"", ""Flying""]",0,29,,0,0,0,0,,"{""hp"": 80, ""atk"": 115, ""def"": 80, ""spa"": 65, ""spd"": 55, ""spe"": 93}"
Blitzle,522,"[""Electric""]",1,29.8,,0,0,0,0,,"{""hp"": 45, ""atk"": 60, ""def"": 32, ""spa"": 50, ""spd"": 32, ""spe"": 76}"
Zebstrika,523,"[""Electric""]",0,79.5,,0,0,0,0,,"{""hp"": 75, ""atk"": 100, ""def"": 63, ""spa"": 80, ""spd"": 63, ""spe"": 116}"
Roggenrola,524,"[""Rock""]",1,18,,0,0,0,0,,"{""hp"": 55, ""atk"": 75, ""def"": 85, ""spa"": 25, ""spd"": 25, ""spe"": 15}"
Boldore,525,"[""Rock""]",1,102,,0,0,0,0,,"{""hp"": 70, ""atk"": 105, ""def"": 105, ""spa"": 50, ""spd"": 40, ""spe"": 20}"
Gigalith,526,"[""Rock""]",0,260,,0,0,0,0,,"{""hp"": 85, ""atk"": 135, ""def"": 130, ""spa"": 60, ""spd"": 80, ""spe"": 25}"
Woobat,527,"[""Psychic"", ""Flying""]",1,2.1,,0,0,0,0,,"{""hp"": 65, ""atk"": 45, ""def"": 43, ""spa"": 55, ""spd"": 43, ""spe"": 72}"
Swoobat,528,"[""Psychic"", ""Flying""]",0,10.5,,0,0,0,0,,"{""hp"": 67, ""atk"": 57, ""def"": 55, ""spa"": 77, ""spd"": 55, ""spe"": 114}"
Drilbur,529,"[""Ground""]",1,8.5,,0,0,0,0,,"{""hp"": 60, ""atk"": 85, ""def"": 40, ""spa"": 30, ""spd"": 45, ""spe"": 68}"
Excadrill,530,"[""Ground"", ""Steel""]",0,40.4,,0,0,0,0,,"{""hp"": 110, ""atk"": 135, ""def"": 60, ""spa"": 50, ""spd"": 65, ""spe"": 88}"
Audino,531,"[""Normal""]",0,31,,0,0,0,0,,"{""hp"": 103, ""atk"": 60, ""def"": 86, ""spa"": 60, ""spd"": 86, ""spe"": 50}"
Audino-Mega,531,"[""Normal"", ""Fairy""]",0,32,,0,0,0,1,Audinite,"{""hp"": 103, ""atk"": 60, ""def"": 126, ""spa"": 80, ""spd"": 126, ""spe"": 50}"
Timburr,532,"[""Fighting""]",1,12.5,0.75,0,0,0,0,,"{""hp"": 75, ""atk"": 80, ""def"": 55, ""spa"": 25, ""spd"": 35, ""spe"": 35}"
Gurdurr,533,"[""Fighting""]",1,40,0.75,0,0,0,0,,"{""hp"": 85, ""atk"": 105, ""def"": 85, ""spa"": 40, ""spd"": 50, ""spe"": 40}"
Conkeldurr,534,"[""Fighting""]",0,87,0.75,0,0,0,0,,"{""hp"": 105, ""atk"": 140, ""def"": 95, ""spa"": 55, ""spd"": 65, ""spe"": 45}"
Tympole,535,"[""Water""]",1,4.5,,0,0,0,0,,"{""hp"": 50, ""atk"": 50, ""def"": 40, ""spa"": 50, ""spd"": 40, ""spe"": 64}"
Palpitoad,536,"[""Water"", ""Ground""]",1,17,,0,0,0,0,,"{""hp"": 75, ""atk"": 65, ""def"": 55, ""spa"": 65, ""spd"": 55, ""spe"": 69}"
Seismitoad,537,"[""Water"", ""Ground""]",0,62,,0,0,0,0,,"{""hp"": 105, ""atk"": 95, ""def"": 75, ""spa"": 85, ""spd"": 75, ""spe"": 74}"
Throh,538,"[""Fighting""]",0,55.5,,0,0,0,0,,"{""hp"": 120, ""atk"": 100, ""def"": 85, ""spa"": 30, ""spd"": 85, ""spe"": 45}"
Sawk,539,"[""Fighting""]",0,51,,0,0,0,0,,"{""hp"": 75, ""atk"": 125, ""def"": 75, ""spa"": 30, ""spd"": 75, ""spe"": 85}"
Sewaddle,540,"[""Bug"", ""Grass""]",1,2.5,,0,0,0,0,,"{""hp"": 45, ""atk"": 53, ""def"": 70, ""spa"": 40, ""spd"": 60, ""spe"": 42}"
Swadloon,541,"[""Bug"", ""Grass""]",1,7.3,,0,0,0,0,,"{""hp"": 55, ""atk"": 63, ""def"": 90, ""spa"": 50, ""spd"": 80, ""spe"": 42}"
Leavanny,542,"[""Bug"", ""Grass""]",0,20.5,,0,0,0,0,,"{""hp"": 75, ""atk"": 103, ""def"": 80, ""spa"": 70, ""spd"": 80, ""spe"": 92}"
Venipede,543,"[""Bug"", ""Poison""]",1,5.3,,0,0,0,0,,"{""hp"": 30, ""atk"": 45, ""def"": 59, ""spa"": 30, ""spd"": 39, ""spe"": 57}"
Whirlipede,544,"[""Bug"", ""Poison""]",1,58.5,,0,0,0,0,,"{""hp"": 40, ""atk"": 55, ""def"": 99, ""spa"": 40, ""spd"": 79, ""spe"": 47}"
Scolipede,545,"[""Bug"", ""Poison""]",0,200.5,,0,0,0,0,,"{""hp"": 60, ""atk"": 100, ""def"": 89, ""spa"": 55, ""spd"": 69, ""spe"": 112}"
Cottonee,546,"[""Grass"", ""Fairy""]",1,0.6,,0,0,0,0,,"{""hp"": 40, ""atk"": 27, ""def"": 60, ""spa"": 37, ""spd"": 50, ""spe"": 66}"
Whimsicott,547,"[""Grass"", ""Fairy""]",0,6.6,,0,0,0,0,,"{""hp"": 60, ""atk"": 67, ""def"": 85, ""spa"": 77, ""spd"": 75, ""spe"": 116}"
Petilil,548,"[""Grass""]",1,6.6,,0,0,0,0,,"{""hp"": 45, ""atk"": 35, ""def"": 50, ""spa"": 70, ""spd"": 50, ""spe"": 30}"
Lilligant,549,"[""Grass""]",0,16.3,,0,0,0,0,,"{""hp"": 70, ""atk"": 60, ""def"": 75, ""spa"": 110, ""spd"": 75, ""spe"": 90}"
Lilligant-Hisui,549,"[""Grass"", ""Fighting""]",0,19.2,,0,0,0,0,,"{""hp"": 70, ""atk"": 105, ""def"": 75, ""spa"": 50, ""spd"": 75, ""spe"": 105}"
Basculin,550,"[""Water""]",0,18,,0,0,0,0,,"{""hp"": 70, ""atk"": 92, ""def"": 65, ""spa"": 80, ""spd"": 55, ""spe"": 98}"
Basculin-Blue-Striped,550,"[""Water""]",0,18,,0,0,0,0,,"{""hp"": 70, ""atk"": 92, ""def"": 65, ""spa"": 80, ""spd"": 55, ""spe"": 98}"
Basculin-White-Striped,550,"[""Water""]",1,18,,0,0,0,0,,"{""hp"": 70, ""atk"": 92, ""def"": 65, ""spa"": 80, ""spd"": 55, ""spe"": 98}"
Sandile,551,"[""Ground"", ""Dark""]",1,15.2,,0,0,0,0,,"{""hp"": 50, ""atk"": 72, ""def"": 35, ""spa"": 35, ""spd"": 35, ""spe"": 65}"
Krokorok,552,"[""Ground"", ""Dark""]",1,33.4,,0,0,0,0,,"{""hp"": 60, ""atk"": 82, ""def"": 45, ""spa"": 45, ""spd"": 45, ""spe"": 74}"
Krookodile,553,"[""Ground"", ""Dark""]",0,96.3,,0,0,0,0,,"{""hp"": 95, ""atk"": 117, ""def"": 80, ""spa"": 65, ""spd"": 70, ""spe"": 92}"
Darumaka,554,"[""Fire""]",1,37.5,,0,0,0,0,,"{""hp"": 70, ""atk"": 90, ""def"": 45, ""spa"": 15, ""spd"": 45, ""spe"": 50}"
Darumaka-Galar,554,"[""Ice""]",1,40,,0,0,0,0,,"{""hp"": 70, ""atk"": 90, ""def"": 45, ""spa"": 15, ""spd"": 45, ""spe"": 50}"
Darmanitan,555,"[""Fire""]",0,92.9,,0,0,0,0,,"{""hp"": 105, ""atk"": 140, ""def"": 55, ""spa"": 30, ""spd"": 55, ""spe"": 95}"
Darmanitan-Zen,555,"[""Fire"", ""Psychic""]",0,92.9,,0,0,0,0,,"{""hp"": 105, ""atk"": 30, ""def"": 105, ""spa"": 140, ""spd"": 105, ""spe"": 55}"
Darmanitan-Galar,555,"[""Ice""]",0,120,,0,0,0,0,,"{""hp"": 105, ""atk"": 140, ""def"": 55, ""spa"": 30, ""spd"": 55, ""spe"": 95}"
Darmanitan-Galar-Zen,555,"[""Ice"", ""Fire""]",0,120,,0,0,0,0,,"{""hp"": 105, ""atk"": 160, ""def"": 55, ""spa"": 30, ""spd"": 55, ""spe"": 135}"
Maractus,556,"[""Grass""]",0,28,,0,0,0,0,,"{""hp"": 75, ""atk"": 86, ""def"": 67, ""spa"": 106, ""spd"": 67, ""spe"": 60}"
Dwebble,557,"[""Bug"", ""Rock""]",1,14.5,,0,0,0,0,,"{""hp"": 50, ""atk"": 65, ""def"": 85, ""spa"": 35, ""spd"": 35, ""spe"": 55}"
Crustle,558,"[""Bug"", ""Rock""]",0,200,,0,0,0,0,,"{""hp"": 70, ""atk"": 105, ""def"": 125, ""spa"": 65, ""spd"": 75, ""spe"": 45}"
Scraggy,559,"[""Dark"", ""Fighting""]",1,11.8,,0,0,0,0,,"{""hp"": 50, ""atk"": 75, ""def"": 70, ""spa"": 35, ""spd"": 70, ""spe"": 48}"
Scrafty,560,"[""Dark"", ""Fighting""]",0,30,,0,0,0,0,,"{""hp"": 65, ""atk"": 90, ""def"": 115, ""spa"": 45, ""spd"": 115, ""spe"": 58}"
Sigilyph,561,"[""Psychic"", ""Flying""]",0,14,,0,0,0,0,,"{""hp"": 72, ""atk"": 58, ""def"": 80, ""spa"": 103, ""spd"": 80, ""spe"": 97}"
Yamask,562,"[""Ghost""]",1,1.5,,0,0,0,0,,"{""hp"": 38, ""atk"": 30, ""def"": 85, ""spa"": 55, ""spd"": 65, ""spe"": 30}"
Yamask-Galar,562,"[""Ground"", ""Ghost""]",1,1.5,,0,0,0,0,,"{""hp"": 38, ""atk"": 55, ""def"": 85, ""spa"": 30, ""spd"": 65, ""spe"": 30}"
Cofagrigus,563,"[""Ghost""]",0,76.5,,0,0,0,0,,"{""hp"": 58, ""atk"": 50, ""def"": 145, ""spa"": 95, ""spd"": 105, ""spe"": 30}"
Tirtouga,564,"[""Water"", ""Rock""]",1,16.5,0.875,0,0,0,0,,"{""hp"": 54, ""atk"": 78, ""def"": 103, ""spa"": 53, ""spd"": 45, ""spe"": 22}"
Carracosta,565,"[""Water"", ""Rock""]",0,81,0.875,0,0,0,0,,"{""hp"": 74, ""atk"": 108, ""def"": 133, ""spa"": 83, ""spd"": 65, ""spe"": 32}"
Archen,566,"[""Rock"", ""Flying""]",1,9.5,0.875,0,0,0,0,,"{""hp"": 55, ""atk"": 112, ""def"": 45, ""spa"": 74, ""spd"": 45, ""spe"": 70}"
Archeops,567,"[""Rock"", ""Flying""]",0,32,0.875,0,0,0,0,,"{""hp"": 75, ""atk"": 140, ""def"": 65, ""spa"": 112, ""spd"": 65, ""spe"": 110}"
Trubbish,568,"[""Poison""]",1,31,,0,0,0,0,,"{""hp"": 50, ""atk"": 50, ""def"": 62, ""spa"": 40, ""spd"": 62, ""spe"": 65}"
Garbodor,569,"[""Poison""]",0,107.3,,0,0,0,0,,"{""hp"": 80, ""atk"": 95, ""def"": 82, ""spa"": 60, ""spd"": 82, ""spe"": 75}"
Garbodor-Gmax,569,"[""Poison""]",0,0,,0,0,1,0,,"{""hp"": 80, ""atk"": 95, ""def"": 82, ""spa"": 60, ""spd"": 82, ""spe"": 75}"
Zorua,570,"[""Dark""]",1,12.5,0.875,0,0,0,0,,"{""hp"": 40, ""atk"": 65, ""def"": 40, ""spa"": 80, ""spd"": 40, ""spe"": 65}"
Zorua-Hisui,570,"[""Normal"", ""Ghost""]",1,12.5,0.875,0,0,0,0,,"{""hp"": 35, ""atk"": 60, ""def"": 40, ""spa"": 85, ""spd"": 40, ""spe"": 70}"
Zoroark,571,"[""Dark""]",0,81.1,0.875,0,0,0,0,,"{""hp"": 60, ""atk"": 105, ""def"": 60, ""spa"": 120, ""spd"": 60, ""spe"": 105}"
Zoroark-Hisui,571,"[""Normal"", ""Ghost""]",0,73,0.875,0,0,0,0,,"{""hp"": 55, ""atk"": 100, ""def"": 60, ""spa"": 125, ""spd"": 60, ""spe"": 110}"
Minccino,572,"[""Normal""]",1,5.8,0.25,0,0,0,0,,"{""hp"": 55, ""atk"": 50, ""def"": 40, ""spa"": 40, ""spd"": 40, ""spe"": 75}"
Cinccino,573,"[""Normal""]",0,7.5,0.25,0,0,0,0,,"{""hp"": 75, ""atk"": 95, ""def"": 60, ""spa"": 65, ""spd"": 60, ""spe"": 115}"
Gothita,574,"[""Psychic""]",1,5.8,0.25,0,0,0,0,,"{""hp"": 45, ""atk"": 30, ""def"": 50, ""spa"": 55, ""spd"": 65, ""spe"": 45}"
Gothorita,575,"[""Psychic""]",1,18,0.25,0,0,0,0,,"{""hp"": 60, ""atk"": 45, ""def"": 70, ""spa"": 75, ""spd"": 85, ""spe"": 55}"
Gothitelle,576,"[""Psychic""]",0,44,0.25,0,0,0,0,,"{""hp"": 70, ""atk"": 55, ""def"": 95, ""spa"": 95, ""spd"": 110, ""spe"": 65}"
Solosis,577,"[""Psychic""]",1,1,,0,0,0,0,,"{""hp"": 45, ""atk"": 30, ""def"": 40, ""spa"": 105, ""spd"": 50, ""spe"": 20}"
Duosion,578,"[""Psychic""]",1,8,,0,0,0,0,,"{""hp"": 65, ""atk"": 40, ""def"": 50, ""spa"": 125, ""spd"": 60, ""spe"": 30}"
Reuniclus,579,"[""Psychic""]",0,20.1,,0,0,0,0,,"{""hp"": 110, ""atk"": 65, ""def"": 75, ""spa"": 125, ""spd"": 85, ""spe"": 30}"
Ducklett,580,"[""Water"", ""Flying""]",1,5.5,,0,0,0,0,,"{""hp"": 62, ""atk"": 44, ""def"": 50, ""spa"": 44, ""spd"": 50, ""spe"": 55}"
Swanna,581,"[""Water"", ""Flying""]",0,24.2,,0,0,0,0,,"{""hp"": 75, ""atk"": 87, ""def"": 63, ""spa"": 87, ""spd"": 63, ""spe"": 98}"
Vanillite,582,"[""Ice""]",1,5.7,,0,0,0,0,,"{""hp"": 36, ""atk"": 50, ""def"": 50, ""spa"": 65, ""spd"": 60, ""spe"": 44}"
Vanillish,583,"[""Ice""]",1,41,,0,0,0,0,,"{""hp"": 51, ""atk"": 65, ""def"": 65, ""spa"": 80, ""spd"": 75, ""spe"": 59}"
Vanilluxe,584,"[""Ice""]",0,57.5,,0,0,0,0,,"{""hp"": 71, ""atk"": 95, ""def"": 85, ""spa"": 110, ""spd"": 95, ""spe"": 79}"
Deerling,585,"[""Normal"", ""Grass""]",1,19.5,,0,0,0,0,,"{""hp"": 60, ""atk"": 60, ""def"": 50, ""spa"": 40, ""spd"": 50, ""spe"": 75}"
Sawsbuck,586,"[""Normal"", ""Grass""]",0,92.5,,0,0,0,0,,"{""hp"": 80, ""atk"": 100, ""def"": 70, ""spa"": 60, ""spd"": 70, ""spe"": 95}"
Emolga,587,"[""Electric"", ""Flying""]",0,5,,0,0,0,0,,"{""hp"": 55, ""atk"": 75, ""def"": 60, ""spa"": 75, ""spd"": 60, ""spe"": 103}"
Karrablast,588,"[""Bug""]",1,5.9,,0,0,0,0,,"{""hp"": 50, ""atk"": 75, ""def"": 45, ""spa"": 40, ""spd"": 45, ""spe"": 60}"
Escavalier,589,"[""Bug"", ""Steel""]",0,33,,0,0,0,0,,"{""hp"": 70, ""atk"": 135, ""def"": 105, ""spa"": 60, ""spd"": 105, ""spe"": 20}"
Foongus,590,"[""Grass"", ""Poison""]",1,1,,0,0,0,0,,"{""hp"": 69, ""atk"": 55, ""def"": 45, ""spa"": 55, ""spd"": 55, ""spe"": 15}"
Amoonguss,591,"[""Grass"", ""Poison""]",0,10.5,,0,0,0,0,,"{""hp"": 114, ""atk"": 85, ""def"": 70, ""spa"": 85, ""spd"": 80, ""spe"": 30}"
Frillish,592,"[""Water"", ""Ghost""]",1,33,,0,0,0,0,,"{""hp"": 55, ""atk"": 40, ""def"": 50, ""spa"": 65, ""spd"": 85, ""spe"": 40}"
Jellicent,593,"[""Water"", ""Ghost""]",0,135,,0,0,0,0,,"{""hp"": 100, ""atk"": 60, ""def"": 70, ""spa"": 85, ""spd"": 105, ""spe"": 60}"
Alomomola,594,"[""Water""]",0,31.6,,0,0,0,0,,"{""hp"": 165, ""atk"": 75, ""def"": 80, ""spa"": 40, ""spd"": 45, ""spe"": 65}"
Joltik,595,"[""Bug"", ""Electric""]",1,0.6,,0,0,0,0,,"{""hp"": 50, ""atk"": 47, ""def"": 50, ""spa"": 57, ""spd"": 50, ""spe"": 65}"
Galvantula,596,"[""Bug"", ""Electric""]",0,14.3,,0,0,0,0,,"{""hp"": 70, ""atk"": 77, ""def"": 60, ""spa"": 97, ""spd"": 60, ""spe"": 108}"
Ferroseed,597,"[""Grass"", ""Steel""]",1,18.8,,0,0,0,0,,"{""hp"": 44, ""atk"": 50, ""def"": 91, ""spa"": 24, ""spd"": 86, ""spe"": 10}"
Ferrothorn,598,"[""Grass"", ""Steel""]",0,110,,0,0,0,0,,"{""hp"": 74, ""atk"": 94, ""def"": 131, ""spa"": 54, ""spd"": 116, ""spe"": 20}"
Klink,599,"[""Steel""]",1,21,,0,0,0,0,,"{""hp"": 40, ""atk"": 55, ""def"": 70, ""spa"": 45, ""spd"": 60, ""spe"": 30}"
Klang,600,"[""Steel""]",1,51,,0,0,0,0,,"{""hp"": 60, ""atk"": 80, ""def"": 95, ""spa"": 70, ""spd"": 85, ""spe"": 50}"
Klinklang,601,"[""Steel""]",0,81,,0,0,0,0,,"{""hp"": 60, ""atk"": 100, ""def"": 115, ""spa"": 70, ""spd"": 85, ""spe"": 90}"
Tynamo,602,"[""Electric""]",1,0.3,,0,0,0,0,,"{""hp"": 35, ""atk"": 55, ""def"": 40, ""spa"": 45, ""spd"": 40, ""spe"": 60}"
Eelektrik,603,"[""Electric""]",1,22,,0,0,0,0,,"{""hp"": 65, ""atk"": 85, ""def"": 70, ""spa"": 75, ""spd"": 70, ""spe"": 40}"
Eelektross,604,"[""Electric""]",0,80.5,,0,0,0,0,,"{""hp"": 85, ""atk"": 115, ""def"": 80, ""spa"": 105, ""spd"": 80, ""spe"": 50}"
Elgyem,605,"[""Psychic""]",1,9,,0,0,0,0,,"{""hp"": 55, ""atk"": 55, ""def"": 55, ""spa"": 85, ""spd"": 55, ""spe"": 30}"
Beheeyem,606,"[""Psychic""]",0,34.5,,0,0,0,0,,"{""hp"": 75, ""atk"": 75, ""def"": 75, ""spa"": 125, ""spd"": 95, ""spe"": 40}"
Litwick,607,"[""Ghost"", ""Fire""]",1,3.1,,0,0,0,0,,"{""hp"": 50, ""atk"": 30, ""def"": 55, ""spa"": 65, ""spd"": 55, ""spe"": 20}"
Lampent,608,"[""Ghost"", ""Fire""]",1,13,,0,0,0,0,,"{""hp"": 60, ""atk"": 40, ""def"": 60, ""spa"": 95, ""spd"": 60, ""spe"": 55}"
Chandelure,609,"[""Ghost"", ""Fire""]",0,34.3,,0,0,0,0,,"{""hp"": 60, ""atk"": 55, ""def"": 90, ""spa"": 145, ""spd"": 90, ""spe"": 80}"
Axew,610,"[""Dragon""]",1,18,,0,0,0,0,,"{""hp"": 46, ""atk"": 87, ""def"": 60, ""spa"": 30, ""spd"": 40, ""spe"": 57}"
Fraxure,611,"[""Dragon""]",1,36,,0,0,0,0,,"{""hp"": 66, ""atk"": 117, ""def"": 70, ""spa"": 40, ""spd"": 50, ""spe"": 67}"
Haxorus,612,"[""Dragon""]",0,105.5,,0,0,0,0,,"{""hp"": 76, ""atk"": 147, ""def"": 90, ""spa"": 60, ""spd"": 70, ""spe"": 97}"
Cubchoo,613,"[""Ice""]",1,8.5,,0,0,0,0,,"{""hp"": 55, ""atk"": 70, ""def"": 40, ""spa"": 60, ""spd"": 40, ""spe"": 40}"
Beartic,614,"[""Ice""]",0,260,,0,0,0,0,,"{""hp"": 95, ""atk"": 130, ""def"": 80, ""spa"": 70, ""spd"": 80, ""spe"": 50}"
Cryogonal,615,"[""Ice""]",0,148,,0,0,0,0,,"{""hp"": 80, ""atk"": 50, ""def"": 50, ""spa"": 95, ""spd"": 135, ""spe"": 105}"
Shelmet,616,"[""Bug""]",1,7.7,,0,0,0,0,,"{""hp"": 50, ""atk"": 40, ""def"": 85, ""spa"": 40, ""spd"": 65, ""spe"": 25}"
Accelgor,617,"[""Bug""]",0,25.3,,0,0,0,0,,"{""hp"": 80, ""atk"": 70, ""def"": 40, ""spa"": 100, ""spd"": 60, ""spe"": 145}"
Stunfisk,618,"[""Ground"", ""Electric""]",0,11,,0,0,0,0,,"{""hp"": 109, ""atk"": 66, ""def"": 84, ""spa"": 81, ""spd"": 99, ""spe"": 32}"
Stunfisk-Galar,618,"[""Ground"", ""Steel""]",0,20.5,,0,0,0,0,,"{""hp"": 109, ""atk"": 81, ""def"": 99, ""spa"": 66, ""spd"": 84, ""spe"": 32}"
Mienfoo,619,"[""Fighting""]",1,20,,0,0,0,0,,"{""hp"": 45, ""atk"": 85, ""def"": 50, ""spa"": 55, ""spd"": 50, ""spe"": 65}"
Mienshao,620,"[""Fighting""]",0,35.5,,0,0,0,0,,"{""hp"": 65, ""atk"": 125, ""def"": 60, ""spa"": 95, ""spd"": 60, ""spe"": 105}"
Druddigon,621,"[""Dragon""]",0,139,,0,0,0,0,,"{""hp"": 77, ""atk"": 120, ""def"": 90, ""spa"": 60, ""spd"": 90, ""spe"": 48}"
Golett,622,"[""Ground"", ""Ghost""]",1,92,,0,0,0,0,,"{""hp"": 59, ""atk"": 74, ""def"": 50, ""spa"": 35, ""spd"": 50, ""spe"": 35}"
Golurk,623,"[""Ground"", ""Ghost""]",0,330,,0,0,0,0,,"{""hp"": 89, ""atk"": 124, ""def"": 80, ""spa"": 55, ""spd"": 80, ""spe"": 55}"
Pawniard,624,"[""Dark"", ""Steel""]",1,10.2,,0,0,0,0,,"{""hp"": 45, ""atk"": 85, ""def"": 70, ""spa"": 40, ""spd"": 40, ""spe"": 60}"
Bisharp,625,"[""Dark"", ""Steel""]",1,70,,0,0,0,0,,"{""hp"": 65, ""atk"": 125, ""def"": 100, ""spa"": 60, ""spd"": 70, ""spe"": 70}"
Bouffalant,626,"[""Normal""]",0,94.6,,0,0,0,0,,"{""hp"": 95, ""atk"": 110, ""def"": 95, ""spa"": 40, ""spd"": 95, ""spe"": 55}"
Rufflet,627,"[""Normal"", ""Flying""]",1,10.5,,0,0,0,0,,"{""hp"": 70, ""atk"": 83, ""def"": 50, ""spa"": 37, ""spd"": 50, ""spe"": 60}"
Braviary,628,"[""Normal"", ""Flying""]",0,41,,0,0,0,0,,"{""hp"": 100, ""atk"": 123, ""def"": 75, ""spa"": 57, ""spd"": 75, ""spe"": 80}"
Braviary-Hisui,628,"[""Psychic"", ""Flying""]",0,43.4,,0,0,0,0,,"{""hp"": 110, ""atk"": 83, ""def"": 70, ""spa"": 112, ""spd"": 70, ""spe"": 65}"
Vullaby,629,"[""Dark"", ""Flying""]",1,9,,0,0,0,0,,"{""hp"": 70, ""atk"": 55, ""def"": 75, ""spa"": 45, ""spd"": 65, ""spe"": 60}"
Mandibuzz,630,"[""Dark"", ""Flying""]",0,39.5,,0,0,0,0,,"{""hp"": 110, ""atk"": 65, ""def"": 105, ""spa"": 55, ""spd"": 95, ""spe"": 80}"
Heatmor,631,"[""Fire""]",0,58,,0,0,0,0,,"{""hp"": 85, ""atk"": 97, ""def"": 66, ""spa"": 105, ""spd"": 66, ""spe"": 65}"
Durant,632,"[""Bug"", ""Steel""]",0,33,,0,0,0,0,,"{""hp"": 58, ""atk"": 109, ""def"": 112, ""spa"": 48, ""spd"": 48, ""spe"": 109}"
Deino,633,"[""Dark"", ""Dragon""]",1,17.3,,0,0,0,0,,"{""hp"": 52, ""atk"": 65, ""def"": 50, ""spa"": 45, ""spd"": 50, ""spe"": 38}"
Zweilous,634,"[""Dark"", ""Dragon""]",1,50,,0,0,0,0,,"{""hp"": 72, ""atk"": 85, ""def"": 70, ""spa"": 65, ""spd"": 70, ""spe"": 58}"
Hydreigon,635,"[""Dark"", ""Dragon""]",0,160,,0,0,0,0,,"{""hp"": 92, ""atk"": 105, ""def"": 90, ""spa"": 125, ""spd"": 90, ""spe"": 98}"
Larvesta,636,"[""Bug"", ""Fire""]",1,28.8,,0,0,0,0,,"{""hp"": 55, ""atk"": 85, ""def"": 55, ""spa"": 50, ""spd"": 55, ""spe"": 60}"
Volcarona,637,"[""Bug"", ""Fire""]",0,46,,0,0,0,0,,"{""hp"": 85, ""atk"": 60, ""def"": 65, ""spa"": 135, ""spd"": 105, ""spe"": 100}"
Cobalion,638,"[""Steel"", ""Fighting""]",0,250,,0,0,0,0,,"{""hp"": 91, ""atk"": 90, ""def"": 129, ""spa"": 90, ""spd"": 72, ""spe"": 108}"
Terrakion,639,"[""Rock"", ""Fighting""]",0,260,,0,0,0,0,,"{""hp"": 91, ""atk"": 129, ""def"": 90, ""spa"": 72, ""spd"": 90, ""spe"": 108}"
Virizion,640,"[""Grass"", ""Fighting""]",0,200,,0,0,0,0,,"{""hp"": 91, ""atk"": 90, ""def"": 72, ""spa"": 90, ""spd"": 129, ""spe"": 108}"
Tornadus,641,"[""Flying""]",0,63,,0,0,0,0,,"{""hp"": 79, ""atk"": 115, ""def"": 70, ""spa"": 125, ""spd"": 80, ""spe"": 111}"
Tornadus-Therian,641,"[""Flying""]",0,63,,0,0,0,0,,"{""hp"": 79, ""atk"": 100, ""def"": 80, ""spa"": 110, ""spd"": 90, ""spe"": 121}"
Thundurus,642,"[""Electric"", ""Flying""]",0,61,,0,0,0,0,,"{""hp"": 79, ""atk"": 115, ""def"": 70, ""spa"": 125, ""spd"": 80, ""spe"": 111}"
Thundurus-Therian,642,"[""Electric"", ""Flying""]",0,61,,0,0,0,0,,"{""hp"": 79, ""atk"": 105, ""def"": 70, ""spa"": 145, ""spd"": 80, ""spe"": 101}"
Reshiram,643,"[""Dragon"", ""Fire""]",0,330,,0,1,0,0,,"{""hp"": 100, ""atk"": 120, ""def"": 100, ""spa"": 150, ""spd"": 120, ""spe"": 90}"
Zekrom,644,"[""Dragon"", ""Electric""]",0,345,,0,1,0,0,,"{""hp"": 100, ""atk"": 150, ""def"": 120, ""spa"": 120, ""spd"": 100, ""spe"": 90}"
Landorus,645,"[""Ground"", ""Flying""]",0,68,,0,0,0,0,,"{""hp"": 89, ""atk"": 125, ""def"": 90, ""spa"": 115, ""spd"": 80, ""spe"": 101}"
Landorus-Therian,645,"[""Ground"", ""Flying""]",0,68,,0,0,0,0,,"{""hp"": 89, ""atk"": 145, ""def"": 90, ""spa"": 105, ""spd"": 80, ""spe"": 91}"
Kyurem,646,"[""Dragon"", ""Ice""]",0,325,,0,1,0,0,,"{""hp"": 125, ""atk"": 130, ""def"": 90, ""spa"": 130, ""spd"": 90, ""spe"": 95}"
Kyurem-Black,646,"[""Dragon"", ""Ice""]",0,325,,0,0,0,0,,"{""hp"": 125, ""atk"": 170, ""def"": 100, ""spa"": 120, ""spd"": 90, ""spe"": 95}"
Kyurem-White,646,"[""Dragon"", ""Ice""]",0,325,,0,0,0,0,,"{""hp"": 125, ""atk"": 120, ""def"": 90, ""spa"": 170, ""spd"": 100, ""spe"": 95}"
Keldeo,647,"[""Water"", ""Fighting""]",0,48.5,,1,0,0,0,,"{""hp"": 91, ""atk"": 72, ""def"": 90, ""spa"": 129, ""spd"": 90, ""spe"": 108}"
Keldeo-Resolute,647,"[""Water"", ""Fighting""]",0,48.5,,0,0,0,0,,"{""hp"": 91, ""atk"": 72, ""def"": 90, ""spa"": 129, ""spd"": 90, ""spe"": 108}"
Meloetta,648,"[""Normal"", ""Psychic""]",0,6.5,,1,0,0,0,,"{""hp"": 100, ""atk"": 77, ""def"": 77, ""spa"": 128, ""spd"": 128, ""spe"": 90}"
Meloetta-Pirouette,648,"[""Normal"", ""Fighting""]",0,6.5,,0,0,0,0,,"{""hp"": 100, ""atk"": 128, ""def"": 90, ""spa"": 77, ""spd"": 77, ""spe"": 128}"
Genesect,649,"[""Bug"", ""Steel""]",0,82.5,,1,0,0,0,,"{""hp"": 71, ""atk"": 120, ""def"": 95, ""spa"": 120, ""spd"": 95, ""spe"": 99}"
Genesect-Douse,649,"[""Bug"", ""Steel""]",0,82.5,,0,0,0,0,Douse Drive,"{""hp"": 71, ""atk"": 120, ""def"": 95, ""spa"": 120, ""spd"": 95, ""spe"": 99}"
Genesect-Shock,649,"[""Bug"", ""Steel""]",0,82.5,,0,0,0,0,Shock Drive,"{""hp"": 71, ""atk"": 120, ""def"": 95, ""spa"": 120, ""spd"": 95, ""spe"": 99}"
Genesect-Burn,649,"[""Bug"", ""Steel""]",0,82.5,,0,0,0,0,Burn Drive,"{""hp"": 71, ""atk"": 120, ""def"": 95, ""spa"": 120, ""spd"": 95, ""spe"": 99}"
Genesect-Chill,649,"[""Bug"", ""Steel""]",0,82.5,,0,0,0,0,Chill Drive,"{""hp"": 71, ""atk"": 120, ""def"": 95, ""spa"": 120, ""spd"": 95, ""spe"": 99}"
Chespin,650,"[""Grass""]",1,9,0.875,0,0,0,0,,"{""hp"": 56, ""atk"": 61, ""def"": 65, ""spa"": 48, ""spd"": 45, ""spe"": 38}"
Quilladin,651,"[""Grass""]",1,29,0.875,0,0,0,0,,"{""hp"": 61, ""atk"": 78, ""def"": 95, ""spa"": 56, ""spd"": 58, ""spe"": 57}"
Chesnaught,652,"[""Grass"", ""Fighting""]",0,90,0.875,0,0,0,0,,"{""hp"": 88, ""atk"": 107, ""def"": 122, ""spa"": 74, ""spd"": 75, ""spe"": 64}"
Fennekin,653,"[""Fire""]",1,9.4,0.875,0,0,0,0,,"{""hp"": 40, ""atk"": 45, ""def"": 40, ""spa"": 62, ""spd"": 60, ""spe"": 60}"
Braixen,654,"[""Fire""]",1,14.5,0.875,0,0,0,0,,"{""hp"": 59, ""atk"": 59, ""def"": 58, ""spa"": 90, ""spd"": 70, ""spe"": 73}"
Delphox,655,"[""Fire"", ""Psychic""]",0,39,0.875,0,0,0,0,,"{""hp"": 75, ""atk"": 69, ""def"": 72, ""spa"": 114, ""spd"": 100, ""spe"": 104}"
Froakie,656,"[""Water""]",1,7,0.875,0,0,0,0,,"{""hp"": 41, ""atk"": 56, ""def"": 40, ""spa"": 62, ""spd"": 44, ""spe"": 71}"
Frogadier,657,"[""Water""]",1,10.9,0.875,0,0,0,0,,"{""hp"": 54, ""atk"": 63, ""def"": 52, ""spa"": 83, ""spd"": 56, ""spe"": 97}"
Greninja,658,"[""Water"", ""Dark""]",0,40,0.875,0,0,0,0,,"{""hp"": 72, ""atk"": 95, ""def"": 67, ""spa"": 103, ""spd"": 71, ""spe"": 122}"
Greninja-Bond,658,"[""Water"", ""Dark""]",0,40,,0,0,0,0,,"{""hp"": 72, ""atk"": 95, ""def"": 67, ""spa"": 103, ""spd"": 71, ""spe"": 122}"
Greninja-Ash,658,"[""Water"", ""Dark""]",0,40,,0,0,0,0,,"{""hp"": 72, ""atk"": 145, ""def"": 67, ""spa"": 153, ""spd"": 71, ""spe"": 132}"
Bunnelby,659,"[""Normal""]",1,5,,0,0,0,0,,"{""hp"": 38, ""atk"": 36, ""def"": 38, ""spa"": 32, ""spd"": 36, ""spe"": 57}"
Diggersby,660,"[""Normal"", ""Ground""]",0,42.4,,0,0,0,0,,"{""hp"": 85, ""atk"": 56, ""def"": 77, ""spa"": 50, ""spd"": 77, ""spe"": 78}"
Fletchling,661,"[""Normal"", ""Flying""]",1,1.7,,0,0,0,0,,"{""hp"": 45, ""atk"": 50, ""def"": 43, ""spa"": 40, ""spd"": 38, ""spe"": 62}"
Fletchinder,662,"[""Fire"", ""Flying""]",1,16,,0,0,0,0,,"{""hp"": 62, ""atk"": 73, ""def"": 55, ""spa"": 56, ""spd"": 52, ""spe"": 84}"
Talonflame,663,"[""Fire"", ""Flying""]",0,24.5,,0,0,0,0,,"{""hp"": 78, ""atk"": 81, ""def"": 71, ""spa"": 74, ""spd"": 69, ""spe"": 126}"
Scatterbug,664,"[""Bug""]",1,2.5,,0,0,0,0,,"{""hp"": 38, ""atk"": 35, ""def"": 40, ""spa"": 27, ""spd"": 25, ""spe"": 35}"
Spewpa,665,"[""Bug""]",1,8.4,,0,0,0,0,,"{""hp"": 45, ""atk"": 22, ""def"": 60, ""spa"": 27, ""spd"": 30, ""spe"": 29}"
Vivillon,666,"[""Bug"", ""Flying""]",0,17,,0,0,0,0,,"{""hp"": 80, ""atk"": 52, ""def"": 50, ""spa"": 90, ""spd"": 50, ""spe"": 89}"
Vivillon-Fancy,666,"[""Bug"", ""Flying""]",0,17,,0,0,0,0,,"{""hp"": 80, ""atk"": 52, ""def"": 50, ""spa"": 90, ""spd"": 50, ""spe"": 89}"
Vivillon-Pokeball,666,"[""Bug"", ""Flying""]",0,17,,0,0,0,0,,"{""hp"": 80, ""atk"": 52, ""def"": 50, ""spa"": 90, ""spd"": 50, ""spe"": 89}"
Litleo,667,"[""Fire"", ""Normal""]",1,13.5,0.125,0,0,0,0,,"{""hp"": 62, ""atk"": 50, ""def"": 58, ""spa"": 73, ""spd"": 54, ""spe"": 72}"
Pyroar,668,"[""Fire"", ""Normal""]",0,81.5,0.125,0,0,0,0,,"{""hp"": 86, ""atk"": 68, ""def"": 72, ""spa"": 109, ""spd"": 66, ""spe"": 106}"
Flabébé,669,"[""Fairy""]",1,0.1,,0,0,0,0,,"{""hp"": 44, ""atk"": 38, ""def"": 39, ""spa"": 61, ""spd"": 79, ""spe"": 42}"
Floette,670,"[""Fairy""]",1,0.9,,0,0,0,0,,"{""hp"": 54, ""atk"": 45, ""def"": 47, ""spa"": 75, ""spd"": 98, ""spe"": 52}"
Floette-Eternal,670,"[""Fairy""]",0,0.9,,0,0,0,0,,"{""hp"": 74, ""atk"": 65, ""def"": 67, ""spa"": 125, ""spd"": 128, ""spe"": 92}"
Florges,671,"[""Fairy""]",0,10,,0,0,0,0,,"{""hp"": 78, ""atk"": 65, ""def"": 68, ""spa"": 112, ""spd"": 154, ""spe"": 75}"
Skiddo,672,"[""Grass""]",1,31,,0,0,0,0,,"{""hp"": 66, ""atk"": 65, ""def"": 48, ""spa"": 62, ""spd"": 57, ""spe"": 52}"
Gogoat,673,"[""Grass""]",0,91,,0,0,0,0,,"{""hp"": 123, ""atk"": 100, ""def"": 62, ""spa"": 97, ""spd"": 81, ""spe"": 68}"
Pancham,674,"[""Fighting""]",1,8,,0,0,0,0,,"{""hp"": 67, ""atk"": 82, ""def"": 62, ""spa"": 46, ""spd"": 48, ""spe"": 43}"
Pangoro,675,"[""Fighting"", ""Dark""]",0,136,,0,0,0,0,,"{""hp"": 95, ""atk"": 124, ""def"": 78, ""spa"": 69, ""spd"": 71, ""spe"": 58}"
Furfrou,676,"[""Normal""]",0,28,,0,0,0,0,,"{""hp"": 75, ""atk"": 80, ""def"": 60, ""spa"": 65, ""spd"": 90, ""spe"": 102}"
Espurr,677,"[""Psychic""]",1,3.5,,0,0,0,0,,"{""hp"": 62, ""atk"": 48, ""def"": 54, ""spa"": 63, ""spd"": 60, ""spe"": 68}"
Meowstic,678,"[""Psychic""]",0,8.5,,0,0,0,0,,"{""hp"": 74, ""atk"": 48, ""def"": 76, ""spa"": 83, ""spd"": 81, ""spe"": 104}"
Meowstic-F,678,"[""Psychic""]",0,8.5,,0,0,0,0,,"{""hp"": 74, ""atk"": 48, ""def"": 76, ""spa"": 83, ""spd"": 81, ""spe"": 104}"
Honedge,679,"[""Steel"", ""Ghost""]",1,2,,0,0,0,0,,"{""hp"": 45, ""atk"": 80, ""def"": 100, ""spa"": 35, ""spd"": 37, ""spe"": 28}"
Doublade,680,"[""Steel"", ""Ghost""]",1,4.5,,0,0,0,0,,"{""hp"": 59, ""atk"": 110, ""def"": 150, ""spa"": 45, ""spd"": 49, ""spe"": 35}"
Aegislash,681,"[""Steel"", ""Ghost""]",0,53,,0,0,0,0,,"{""hp"": 60, ""atk"": 50, ""def"": 140, ""spa"": 50, ""spd"": 140, ""spe"": 60}"
Aegislash-Blade,681,"[""Steel"", ""Ghost""]",0,53,,0,0,0,0,,"{""hp"": 60, ""atk"": 140, ""def"": 50, ""spa"": 140, ""spd"": 50, ""spe"": 60}"
Spritzee,682,"[""Fairy""]",1,0.5,,0,0,0,0,,"{""hp"": 78, ""atk"": 52, ""def"": 60, ""spa"": 63, ""spd"": 65, ""spe"": 23}"
Aromatisse,683,"[""Fairy""]",0,15.5,,0,0,0,0,,"{""hp"": 101, ""atk"": 72, ""def"": 72, ""spa"": 99, ""spd"": 89, ""spe"": 29}"
Swirlix,684,"[""Fairy""]",1,3.5,,0,0,0,0,,"{""hp"": 62, ""atk"": 48, ""def"": 66, ""spa"": 59, ""spd"": 57, ""spe"": 49}"
Slurpuff,685,"[""Fairy""]",0,5,,0,0,0,0,,"{""hp"": 82, ""atk"": 80, ""def"": 86, ""spa"": 85, ""spd"": 75, ""spe"": 72}"
Inkay,686,"[""Dark"", ""Psychic""]",1,3.5,,0,0,0,0,,"{""hp"": 53, ""atk"": 54, ""def"": 53, ""spa"": 37, ""spd"": 46, ""spe"": 45}"
Malamar,687,"[""Dark"", ""Psychic""]",0,47,,0,0,0,0,,"{""hp"": 86, ""atk"": 92, ""def"": 88, ""spa"": 68, ""spd"": 75, ""spe"": 73}"
Binacle,688,"[""Rock"", ""Water""]",1,31,,0,0,0,0,,"{""hp"": 42, ""atk"": 52, ""def"": 67, ""spa"": 39, ""spd"": 56, ""spe"": 50}"
Barbaracle,689,"[""Rock"", ""Water""]",0,96,,0,0,0,0,,"{""hp"": 72, ""atk"": 105, ""def"": 115, ""spa"": 54, ""spd"": 86, ""spe"": 68}"
Skrelp,690,"[""Poison"", ""Water""]",1,7.3,,0,0,0,0,,"{""hp"": 50, ""atk"": 60, ""def"": 60, ""spa"": 60, ""spd"": 60, ""spe"": 30}"
Dragalge,691,"[""Poison"", ""Dragon""]",0,81.5,,0,0,0,0,,"{""hp"": 65, ""atk"": 75, ""def"": 90, ""spa"": 97, ""spd"": 123, ""spe"": 44}"
Clauncher,692,"[""Water""]",1,8.3,,0,0,0,0,,"{""hp"": 50, ""atk"": 53, ""def"": 62, ""spa"": 58, ""spd"": 63, ""spe"": 44}"
Clawitzer,693,"[""Water""]",0,35.3,,0,0,0,0,,"{""hp"": 71, ""atk"": 73, ""def"": 88, ""spa"": 120, ""spd"": 89, ""spe"": 59}"
Helioptile,694,"[""Electric"", ""Normal""]",1,6,,0,0,0,0,,"{""hp"": 44, ""atk"": 38, ""def"": 33, ""spa"": 61, ""spd"": 43, ""spe"": 70}"
Heliolisk,695,"[""Electric"", ""Normal""]",0,21,,0,0,0,0,,"{""hp"": 62, ""atk"": 55, ""def"": 52, ""spa"": 109, ""spd"": 94, ""spe"": 109}"
Tyrunt,696,"[""Rock"", ""Dragon""]",1,26,0.875,0,0,0,0,,"{""hp"": 58, ""atk"": 89, ""def"": 77, ""spa"": 45, ""spd"": 45, ""spe"": 48}"
Tyrantrum,697,"[""Rock"", ""Dragon""]",0,270,0.875,0,0,0,0,,"{""hp"": 82, ""atk"": 121, ""def"": 119, ""spa"": 69, ""spd"": 59, ""spe"": 71}"
Amaura,698,"[""Rock"", ""Ice""]",1,25.2,0.875,0,0,0,0,,"{""hp"": 77, ""atk"": 59, ""def"": 50, ""spa"": 67, ""spd"": 63, ""spe"": 46}"
Aurorus,699,"[""Rock"", ""Ice""]",0,225,0.875,0,0,0,0,,"{""hp"": 123, ""atk"": 77, ""def"": 72, ""spa"": 99, ""spd"": 92, ""spe"": 58}"
Sylveon,700,"[""Fairy""]",0,23.5,0.875,0,0,0,0,,"{""hp"": 95, ""atk"": 65, ""def"": 65, ""spa"": 110, ""spd"": 130, ""spe"": 60}"
Hawlucha,701,"[""Fighting"", ""Flying""]",0,21.5,,0,0,0,0,,"{""hp"": 78, ""atk"": 92, ""def"": 75, ""spa"": 74, ""spd"": 63, ""spe"": 118}"
Dedenne,702,"[""Electric"", ""Fairy""]",0,2.2,,0,0,0,0,,"{""hp"": 67, ""atk"": 58, ""def"": 57, ""spa"": 81, ""spd"": 67, ""spe"": 101}"
Carbink,703,"[""Rock"", ""Fairy""]",0,5.7,,0,0,0,0,,"{""hp"": 50, ""atk"": 50, ""def"": 150, ""spa"": 50, ""spd"": 150, ""spe"": 50}"
Goomy,704,"[""Dragon""]",1,2.8,,0,0,0,0,,"{""hp"": 45, ""atk"": 50, ""def"": 35, ""spa"": 55, ""spd"": 75, ""spe"": 40}"
Sliggoo,705,"[""Dragon""]",1,17.5,,0,0,0,0,,"{""hp"": 68, ""atk"": 75, ""def"": 53, ""spa"": 83, ""spd"": 113, ""spe"": 60}"
Sliggoo-Hisui,705,"[""Steel"", ""Dragon""]",1,68.5,,0,0,0,0,,"{""hp"": 58, ""atk"": 75, ""def"": 83, ""spa"": 83, ""spd"": 113, ""spe"": 40}"
Goodra,706,"[""Dragon""]",0,150.5,,0,0,0,0,,"{""hp"": 90, ""atk"": 100, ""def"": 70, ""spa"": 110, ""spd"": 150, ""spe"": 80}"
Goodra-Hisui,706,"[""Steel"", ""Dragon""]",0,334.1,,0,0,0,0,,"{""hp"": 80, ""atk"": 100, ""def"": 100, ""spa"": 110, ""spd"": 150, ""spe"": 60}"
Klefki,707,"[""Steel"", ""Fairy""]",0,3,,0,0,0,0,,"{""hp"": 57, ""atk"": 80, ""def"": 91, ""spa"": 80, ""spd"": 87, ""spe"": 75}"
Phantump,708,"[""Ghost"", ""Grass""]",1,7,,0,0,0,0,,"{""hp"": 43, ""atk"": 70, ""def"": 48, ""spa"": 50, ""spd"": 60, ""spe"": 38}"
Trevenant,709,"[""Ghost"", ""Grass""]",0,71,,0,0,0,0,,"{""hp"": 85, ""atk"": 110, ""def"": 76, ""spa"": 65, ""spd"": 82, ""spe"": 56}"
Pumpkaboo,710,"[""Ghost"", ""Grass""]",1,5,,0,0,0,0,,"{""hp"": 49, ""atk"": 66, ""def"": 70, ""spa"": 44, ""spd"": 55, ""spe"": 51}"
Pumpkaboo-Small,710,"[""Ghost"", ""Grass""]",1,3.5,,0,0,0,0,,"{""hp"": 44, ""atk"": 66, ""def"": 70, ""spa"": 44, ""spd"": 55, ""spe"": 56}"
Pumpkaboo-Large,710,"[""Ghost"", ""Grass""]",1,7.5,,0,0,0,0,,"{""hp"": 54, ""atk"": 66, ""def"": 70, ""spa"": 44, ""spd"": 55, ""spe"": 46}"
Pumpkaboo-Super,710,"[""Ghost"", ""Grass""]",1,15,,0,0,0,0,,"{""hp"": 59, ""atk"": 66, ""def"": 70, ""spa"": 44, ""spd"": 55, ""spe"": 41}"
Gourgeist,711,"[""Ghost"", ""Grass""]",0,12.5,,0,0,0,0,,"{""hp"": 65, ""atk"": 90, ""def"": 122, ""spa"": 58, ""spd"": 75, ""spe"": 84}"
Gourgeist-Small,711,"[""Ghost"", ""Grass""]",0,9.5,,0,0,0,0,,"{""hp"": 55, ""atk"": 85, ""def"": 122, ""spa"": 58, ""spd"": 75, ""spe"": 99}"
Gourgeist-Large,711,"[""Ghost"", ""Grass""]",0,14,,0,0,0,0,,"{""hp"": 75, ""atk"": 95, ""def"": 122, ""spa"": 58, ""spd"": 75, ""spe"": 69}"
Gourgeist-Super,711,"[""Ghost"", ""Grass""]",0,39,,0,0,0,0,,"{""hp"": 85, ""atk"": 100, ""def"": 122, ""spa"": 58, ""spd"": 75, ""spe"": 54}"
Bergmite,712,"[""Ice""]",1,99.5,,0,0,0,0,,"{""hp"": 55, ""atk"": 69, ""def"": 85, ""spa"": 32, ""spd"": 35, ""spe"": 28}"
Avalugg,713,"[""Ice""]",0,505,,0,0,0,0,,"{""hp"": 95, ""atk"": 117, ""def"": 184, ""spa"": 44, ""spd"": 46, ""spe"": 28}"
Avalugg-Hisui,713,"[""Ice"", ""Rock""]",0,262.4,,0,0,0,0,,"{""hp"": 95, ""atk"": 127, ""def"": 184, ""spa"": 34, ""spd"": 36, ""spe"": 38}"
Noibat,714,"[""Flying"", ""Dragon""]",1,8,,0,0,0,0,,"{""hp"": 40, ""atk"": 30, ""def"": 35, ""spa"": 45, ""spd"": 40, ""spe"": 55}"
Noivern,715,"[""Flying"", ""Dragon""]",0,85,,0,0,0,0,,"{""hp"": 85, ""atk"": 70, ""def"": 80, ""spa"": 97, ""spd"": 80, ""spe"": 123}"
Xerneas,716,"[""Fairy""]",0,215,,0,1,0,0,,"{""hp"": 126, ""atk"": 131, ""def"": 95, ""spa"": 131, ""spd"": 98, ""spe"": 99}"
Xerneas-Neutral,716,"[""Fairy""]",0,215,,0,0,0,0,,"{""hp"": 126, ""atk"": 131, ""def"": 95, ""spa"": 131, ""spd"": 98, ""spe"": 99}"
Yveltal,717,"[""Dark"", ""Flying""]",0,203,,0,1,0,0,,"{""hp"": 126, ""atk"": 131, ""def"": 95, ""spa"": 131, ""spd"": 98, ""spe"": 99}"
Zygarde,718,"[""Dragon"", ""Ground""]",0,305,,0,1,0,0,,"{""hp"": 108, ""atk"": 100, ""def"": 121, ""spa"": 81, ""spd"": 95, ""spe"": 95}"
Zygarde-10%,718,"[""Dragon"", ""Ground""]",0,33.5,,0,0,0,0,,"{""hp"": 54, ""atk"": 100, ""def"": 71, ""spa"": 61, ""spd"": 85, ""spe"": 115}"
Zygarde-Complete,718,"[""Dragon"", ""Ground""]",0,610,,0,0,0,0,,"{""hp"": 216, ""atk"": 100, ""def"": 121, ""spa"": 91, ""spd"": 95, ""spe"": 85}"
Diancie,719,"[""Rock"", ""Fairy""]",0,8.8,,1,0,0,0,,"{""hp"": 50, ""atk"": 100, ""def"": 150, ""spa"": 100, ""spd"": 150, ""spe"": 50}"
Diancie-Mega,719,"[""Rock"", ""Fairy""]",0,27.8,,0,0,0,1,Diancite,"{""hp"": 50, ""atk"": 160, ""def"": 110, ""spa"": 160, ""spd"": 110, ""spe"": 110}"
Hoopa,720,"[""Psychic"", ""Ghost""]",0,9,,1,0,0,0,,"{""hp"": 80, ""atk"": 110, ""def"": 60, ""spa"": 150, ""spd"": 130, ""spe"": 70}"
Hoopa-Unbound,720,"[""Psychic"", ""Dark""]",0,490,,0,0,0,0,,"{""hp"": 80, ""atk"": 160, ""def"": 60, ""spa"": 170, ""spd"": 130, ""spe"": 80}"
Volcanion,721,"[""Fire"", ""Water""]",0,195,,1,0,0,0,,"{""hp"": 80, ""atk"": 110, ""def"": 120, ""spa"": 130, ""spd"": 90, ""spe"": 70}"
Rowlet,722,"[""Grass"", ""Flying""]",1,1.5,0.875,0,0,0,0,,"{""hp"": 68, ""atk"": 55, ""def"": 55, ""spa"": 50, ""spd"": 50, ""spe"": 42}"
Dartrix,723,"[""Grass"", ""Flying""]",1,16,0.875,0,0,0,0,,"{""hp"": 78, ""atk"": 75, ""def"": 75, ""spa"": 70, ""spd"": 70, ""spe"": 52}"
Decidueye,724,"[""Grass"", ""Ghost""]",0,36.6,0.875,0,0,0,0,,"{""hp"": 78, ""atk"": 107, ""def"": 75, ""spa"": 100, ""spd"": 100, ""spe"": 70}"
Decidueye-Hisui,724,"[""Grass"", ""Fighting""]",0,37,0.875,0,0,0,0,,"{""hp"": 88, ""atk"": 112, ""def"": 80, ""spa"": 95, ""spd"": 95, ""spe"": 60}"
Litten,725,"[""Fire""]",1,4.3,0.875,0,0,0,0,,"{""hp"": 45, ""atk"": 65, ""def"": 40, ""spa"": 60, ""spd"": 40, ""spe"": 70}"
Torracat,726,"[""Fire""]",1,25,0.875,0,0,0,0,,"{""hp"": 65, ""atk"": 85, ""def"": 50, ""spa"": 80, ""spd"": 50, ""spe"": 90}"
Incineroar,727,"[""Fire"", ""Dark""]",0,83,0.875,0,0,0,0,,"{""hp"": 95, ""atk"": 115, ""def"": 90, ""spa"": 80, ""spd"": 90, ""spe"": 60}"
Popplio,728,"[""Water""]",1,7.5,0.875,0,0,0,0,,"{""hp"": 50, ""atk"": 54, ""def"": 54, ""spa"": 66, ""spd"": 56, ""spe"": 40}"
Brionne,729,"[""Water""]",1,17.5,0.875,0,0,0,0,,"{""hp"": 60, ""atk"": 69, ""def"": 69, ""spa"": 91, ""spd"": 81, ""spe"": 50}"
Primarina,730,"[""Water"", ""Fairy""]",0,44,0.875,0,0,0,0,,"{""hp"": 80, ""atk"": 74, ""def"": 74, ""spa"": 126, ""spd"": 116, ""spe"": 60}"
Pikipek,731,"[""Normal"", ""Flying""]",1,1.2,,0,0,0,0,,"{""hp"": 35, ""atk"": 75, ""def"": 30, ""spa"": 30, ""spd"": 30, ""spe"": 65}"
Trumbeak,732,"[""Normal"", ""Flying""]",1,14.8,,0,0,0,0,,"{""hp"": 55, ""atk"": 85, ""def"": 50, ""spa"": 40, ""spd"": 50, ""spe"": 75}"
Toucannon,733,"[""Normal"", ""Flying""]",0,26,,0,0,0,0,,"{""hp"": 80, ""atk"": 120, ""def"": 75, ""spa"": 75, ""spd"": 75, ""spe"": 60}"
Yungoos,734,"[""Normal""]",1,6,,0,0,0,0,,"{""hp"": 48, ""atk"": 70, ""def"": 30, ""spa"": 30, ""spd"": 30, ""spe"": 45}"
Gumshoos,735,"[""Normal""]",0,14.2,,0,0,0,0,,"{""hp"": 88, ""atk"": 110, ""def"": 60, ""spa"": 55, ""spd"": 60, ""spe"": 45}"
Gumshoos-Totem,735,"[""Normal""]",0,60,,0,0,0,0,,"{""hp"": 88, ""atk"": 110, ""def"": 60, ""spa"": 55, ""spd"": 60, ""spe"": 45}"
Grubbin,736,"[""Bug""]",1,4.4,,0,0,0,0,,"{""hp"": 47, ""atk"": 62, ""def"": 45, ""spa"": 55, ""spd"": 45, ""spe"": 46}"
Charjabug,737,"[""Bug"", ""Electric""]",1,10.5,,0,0,0,0,,"{""hp"": 57, ""atk"": 82, ""def"": 95, ""spa"": 55, ""spd"": 75, ""spe"": 36}"
Vikavolt,738,"[""Bug"", ""Electric""]",0,45,,0,0,0,0,,"{""hp"": 77, ""atk"": 70, ""def"": 90, ""spa"": 145, ""spd"": 75, ""spe"": 43}"
Vikavolt-Totem,738,"[""Bug"", ""Electric""]",0,147.5,,0,0,0,0,,"{""hp"": 77, ""atk"": 70, ""def"": 90, ""spa"": 145, ""spd"": 75, ""spe"": 43}"
Crabrawler,739,"[""Fighting""]",1,7,,0,0,0,0,,"{""hp"": 47, ""atk"": 82, ""def"": 57, ""spa"": 42, ""spd"": 47, ""spe"": 63}"
Crabominable,740,"[""Fighting"", ""Ice""]",0,180,,0,0,0,0,,"{""hp"": 97, ""atk"": 132, ""def"": 77, ""spa"": 62, ""spd"": 67, ""spe"": 43}"
Oricorio,741,"[""Fire"", ""Flying""]",0,3.4,0.25,0,0,0,0,,"{""hp"": 75, ""atk"": 70, ""def"": 70, ""spa"": 98, ""spd"": 70, ""spe"": 93}"
Oricorio-Pom-Pom,741,"[""Electric"", ""Flying""]",0,3.4,0.25,0,0,0,0,,"{""hp"": 75, ""atk"": 70, ""def"": 70, ""spa"": 98, ""spd"": 70, ""spe"": 93}"
Oricorio-Pa'u,741,"[""Psychic"", ""Flying""]",0,3.4,0.25,0,0,0,0,,"{""hp"": 75, ""atk"": 70, ""def"": 70, ""spa"": 98, ""spd"": 70, ""spe"": 93}"
Oricorio-Sensu,741,"[""Ghost"", ""Flying""]",0,3.4,0.25,0,0,0,0,,"{""hp"": 75, ""atk"": 70, ""def"": 70, ""spa"": 98, ""spd"": 70, ""spe"": 93}"
Cutiefly,742,"[""Bug"", ""Fairy""]",1,0.2,,0,0,0,0,,"{""hp"": 40, ""atk"": 45, ""def"": 40, ""spa"": 55, ""spd"": 40, ""spe"": 84}"
Ribombee,743,"[""Bug"", ""Fairy""]",0,0.5,,0,0,0,0,,"{""hp"": 60, ""atk"": 55, ""def"": 60, ""spa"": 95, ""spd"": 70, ""spe"": 124}"
Ribombee-Totem,743,"[""Bug"", ""Fairy""]",0,2,,0,0,0,0,,"{""hp"": 60, ""atk"": 55, ""def"": 60, ""spa"": 95, ""spd"": 70, ""spe"": 124}"
Rockruff,744,"[""Rock""]",1,9.2,,0,0,0,0,,"{""hp"": 45, ""atk"": 65, ""def"": 40, ""spa"": 30, ""spd"": 40, ""spe"": 60}"
Rockruff-Dusk,744,"[""Rock""]",1,9.2,,0,0,0,0,,"{""hp"": 45, ""atk"": 65, ""def"": 40, ""spa"": 30, ""spd"": 40, ""spe"": 60}"
Lycanroc,745,"[""Rock""]",0,25,,0,0,0,0,,"{""hp"": 75, ""atk"": 115, ""def"": 65, ""spa"": 55, ""spd"": 65, ""spe"": 112}"
Lycanroc-Midnight,745,"[""Rock""]",0,25,,0,0,0,0,,"{""hp"": 85, ""atk"": 115, ""def"": 75, ""spa"": 55, ""spd"": 75, ""spe"": 82}"
Lycanroc-Dusk,745,"[""Rock""]",0,25,,0,0,0,0,,"{""hp"": 75, ""atk"": 117, ""def"": 65, ""spa"": 55, ""spd"": 65, ""spe"": 110}"
Wishiwashi,746,"[""Water""]",0,0.3,,0,0,0,0,,"{""hp"": 45, ""atk"": 20, ""def"": 20, ""spa"": 25, ""spd"": 25, ""spe"": 40}"
Wishiwashi-School,746,"[""Water""]",0,78.6,,0,0,0,0,,"{""hp"": 45, ""atk"": 140, ""def"": 130, ""spa"": 140, ""spd"": 135, ""spe"": 30}"
Mareanie,747,"[""Poison"", ""Water""]",1,8,,0,0,0,0,,"{""hp"": 50, ""atk"": 53, ""def"": 62, ""spa"": 43, ""spd"": 52, ""spe"": 45}"
Toxapex,748,"[""Poison"", ""Water""]",0,14.5,,0,0,0,0,,"{""hp"": 50, ""atk"": 63, ""def"": 152, ""spa"": 53, ""spd"": 142, ""spe"": 35}"
Mudbray,749,"[""Ground""]",1,110,,0,0,0,0,,"{""hp"": 70, ""atk"": 100, ""def"": 70, ""spa"": 45, ""spd"": 55, ""spe"": 45}"
Mudsdale,750,"[""Ground""]",0,920,,0,0,0,0,,"{""hp"": 100, ""atk"": 125, ""def"": 100, ""spa"": 55, ""spd"": 85, ""spe"": 35}"
Dewpider,751,"[""Water"", ""Bug""]",1,4,,0,0,0,0,,"{""hp"": 38, ""atk"": 40, ""def"": 52, ""spa"": 40, ""spd"": 72, ""spe"": 27}"
Araquanid,752,"[""Water"", ""Bug""]",0,82,,0,0,0,0,,"{""hp"": 68, ""atk"": 70, ""def"": 92, ""spa"": 50, ""spd"": 132, ""spe"": 42}"
Araquanid-Totem,752,"[""Water"", ""Bug""]",0,217.5,,0,0,0,0,,"{""hp"": 68, ""atk"": 70, ""def"": 92, ""spa"": 50, ""spd"": 132, ""spe"": 42}"
Fomantis,753,"[""Grass""]",1,1.5,,0,0,0,0,,"{""hp"": 40, ""atk"": 55, ""def"": 35, ""spa"": 50, ""spd"": 35, ""spe"": 35}"
Lurantis,754,"[""Grass""]",0,18.5,,0,0,0,0,,"{""hp"": 70, ""atk"": 105, ""def"": 90, ""spa"": 80, ""spd"": 90, ""spe"": 45}"
Lurantis-Totem,754,"[""Grass""]",0,58,,0,0,0,0,,"{""hp"": 70, ""atk"": 105, ""def"": 90, ""spa"": 80, ""spd"": 90, ""spe"": 45}"
Morelull,755,"[""Grass"", ""Fairy""]",1,1.5,,0,0,0,0,,"{""hp"": 40, ""atk"": 35, ""def"": 55, ""spa"": 65, ""spd"": 75, ""spe"": 15}"
Shiinotic,756,"[""Grass"", ""Fairy""]",0,11.5,,0,0,0,0,,"{""hp"": 60, ""atk"": 45, ""def"": 80, ""spa"": 90, ""spd"": 100, ""spe"": 30}"
Salandit,757,"[""Poison"", ""Fire""]",1,4.8,0.875,0,0,0,0,,"{""hp"": 48, ""atk"": 44, ""def"": 40, ""spa"": 71, ""spd"": 40, ""spe"": 77}"
Salazzle,758,"[""Poison"", ""Fire""]",0,22.2,,0,0,0,0,,"{""hp"": 68, ""atk"": 64, ""def"": 60, ""spa"": 111, ""spd"": 60, ""spe"": 117}"
Salazzle-Totem,758,"[""Poison"", ""Fire""]",0,81,,0,0,0,0,,"{""hp"": 68, ""atk"": 64, ""def"": 60, ""spa"": 111, ""spd"": 60, ""spe"": 117}"
Stufful,759,"[""Normal"", ""Fighting""]",1,6.8,,0,0,0,0,,"{""hp"": 70, ""atk"": 75, ""def"": 50, ""spa"": 45, ""spd"": 50, ""spe"": 50}"
Bewear,760,"[""Normal"", ""Fighting""]",0,135,,0,0,0,0,,"{""hp"": 120, ""atk"": 125, ""def"": 80, ""spa"": 55, ""spd"": 60, ""spe"": 60}"
Bounsweet,761,"[""Grass""]",1,3.2,,0,0,0,0,,"{""hp"": 42, ""atk"": 30, ""def"": 38, ""spa"": 30, ""spd"": 38, ""spe"": 32}"
Steenee,762,"[""Grass""]",1,8.2,,0,0,0,0,,"{""hp"": 52, ""atk"": 40, ""def"": 48, ""spa"": 40, ""spd"": 48, ""spe"": 62}"
Tsareena,763,"[""Grass""]",0,21.4,,0,0,0,0,,"{""hp"": 72, ""atk"": 120, ""def"": 98, ""spa"": 50, ""spd"": 98, ""spe"": 72}"
Comfey,764,"[""Fairy""]",0,0.3,0.25,0,0,0,0,,"{""hp"": 51, ""atk"": 52, ""def"": 90, ""spa"": 82, ""spd"": 110, ""spe"": 100}"
Oranguru,765,"[""Normal"", ""Psychic""]",0,76,,0,0,0,0,,"{""hp"": 90, ""atk"": 60, ""def"": 80, ""spa"": 90, ""spd"": 110, ""spe"": 60}"
Passimian,766,"[""Fighting""]",0,82.8,,0,0,0,0,,"{""hp"": 100, ""atk"": 120, ""def"": 90, ""spa"": 40, ""spd"": 60, ""spe"": 80}"
Wimpod,767,"[""Bug"", ""Water""]",1,12,,0,0,0,0,,"{""hp"": 25, ""atk"": 35, ""def"": 40, ""spa"": 20, ""spd"": 30, ""spe"": 80}"
Golisopod,768,"[""Bug"", ""Water""]",0,108,,0,0,0,0,,"{""hp"": 75, ""atk"": 125, ""def"": 140, ""spa"": 60, ""spd"": 90, ""spe"": 40}"
Sandygast,769,"[""Ghost"", ""Ground""]",1,70,,0,0,0,0,,"{""hp"": 55, ""atk"": 55, ""def"": 80, ""spa"": 70, ""spd"": 45, ""spe"": 15}"
Palossand,770,"[""Ghost"", ""Ground""]",0,250,,0,0,0,0,,"{""hp"": 85, ""atk"": 75, ""def"": 110, ""spa"": 100, ""spd"": 75, ""spe"": 35}"
Pyukumuku,771,"[""Water""]",0,1.2,,0,0,0,0,,"{""hp"": 55, ""atk"": 60, ""def"": 130, ""spa"": 30, ""spd"": 130, ""spe"": 5}"
Type: Null,772,"[""Normal""]",1,120.5,,0,0,0,0,,"{""hp"": 95, ""atk"": 95, ""def"": 95, ""spa"": 95, ""spd"": 95, ""spe"": 59}"
Silvally,773,"[""Normal""]",0,100.5,,0,0,0,0,,"{""hp"": 95, ""atk"": 95, ""def"": 95, ""spa"": 95, ""spd"": 95, ""spe"": 95}"
Silvally-Bug,773,"[""Bug""]",0,100.5,,0,0,0,0,Bug Memory,"{""hp"": 95, ""atk"": 95, ""def"": 95, ""spa"": 95, ""spd"": 95, ""spe"": 95}"
Silvally-Dark,773,"[""Dark""]",0,100.5,,0,0,0,0,Dark Memory,"{""hp"": 95, ""atk"": 95, ""def"": 95, ""spa"": 95, ""spd"": 95, ""spe"": 95}"
Silvally-Dragon,773,"[""Dragon""]",0,100.5,,0,0,0,0,Dragon Memory,"{""hp"": 95, ""atk"": 95, ""def"": 95, ""spa"": 95, ""spd"": 95, ""spe"": 95}"
Silvally-Electric,773,"[""Electric""]",0,100.5,,0,0,0,0,Electric Memory,"{""hp"": 95, ""atk"": 95, ""def"": 95, ""spa"": 95, ""spd"": 95, ""spe"": 95}"
Silvally-Fairy,773,"[""Fairy""]",0,100.5,,0,0,0,0,Fairy Memory,"{""hp"": 95, ""atk"": 95, ""def"": 95, ""spa"": 95, ""spd"": 95, ""spe"": 95}"
Silvally-Fighting,773,"[""Fighting""]",0,100.5,,0,0,0,0,Fighting Memory,"{""hp"": 95, ""atk"": 95, ""def"": 95, ""spa"": 95, ""spd"": 95, ""spe"": 95}"
Silvally-Fire,773,"[""Fire""]",0,100.5,,0,0,0,0,Fire Memory,"{""hp"": 95, ""atk"": 95, ""def"": 95, ""spa"": 95, ""spd"": 95, ""spe"": 95}"
Silvally-Flying,773,"[""Flying""]",0,100.5,,0,0,0,0,Flying Memory,"{""hp"": 95, ""atk"": 95, ""def"": 95, ""spa"": 95, ""spd"": 95, ""spe"": 95}"
Silvally-Ghost,773,"[""Ghost""]",0,100.5,,0,0,0,0,Ghost Memory,"{""hp"": 95, ""atk"": 95, ""def"": 95, ""spa"": 95, ""spd"": 95, ""spe"": 95}"
Silvally-Grass,773,"[""Grass""]",0,100.5,,0,0,0,0,Grass Memory,"{""hp"": 95, ""atk"": 95, ""def"": 95, ""spa"": 95, ""spd"": 95, ""spe"": 95}"
Silvally-Ground,773,"[""Ground""]",0,100.5,,0,0,0,0,Ground Memory,"{""hp"": 95, ""atk"": 95, ""def"": 95, ""spa"": 95, ""spd"": 95, ""spe"": 95}"
Silvally-Ice,773,"[""Ice""]",0,100.5,,0,0,0,0,Ice Memory,"{""hp"": 95, ""atk"": 95, ""def"": 95, ""spa"": 95, ""spd"": 95, ""spe"": 95}"
Silvally-Poison,773,"[""Poison""]",0,100.5,,0,0,0,0,Poison Memory,"{""hp"": 95, ""atk"": 95, ""def"": 95, ""spa"": 95, ""spd"": 95, ""spe"": 95}"
Silvally-Psychic,773,"[""Psychic""]",0,100.5,,0,0,0,0,Psychic Memory,"{""hp"": 95, ""atk"": 95, ""def"": 95, ""spa"": 95, ""spd"": 95, ""spe"": 95}"
Silvally-Rock,773,"[""Rock""]",0,100.5,,0,0,0,0,Rock Memory,"{""hp"": 95, ""atk"": 95, ""def"": 95, ""spa"": 95, ""spd"": 95, ""spe"": 95}"
Silvally-Steel,773,"[""Steel""]",0,100.5,,0,0,0,0,Steel Memory,"{""hp"": 95, ""atk"": 95, ""def"": 95, ""spa"": 95, ""spd"": 95, ""spe"": 95}"
Silvally-Water,773,"[""Water""]",0,100.5,,0,0,0,0,Water Memory,"{""hp"": 95, ""atk"": 95, ""def"": 95, ""spa"": 95, ""spd"": 95, ""spe"": 95}"
Minior,774,"[""Rock"", ""Flying""]",0,0.3,,0,0,0,0,,"{""hp"": 60, ""atk"": 100, ""def"": 60, ""spa"": 100, ""spd"": 60, ""spe"": 120}"
Minior-Meteor,774,"[""Rock"", ""Flying""]",0,40,,0,0,0,0,,"{""hp"": 60, ""atk"": 60, ""def"": 100, ""spa"": 60, ""spd"": 100, ""spe"": 60}"
Komala,775,"[""Normal""]",0,19.9,,0,0,0,0,,"{""hp"": 65, ""atk"": 115, ""def"": 65, ""spa"": 75, ""spd"": 95, ""spe"": 65}"
Turtonator,776,"[""Fire"", ""Dragon""]",0,212,,0,0,0,0,,"{""hp"": 60, ""atk"": 78, ""def"": 135, ""spa"": 91, ""spd"": 85, ""spe"": 36}"
Togedemaru,777,"[""Electric"", ""Steel""]",0,3.3,,0,0,0,0,,"{""hp"": 65, ""atk"": 98, ""def"": 63, ""spa"": 40, ""spd"": 73, ""spe"": 96}"
Togedemaru-Totem,777,"[""Electric"", ""Steel""]",0,13,,0,0,0,0,,"{""hp"": 65, ""atk"": 98, ""def"": 63, ""spa"": 40, ""spd"": 73, ""spe"": 96}"
Mimikyu,778,"[""Ghost"", ""Fairy""]",0,0.7,,0,0,0,0,,"{""hp"": 55, ""atk"": 90, ""def"": 80, ""spa"": 50, ""spd"": 105, ""spe"": 96}"
Mimikyu-Busted,778,"[""Ghost"", ""Fairy""]",0,0.7,,0,0,0,0,,"{""hp"": 55, ""atk"": 90, ""def"": 80, ""spa"": 50, ""spd"": 105, ""spe"": 96}"
Mimikyu-Totem,778,"[""Ghost"", ""Fairy""]",0,2.8,,0,0,0,0,,"{""hp"": 55, ""atk"": 90, ""def"": 80, ""spa"": 50, ""spd"": 105, ""spe"": 96}"
Mimikyu-Busted-Totem,778,"[""Ghost"", ""Fairy""]",0,2.8,,0,0,0,0,,"{""hp"": 55, ""atk"": 90, ""def"": 80, ""spa"": 50, ""spd"": 105, ""spe"": 96}"
Bruxish,779,"[""Water"", ""Psychic""]",0,19,,0,0,0,0,,"{""hp"": 68, ""atk"": 105, ""def"": 70, ""spa"": 70, ""spd"": 70, ""spe"": 92}"
Drampa,780,"[""Normal"", ""Dragon""]",0,185,,0,0,0,0,,"{""hp"": 78, ""atk"": 60, ""def"": 85, ""spa"": 135, ""spd"": 91, ""spe"": 36}"
Dhelmise,781,"[""Ghost"", ""Grass""]",0,210,,0,0,0,0,,"{""hp"": 70, ""atk"": 131, ""def"": 100, ""spa"": 86, ""spd"": 90, ""spe"": 40}"
Jangmo-o,782,"[""Dragon""]",1,29.7,,0,0,0,0,,"{""hp"": 45, ""atk"": 55, ""def"": 65, ""spa"": 45, ""spd"": 45, ""spe"": 45}"
Hakamo-o,783,"[""Dragon"", ""Fighting""]",1,47,,0,0,0,0,,"{""hp"": 55, ""atk"": 75, ""def"": 90, ""spa"": 65, ""spd"": 70, ""spe"": 65}"
Kommo-o,784,"[""Dragon"", ""Fighting""]",0,78.2,,0,0,0,0,,"{""hp"": 75, ""atk"": 110, ""def"": 125, ""spa"": 100, ""spd"": 105, ""spe"": 85}"
Kommo-o-Totem,784,"[""Dragon"", ""Fighting""]",0,207.5,,0,0,0,0,,"{""hp"": 75, ""atk"": 110, ""def"": 125, ""spa"": 100, ""spd"": 105, ""spe"": 85}"
Tapu Koko,785,"[""Electric"", ""Fairy""]",0,20.5,,0,0,0,0,,"{""hp"": 70, ""atk"": 115, ""def"": 85, ""spa"": 95, ""spd"": 75, ""spe"": 130}"
Tapu Lele,786,"[""Psychic"", ""Fairy""]",0,18.6,,0,0,0,0,,"{""hp"": 70, ""atk"": 85, ""def"": 75, ""spa"": 130, ""spd"": 115, ""spe"": 95}"
Tapu Bulu,787,"[""Grass"", ""Fairy""]",0,45.5,,0,0,0,0,,"{""hp"": 70, ""atk"": 130, ""def"": 115, ""spa"": 85, ""spd"": 95, ""spe"": 75}"
Tapu Fini,788,"[""Water"", ""Fairy""]",0,21.2,,0,0,0,0,,"{""hp"": 70, ""atk"": 75, ""def"": 115, ""spa"": 95, ""spd"": 130, ""spe"": 85}"
Cosmog,789,"[""Psychic""]",1,0.1,,0,1,0,0,,"{""hp"": 43, ""atk"": 29, ""def"": 31, ""spa"": 29, ""spd"": 31, ""spe"": 37}"
Cosmoem,790,"[""Psychic""]",1,999.9,,0,1,0,0,,"{""hp"": 43, ""atk"": 29, ""def"": 131, ""spa"": 29, ""spd"": 131, ""spe"": 37}"
Solgaleo,791,"[""Psychic"", ""Steel""]",0,230,,0,1,0,0,,"{""hp"": 137, ""atk"": 137, ""def"": 107, ""spa"": 113, ""spd"": 89, ""spe"": 97}"
Lunala,792,"[""Psychic"", ""Ghost""]",0,120,,0,1,0,0,,"{""hp"": 137, ""atk"": 113, ""def"": 89, ""spa"": 137, ""spd"": 107, ""spe"": 97}"
Nihilego,793,"[""Rock"", ""Poison""]",0,55.5,,0,0,0,0,,"{""hp"": 109, ""atk"": 53, ""def"": 47, ""spa"": 127, ""spd"": 131, ""spe"": 103}"
Buzzwole,794,"[""Bug"", ""Fighting""]",0,333.6,,0,0,0,0,,"{""hp"": 107, ""atk"": 139, ""def"": 139, ""spa"": 53, ""spd"": 53, ""spe"": 79}"
Pheromosa,795,"[""Bug"", ""Fighting""]",0,25,,0,0,0,0,,"{""hp"": 71, ""atk"": 137, ""def"": 37, ""spa"": 137, ""spd"": 37, ""spe"": 151}"
Xurkitree,796,"[""Electric""]",0,100,,0,0,0,0,,"{""hp"": 83, ""atk"": 89, ""def"": 71, ""spa"": 173, ""spd"": 71, ""spe"": 83}"
Celesteela,797,"[""Steel"", ""Flying""]",0,999.9,,0,0,0,0,,"{""hp"": 97, ""atk"": 101, ""def"": 103, ""spa"": 107, ""spd"": 101, ""spe"": 61}"
Kartana,798,"[""Grass"", ""Steel""]",0,0.1,,0,0,0,0,,"{""hp"": 59, ""atk"": 181, ""def"": 131, ""spa"": 59, ""spd"": 31, ""spe"": 109}"
Guzzlord,799,"[""Dark"", ""Dragon""]",0,888,,0,0,0,0,,"{""hp"": 223, ""atk"": 101, ""def"": 53, ""spa"": 97, ""spd"": 53, ""spe"": 43}"
Necrozma,800,"[""Psychic""]",0,230,,0,1,0,0,,"{""hp"": 97, ""atk"": 107, ""def"": 101, ""spa"": 127, ""spd"": 89, ""spe"": 79}"
Necrozma-Dusk-Mane,800,"[""Psychic"", ""Steel""]",0,460,,0,0,0,0,,"{""hp"": 97, ""atk"": 157, ""def"": 127, ""spa"": 113, ""spd"": 109, ""spe"": 77}"
Necrozma-Dawn-Wings,800,"[""Psychic"", ""Ghost""]",0,350,,0,0,0,0,,"{""hp"": 97, ""atk"": 113, ""def"": 109, ""spa"": 157, ""spd"": 127, ""spe"": 77}"
Necrozma-Ultra,800,"[""Psychic"", ""Dragon""]",0,230,,0,0,0,0,Ultranecrozium Z,"{""hp"": 97, ""atk"": 167, ""def"": 97, ""spa"": 167, ""spd"": 97, ""spe"": 129}"
Magearna,801,"[""Steel"", ""Fairy""]",0,80.5,,1,0,0,0,,"{""hp"": 80, ""atk"": 95, ""def"": 115, ""spa"": 130, ""spd"": 115, ""spe"": 65}"
Magearna-Original,801,"[""Steel"", ""Fairy""]",0,80.5,,0,0,0,0,,"{""hp"": 80, ""atk"": 95, ""def"": 115, ""spa"": 130, ""spd"": 115, ""spe"": 65}"
Marshadow,802,"[""Fighting"", ""Ghost""]",0,22.2,,1,0,0,0,,"{""hp"": 90, ""atk"": 125, ""def"": 80, ""spa"": 90, ""spd"": 90, ""spe"": 125}"
Poipole,803,"[""Poison""]",1,1.8,,0,0,0,0,,"{""hp"": 67, ""atk"": 73, ""def"": 67, ""spa"": 73, ""spd"": 67, ""spe"": 73}"
Naganadel,804,"[""Poison"", ""Dragon""]",0,150,,0,0,0,0,,"{""hp"": 73, ""atk"": 73, ""def"": 73, ""spa"": 127, ""spd"": 73, ""spe"": 121}"
Stakataka,805,"[""Rock"", ""Steel""]",0,820,,0,0,0,0,,"{""hp"": 61, ""atk"": 131, ""def"": 211, ""spa"": 53, ""spd"": 101, ""spe"": 13}"
Blacephalon,806,"[""Fire"", ""Ghost""]",0,13,,0,0,0,0,,"{""hp"": 53, ""atk"": 127, ""def"": 53, ""spa"": 151, ""spd"": 79, ""spe"": 107}"
Zeraora,807,"[""Electric""]",0,44.5,,1,0,0,0,,"{""hp"": 88, ""atk"": 112, ""def"": 75, ""spa"": 102, ""spd"": 80, ""spe"": 143}"
Meltan,808,"[""Steel""]",0,8,,1,0,0,0,,"{""hp"": 46, ""atk"": 65, ""def"": 65, ""spa"": 55, ""spd"": 35, ""spe"": 34}"
Melmetal,809,"[""Steel""]",0,800,,1,0,0,0,,"{""hp"": 135, ""atk"": 143, ""def"": 143, ""spa"": 80, ""spd"": 65, ""spe"": 34}"
Melmetal-Gmax,809,"[""Steel""]",0,0,,0,0,1,0,,"{""hp"": 135, ""atk"": 143, ""def"": 143, ""spa"": 80, ""spd"": 65, ""spe"": 34}"
Grookey,810,"[""Grass""]",1,5,0.875,0,0,0,0,,"{""hp"": 50, ""atk"": 65, ""def"": 50, ""spa"": 40, ""spd"": 40, ""spe"": 65}"
Thwackey,811,"[""Grass""]",1,14,0.875,0,0,0,0,,"{""hp"": 70, ""atk"": 85, ""def"": 70, ""spa"": 55, ""spd"": 60, ""spe"": 80}"
Rillaboom,812,"[""Grass""]",0,90,0.875,0,0,0,0,,"{""hp"": 100, ""atk"": 125, ""def"": 90, ""spa"": 60, ""spd"": 70, ""spe"": 85}"
Rillaboom-Gmax,812,"[""Grass""]",0,0,0.875,0,0,1,0,,"{""hp"": 100, ""atk"": 125, ""def"": 90, ""spa"": 60, ""spd"": 70, ""spe"": 85}"
Scorbunny,813,"[""Fire""]",1,4.5,0.875,0,0,0,0,,"{""hp"": 50, ""atk"": 71, ""def"": 40, ""spa"": 40, ""spd"": 40, ""spe"": 69}"
Raboot,814,"[""Fire""]",1,9,0.875,0,0,0,0,,"{""hp"": 65, ""atk"": 86, ""def"": 60, ""spa"": 55, ""spd"": 60, ""spe"": 94}"
Cinderace,815,"[""Fire""]",0,33,0.875,0,0,0,0,,"{""hp"": 80, ""atk"": 116, ""def"": 75, ""spa"": 65, ""spd"": 75, ""spe"": 119}"
Cinderace-Gmax,815,"[""Fire""]",0,0,0.875,0,0,1,0,,"{""hp"": 80, ""atk"": 116, ""def"": 75, ""spa"": 65, ""spd"": 75, ""spe"": 119}"
Sobble,816,"[""Water""]",1,4,0.875,0,0,0,0,,"{""hp"": 50, ""atk"": 40, ""def"": 40, ""spa"": 70, ""spd"": 40, ""spe"": 70}"
Drizzile,817,"[""Water""]",1,11.5,0.875,0,0,0,0,,"{""hp"": 65, ""atk"": 60, ""def"": 55, ""spa"": 95, ""spd"": 55, ""spe"": 90}"
Inteleon,818,"[""Water""]",0,45.2,0.875,0,0,0,0,,"{""hp"": 70, ""atk"": 85, ""def"": 65, ""spa"": 125, ""spd"": 65, ""spe"": 120}"
Inteleon-Gmax,818,"[""Water""]",0,0,0.875,0,0,1,0,,"{""hp"": 70, ""atk"": 85, ""def"": 65, ""spa"": 125, ""spd"": 65, ""spe"": 120}"
Skwovet,819,"[""Normal""]",1,2.5,,0,0,0,0,,"{""hp"": 70, ""atk"": 55, ""def"": 55, ""spa"": 35, ""spd"": 35, ""spe"": 25}"
Greedent,820,"[""Normal""]",0,6,,0,0,0,0,,"{""hp"": 120, ""atk"": 95, ""def"": 95, ""spa"": 55, ""spd"": 75, ""spe"": 20}"
Rookidee,821,"[""Flying""]",1,1.8,,0,0,0,0,,"{""hp"": 38, ""atk"": 47, ""def"": 35, ""spa"": 33, ""spd"": 35, ""spe"": 57}"
Corvisquire,822,"[""Flying""]",1,16,,0,0,0,0,,"{""hp"": 68, ""atk"": 67, ""def"": 55, ""spa"": 43, ""spd"": 55, ""spe"": 77}"
Corviknight,823,"[""Flying"", ""Steel""]",0,75,,0,0,0,0,,"{""hp"": 98, ""atk"": 87, ""def"": 105, ""spa"": 53, ""spd"": 85, ""spe"": 67}"
Corviknight-Gmax,823,"[""Flying"", ""Steel""]",0,0,,0,0,1,0,,"{""hp"": 98, ""atk"": 87, ""def"": 105, ""spa"": 53, ""spd"": 85, ""spe"": 67}"
Blipbug,824,"[""Bug""]",1,8,,0,0,0,0,,"{""hp"": 25, ""atk"": 20, ""def"": 20, ""spa"": 25, ""spd"": 45, ""spe"": 45}"
Dottler,825,"[""Bug"", ""Psychic""]",1,19.5,,0,0,0,0,,"{""hp"": 50, ""atk"": 35, ""def"": 80, ""spa"": 50, ""spd"": 90, ""spe"": 30}"
Orbeetle,826,"[""Bug"", ""Psychic""]",0,40.8,,0,0,0,0,,"{""hp"": 60, ""atk"": 45, ""def"": 110, ""spa"": 80, ""spd"": 120, ""spe"": 90}"
Orbeetle-Gmax,826,"[""Bug"", ""Psychic""]",0,0,,0,0,1,0,,"{""hp"": 60, ""atk"": 45, ""def"": 110, ""spa"": 80, ""spd"": 120, ""spe"": 90}"
Nickit,827,"[""Dark""]",1,8.9,,0,0,0,0,,"{""hp"": 40, ""atk"": 28, ""def"": 28, ""spa"": 47, ""spd"": 52, ""spe"": 50}"
Thievul,828,"[""Dark""]",0,19.9,,0,0,0,0,,"{""hp"": 70, ""atk"": 58, ""def"": 58, ""spa"": 87, ""spd"": 92, ""spe"": 90}"
Gossifleur,829,"[""Grass""]",1,2.2,,0,0,0,0,,"{""hp"": 40, ""atk"": 40, ""def"": 60, ""spa"": 40, ""spd"": 60, ""spe"": 10}"
Eldegoss,830,"[""Grass""]",0,2.5,,0,0,0,0,,"{""hp"": 60, ""atk"": 50, ""def"": 90, ""spa"": 80, ""spd"": 120, ""spe"": 60}"
Wooloo,831,"[""Normal""]",1,6,,0,0,0,0,,"{""hp"": 42, ""atk"": 40, ""def"": 55, ""spa"": 40, ""spd"": 45, ""spe"": 48}"
Dubwool,832,"[""Normal""]",0,43,,0,0,0,0,,"{""hp"": 72, ""atk"": 80, ""def"": 100, ""spa"": 60, ""spd"": 90, ""spe"": 88}"
Chewtle,833,"[""Water""]",1,8.5,,0,0,0,0,,"{""hp"": 50, ""atk"": 64, ""def"": 50, ""spa"": 38, ""spd"": 38, ""spe"": 44}"
Drednaw,834,"[""Water"", ""Rock""]",0,115.5,,0,0,0,0,,"{""hp"": 90, ""atk"": 115, ""def"": 90, ""spa"": 48, ""spd"": 68, ""spe"": 74}"
Drednaw-Gmax,834,"[""Water"", ""Rock""]",0,0,,0,0,1,0,,"{""hp"": 90, ""atk"": 115, ""def"": 90, ""spa"": 48, ""spd"": 68, ""spe"": 74}"
Yamper,835,"[""Electric""]",1,13.5,,0,0,0,0,,"{""hp"": 59, ""atk"": 45, ""def"": 50, ""spa"": 40, ""spd"": 50, ""spe"": 26}"
Boltund,836,"[""Electric""]",0,34,,0,0,0,0,,"{""hp"": 69, ""atk"": 90, ""def"": 60, ""spa"": 90, ""spd"": 60, ""spe"": 121}"
Rolycoly,837,"[""Rock""]",1,12,,0,0,0,0,,"{""hp"": 30, ""atk"": 40, ""def"": 50, ""spa"": 40, ""spd"": 50, ""spe"": 30}"
Carkol,838,"[""Rock"", ""Fire""]",1,78,,0,0,0,0,,"{""hp"": 80, ""atk"": 60, ""def"": 90, ""spa"": 60, ""spd"": 70, ""spe"": 50}"
Coalossal,839,"[""Rock"", ""Fire""]",0,310.5,,0,0,0,0,,"{""hp"": 110, ""atk"": 80, ""def"": 120, ""spa"": 80, ""spd"": 90, ""spe"": 30}"
Coalossal-Gmax,839,"[""Rock"", ""Fire""]",0,0,,0,0,1,0,,"{""hp"": 110, ""atk"": 80, ""def"": 120, ""spa"": 80, ""spd"": 90, ""spe"": 30}"
Applin,840,"[""Grass"", ""Dragon""]",1,0.5,,0,0,0,0,,"{""hp"": 40, ""atk"": 40, ""def"": 80, ""spa"": 40, ""spd"": 40, ""spe"": 20}"
Flapple,841,"[""Grass"", ""Dragon""]",0,1,,0,0,0,0,,"{""hp"": 70, ""atk"": 110, ""def"": 80, ""spa"": 95, ""spd"": 60, ""spe"": 70}"
Flapple-Gmax,841,"[""Grass"", ""Dragon""]",0,0,,0,0,1,0,,"{""hp"": 70, ""atk"": 110, ""def"": 80, ""spa"": 95, ""spd"": 60, ""spe"": 70}"
Appletun,842,"[""Grass"", ""Dragon""]",0,13,,0,0,0,0,,"{""hp"": 110, ""atk"": 85, ""def"": 80, ""spa"": 100, ""spd"": 80, ""spe"": 30}"
Appletun-Gmax,842,"[""Grass"", ""Dragon""]",0,0,,0,0,1,0,,"{""hp"": 110, ""atk"": 85, ""def"": 80, ""spa"": 100, ""spd"": 80, ""spe"": 30}"
Silicobra,843,"[""Ground""]",1,7.6,,0,0,0,0,,"{""hp"": 52, ""atk"": 57, ""def"": 75, ""spa"": 35, ""spd"": 50, ""spe"": 46}"
Sandaconda,844,"[""Ground""]",0,65.5,,0,0,0,0,,"{""hp"": 72, ""atk"": 107, ""def"": 125, ""spa"": 65, ""spd"": 70, ""spe"": 71}"
Sandaconda-Gmax,844,"[""Ground""]",0,0,,0,0,1,0,,"{""hp"": 72, ""atk"": 107, ""def"": 125, ""spa"": 65, ""spd"": 70, ""spe"": 71}"
Cramorant,845,"[""Flying"", ""Water""]",0,18,,0,0,0,0,,"{""hp"": 70, ""atk"": 85, ""def"": 55, ""spa"": 85, ""spd"": 95, ""spe"": 85}"
Cramorant-Gulping,845,"[""Flying"", ""Water""]",0,18,,0,0,0,0,,"{""hp"": 70, ""atk"": 85, ""def"": 55, ""spa"": 85, ""spd"": 95, ""spe"": 85}"
Cramorant-Gorging,845,"[""Flying"", ""Water""]",0,18,,0,0,0,0,,"{""hp"": 70, ""atk"": 85, ""def"": 55, ""spa"": 85, ""spd"": 95, ""spe"": 85}"
Arrokuda,846,"[""Water""]",1,1,,0,0,0,0,,"{""hp"": 41, ""atk"": 63, ""def"": 40, ""spa"": 40, ""spd"": 30, ""spe"": 66}"
Barraskewda,847,"[""Water""]",0,30,,0,0,0,0,,"{""hp"": 61, ""atk"": 123, ""def"": 60, ""spa"": 60, ""spd"": 50, ""spe"": 136}"
Toxel,848,"[""Electric"", ""Poison""]",1,11,,0,0,0,0,,"{""hp"": 40, ""atk"": 38, ""def"": 35, ""spa"": 54, ""spd"": 35, ""spe"": 40}"
Toxtricity,849,"[""Electric"", ""Poison""]",0,40,,0,0,0,0,,"{""hp"": 75, ""atk"": 98, ""def"": 70, ""spa"": 114, ""spd"": 70, ""spe"": 75}"
Toxtricity-Low-Key,849,"[""Electric"", ""Poison""]",0,40,,0,0,0,0,,"{""hp"": 75, ""atk"": 98, ""def"": 70, ""spa"": 114, ""spd"": 70, ""spe"": 75}"
Toxtricity-Gmax,849,"[""Electric"", ""Poison""]",0,0,,0,0,1,0,,"{""hp"": 75, ""atk"": 98, ""def"": 70, ""spa"": 114, ""spd"": 70, ""spe"": 75}"
Toxtricity-Low-Key-Gmax,849,"[""Electric"", ""Poison""]",0,0,,0,0,1,0,,"{""hp"": 75, ""atk"": 98, ""def"": 70, ""spa"": 114, ""spd"": 70, ""spe"": 75}"
Sizzlipede,850,"[""Fire"", ""Bug""]",1,1,,0,0,0,0,,"{""hp"": 50, ""atk"": 65, ""def"": 45, ""spa"": 50, ""spd"": 50, ""spe"": 45}"
Centiskorch,851,"[""Fire"", ""Bug""]",0,120,,0,0,0,0,,"{""hp"": 100, ""atk"": 115, ""def"": 65, ""spa"": 90, ""spd"": 90, ""spe"": 65}"
Centiskorch-Gmax,851,"[""Fire"", ""Bug""]",0,0,,0,0,1,0,,"{""hp"": 100, ""atk"": 115, ""def"": 65, ""spa"": 90, ""spd"": 90, ""spe"": 65}"
Clobbopus,852,"[""Fighting""]",1,4,,0,0,0,0,,"{""hp"": 50, ""atk"": 68, ""def"": 60, ""spa"": 50, ""spd"": 50, ""spe"": 32}"
Grapploct,853,"[""Fighting""]",0,39,,0,0,0,0,,"{""hp"": 80, ""atk"": 118, ""def"": 90, ""spa"": 70, ""spd"": 80, ""spe"": 42}"
Sinistea,854,"[""Ghost""]",1,0.2,,0,0,0,0,,"{""hp"": 40, ""atk"": 45, ""def"": 45, ""spa"": 74, ""spd"": 54, ""spe"": 50}"
Sinistea-Antique,854,"[""Ghost""]",1,0.2,,0,0,0,0,,"{""hp"": 40, ""atk"": 45, ""def"": 45, ""spa"": 74, ""spd"": 54, ""spe"": 50}"
Polteageist,855,"[""Ghost""]",0,0.4,,0,0,0,0,,"{""hp"": 60, ""atk"": 65, ""def"": 65, ""spa"": 134, ""spd"": 114, ""spe"": 70}"
Polteageist-Antique,855,"[""Ghost""]",0,0.4,,0,0,0,0,,"{""hp"": 60, ""atk"": 65, ""def"": 65, ""spa"": 134, ""spd"": 114, ""spe"": 70}"
Hatenna,856,"[""Psychic""]",1,3.4,,0,0,0,0,,"{""hp"": 42, ""atk"": 30, ""def"": 45, ""spa"": 56, ""spd"": 53, ""spe"": 39}"
Hattrem,857,"[""Psychic""]",1,4.8,,0,0,0,0,,"{""hp"": 57, ""atk"": 40, ""def"": 65, ""spa"": 86, ""spd"": 73, ""spe"": 49}"
Hatterene,858,"[""Psychic"", ""Fairy""]",0,5.1,,0,0,0,0,,"{""hp"": 57, ""atk"": 90, ""def"": 95, ""spa"": 136, ""spd"": 103, ""spe"": 29}"
Hatterene-Gmax,858,"[""Psychic"", ""Fairy""]",0,0,,0,0,1,0,,"{""hp"": 57, ""atk"": 90, ""def"": 95, ""spa"": 136, ""spd"": 103, ""spe"": 29}"
Impidimp,859,"[""Dark"", ""Fairy""]",1,5.5,,0,0,0,0,,"{""hp"": 45, ""atk"": 45, ""def"": 30, ""spa"": 55, ""spd"": 40, ""spe"": 50}"
Morgrem,860,"[""Dark"", ""Fairy""]",1,12.5,,0,0,0,0,,"{""hp"": 65, ""atk"": 60, ""def"": 45, ""spa"": 75, ""spd"": 55, ""spe"": 70}"
Grimmsnarl,861,"[""Dark"", ""Fairy""]",0,61,,0,0,0,0,,"{""hp"": 95, ""atk"": 120, ""def"": 65, ""spa"": 95, ""spd"": 75, ""spe"": 60}"
Grimmsnarl-Gmax,861,"[""Dark"", ""Fairy""]",0,0,,0,0,1,0,,"{""hp"": 95, ""atk"": 120, ""def"": 65, ""spa"": 95, ""spd"": 75, ""spe"": 60}"
Obstagoon,862,"[""Dark"", ""Normal""]",0,46,,0,0,0,0,,"{""hp"": 93, ""atk"": 90, ""def"": 101, ""spa"": 60, ""spd"": 81, ""spe"": 95}"
Perrserker,863,"[""Steel""]",0,28,,0,0,0,0,,"{""hp"": 70, ""atk"": 110, ""def"": 100, ""spa"": 50, ""spd"": 60, ""spe"": 50}"
Cursola,864,"[""Ghost""]",0,0.4,0.25,0,0,0,0,,"{""hp"": 60, ""atk"": 95, ""def"": 50, ""spa"": 145, ""spd"": 130, ""spe"": 30}"
Sirfetch’d,865,"[""Fighting""]",0,117,,0,0,0,0,,"{""hp"": 62, ""atk"": 135, ""def"": 95, ""spa"": 68, ""spd"": 82, ""spe"": 65}"
Mr. Rime,866,"[""Ice"", ""Psychic""]",0,58.2,,0,0,0,0,,"{""hp"": 80, ""atk"": 85, ""def"": 75, ""spa"": 110, ""spd"": 100, ""spe"": 70}"
Runerigus,867,"[""Ground"", ""Ghost""]",0,66.6,,0,0,0,0,,"{""hp"": 58, ""atk"": 95, ""def"": 145, ""spa"": 50, ""spd"": 105, ""spe"": 30}"
Milcery,868,"[""Fairy""]",1,0.3,,0,0,0,0,,"{""hp"": 45, ""atk"": 40, ""def"": 40, ""spa"": 50, ""spd"": 61, ""spe"": 34}"
Alcremie,869,"[""Fairy""]",0,0.5,,0,0,0,0,,"{""hp"": 65, ""atk"": 60, ""def"": 75, ""spa"": 110, ""spd"": 121, ""spe"": 64}"
Alcremie-Gmax,869,"[""Fairy""]",0,0,,0,0,1,0,,"{""hp"": 65, ""atk"": 60, ""def"": 75, ""spa"": 110, ""spd"": 121, ""spe"": 64}"
Falinks,870,"[""Fighting""]",0,62,,0,0,0,0,,"{""hp"": 65, ""atk"": 100, ""def"": 100, ""spa"": 70, ""spd"": 60, ""spe"": 75}"
Pincurchin,871,"[""Electric""]",0,1,,0,0,0,0,,"{""hp"": 48, ""atk"": 101, ""def"": 95, ""spa"": 91, ""spd"": 85, ""spe"": 15}"
Snom,872,"[""Ice"", ""Bug""]",1,3.8,,0,0,0,0,,"{""hp"": 30, ""atk"": 25, ""def"": 35, ""spa"": 45, ""spd"": 30, ""spe"": 20}"
Frosmoth,873,"[""Ice"", ""Bug""]",0,42,,0,0,0,0,,"{""hp"": 70, ""atk"": 65, ""def"": 60, ""spa"": 125, ""spd"": 90, ""spe"": 65}"
Stonjourner,874,"[""Rock""]",0,520,,0,0,0,0,,"{""hp"": 100, ""atk"": 125, ""def"": 135, ""spa"": 20, ""spd"": 20, ""spe"": 70}"
Eiscue,875,"[""Ice""]",0,89,,0,0,0,0,,"{""hp"": 75, ""atk"": 80, ""def"": 110, ""spa"": 65, ""spd"": 90, ""spe"": 50}"
Eiscue-Noice,875,"[""Ice""]",0,89,,0,0,0,0,,"{""hp"": 75, ""atk"": 80, ""def"": 70, ""spa"": 65, ""spd"": 50, ""spe"": 130}"
Indeedee,876,"[""Psychic"", ""Normal""]",0,28,,0,0,0,0,,"{""hp"": 60, ""atk"": 65, ""def"": 55, ""spa"": 105, ""spd"": 95, ""spe"": 95}"
Indeedee-F,876,"[""Psychic"", ""Normal""]",0,28,,0,0,0,0,,"{""hp"": 70, ""atk"": 55, ""def"": 65, ""spa"": 95, ""spd"": 105, ""spe"": 85}"
Morpeko,877,"[""Electric"", ""Dark""]",0,3,,0,0,0,0,,"{""hp"": 58, ""atk"": 95, ""def"": 58, ""spa"": 70, ""spd"": 58, ""spe"": 97}"
Morpeko-Hangry,877,"[""Electric"", ""Dark""]",0,3,,0,0,0,0,,"{""hp"": 58, ""atk"": 95, ""def"": 58, ""spa"": 70, ""spd"": 58, ""spe"": 97}"
Cufant,878,"[""Steel""]",1,100,,0,0,0,0,,"{""hp"": 72, ""atk"": 80, ""def"": 49, ""spa"": 40, ""spd"": 49, ""spe"": 40}"
Copperajah,879,"[""Steel""]",0,650,,0,0,0,0,,"{""hp"": 122, ""atk"": 130, ""def"": 69, ""spa"": 80, ""spd"": 69, ""spe"": 30}"
Copperajah-Gmax,879,"[""Steel""]",0,0,,0,0,1,0,,"{""hp"": 122, ""atk"": 130, ""def"": 69, ""spa"": 80, ""spd"": 69, ""spe"": 30}"
Dracozolt,880,"[""Electric"", ""Dragon""]",0,190,,0,0,0,0,,"{""hp"": 90, ""atk"": 100, ""def"": 90, ""spa"": 80, ""spd"": 70, ""spe"": 75}"
Arctozolt,881,"[""Electric"", ""Ice""]",0,150,,0,0,0,0,,"{""hp"": 90, ""atk"": 100, ""def"": 90, ""spa"": 90, ""spd"": 80, ""spe"": 55}"
Dracovish,882,"[""Water"", ""Dragon""]",0,215,,0,0,0,0,,"{""hp"": 90, ""atk"": 90, ""def"": 100, ""spa"": 70, ""spd"": 80, ""spe"": 75}"
Arctovish,883,"[""Water"", ""Ice""]",0,175,,0,0,0,0,,"{""hp"": 90, ""atk"": 90, ""def"": 100, ""spa"": 80, ""spd"": 90, ""spe"": 55}"
Duraludon,884,"[""Steel"", ""Dragon""]",1,40,,0,0,0,0,,"{""hp"": 70, ""atk"": 95, ""def"": 115, ""spa"": 120, ""spd"": 50, ""spe"": 85}"
Duraludon-Gmax,884,"[""Steel"", ""Dragon""]",0,0,,0,0,1,0,,"{""hp"": 70, ""atk"": 95, ""def"": 115, ""spa"": 120, ""spd"": 50, ""spe"": 85}"
Dreepy,885,"[""Dragon"", ""Ghost""]",1,2,,0,0,0,0,,"{""hp"": 28, ""atk"": 60, ""def"": 30, ""spa"": 40, ""spd"": 30, ""spe"": 82}"
Drakloak,886,"[""Dragon"", ""Ghost""]",1,11,,0,0,0,0,,"{""hp"": 68, ""atk"": 80, ""def"": 50, ""spa"": 60, ""spd"": 50, ""spe"": 102}"
Dragapult,887,"[""Dragon"", ""Ghost""]",0,50,,0,0,0,0,,"{""hp"": 88, ""atk"": 120, ""def"": 75, ""spa"": 100, ""spd"": 75, ""spe"": 142}"
Zacian,888,"[""Fairy""]",0,110,,0,1,0,0,,"{""hp"": 92, ""atk"": 120, ""def"": 115, ""spa"": 80, ""spd"": 115, ""spe"": 138}"
Zacian-Crowned,888,"[""Fairy"", ""Steel""]",0,355,,0,0,0,0,Rusted Sword,"{""hp"": 92, ""atk"": 150, ""def"": 115, ""spa"": 80, ""spd"": 115, ""spe"": 148}"
Zamazenta,889,"[""Fighting""]",0,210,,0,1,0,0,,"{""hp"": 92, ""atk"": 120, ""def"": 115, ""spa"": 80, ""spd"": 115, ""spe"": 138}"
Zamazenta-Crowned,889,"[""Fighting"", ""Steel""]",0,785,,0,0,0,0,Rusted Shield,"{""hp"": 92, ""atk"": 120, ""def"": 140, ""spa"": 80, ""spd"": 140, ""spe"": 128}"
Eternatus,890,"[""Poison"", ""Dragon""]",0,950,,0,1,0,0,,"{""hp"": 140, ""atk"": 85, ""def"": 95, ""spa"": 145, ""spd"": 95, ""spe"": 130}"
Eternatus-Eternamax,890,"[""Poison"", ""Dragon""]",0,0,,0,0,0,0,,"{""hp"": 255, ""atk"": 115, ""def"": 250, ""spa"": 125, ""spd"": 250, ""spe"": 130}"
Kubfu,891,"[""Fighting""]",1,12,0.875,0,0,0,0,,"{""hp"": 60, ""atk"": 90, ""def"": 60, ""spa"": 53, ""spd"": 50, ""spe"": 72}"
Urshifu,892,"[""Fighting"", ""Dark""]",0,105,0.875,0,0,0,0,,"{""hp"": 100, ""atk"": 130, ""def"": 100, ""spa"": 63, ""spd"": 60, ""spe"": 97}"
Urshifu-Rapid-Strike,892,"[""Fighting"", ""Water""]",0,105,0.875,0,0,0,0,,"{""hp"": 100, ""atk"": 130, ""def"": 100, ""spa"": 63, ""spd"": 60, ""spe"": 97}"
Urshifu-Gmax,892,"[""Fighting"", ""Dark""]",0,0,0.875,0,0,1,0,,"{""hp"": 100, ""atk"": 130, ""def"": 100, ""spa"": 63, ""spd"": 60, ""spe"": 97}"
Urshifu-Rapid-Strike-Gmax,892,"[""Fighting"", ""Water""]",0,0,0.875,0,0,1,0,,"{""hp"": 100, ""atk"": 130, ""def"": 100, ""spa"": 63, ""spd"": 60, ""spe"": 97}"
Zarude,893,"[""Dark"", ""Grass""]",0,70,,1,0,0,0,,"{""hp"": 105, ""atk"": 120, ""def"": 105, ""spa"": 70, ""spd"": 95, ""spe"": 105}"
Zarude-Dada,893,"[""Dark"", ""Grass""]",0,70,,0,0,0,0,,"{""hp"": 105, ""atk"": 120, ""def"": 105, ""spa"": 70, ""spd"": 95, ""spe"": 105}"
Regieleki,894,"[""Electric""]",0,145,,0,0,0,0,,"{""hp"": 80, ""atk"": 100, ""def"": 50, ""spa"": 100, ""spd"": 50, ""spe"": 200}"
Regidrago,895,"[""Dragon""]",0,200,,0,0,0,0,,"{""hp"": 200, ""atk"": 100, ""def"": 50, ""spa"": 100, ""spd"": 50, ""spe"": 80}"
Glastrier,896,"[""Ice""]",0,800,,0,0,0,0,,"{""hp"": 100, ""atk"": 145, ""def"": 130, ""spa"": 65, ""spd"": 110, ""spe"": 30}"
Spectrier,897,"[""Ghost""]",0,44.5,,0,0,0,0,,"{""hp"": 100, ""atk"": 65, ""def"": 60, ""spa"": 145, ""spd"": 80, ""spe"": 130}"
Calyrex,898,"[""Psychic"", ""Grass""]",0,7.7,,0,1,0,0,,"{""hp"": 100, ""atk"": 80, ""def"": 80, ""spa"": 80, ""spd"": 80, ""spe"": 80}"
Calyrex-Ice,898,"[""Psychic"", ""Ice""]",0,809.1,,0,0,0,0,,"{""hp"": 100, ""atk"": 165, ""def"": 150, ""spa"": 85, ""spd"": 130, ""spe"": 50}"
Calyrex-Shadow,898,"[""Psychic"", ""Ghost""]",0,53.6,,0,0,0,0,,"{""hp"": 100, ""atk"": 85, ""def"": 80, ""spa"": 165, ""spd"": 100, ""spe"": 150}"
Wyrdeer,899,"[""Normal"", ""Psychic""]",0,95.1,,0,0,0,0,,"{""hp"": 103, ""atk"": 105, ""def"": 72, ""spa"": 105, ""spd"": 75, ""spe"": 65}"
Kleavor,900,"[""Bug"", ""Rock""]",0,89,,0,0,0,0,,"{""hp"": 70, ""atk"": 135, ""def"": 95, ""spa"": 45, ""spd"": 70, ""spe"": 85}"
Ursaluna,901,"[""Ground"", ""Normal""]",0,290,,0,0,0,0,,"{""hp"": 130, ""atk"": 140, ""def"": 105, ""spa"": 45, ""spd"": 80, ""spe"": 50}"
Ursaluna-Bloodmoon,901,"[""Ground"", ""Normal""]",0,333,,0,0,0,0,,"{""hp"": 113, ""atk"": 70, ""def"": 120, ""spa"": 135, ""spd"": 65, ""spe"": 52}"
Basculegion,902,"[""Water"", ""Ghost""]",0,110,,0,0,0,0,,"{""hp"": 120, ""atk"": 112, ""def"": 65, ""spa"": 80, ""spd"": 75, ""spe"": 78}"
Basculegion-F,902,"[""Water"", ""Ghost""]",0,110,,0,0,0,0,,"{""hp"": 120, ""atk"": 92, ""def"": 65, ""spa"": 100, ""spd"": 75, ""spe"": 78}"
Sneasler,903,"[""Fighting"", ""Poison""]",0,43,,0,0,0,0,,"{""hp"": 80, ""atk"": 130, ""def"": 60, ""spa"": 40, ""spd"": 80, ""spe"": 120}"
Overqwil,904,"[""Dark"", ""Poison""]",0,60.5,,0,0,0,0,,"{""hp"": 85, ""atk"": 115, ""def"": 95, ""spa"": 65, ""spd"": 65, ""spe"": 85}"
Enamorus,905,"[""Fairy"", ""Flying""]",0,48,,0,0,0,0,,"{""hp"": 74, ""atk"": 115, ""def"": 70, ""spa"": 135, ""spd"": 80, ""spe"": 106}"
Enamorus-Therian,905,"[""Fairy"", ""Flying""]",0,48,,0,0,0,0,,"{""hp"": 74, ""atk"": 115, ""def"": 110, ""spa"": 135, ""spd"": 100, ""spe"": 46}"
Sprigatito,906,"[""Grass""]",1,4.1,0.875,0,0,0,0,,"{""hp"": 40, ""atk"": 61, ""def"": 54, ""spa"": 45, ""spd"": 45, ""spe"": 65}"
Floragato,907,"[""Grass""]",1,12.2,0.875,0,0,0,0,,"{""hp"": 61, ""atk"": 80, ""def"": 63, ""spa"": 60, ""spd"": 63, ""spe"": 83}"
Meowscarada,908,"[""Grass"", ""Dark""]",0,31.2,0.875,0,0,0,0,,"{""hp"": 76, ""atk"": 110, ""def"": 70, ""spa"": 81, ""spd"": 70, ""spe"": 123}"
Fuecoco,909,"[""Fire""]",1,9.8,0.875,0,0,0,0,,"{""hp"": 67, ""atk"": 45, ""def"": 59, ""spa"": 63, ""spd"": 40, ""spe"": 36}"
Crocalor,910,"[""Fire""]",1,30.7,0.875,0,0,0,0,,"{""hp"": 81, ""atk"": 55, ""def"": 78, ""spa"": 90, ""spd"": 58, ""spe"": 49}"
Skeledirge,911,"[""Fire"", ""Ghost""]",0,326.5,0.875,0,0,0,0,,"{""hp"": 104, ""atk"": 75, ""def"": 100, ""spa"": 110, ""spd"": 75, ""spe"": 66}"
Quaxly,912,"[""Water""]",1,6.1,0.875,0,0,0,0,,"{""hp"": 55, ""atk"": 65, ""def"": 45, ""spa"": 50, ""spd"": 45, ""spe"": 50}"
Quaxwell,913,"[""Water""]",1,21.5,0.875,0,0,0,0,,"{""hp"": 70, ""atk"": 85, ""def"": 65, ""spa"": 65, ""spd"": 60, ""spe"": 65}"
Quaquaval,914,"[""Water"", ""Fighting""]",0,61.9,0.875,0,0,0,0,,"{""hp"": 85, ""atk"": 120, ""def"": 80, ""spa"": 85, ""spd"": 75, ""spe"": 85}"
Lechonk,915,"[""Normal""]",1,10.2,,0,0,0,0,,"{""hp"": 54, ""atk"": 45, ""def"": 40, ""spa"": 35, ""spd"": 45, ""spe"": 35}"
Oinkologne,916,"[""Normal""]",0,120,,0,0,0,0,,"{""hp"": 110, ""atk"": 100, ""def"": 75, ""spa"": 59, ""spd"": 80, ""spe"": 65}"
Oinkologne-F,916,"[""Normal""]",0,120,,0,0,0,0,,"{""hp"": 115, ""atk"": 90, ""def"": 70, ""spa"": 59, ""spd"": 90, ""spe"": 65}"
Tarountula,917,"[""Bug""]",1,4,,0,0,0,0,,"{""hp"": 35, ""atk"": 41, ""def"": 45, ""spa"": 29, ""spd"": 40, ""spe"": 20}"
Spidops,918,"[""Bug""]",0,16.5,,0,0,0,0,,"{""hp"": 60, ""atk"": 79, ""def"": 92, ""spa"": 52, ""spd"": 86, ""spe"": 35}"
Nymble,919,"[""Bug""]",1,1,,0,0,0,0,,"{""hp"": 33, ""atk"": 46, ""def"": 40, ""spa"": 21, ""spd"": 25, ""spe"": 45}"
Lokix,920,"[""Bug"", ""Dark""]",0,17.5,,0,0,0,0,,"{""hp"": 71, ""atk"": 102, ""def"": 78, ""spa"": 52, ""spd"": 55, ""spe"": 92}"
Pawmi,921,"[""Electric""]",1,2.5,,0,0,0,0,,"{""hp"": 45, ""atk"": 50, ""def"": 20, ""spa"": 40, ""spd"": 25, ""spe"": 60}"
Pawmo,922,"[""Electric"", ""Fighting""]",1,6.5,,0,0,0,0,,"{""hp"": 60, ""atk"": 75, ""def"": 40, ""spa"": 50, ""spd"": 40, ""spe"": 85}"
Pawmot,923,"[""Electric"", ""Fighting""]",0,41,,0,0,0,0,,"{""hp"": 70, ""atk"": 115, ""def"": 70, ""spa"": 70, ""spd"": 60, ""spe"": 105}"
Tandemaus,924,"[""Normal""]",1,1.8,,0,0,0,0,,"{""hp"": 50, ""atk"": 50, ""def"": 45, ""spa"": 40, ""spd"": 45, ""spe"": 75}"
Maushold,925,"[""Normal""]",0,2.3,,0,0,0,0,,"{""hp"": 74, ""atk"": 75, ""def"": 70, ""spa"": 65, ""spd"": 75, ""spe"": 111}"
Maushold-Four,925,"[""Normal""]",0,2.8,,0,0,0,0,,"{""hp"": 74, ""atk"": 75, ""def"": 70, ""spa"": 65, ""spd"": 75, ""spe"": 111}"
Fidough,926,"[""Fairy""]",1,10.9,,0,0,0,0,,"{""hp"": 37, ""atk"": 55, ""def"": 70, ""spa"": 30, ""spd"": 55, ""spe"": 65}"
Dachsbun,927,"[""Fairy""]",0,14.9,,0,0,0,0,,"{""hp"": 57, ""atk"": 80, ""def"": 115, ""spa"": 50, ""spd"": 80, ""spe"": 95}"
Smoliv,928,"[""Grass"", ""Normal""]",1,6.5,,0,0,0,0,,"{""hp"": 41, ""atk"": 35, ""def"": 45, ""spa"": 58, ""spd"": 51, ""spe"": 30}"
Dolliv,929,"[""Grass"", ""Normal""]",1,11.9,,0,0,0,0,,"{""hp"": 52, ""atk"": 53, ""def"": 60, ""spa"": 78, ""spd"": 78, ""spe"": 33}"
Arboliva,930,"[""Grass"", ""Normal""]",0,48.2,,0,0,0,0,,"{""hp"": 78, ""atk"": 69, ""def"": 90, ""spa"": 125, ""spd"": 109, ""spe"": 39}"
Squawkabilly,931,"[""Normal"", ""Flying""]",0,2.4,,0,0,0,0,,"{""hp"": 82, ""atk"": 96, ""def"": 51, ""spa"": 45, ""spd"": 51, ""spe"": 92}"
Squawkabilly-Blue,931,"[""Normal"", ""Flying""]",0,2.4,,0,0,0,0,,"{""hp"": 82, ""atk"": 96, ""def"": 51, ""spa"": 45, ""spd"": 51, ""spe"": 92}"
Squawkabilly-Yellow,931,"[""Normal"", ""Flying""]",0,2.4,,0,0,0,0,,"{""hp"": 82, ""atk"": 96, ""def"": 51, ""spa"": 45, ""spd"": 51, ""spe"": 92}"
Squawkabilly-White,931,"[""Normal"", ""Flying""]",0,2.4,,0,0,0,0,,"{""hp"": 82, ""atk"": 96, ""def"": 51, ""spa"": 45, ""spd"": 51, ""spe"": 92}"
Nacli,932,"[""Rock""]",1,16,,0,0,0,0,,"{""hp"": 55, ""atk"": 55, ""def"": 75, ""spa"": 35, ""spd"": 35, ""spe"": 25}"
Naclstack,933,"[""Rock""]",1,105,,0,0,0,0,,"{""hp"": 60, ""atk"": 60, ""def"": 100, ""spa"": 35, ""spd"": 65, ""spe"": 35}"
Garganacl,934,"[""Rock""]",0,240,,0,0,0,0,,"{""hp"": 100, ""atk"": 100, ""def"": 130, ""spa"": 45, ""spd"": 90, ""spe"": 35}"
Charcadet,935,"[""Fire""]",1,10.5,,0,0,0,0,,"{""hp"": 40, ""atk"": 50, ""def"": 40, ""spa"": 50, ""spd"": 40, ""spe"": 35}"
Armarouge,936,"[""Fire"", ""Psychic""]",0,85,,0,0,0,0,,"{""hp"": 85, ""atk"": 60, ""def"": 100, ""spa"": 125, ""spd"": 80, ""spe"": 75}"
Ceruledge,937,"[""Fire"", ""Ghost""]",0,62,,0,0,0,0,,"{""hp"": 75, ""atk"": 125, ""def"": 80, ""spa"": 60, ""spd"": 100, ""spe"": 85}"
Tadbulb,938,"[""Electric""]",1,0.4,,0,0,0,0,,"{""hp"": 61, ""atk"": 31, ""def"": 41, ""spa"": 59, ""spd"": 35, ""spe"": 45}"
Bellibolt,939,"[""Electric""]",0,113,,0,0,0,0,,"{""hp"": 109, ""atk"": 64, ""def"": 91, ""spa"": 103, ""spd"": 83, ""spe"": 45}"
Wattrel,940,"[""Electric"", ""Flying""]",1,3.6,,0,0,0,0,,"{""hp"": 40, ""atk"": 40, ""def"": 35, ""spa"": 55, ""spd"": 40, ""spe"": 70}"
Kilowattrel,941,"[""Electric"", ""Flying""]",0,38.6,,0,0,0,0,,"{""hp"": 70, ""atk"": 70, ""def"": 60, ""spa"": 105, ""spd"": 60, ""spe"": 125}"
Maschiff,942,"[""Dark""]",1,16,,0,0,0,0,,"{""hp"": 60, ""atk"": 78, ""def"": 60, ""spa"": 40, ""spd"": 51, ""spe"": 51}"
Mabosstiff,943,"[""Dark""]",0,61,,0,0,0,0,,"{""hp"": 80, ""atk"": 120, ""def"": 90, ""spa"": 60, ""spd"": 70, ""spe"": 85}"
Shroodle,944,"[""Poison"", ""Normal""]",1,0.7,,0,0,0,0,,"{""hp"": 40, ""atk"": 65, ""def"": 35, ""spa"": 40, ""spd"": 35, ""spe"": 75}"
Grafaiai,945,"[""Poison"", ""Normal""]",0,27.2,,0,0,0,0,,"{""hp"": 63, ""atk"": 95, ""def"": 65, ""spa"": 80, ""spd"": 72, ""spe"": 110}"
Bramblin,946,"[""Grass"", ""Ghost""]",1,0.6,,0,0,0,0,,"{""hp"": 40, ""atk"": 65, ""def"": 30, ""spa"": 45, ""spd"": 35, ""spe"": 60}"
Brambleghast,947,"[""Grass"", ""Ghost""]",0,6,,0,0,0,0,,"{""hp"": 55, ""atk"": 115, ""def"": 70, ""spa"": 80, ""spd"": 70, ""spe"": 90}"
Toedscool,948,"[""Ground"", ""Grass""]",1,33,,0,0,0,0,,"{""hp"": 40, ""atk"": 40, ""def"": 35, ""spa"": 50, ""spd"": 100, ""spe"": 70}"
Toedscruel,949,"[""Ground"", ""Grass""]",0,58,,0,0,0,0,,"{""hp"": 80, ""atk"": 70, ""def"": 65, ""spa"": 80, ""spd"": 120, ""spe"": 100}"
Klawf,950,"[""Rock""]",0,79,,0,0,0,0,,"{""hp"": 70, ""atk"": 100, ""def"": 115, ""spa"": 35, ""spd"": 55, ""spe"": 75}"
Capsakid,951,"[""Grass""]",1,3,,0,0,0,0,,"{""hp"": 50, ""atk"": 62, ""def"": 40, ""spa"": 62, ""spd"": 40, ""spe"": 50}"
Scovillain,952,"[""Grass"", ""Fire""]",0,15,,0,0,0,0,,"{""hp"": 65, ""atk"": 108, ""def"": 65, ""spa"": 108, ""spd"": 65, ""spe"": 75}"
Rellor,953,"[""Bug""]",1,1,,0,0,0,0,,"{""hp"": 41, ""atk"": 50, ""def"": 60, ""spa"": 31, ""spd"": 58, ""spe"": 30}"
Rabsca,954,"[""Bug"", ""Psychic""]",0,3.5,,0,0,0,0,,"{""hp"": 75, ""atk"": 50, ""def"": 85, ""spa"": 115, ""spd"": 100, ""spe"": 45}"
Flittle,955,"[""Psychic""]",1,1.5,,0,0,0,0,,"{""hp"": 30, ""atk"": 35, ""def"": 30, ""spa"": 55, ""spd"": 30, ""spe"": 75}"
Espathra,956,"[""Psychic""]",0,90,,0,0,0,0,,"{""hp"": 95, ""atk"": 60, ""def"": 60, ""spa"": 101, ""spd"": 60, ""spe"": 105}"
Tinkatink,957,"[""Fairy"", ""Steel""]",1,8.9,,0,0,0,0,,"{""hp"": 50, ""atk"": 45, ""def"": 45, ""spa"": 35, ""spd"": 64, ""spe"": 58}"
Tinkatuff,958,"[""Fairy"", ""Steel""]",1,59.1,,0,0,0,0,,"{""hp"": 65, ""atk"": 55, ""def"": 55, ""spa"": 45, ""spd"": 82, ""spe"": 78}"
Tinkaton,959,"[""Fairy"", ""Steel""]",0,112.8,,0,0,0,0,,"{""hp"": 85, ""atk"": 75, ""def"": 77, ""spa"": 70, ""spd"": 105, ""spe"": 94}"
Wiglett,960,"[""Water""]",1,1.8,,0,0,0,0,,"{""hp"": 10, ""atk"": 55, ""def"": 25, ""spa"": 35, ""spd"": 25, ""spe"": 95}"
Wugtrio,961,"[""Water""]",0,5.4,,0,0,0,0,,"{""hp"": 35, ""atk"": 100, ""def"": 50, ""spa"": 50, ""spd"": 70, ""spe"": 120}"
Bombirdier,962,"[""Flying"", ""Dark""]",0,42.9,,0,0,0,0,,"{""hp"": 70, ""atk"": 103, ""def"": 85, ""spa"": 60, ""spd"": 85, ""spe"": 82}"
Finizen,963,"[""Water""]",1,60.2,,0,0,0,0,,"{""hp"": 70, ""atk"": 45, ""def"": 40, ""spa"": 45, ""spd"": 40, ""spe"": 75}"
Palafin,964,"[""Water""]",0,60.2,,0,0,0,0,,"{""hp"": 100, ""atk"": 70, ""def"": 72, ""spa"": 53, ""spd"": 62, ""spe"": 100}"
Palafin-Hero,964,"[""Water""]",0,97.4,,0,0,0,0,,"{""hp"": 100, ""atk"": 160, ""def"": 97, ""spa"": 106, ""spd"": 87, ""spe"": 100}"
Varoom,965,"[""Steel"", ""Poison""]",1,35,,0,0,0,0,,"{""hp"": 45, ""atk"": 70, ""def"": 63, ""spa"": 30, ""spd"": 45, ""spe"": 47}"
Revavroom,966,"[""Steel"", ""Poison""]",0,120,,0,0,0,0,,"{""hp"": 80, ""atk"": 119, ""def"": 90, ""spa"": 54, ""spd"": 67, ""spe"": 90}"
Cyclizar,967,"[""Dragon"", ""Normal""]",0,63,,0,0,0,0,,"{""hp"": 70, ""atk"": 95, ""def"": 65, ""spa"": 85, ""spd"": 65, ""spe"": 121}"
Orthworm,968,"[""Steel""]",0,310,,0,0,0,0,,"{""hp"": 70, ""atk"": 85, ""def"": 145, ""spa"": 60, ""spd"": 55, ""spe"": 65}"
Glimmet,969,"[""Rock"", ""Poison""]",1,8,,0,0,0,0,,"{""hp"": 48, ""atk"": 35, ""def"": 42, ""spa"": 105, ""spd"": 60, ""spe"": 60}"
Glimmora,970,"[""Rock"", ""Poison""]",0,45,,0,0,0,0,,"{""hp"": 83, ""atk"": 55, ""def"": 90, ""spa"": 130, ""spd"": 81, ""spe"": 86}"
Greavard,971,"[""Ghost""]",1,35,,0,0,0,0,,"{""hp"": 50, ""atk"": 61, ""def"": 60, ""spa"": 30, ""spd"": 55, ""spe"": 34}"
Houndstone,972,"[""Ghost""]",0,15,,0,0,0,0,,"{""hp"": 72, ""atk"": 101, ""def"": 100, ""spa"": 50, ""spd"": 97, ""spe"": 68}"
Flamigo,973,"[""Flying"", ""Fighting""]",0,37,,0,0,0,0,,"{""hp"": 82, ""atk"": 115, ""def"": 74, ""spa"": 75, ""spd"": 64, ""spe"": 90}"
Cetoddle,974,"[""Ice""]",1,45,,0,0,0,0,,"{""hp"": 108, ""atk"": 68, ""def"": 45, ""spa"": 30, ""spd"": 40, ""spe"": 43}"
Cetitan,975,"[""Ice""]",0,700,,0,0,0,0,,"{""hp"": 170, ""atk"": 113, ""def"": 65, ""spa"": 45, ""spd"": 55, ""spe"": 73}"
Veluza,976,"[""Water"", ""Psychic""]",0,90,,0,0,0,0,,"{""hp"": 90, ""atk"": 102, ""def"": 73, ""spa"": 78, ""spd"": 65, ""spe"": 70}"
Dondozo,977,"[""Water""]",0,220,,0,0,0,0,,"{""hp"": 150, ""atk"": 100, ""def"": 115, ""spa"": 65, ""spd"": 65, ""spe"": 35}"
Tatsugiri,978,"[""Dragon"", ""Water""]",0,8,,0,0,0,0,,"{""hp"": 68, ""atk"": 50, ""def"": 60, ""spa"": 120, ""spd"": 95, ""spe"": 82}"
Annihilape,979,"[""Fighting"", ""Ghost""]",0,56,,0,0,0,0,,"{""hp"": 110, ""atk"": 115, ""def"": 80, ""spa"": 50, ""spd"": 90, ""spe"": 90}"
Clodsire,980,"[""Poison"", ""Ground""]",0,223,,0,0,0,0,,"{""hp"": 130, ""atk"": 75, ""def"": 60, ""spa"": 45, ""spd"": 100, ""spe"": 20}"
Farigiraf,981,"[""Normal"", ""Psychic""]",0,160,,0,0,0,0,,"{""hp"": 120, ""atk"": 90, ""def"": 70, ""spa"": 110, ""spd"": 70, ""spe"": 60}"
Dudunsparce,982,"[""Normal""]",0,39.2,,0,0,0,0,,"{""hp"": 125, ""atk"": 100, ""def"": 80, ""spa"": 85, ""spd"": 75, ""spe"": 55}"
Dudunsparce-Three-Segment,982,"[""Normal""]",0,47.4,,0,0,0,0,,"{""hp"": 125, ""atk"": 100, ""def"": 80, ""spa"": 85, ""spd"": 75, ""spe"": 55}"
Kingambit,983,"[""Dark"", ""Steel""]",0,120,,0,0,0,0,,"{""hp"": 100, ""atk"": 135, ""def"": 120, ""spa"": 60, ""spd"": 85, ""spe"": 50}"
Great Tusk,984,"[""Ground"", ""Fighting""]",0,320,,0,0,0,0,,"{""hp"": 115, ""atk"": 131, ""def"": 131, ""spa"": 53, ""spd"": 53, ""spe"": 87}"
Scream Tail,985,"[""Fairy"", ""Psychic""]",0,8,,0,0,0,0,,"{""hp"": 115, ""atk"": 65, ""def"": 99, ""spa"": 65, ""spd"": 115, ""spe"": 111}"
Brute Bonnet,986,"[""Grass"", ""Dark""]",0,21,,0,0,0,0,,"{""hp"": 111, ""atk"": 127, ""def"": 99, ""spa"": 79, ""spd"": 99, ""spe"": 55}"
Flutter Mane,987,"[""Ghost"", ""Fairy""]",0,4,,0,0,0,0,,"{""hp"": 55, ""atk"": 55, ""def"": 55, ""spa"": 135, ""spd"": 135, ""spe"": 135}"
Slither Wing,988,"[""Bug"", ""Fighting""]",0,92,,0,0,0,0,,"{""hp"": 85, ""atk"": 135, ""def"": 79, ""spa"": 85, ""spd"": 105, ""spe"": 81}"
Sandy Shocks,989,"[""Electric"", ""Ground""]",0,60,,0,0,0,0,,"{""hp"": 85, ""atk"": 81, ""def"": 97, ""spa"": 121, ""spd"": 85, ""spe"": 101}"
Iron Treads,990,"[""Ground"", ""Steel""]",0,240,,0,0,0,0,,"{""hp"": 90, ""atk"": 112, ""def"": 120, ""spa"": 72, ""spd"": 70, ""spe"": 106}"
Iron Bundle,991,"[""Ice"", ""Water""]",0,11,,0,0,0,0,,"{""hp"": 56, ""atk"": 80, ""def"": 114, ""spa"": 124, ""spd"": 60, ""spe"": 136}"
Iron Hands,992,"[""Fighting"", ""Electric""]",0,380.7,,0,0,0,0,,"{""hp"": 154, ""atk"": 140, ""def"": 108, ""spa"": 50, ""spd"": 68, ""spe"": 50}"
Iron Jugulis,993,"[""Dark"", ""Flying""]",0,111,,0,0,0,0,,"{""hp"": 94, ""atk"": 80, ""def"": 86, ""spa"": 122, ""spd"": 80, ""spe"": 108}"
Iron Moth,994,"[""Fire"", ""Poison""]",0,36,,0,0,0,0,,"{""hp"": 80, ""atk"": 70, ""def"": 60, ""spa"": 140, ""spd"": 110, ""spe"": 110}"
Iron Thorns,995,"[""Rock"", ""Electric""]",0,303,,0,0,0,0,,"{""hp"": 100, ""atk"": 134, ""def"": 110, ""spa"": 70, ""spd"": 84, ""spe"": 72}"
Frigibax,996,"[""Dragon"", ""Ice""]",1,17,,0,0,0,0,,"{""hp"": 65, ""atk"": 75, ""def"": 45, ""spa"": 35, ""spd"": 45, ""spe"": 55}"
Arctibax,997,"[""Dragon"", ""Ice""]",1,30,,0,0,0,0,,"{""hp"": 90, ""atk"": 95, ""def"": 66, ""spa"": 45, ""spd"": 65, ""spe"": 62}"
Baxcalibur,998,"[""Dragon"", ""Ice""]",0,210,,0,0,0,0,,"{""hp"": 115, ""atk"": 145, ""def"": 92, ""spa"": 75, ""spd"": 86, ""spe"": 87}"
Gimmighoul,999,"[""Ghost""]",1,5,,0,0,0,0,,"{""hp"": 45, ""atk"": 30, ""def"": 70, ""spa"": 75, ""spd"": 70, ""spe"": 10}"
Gimmighoul-Roaming,999,"[""Ghost""]",1,0.1,,0,0,0,0,,"{""hp"": 45, ""atk"": 30, ""def"": 25, ""spa"": 75, ""spd"": 45, ""spe"": 80}"
Gholdengo,1000,"[""Steel"", ""Ghost""]",0,30,,0,0,0,0,,"{""hp"": 87, ""atk"": 60, ""def"": 95, ""spa"": 133, ""spd"": 91, ""spe"": 84}"
Wo-Chien,1001,"[""Dark"", ""Grass""]",0,74.2,,0,0,0,0,,"{""hp"": 85, ""atk"": 85, ""def"": 100, ""spa"": 95, ""spd"": 135, ""spe"": 70}"
Chien-Pao,1002,"[""Dark"", ""Ice""]",0,152.2,,0,0,0,0,,"{""hp"": 80, ""atk"": 120, ""def"": 80, ""spa"": 90, ""spd"": 65, ""spe"": 135}"
Ting-Lu,1003,"[""Dark"", ""Ground""]",0,699.7,,0,0,0,0,,"{""hp"": 155, ""atk"": 110, ""def"": 125, ""spa"": 55, ""spd"": 80, ""spe"": 45}"
Chi-Yu,1004,"[""Dark"", ""Fire""]",0,4.9,,0,0,0,0,,"{""hp"": 55, ""atk"": 80, ""def"": 80, ""spa"": 135, ""spd"": 120, ""spe"": 100}"
Roaring Moon,1005,"[""Dragon"", ""Dark""]",0,380,,0,0,0,0,,"{""hp"": 105, ""atk"": 139, ""def"": 71, ""spa"": 55, ""spd"": 101, ""spe"": 119}"
Iron Valiant,1006,"[""Fairy"", ""Fighting""]",0,35,,0,0,0,0,,"{""hp"": 74, ""atk"": 130, ""def"": 90, ""spa"": 120, ""spd"": 60, ""spe"": 116}"
Koraidon,1007,"[""Fighting"", ""Dragon""]",0,303,,0,1,0,0,,"{""hp"": 100, ""atk"": 135, ""def"": 115, ""spa"": 85, ""spd"": 100, ""spe"": 135}"
Miraidon,1008,"[""Electric"", ""Dragon""]",0,240,,0,1,0,0,,"{""hp"": 100, ""atk"": 85, ""def"": 100, ""spa"": 135, ""spd"": 115, ""spe"": 135}"
Walking Wake,1009,"[""Water"", ""Dragon""]",0,280,,0,0,0,0,,"{""hp"": 99, ""atk"": 83, ""def"": 91, ""spa"": 125, ""spd"": 83, ""spe"": 109}"
Iron Leaves,1010,"[""Grass"", ""Psychic""]",0,125,,0,0,0,0,,"{""hp"": 90, ""atk"": 130, ""def"": 88, ""spa"": 70, ""spd"": 108, ""spe"": 104}"
Dipplin,1011,"[""Grass"", ""Dragon""]",1,4.4,,0,0,0,0,,"{""hp"": 80, ""atk"": 80, ""def"": 110, ""spa"": 95, ""spd"": 80, ""spe"": 40}"
Poltchageist,1012,"[""Grass"", ""Ghost""]",1,1.1,,0,0,0,0,,"{""hp"": 40, ""atk"": 45, ""def"": 45, ""spa"": 74, ""spd"": 54, ""spe"": 50}"
Poltchageist-Artisan,1012,"[""Grass"", ""Ghost""]",1,1.1,,0,0,0,0,,"{""hp"": 40, ""atk"": 45, ""def"": 45, ""spa"": 74, ""spd"": 54, ""spe"": 50}"
Sinistcha,1013,"[""Grass"", ""Ghost""]",0,2.2,,0,0,0,0,,"{""hp"": 71, ""atk"": 60, ""def"": 106, ""spa"": 121, ""spd"": 80, ""spe"": 70}"
Sinistcha-Masterpiece,1013,"[""Grass"", ""Ghost""]",0,2.2,,0,0,0,0,,"{""hp"": 71, ""atk"": 60, ""def"": 106, ""spa"": 121, ""spd"": 80, ""spe"": 70}"
Okidogi,1014,"[""Poison"", ""Fighting""]",0,92,,0,0,0,0,,"{""hp"": 88, ""atk"": 128, ""def"": 115, ""spa"": 58, ""spd"": 86, ""spe"": 80}"
Munkidori,1015,"[""Poison"", ""Psychic""]",0,12.2,,0,0,0,0,,"{""hp"": 88, ""atk"": 75, ""def"": 66, ""spa"": 130, ""spd"": 90, ""spe"": 106}"
Fezandipiti,1016,"[""Poison"", ""Fairy""]",0,30.1,,0,0,0,0,,"{""hp"": 88, ""atk"": 91, ""def"": 82, ""spa"": 70, ""spd"": 125, ""spe"": 99}"
Ogerpon,1017,"[""Grass""]",0,39.8,,0,0,0,0,,"{""hp"": 80, ""atk"": 120, ""def"": 84, ""spa"": 60, ""spd"": 96, ""spe"": 110}"
Ogerpon-Wellspring,1017,"[""Grass"", ""Water""]",0,39.8,,0,0,0,0,Wellspring Mask,"{""hp"": 80, ""atk"": 120, ""def"": 84, ""spa"": 60, ""spd"": 96, ""spe"": 110}"
Ogerpon-Hearthflame,1017,"[""Grass"", ""Fire""]",0,39.8,,0,0,0,0,Hearthflame Mask,"{""hp"": 80, ""atk"": 120, ""def"": 84, ""spa"": 60, ""spd"": 96, ""spe"": 110}"
Ogerpon-Cornerstone,1017,"[""Grass"", ""Rock""]",0,39.8,,0,0,0,0,Cornerstone Mask,"{""hp"": 80, ""atk"": 120, ""def"": 84, ""spa"": 60, ""spd"": 96, ""spe"": 110}"
Ogerpon-Teal-Tera,1017,"[""Grass""]",0,39.8,,0,0,0,0,,"{""hp"": 80, ""atk"": 120, ""def"": 84, ""spa"": 60, ""spd"": 96, ""spe"": 110}"
Ogerpon-Wellspring-Tera,1017,"[""Grass"", ""Water""]",0,39.8,,0,0,0,0,Wellspring Mask,"{""hp"": 80, ""atk"": 120, ""def"": 84, ""spa"": 60, ""spd"": 96, ""spe"": 110}"
Ogerpon-Hearthflame-Tera,1017,"[""Grass"", ""Fire""]",0,39.8,,0,0,0,0,Hearthflame Mask,"{""hp"": 80, ""atk"": 120, ""def"": 84, ""spa"": 60, ""spd"": 96, ""spe"": 110}"
Ogerpon-Cornerstone-Tera,1017,"[""Grass"", ""Rock""]",0,39.8,,0,0,0,0,Cornerstone Mask,"{""hp"": 80, ""atk"": 120, ""def"": 84, ""spa"": 60, ""spd"": 96, ""spe"": 110}"
Archaludon,1018,"[""Steel"", ""Dragon""]",0,60,,0,0,0,0,,"{""hp"": 90, ""atk"": 105, ""def"": 130, ""spa"": 125, ""spd"": 65, ""spe"": 85}"
Hydrapple,1019,"[""Grass"", ""Dragon""]",0,93,,0,0,0,0,,"{""hp"": 106, ""atk"": 80, ""def"": 110, ""spa"": 120, ""spd"": 80, ""spe"": 44}"
Gouging Fire,1020,"[""Fire"", ""Dragon""]",0,590,,0,0,0,0,,"{""hp"": 105, ""atk"": 115, ""def"": 121, ""spa"": 65, ""spd"": 93, ""spe"": 91}"
Raging Bolt,1021,"[""Electric"", ""Dragon""]",0,480,,0,0,0,0,,"{""hp"": 125, ""atk"": 73, ""def"": 91, ""spa"": 137, ""spd"": 89, ""spe"": 75}"
Iron Boulder,1022,"[""Rock"", ""Psychic""]",0,162.5,,0,0,0,0,,"{""hp"": 90, ""atk"": 120, ""def"": 80, ""spa"": 68, ""spd"": 108, ""spe"": 124}"
Iron Crown,1023,"[""Steel"", ""Psychic""]",0,156,,0,0,0,0,,"{""hp"": 90, ""atk"": 72, ""def"": 100, ""spa"": 122, ""spd"": 108, ""spe"": 98}"
Terapagos,1024,"[""Normal""]",0,6.5,,0,1,0,0,,"{""hp"": 90, ""atk"": 65, ""def"": 85, ""spa"": 65, ""spd"": 85, ""spe"": 60}"
Terapagos-Terastal,1024,"[""Normal""]",0,16,,0,0,0,0,,"{""hp"": 95, ""atk"": 95, ""def"": 110, ""spa"": 105, ""spd"": 110, ""spe"": 85}"
Terapagos-Stellar,1024,"[""Normal""]",0,77,,0,0,0,0,,"{""hp"": 160, ""atk"": 105, ""def"": 110, ""spa"": 130, ""spd"": 110, ""spe"": 85}"
Pecharunt,1025,"[""Poison"", ""Ghost""]",0,0.3,,1,0,0,0,,"{""hp"": 88, ""atk"": 88, ""def"": 160, ""spa"": 88, ""spd"": 88, ""spe"": 88}"
MissingNo.,0,"[""Bird"", ""Normal""]",0,1590.8,,0,0,0,0,,"{""hp"": 33, ""atk"": 136, ""def"": 0, ""spa"": 6, ""spd"": 6, ""spe"": 29}"
Syclar,-1,"[""Ice"", ""Bug""]",1,4,,0,0,0,0,,"{""hp"": 40, ""atk"": 76, ""def"": 45, ""spa"": 74, ""spd"": 39, ""spe"": 91}"
Syclant,-2,"[""Ice"", ""Bug""]",0,52,,0,0,0,0,,"{""hp"": 70, ""atk"": 116, ""def"": 70, ""spa"": 114, ""spd"": 64, ""spe"": 121}"
Revenankh,-3,"[""Ghost"", ""Fighting""]",0,44,,0,0,0,0,,"{""hp"": 90, ""atk"": 105, ""def"": 90, ""spa"": 65, ""spd"": 110, ""spe"": 65}"
Embirch,-4,"[""Fire"", ""Grass""]",1,15,,0,0,0,0,,"{""hp"": 60, ""atk"": 40, ""def"": 55, ""spa"": 65, ""spd"": 40, ""spe"": 60}"
Flarelm,-5,"[""Fire"", ""Grass""]",1,73,,0,0,0,0,,"{""hp"": 90, ""atk"": 50, ""def"": 95, ""spa"": 75, ""spd"": 70, ""spe"": 40}"
Pyroak,-6,"[""Fire"", ""Grass""]",0,168,,0,0,0,0,,"{""hp"": 120, ""atk"": 70, ""def"": 105, ""spa"": 70, ""spd"": 65, ""spe"": 60}"
Breezi,-7,"[""Poison"", ""Flying""]",1,0.6,,0,0,0,0,,"{""hp"": 50, ""atk"": 46, ""def"": 69, ""spa"": 60, ""spd"": 50, ""spe"": 75}"
Fidgit,-8,"[""Poison"", ""Ground""]",0,53,,0,0,0,0,,"{""hp"": 95, ""atk"": 76, ""def"": 109, ""spa"": 90, ""spd"": 80, ""spe"": 105}"
Rebble,-9,"[""Rock""]",1,7,,0,0,0,0,,"{""hp"": 45, ""atk"": 25, ""def"": 65, ""spa"": 75, ""spd"": 55, ""spe"": 80}"
Tactite,-10,"[""Rock""]",1,16,,0,0,0,0,,"{""hp"": 70, ""atk"": 40, ""def"": 65, ""spa"": 100, ""spd"": 65, ""spe"": 95}"
Stratagem,-11,"[""Rock""]",0,45,,0,0,0,0,,"{""hp"": 90, ""atk"": 60, ""def"": 65, ""spa"": 120, ""spd"": 70, ""spe"": 130}"
Privatyke,-12,"[""Water"", ""Fighting""]",1,35,,0,0,0,0,,"{""hp"": 65, ""atk"": 75, ""def"": 65, ""spa"": 40, ""spd"": 60, ""spe"": 45}"
Arghonaut,-13,"[""Water"", ""Fighting""]",0,151,,0,0,0,0,,"{""hp"": 105, ""atk"": 110, ""def"": 95, ""spa"": 70, ""spd"": 100, ""spe"": 75}"
Kitsunoh,-14,"[""Ghost"", ""Steel""]",0,51,,0,0,0,0,,"{""hp"": 80, ""atk"": 103, ""def"": 85, ""spa"": 55, ""spd"": 80, ""spe"": 120}"
Cyclohm,-15,"[""Electric"", ""Dragon""]",0,59,,0,0,0,0,,"{""hp"": 108, ""atk"": 60, ""def"": 118, ""spa"": 112, ""spd"": 70, ""spe"": 80}"
Colossoil,-16,"[""Ground"", ""Dark""]",0,683.6,,0,0,0,0,,"{""hp"": 133, ""atk"": 122, ""def"": 72, ""spa"": 71, ""spd"": 72, ""spe"": 95}"
Krilowatt,-17,"[""Electric"", ""Water""]",0,10.6,,0,0,0,0,,"{""hp"": 151, ""atk"": 84, ""def"": 73, ""spa"": 83, ""spd"": 74, ""spe"": 105}"
Voodoll,-18,"[""Normal"", ""Dark""]",1,25,,0,0,0,0,,"{""hp"": 55, ""atk"": 40, ""def"": 55, ""spa"": 75, ""spd"": 50, ""spe"": 70}"
Voodoom,-19,"[""Fighting"", ""Dark""]",0,75.5,,0,0,0,0,,"{""hp"": 90, ""atk"": 85, ""def"": 80, ""spa"": 130, ""spd"": 80, ""spe"": 110}"
Scratchet,-20,"[""Normal"", ""Fighting""]",1,20,,0,0,0,0,,"{""hp"": 55, ""atk"": 85, ""def"": 80, ""spa"": 20, ""spd"": 70, ""spe"": 40}"
Tomohawk,-21,"[""Flying"", ""Fighting""]",0,37.2,,0,0,0,0,,"{""hp"": 105, ""atk"": 60, ""def"": 90, ""spa"": 115, ""spd"": 80, ""spe"": 85}"
Necturine,-22,"[""Grass"", ""Ghost""]",1,1.8,,0,0,0,0,,"{""hp"": 49, ""atk"": 55, ""def"": 60, ""spa"": 50, ""spd"": 75, ""spe"": 51}"
Necturna,-23,"[""Grass"", ""Ghost""]",0,49.6,,0,0,0,0,,"{""hp"": 64, ""atk"": 120, ""def"": 100, ""spa"": 85, ""spd"": 120, ""spe"": 58}"
Mollux,-24,"[""Fire"", ""Poison""]",0,41,,0,0,0,0,,"{""hp"": 95, ""atk"": 45, ""def"": 83, ""spa"": 131, ""spd"": 105, ""spe"": 76}"
Cupra,-25,"[""Bug"", ""Psychic""]",1,4.8,,0,0,0,0,,"{""hp"": 50, ""atk"": 60, ""def"": 49, ""spa"": 67, ""spd"": 30, ""spe"": 44}"
Argalis,-26,"[""Bug"", ""Psychic""]",1,341.4,,0,0,0,0,,"{""hp"": 60, ""atk"": 90, ""def"": 89, ""spa"": 87, ""spd"": 40, ""spe"": 54}"
Aurumoth,-27,"[""Bug"", ""Psychic""]",0,193,,0,0,0,0,,"{""hp"": 110, ""atk"": 120, ""def"": 99, ""spa"": 117, ""spd"": 60, ""spe"": 94}"
Brattler,-28,"[""Dark"", ""Grass""]",1,11.5,,0,0,0,0,,"{""hp"": 80, ""atk"": 70, ""def"": 40, ""spa"": 20, ""spd"": 90, ""spe"": 30}"
Malaconda,-29,"[""Dark"", ""Grass""]",0,108.8,,0,0,0,0,,"{""hp"": 115, ""atk"": 100, ""def"": 60, ""spa"": 40, ""spd"": 130, ""spe"": 55}"
Cawdet,-30,"[""Steel"", ""Flying""]",1,25,,0,0,0,0,,"{""hp"": 35, ""atk"": 72, ""def"": 85, ""spa"": 40, ""spd"": 55, ""spe"": 88}"
Cawmodore,-31,"[""Steel"", ""Flying""]",0,37,,0,0,0,0,,"{""hp"": 50, ""atk"": 92, ""def"": 130, ""spa"": 65, ""spd"": 75, ""spe"": 118}"
Volkritter,-32,"[""Water"", ""Fire""]",1,15,,0,0,0,0,,"{""hp"": 60, ""atk"": 30, ""def"": 50, ""spa"": 80, ""spd"": 60, ""spe"": 70}"
Volkraken,-33,"[""Water"", ""Fire""]",0,44.5,,0,0,0,0,,"{""hp"": 100, ""atk"": 45, ""def"": 80, ""spa"": 135, ""spd"": 100, ""spe"": 95}"
Snugglow,-34,"[""Electric"", ""Poison""]",1,6,,0,0,0,0,,"{""hp"": 40, ""atk"": 37, ""def"": 79, ""spa"": 91, ""spd"": 68, ""spe"": 70}"
Plasmanta,-35,"[""Electric"", ""Poison""]",0,460,,0,0,0,0,,"{""hp"": 60, ""atk"": 57, ""def"": 119, ""spa"": 131, ""spd"": 98, ""spe"": 100}"
Floatoy,-36,"[""Water""]",1,1.9,,0,0,0,0,,"{""hp"": 48, ""atk"": 70, ""def"": 40, ""spa"": 70, ""spd"": 30, ""spe"": 77}"
Caimanoe,-37,"[""Water"", ""Steel""]",1,72.5,,0,0,0,0,,"{""hp"": 73, ""atk"": 85, ""def"": 65, ""spa"": 80, ""spd"": 40, ""spe"": 87}"
Naviathan,-38,"[""Water"", ""Steel""]",0,510,,0,0,0,0,,"{""hp"": 103, ""atk"": 110, ""def"": 90, ""spa"": 95, ""spd"": 65, ""spe"": 97}"
Crucibelle,-39,"[""Rock"", ""Poison""]",0,23.6,0.25,0,0,0,0,,"{""hp"": 106, ""atk"": 105, ""def"": 65, ""spa"": 75, ""spd"": 85, ""spe"": 104}"
Crucibelle-Mega,-39,"[""Rock"", ""Poison""]",0,22.5,0.25,0,0,0,1,Crucibellite,"{""hp"": 106, ""atk"": 135, ""def"": 75, ""spa"": 91, ""spd"": 125, ""spe"": 108}"
Pluffle,-40,"[""Fairy""]",1,1.8,,0,0,0,0,,"{""hp"": 74, ""atk"": 38, ""def"": 51, ""spa"": 65, ""spd"": 78, ""spe"": 49}"
Kerfluffle,-41,"[""Fairy"", ""Fighting""]",0,24.2,,0,0,0,0,,"{""hp"": 84, ""atk"": 78, ""def"": 86, ""spa"": 115, ""spd"": 88, ""spe"": 119}"
Pajantom,-42,"[""Dragon"", ""Ghost""]",0,3.1,,0,0,0,0,,"{""hp"": 84, ""atk"": 133, ""def"": 71, ""spa"": 51, ""spd"": 111, ""spe"": 101}"
Mumbao,-43,"[""Grass"", ""Fairy""]",1,83,,0,0,0,0,,"{""hp"": 55, ""atk"": 30, ""def"": 64, ""spa"": 87, ""spd"": 73, ""spe"": 66}"
Jumbao,-44,"[""Grass"", ""Fairy""]",0,200,,0,0,0,0,,"{""hp"": 92, ""atk"": 63, ""def"": 97, ""spa"": 124, ""spd"": 104, ""spe"": 96}"
Fawnifer,-45,"[""Grass""]",1,6.9,0.875,0,0,0,0,,"{""hp"": 49, ""atk"": 61, ""def"": 42, ""spa"": 52, ""spd"": 40, ""spe"": 76}"
Electrelk,-46,"[""Grass"", ""Electric""]",1,41.5,0.875,0,0,0,0,,"{""hp"": 59, ""atk"": 81, ""def"": 67, ""spa"": 57, ""spd"": 55, ""spe"": 101}"
Caribolt,-47,"[""Grass"", ""Electric""]",0,140,0.875,0,0,0,0,,"{""hp"": 84, ""atk"": 106, ""def"": 82, ""spa"": 77, ""spd"": 80, ""spe"": 106}"
Smogecko,-48,"[""Fire""]",1,8.5,0.875,0,0,0,0,,"{""hp"": 48, ""atk"": 66, ""def"": 43, ""spa"": 58, ""spd"": 48, ""spe"": 56}"
Smoguana,-49,"[""Fire"", ""Ground""]",1,22.2,0.875,0,0,0,0,,"{""hp"": 68, ""atk"": 86, ""def"": 53, ""spa"": 68, ""spd"": 68, ""spe"": 76}"
Smokomodo,-50,"[""Fire"", ""Ground""]",0,205,0.875,0,0,0,0,,"{""hp"": 88, ""atk"": 116, ""def"": 67, ""spa"": 88, ""spd"": 78, ""spe"": 97}"
Swirlpool,-51,"[""Water""]",1,7,0.875,0,0,0,0,,"{""hp"": 61, ""atk"": 49, ""def"": 70, ""spa"": 50, ""spd"": 62, ""spe"": 28}"
Coribalis,-52,"[""Water"", ""Bug""]",1,24.5,0.875,0,0,0,0,,"{""hp"": 76, ""atk"": 69, ""def"": 90, ""spa"": 65, ""spd"": 77, ""spe"": 43}"
Snaelstrom,-53,"[""Water"", ""Bug""]",0,120,0.875,0,0,0,0,,"{""hp"": 91, ""atk"": 94, ""def"": 110, ""spa"": 80, ""spd"": 97, ""spe"": 63}"
Justyke,-54,"[""Steel"", ""Ground""]",1,36.5,,0,0,0,0,,"{""hp"": 72, ""atk"": 70, ""def"": 56, ""spa"": 83, ""spd"": 68, ""spe"": 30}"
Equilibra,-55,"[""Steel"", ""Ground""]",0,51.3,,0,0,0,0,,"{""hp"": 102, ""atk"": 50, ""def"": 96, ""spa"": 133, ""spd"": 118, ""spe"": 60}"
Solotl,-56,"[""Fire"", ""Dragon""]",1,11.8,,0,0,0,0,,"{""hp"": 68, ""atk"": 48, ""def"": 34, ""spa"": 72, ""spd"": 24, ""spe"": 84}"
Astrolotl,-57,"[""Fire"", ""Dragon""]",0,50,,0,0,0,0,,"{""hp"": 108, ""atk"": 108, ""def"": 74, ""spa"": 92, ""spd"": 64, ""spe"": 114}"
Miasmite,-58,"[""Bug"", ""Dragon""]",1,10.1,,0,0,0,0,,"{""hp"": 40, ""atk"": 85, ""def"": 60, ""spa"": 52, ""spd"": 52, ""spe"": 44}"
Miasmaw,-59,"[""Bug"", ""Dragon""]",0,57,,0,0,0,0,,"{""hp"": 85, ""atk"": 135, ""def"": 60, ""spa"": 88, ""spd"": 105, ""spe"": 99}"
Chromera,-60,"[""Dark"", ""Normal""]",0,215,,0,0,0,0,,"{""hp"": 85, ""atk"": 85, ""def"": 115, ""spa"": 115, ""spd"": 100, ""spe"": 100}"
Nohface,-61,"[""Ghost""]",1,5.9,,0,0,0,0,,"{""hp"": 50, ""atk"": 73, ""def"": 50, ""spa"": 30, ""spd"": 50, ""spe"": 80}"
Monohm,-62,"[""Electric""]",1,4.1,,0,0,0,0,,"{""hp"": 53, ""atk"": 40, ""def"": 58, ""spa"": 67, ""spd"": 55, ""spe"": 55}"
Duohm,-63,"[""Electric"", ""Dragon""]",1,19.2,,0,0,0,0,,"{""hp"": 88, ""atk"": 40, ""def"": 103, ""spa"": 77, ""spd"": 60, ""spe"": 60}"
Dorsoil,-64,"[""Ground""]",1,145,,0,0,0,0,,"{""hp"": 103, ""atk"": 72, ""def"": 52, ""spa"": 61, ""spd"": 52, ""spe"": 65}"
Protowatt,-65,"[""Electric"", ""Water""]",1,0.1,,0,0,0,0,,"{""hp"": 51, ""atk"": 44, ""def"": 33, ""spa"": 43, ""spd"": 34, ""spe"": 65}"
Venomicon,-66,"[""Poison"", ""Flying""]",0,11.5,,0,0,0,0,,"{""hp"": 85, ""atk"": 50, ""def"": 113, ""spa"": 118, ""spd"": 90, ""spe"": 64}"
Venomicon-Epilogue,-66,"[""Poison"", ""Flying""]",0,12.4,,0,0,0,0,Vile Vial,"{""hp"": 85, ""atk"": 102, ""def"": 85, ""spa"": 62, ""spd"": 85, ""spe"": 101}"
Saharascal,-67,"[""Ground""]",1,48,,0,0,0,0,,"{""hp"": 50, ""atk"": 80, ""def"": 65, ""spa"": 45, ""spd"": 90, ""spe"": 70}"
Saharaja,-68,"[""Ground""]",0,303.9,,0,0,0,0,,"{""hp"": 70, ""atk"": 112, ""def"": 105, ""spa"": 65, ""spd"": 123, ""spe"": 78}"
Ababo,-69,"[""Fairy""]",1,3.5,0.75,0,0,0,0,,"{""hp"": 42, ""atk"": 35, ""def"": 27, ""spa"": 35, ""spd"": 35, ""spe"": 38}"
Scattervein,-70,"[""Fairy""]",1,25,0.75,0,0,0,0,,"{""hp"": 75, ""atk"": 74, ""def"": 87, ""spa"": 62, ""spd"": 89, ""spe"": 63}"
Hemogoblin,-71,"[""Fairy"", ""Fire""]",0,85,0.75,0,0,0,0,,"{""hp"": 90, ""atk"": 96, ""def"": 87, ""spa"": 96, ""spd"": 89, ""spe"": 55}"
Cresceidon,-72,"[""Water"", ""Fairy""]",0,999.9,,0,0,0,0,,"{""hp"": 80, ""atk"": 32, ""def"": 111, ""spa"": 88, ""spd"": 99, ""spe"": 124}"
Chuggon,-73,"[""Dragon"", ""Poison""]",1,50,,0,0,0,0,,"{""hp"": 30, ""atk"": 23, ""def"": 77, ""spa"": 55, ""spd"": 65, ""spe"": 30}"
Draggalong,-74,"[""Dragon"", ""Poison""]",1,110,,0,0,0,0,,"{""hp"": 40, ""atk"": 33, ""def"": 92, ""spa"": 95, ""spd"": 80, ""spe"": 85}"
Chuggalong,-75,"[""Dragon"", ""Poison""]",0,201.6,,0,0,0,0,,"{""hp"": 45, ""atk"": 43, ""def"": 117, ""spa"": 120, ""spd"": 110, ""spe"": 108}"
Shox,-77,"[""Electric"", ""Normal""]",0,99.9,,0,0,0,0,,"{""hp"": 136, ""atk"": 55, ""def"": 87, ""spa"": 108, ""spd"": 108, ""spe"": 56}"
Ramnarok,-78,"[""Fire"", ""Steel""]",0,250,,1,0,0,0,,"{""hp"": 110, ""atk"": 63, ""def"": 104, ""spa"": 104, ""spd"": 134, ""spe"": 85}"
Ramnarok-Radiant,-78,"[""Fire"", ""Ice""]",0,182,,0,0,0,0,,"{""hp"": 110, ""atk"": 63, ""def"": 85, ""spa"": 134, ""spd"": 54, ""spe"": 154}"
Pokestar Smeargle,-5000,"[""Normal""]",0,61,,0,0,0,0,,"{""hp"": 55, ""atk"": 20, ""def"": 35, ""spa"": 20, ""spd"": 45, ""spe"": 75}"
Pokestar UFO,-5001,"[""Flying"", ""Electric""]",0,61,,0,0,0,0,,"{""hp"": 100, ""atk"": 100, ""def"": 100, ""spa"": 100, ""spd"": 100, ""spe"": 100}"
Pokestar UFO-2,-5001,"[""Psychic"", ""Electric""]",0,61,,0,0,0,0,,"{""hp"": 100, ""atk"": 100, ""def"": 100, ""spa"": 100, ""spd"": 100, ""spe"": 100}"
Pokestar Brycen-Man,-5002,"[""Dark"", ""Psychic""]",0,61,,0,0,0,0,,"{""hp"": 100, ""atk"": 100, ""def"": 100, ""spa"": 100, ""spd"": 100, ""spe"": 100}"
Pokestar MT,-5003,"[""Steel""]",0,61,,0,0,0,0,,"{""hp"": 100, ""atk"": 100, ""def"": 100, ""spa"": 100, ""spd"": 100, ""spe"": 100}"
Pokestar MT2,-5004,"[""Steel"", ""Electric""]",0,61,,0,0,0,0,,"{""hp"": 100, ""atk"": 100, ""def"": 100, ""spa"": 100, ""spd"": 100, ""spe"": 100}"
Pokestar Transport,-5005,"[""Steel""]",0,61,,0,0,0,0,,"{""hp"": 100, ""atk"": 100, ""def"": 100, ""spa"": 100, ""spd"": 100, ""spe"": 100}"
Pokestar Giant,-5006,"[""Normal""]",0,61,,0,0,0,0,,"{""hp"": 100, ""atk"": 100, ""def"": 100, ""spa"": 100, ""spd"": 100, ""spe"": 100}"
Pokestar Humanoid,-5007,"[""Normal""]",0,61,,0,0,0,0,,"{""hp"": 100, ""atk"": 100, ""def"": 100, ""spa"": 100, ""spd"": 100, ""spe"": 100}"
Pokestar Monster,-5008,"[""Dark""]",0,61,,0,0,0,0,,"{""hp"": 100, ""atk"": 100, ""def"": 100, ""spa"": 100, ""spd"": 100, ""spe"": 100}"
Pokestar F-00,-5009,"[""Steel"", ""Normal""]",0,61,,0,0,0,0,,"{""hp"": 100, ""atk"": 100, ""def"": 100, ""spa"": 100, ""spd"": 100, ""spe"": 100}"
Pokestar F-002,-5010,"[""Steel"", ""Normal""]",0,61,,0,0,0,0,,"{""hp"": 100, ""atk"": 100, ""def"": 100, ""spa"": 100, ""spd"": 100, ""spe"": 100}"
Pokestar Spirit,-5011,"[""Dark"", ""Ghost""]",0,61,,0,0,0,0,,"{""hp"": 100, ""atk"": 100, ""def"": 100, ""spa"": 100, ""spd"": 100, ""spe"": 100}"
Pokestar Black Door,-5012,"[""Grass""]",0,61,,0,0,0,0,,"{""hp"": 100, ""atk"": 100, ""def"": 100, ""spa"": 100, ""spd"": 100, ""spe"": 100}"
Pokestar White Door,-5013,"[""Fire""]",0,61,,0,0,0,0,,"{""hp"": 100, ""atk"": 100, ""def"": 100, ""spa"": 100, ""spd"": 100, ""spe"": 100}"
Pokestar Black Belt,-5014,"[""Fighting""]",0,61,,0,0,0,0,,"{""hp"": 100, ""atk"": 100, ""def"": 100, ""spa"": 100, ""spd"": 100, ""spe"": 100}"
Pokestar UFO-PropU2,-5001,"[""Psychic"", ""Electric""]",0,61,,0,0,0,0,,"{""hp"": 100, ""atk"": 100, ""def"": 100, ""spa"": 100, ""spd"": 100, ""spe"": 100}"
